{
  "total_return": -0.05610796726166678,
  "annualized_return": -0.6157296616409658,
  "max_drawdown": -0.08279668421400022,
  "sharpe": -2.827189016401495,
  "sortino": -2.6913469136048116,
  "calmar": -7.436646376436064,
  "trade_count": 12,
  "win_rate": 0.16666666666666666,
  "avg_net_return_per_trade": -0.0049827998181860055,
  "median_net_return_per_trade": -0.006985401956771716,
  "backtest_mode": "a_share_inventory_t0",
  "trade_direction_mode": "sell_only",
  "buy_threshold": 0.7226963907480239,
  "sell_threshold": 0.9022319376468658,
  "initial_capital": 1000000.0,
  "final_equity": 943522.0270614998,
  "final_benchmark_equity": 953450.0,
  "final_alpha_equity": 990072.0270614998,
  "alpha_total_return": -0.009927972938500229,
  "alpha_sharpe": -10.275565239627344,
  "alpha_sortino": -3.9349104672905635,
  "alpha_calmar": -14.965210480295466,
  "alpha_max_drawdown": -0.010178684214000255,
  "base_shares": 9800,
  "ending_shares": 9800,
  "base_position_pct": 0.6,
  "max_t0_trade_pct": 0.3,
  "max_participation_rate": 0.05,
  "commission_rate": 0.0015,
  "slippage_rate": 0.00075,
  "tp": 0.003,
  "sl": 0.002,
  "stop_loss_cooldown_bars": 0,
  "daily_max_trades": 0,
  "daily_max_losses": 0,
  "daily_loss_limit": 0.0,
  "no_overnight": true
}