{
  "total_return": 0.0822235943184686,
  "annualized_return": 2.1556139980955344,
  "max_drawdown": -0.044674091511997194,
  "sharpe": 4.33756263540756,
  "sortino": 7.354057401807107,
  "calmar": 48.251994056032366,
  "trade_count": 3,
  "win_rate": 0.6666666666666666,
  "avg_net_return_per_trade": 0.0005083268049628987,
  "median_net_return_per_trade": 0.0030891171575929714,
  "backtest_mode": "a_share_inventory_t0",
  "trade_direction_mode": "sell_only",
  "buy_threshold": 0.669258889555931,
  "sell_threshold": 0.6061013400554657,
  "initial_capital": 1000000.0,
  "final_equity": 1080617.5745045,
  "final_benchmark_equity": 1079288.0,
  "final_alpha_equity": 1001329.5745045,
  "alpha_total_return": 0.0013295745045001084,
  "alpha_sharpe": 2.163298597684572,
  "alpha_sortino": 0.6434803723810388,
  "alpha_calmar": 10.218691007960123,
  "alpha_max_drawdown": -0.0019093956624625097,
  "base_shares": 10600,
  "ending_shares": 10600,
  "base_position_pct": 0.6,
  "max_t0_trade_pct": 0.3,
  "max_participation_rate": 0.05,
  "commission_rate": 0.001,
  "slippage_rate": 0.0005,
  "tp": 0.004,
  "sl": 0.002,
  "stop_loss_cooldown_bars": 0,
  "daily_max_trades": 0,
  "daily_max_losses": 0,
  "daily_loss_limit": 0.0,
  "no_overnight": true
}