{
  "total_return": -0.04731420065842129,
  "annualized_return": -0.9971310556507309,
  "max_drawdown": -0.06368139890542746,
  "sharpe": -12.147172231975558,
  "sortino": -13.76675599977605,
  "calmar": -15.658121096421882,
  "trade_count": 6,
  "win_rate": 0.16666666666666666,
  "avg_net_return_per_trade": -0.006123478261930972,
  "median_net_return_per_trade": -0.006376154184989433,
  "backtest_mode": "a_share_inventory_t0",
  "trade_direction_mode": "sell_only",
  "buy_threshold": 0.6261110728865316,
  "sell_threshold": 0.5253765133082089,
  "initial_capital": 1000000.0,
  "final_equity": 952365.696913,
  "final_benchmark_equity": 957328.0,
  "final_alpha_equity": 995037.696913,
  "alpha_total_return": -0.004962303087000075,
  "alpha_sharpe": -24.726065243771597,
  "alpha_sortino": -14.869577959478754,
  "alpha_calmar": -90.86169073774806,
  "alpha_max_drawdown": -0.004970472075940813,
  "base_shares": 8400,
  "ending_shares": 8400,
  "base_position_pct": 0.6,
  "max_t0_trade_pct": 0.3,
  "max_participation_rate": 0.02,
  "commission_rate": 0.001,
  "slippage_rate": 0.0005,
  "tp": 0.003,
  "sl": 0.002,
  "no_overnight": true
}