{
  "fold": 8,
  "model_summaries": {
    "transformer_lstm": {
      "model": "Transformer_LSTM",
      "target_col_buy": "buy_label",
      "target_col_sell": "sell_label",
      "feature_count": 194,
      "lookback": 8,
      "params": {
        "d_model": 128,
        "nhead": 4,
        "transformer_layers": 2,
        "transformer_dropout": 0.2,
        "lstm_hidden_dim": 128,
        "lstm_num_layers": 1,
        "output_dim": 1
      },
      "buy_fit": {
        "best_score": 0.5839285714285715,
        "best_valid_auc": 0.5839285714285715,
        "epochs_ran": 3,
        "pos_rate": 0.23986486486486486,
        "pos_weight": 3.169014084507042,
        "device": "cpu"
      },
      "sell_fit": {
        "best_score": 0.4800248138957816,
        "best_valid_auc": 0.4800248138957816,
        "epochs_ran": 3,
        "pos_rate": 0.3581081081081081,
        "pos_weight": 1.7924528301886793,
        "device": "cpu"
      },
      "valid_buy_auc": 0.5839285714285715,
      "valid_buy_positive_rate": 0.2708333333333333,
      "valid_buy_prob_mean": 0.48201119899749756,
      "valid_buy_prob_std": 0.15646985173225403,
      "valid_buy_prob_min": 0.18400071561336517,
      "valid_buy_prob_max": 0.7358699440956116,
      "valid_buy_acc_05": 0.5364583333333334,
      "valid_buy_precision_05": 0.31313131313131315,
      "valid_buy_recall_05": 0.5961538461538461,
      "valid_buy_f1_05": 0.4105960264900662,
      "valid_buy_q90_threshold": 0.6868482828140259,
      "valid_buy_q95_threshold": 0.6980183124542236,
      "test_buy_auc": 0.4435956200662083,
      "test_buy_positive_rate": 0.21710526315789475,
      "test_buy_prob_mean": 0.47530466318130493,
      "test_buy_prob_std": 0.11373606324195862,
      "test_buy_prob_min": 0.22369268536567688,
      "test_buy_prob_max": 0.6956260800361633,
      "test_buy_acc_05": 0.5,
      "test_buy_precision_05": 0.16923076923076924,
      "test_buy_recall_05": 0.3333333333333333,
      "test_buy_f1_05": 0.22448979591836735,
      "test_buy_q90_threshold": 0.6358882188796997,
      "test_buy_q95_threshold": 0.659801185131073,
      "valid_sell_auc": 0.4800248138957816,
      "valid_sell_positive_rate": 0.3229166666666667,
      "valid_sell_prob_mean": 0.4296968877315521,
      "valid_sell_prob_std": 0.09400995820760727,
      "valid_sell_prob_min": 0.1935591995716095,
      "valid_sell_prob_max": 0.6636945605278015,
      "valid_sell_acc_05": 0.625,
      "valid_sell_precision_05": 0.38636363636363635,
      "valid_sell_recall_05": 0.27419354838709675,
      "valid_sell_f1_05": 0.32075471698113206,
      "valid_sell_q90_threshold": 0.5513185262680054,
      "valid_sell_q95_threshold": 0.5909053683280945,
      "test_sell_auc": 0.35515976951283396,
      "test_sell_positive_rate": 0.45394736842105265,
      "test_sell_prob_mean": 0.39274677634239197,
      "test_sell_prob_std": 0.06687719374895096,
      "test_sell_prob_min": 0.2534235715866089,
      "test_sell_prob_max": 0.6283258199691772,
      "test_sell_acc_05": 0.5263157894736842,
      "test_sell_precision_05": 0.36363636363636365,
      "test_sell_recall_05": 0.057971014492753624,
      "test_sell_f1_05": 0.1,
      "test_sell_q90_threshold": 0.47776269912719727,
      "test_sell_q95_threshold": 0.5164119005203247
    },
    "lstm": {
      "model": "LSTM",
      "target_col_buy": "buy_label",
      "target_col_sell": "sell_label",
      "feature_count": 194,
      "lookback": 8,
      "params": {
        "hidden_dim": 256,
        "num_layers": 2,
        "dropout": 0.3,
        "output_dim": 1
      },
      "buy_fit": {
        "best_score": 0.5689560439560439,
        "best_valid_auc": 0.5689560439560439,
        "epochs_ran": 3,
        "pos_rate": 0.23986486486486486,
        "pos_weight": 3.169014084507042,
        "device": "cpu"
      },
      "sell_fit": {
        "best_score": 0.45285359801488834,
        "best_valid_auc": 0.45285359801488834,
        "epochs_ran": 3,
        "pos_rate": 0.3581081081081081,
        "pos_weight": 1.7924528301886793,
        "device": "cpu"
      },
      "valid_buy_auc": 0.5689560439560439,
      "valid_buy_positive_rate": 0.2708333333333333,
      "valid_buy_prob_mean": 0.49857258796691895,
      "valid_buy_prob_std": 0.16965338587760925,
      "valid_buy_prob_min": 0.19841836392879486,
      "valid_buy_prob_max": 0.8579545617103577,
      "valid_buy_acc_05": 0.546875,
      "valid_buy_precision_05": 0.3118279569892473,
      "valid_buy_recall_05": 0.5576923076923077,
      "valid_buy_f1_05": 0.4,
      "valid_buy_q90_threshold": 0.711505115032196,
      "valid_buy_q95_threshold": 0.785065770149231,
      "test_buy_auc": 0.5271199388846448,
      "test_buy_positive_rate": 0.21710526315789475,
      "test_buy_prob_mean": 0.5910681486129761,
      "test_buy_prob_std": 0.10909459739923477,
      "test_buy_prob_min": 0.36432766914367676,
      "test_buy_prob_max": 0.7967206239700317,
      "test_buy_acc_05": 0.3355263157894737,
      "test_buy_precision_05": 0.20175438596491227,
      "test_buy_recall_05": 0.696969696969697,
      "test_buy_f1_05": 0.3129251700680272,
      "test_buy_q90_threshold": 0.7385336756706238,
      "test_buy_q95_threshold": 0.7632784843444824,
      "valid_sell_auc": 0.45285359801488834,
      "valid_sell_positive_rate": 0.3229166666666667,
      "valid_sell_prob_mean": 0.38667532801628113,
      "valid_sell_prob_std": 0.03349251672625542,
      "valid_sell_prob_min": 0.32239776849746704,
      "valid_sell_prob_max": 0.4826793074607849,
      "valid_sell_acc_05": 0.6770833333333334,
      "valid_sell_precision_05": 0.0,
      "valid_sell_recall_05": 0.0,
      "valid_sell_f1_05": 0.0,
      "valid_sell_q90_threshold": 0.4310833513736725,
      "valid_sell_q95_threshold": 0.45131948590278625,
      "test_sell_auc": 0.43827483848437226,
      "test_sell_positive_rate": 0.45394736842105265,
      "test_sell_prob_mean": 0.3788326680660248,
      "test_sell_prob_std": 0.025645941495895386,
      "test_sell_prob_min": 0.3441286087036133,
      "test_sell_prob_max": 0.46157294511795044,
      "test_sell_acc_05": 0.5460526315789473,
      "test_sell_precision_05": 0.0,
      "test_sell_recall_05": 0.0,
      "test_sell_f1_05": 0.0,
      "test_sell_q90_threshold": 0.4128611981868744,
      "test_sell_q95_threshold": 0.4241511821746826
    },
    "cnn": {
      "model": "CNN",
      "target_col_buy": "buy_label",
      "target_col_sell": "sell_label",
      "feature_count": 194,
      "lookback": 8,
      "params": {
        "channels": 64,
        "kernel_size": 3,
        "dropout": 0.3,
        "output_dim": 1
      },
      "buy_fit": {
        "best_score": 0.5656593406593406,
        "best_valid_auc": 0.5656593406593406,
        "epochs_ran": 3,
        "pos_rate": 0.23986486486486486,
        "pos_weight": 3.169014084507042,
        "device": "cpu"
      },
      "sell_fit": {
        "best_score": 0.43498759305210916,
        "best_valid_auc": 0.43498759305210916,
        "epochs_ran": 3,
        "pos_rate": 0.3581081081081081,
        "pos_weight": 1.7924528301886793,
        "device": "cpu"
      },
      "valid_buy_auc": 0.5656593406593406,
      "valid_buy_positive_rate": 0.2708333333333333,
      "valid_buy_prob_mean": 0.23315267264842987,
      "valid_buy_prob_std": 0.07909640669822693,
      "valid_buy_prob_min": 0.03537559136748314,
      "valid_buy_prob_max": 0.3820163309574127,
      "valid_buy_acc_05": 0.7291666666666666,
      "valid_buy_precision_05": 0.0,
      "valid_buy_recall_05": 0.0,
      "valid_buy_f1_05": 0.0,
      "valid_buy_q90_threshold": 0.3264520764350891,
      "valid_buy_q95_threshold": 0.3463144302368164,
      "test_buy_auc": 0.5951107715813597,
      "test_buy_positive_rate": 0.21710526315789475,
      "test_buy_prob_mean": 0.306459903717041,
      "test_buy_prob_std": 0.06725630909204483,
      "test_buy_prob_min": 0.18216395378112793,
      "test_buy_prob_max": 0.45422306656837463,
      "test_buy_acc_05": 0.7828947368421053,