{
  "total_return": -0.005418253176781351,
  "annualized_return": -0.3262927587026171,
  "max_drawdown": -0.0153441632174246,
  "sharpe": -2.840968436704323,
  "sortino": -4.85120314744105,
  "calmar": -21.264943163018753,
  "trade_count": 2,
  "win_rate": 0.5,
  "avg_net_return_per_trade": 0.00036361996787981615,
  "median_net_return_per_trade": 0.00036361996787981615,
  "backtest_mode": "a_share_inventory_t0",
  "trade_direction_mode": "sell_only",
  "buy_threshold": 0.5368165940785212,
  "sell_threshold": 0.443712668417224,
  "initial_capital": 1000000.0,
  "final_equity": 994337.0797135001,
  "final_benchmark_equity": 993604.0,
  "final_alpha_equity": 1000733.0797135001,
  "alpha_total_return": 0.0007330797135001177,
  "alpha_sharpe": 4.094190483573233,
  "alpha_sortino": 2.2936899616037825,
  "alpha_calmar": 43.10389016017061,
  "alpha_max_drawdown": -0.0012694312713513733,
  "base_shares": 8200,
  "ending_shares": 8200,
  "base_position_pct": 0.6,
  "max_t0_trade_pct": 0.3,
  "max_participation_rate": 0.05,
  "commission_rate": 0.001,
  "slippage_rate": 0.0005,
  "tp": 0.003,
  "sl": 0.002,
  "no_overnight": true
}