model_label,epoch,train_loss,valid_loss,valid_auc,valid_prob_mean,valid_prob_max
CNN_buy,1,1.3009904945218884,1.4956361055374146,0.5627747252747253,0.21455955505371094,0.3224426209926605
CNN_buy,2,1.1516452351131954,1.454673171043396,0.5656593406593406,0.23315267264842987,0.3820163309574127
CNN_buy,3,1.0882283964672603,1.401922583580017,0.5652472527472527,0.25635913014411926,0.4463978409767151
