model_label,epoch,train_loss,valid_loss,valid_auc,valid_prob_mean,valid_prob_max
CNN_sell,1,0.9867633323411684,0.9282476902008057,0.43498759305210916,0.364034503698349,0.5134983062744141
CNN_sell,2,0.9027134937209051,0.9259462356567383,0.41191066997518605,0.39546504616737366,0.5600124597549438
CNN_sell,3,0.8607714659458882,0.9230082631111145,0.40645161290322585,0.40915241837501526,0.5972477197647095
