{
  "model": "CNN",
  "target_col_buy": "buy_label",
  "target_col_sell": "sell_label",
  "feature_count": 194,
  "lookback": 8,
  "params": {
    "channels": 64,
    "kernel_size": 3,
    "dropout": 0.3,
    "output_dim": 1
  },
  "buy_fit": {
    "best_score": 0.5656593406593406,
    "best_valid_auc": 0.5656593406593406,
    "epochs_ran": 3,
    "pos_rate": 0.23986486486486486,
    "pos_weight": 3.169014084507042,
    "device": "cpu"
  },
  "sell_fit": {
    "best_score": 0.43498759305210916,
    "best_valid_auc": 0.43498759305210916,
    "epochs_ran": 3,
    "pos_rate": 0.3581081081081081,
    "pos_weight": 1.7924528301886793,
    "device": "cpu"
  },
  "valid_buy_auc": 0.5656593406593406,
  "valid_buy_positive_rate": 0.2708333333333333,
  "valid_buy_prob_mean": 0.23315267264842987,
  "valid_buy_prob_std": 0.07909640669822693,
  "valid_buy_prob_min": 0.03537559136748314,
  "valid_buy_prob_max": 0.3820163309574127,
  "valid_buy_acc_05": 0.7291666666666666,
  "valid_buy_precision_05": 0.0,
  "valid_buy_recall_05": 0.0,
  "valid_buy_f1_05": 0.0,
  "valid_buy_q90_threshold": 0.3264520764350891,
  "valid_buy_q95_threshold": 0.3463144302368164,
  "test_buy_auc": 0.5951107715813597,
  "test_buy_positive_rate": 0.21710526315789475,
  "test_buy_prob_mean": 0.306459903717041,
  "test_buy_prob_std": 0.06725630909204483,
  "test_buy_prob_min": 0.18216395378112793,
  "test_buy_prob_max": 0.45422306656837463,
  "test_buy_acc_05": 0.7828947368421053,
  "test_buy_precision_05": 0.0,
  "test_buy_recall_05": 0.0,
  "test_buy_f1_05": 0.0,
  "test_buy_q90_threshold": 0.3918456435203552,
  "test_buy_q95_threshold": 0.42193594574928284,
  "valid_sell_auc": 0.43498759305210916,
  "valid_sell_positive_rate": 0.3229166666666667,
  "valid_sell_prob_mean": 0.364034503698349,
  "valid_sell_prob_std": 0.06907369196414948,
  "valid_sell_prob_min": 0.22722142934799194,
  "valid_sell_prob_max": 0.5134983062744141,
  "valid_sell_acc_05": 0.6770833333333334,
  "valid_sell_precision_05": 0.5,
  "valid_sell_recall_05": 0.016129032258064516,
  "valid_sell_f1_05": 0.03125,
  "valid_sell_q90_threshold": 0.4681893587112427,
  "valid_sell_q95_threshold": 0.4798583388328552,
  "test_sell_auc": 0.5554391478959315,
  "test_sell_positive_rate": 0.45394736842105265,
  "test_sell_prob_mean": 0.2981565296649933,
  "test_sell_prob_std": 0.06108912453055382,
  "test_sell_prob_min": 0.1868162304162979,
  "test_sell_prob_max": 0.4400272071361542,
  "test_sell_acc_05": 0.5460526315789473,
  "test_sell_precision_05": 0.0,
  "test_sell_recall_05": 0.0,
  "test_sell_f1_05": 0.0,
  "test_sell_q90_threshold": 0.38842180371284485,
  "test_sell_q95_threshold": 0.39917993545532227
}