{
  "model": "auc_weighted_ensemble",
  "member_models": [
    "logistic_regression",
    "random_forest"
  ],
  "buy_weight_method": "valid_auc_edge_over_0p5",
  "sell_weight_method": "valid_auc_edge_over_0p5",
  "feature_count": 194,
  "lookback": null,
  "valid_buy_auc": 0.5547945205479452,
  "valid_buy_positive_rate": 0.23958333333333334,
  "valid_buy_prob_mean": 0.38602281636381147,
  "valid_buy_prob_std": 0.19153963795485165,
  "valid_buy_prob_min": 0.1085213834818854,
  "valid_buy_prob_max": 0.841362939484142,
  "valid_buy_acc_05": 0.6145833333333334,
  "valid_buy_precision_05": 0.26666666666666666,
  "valid_buy_recall_05": 0.34782608695652173,
  "valid_buy_f1_05": 0.3018867924528302,
  "valid_buy_q90_threshold": 0.6390243239623867,
  "valid_buy_q95_threshold": 0.7593238848072256,
  "test_buy_auc": 0.43901196842373313,
  "test_buy_positive_rate": 0.21710526315789475,
  "test_buy_prob_mean": 0.601350440131304,
  "test_buy_prob_std": 0.17794540223088454,
  "test_buy_prob_min": 0.14764679462756575,
  "test_buy_prob_max": 0.8154345312678575,
  "test_buy_acc_05": 0.3355263157894737,
  "test_buy_precision_05": 0.19642857142857142,
  "test_buy_recall_05": 0.6666666666666666,
  "test_buy_f1_05": 0.30344827586206896,
  "test_buy_q90_threshold": 0.7761861352857528,
  "test_buy_q95_threshold": 0.793249086552143,
  "valid_sell_auc": 0.5811414392059553,
  "valid_sell_positive_rate": 0.3229166666666667,
  "valid_sell_prob_mean": 0.40705096562015547,
  "valid_sell_prob_std": 0.08465429491236405,
  "valid_sell_prob_min": 0.2340262892386143,
  "valid_sell_prob_max": 0.6094274019813961,
  "valid_sell_acc_05": 0.6510416666666666,
  "valid_sell_precision_05": 0.41935483870967744,
  "valid_sell_recall_05": 0.20967741935483872,
  "valid_sell_f1_05": 0.27956989247311825,
  "valid_sell_q90_threshold": 0.5268904576594663,
  "valid_sell_q95_threshold": 0.5588395679573952,
  "test_sell_auc": 0.5756326148078725,
  "test_sell_positive_rate": 0.3618421052631579,
  "test_sell_prob_mean": 0.37324908786262373,
  "test_sell_prob_std": 0.07778041892283842,
  "test_sell_prob_min": 0.2234004380703516,
  "test_sell_prob_max": 0.6010877640791635,
  "test_sell_acc_05": 0.6118421052631579,
  "test_sell_precision_05": 0.3,
  "test_sell_recall_05": 0.05454545454545454,
  "test_sell_f1_05": 0.09230769230769231,
  "test_sell_q90_threshold": 0.46069648513996286,
  "test_sell_q95_threshold": 0.5179082385210847
}