{
  "total_return": 0.07319768083867562,
  "annualized_return": 1.8041124965946973,
  "max_drawdown": -0.048492863724219126,
  "sharpe": 3.9461638372099164,
  "sortino": 6.710993129923426,
  "calmar": 37.20366994316438,
  "trade_count": 2,
  "win_rate": 0.0,
  "avg_net_return_per_trade": -0.010922034001907163,
  "median_net_return_per_trade": -0.010922034001907163,
  "backtest_mode": "a_share_inventory_t0",
  "trade_direction_mode": "sell_only",
  "buy_threshold": 0.6164289712905884,
  "sell_threshold": 0.62716144323349,
  "initial_capital": 1000000.0,
  "final_equity": 1072742.645022,
  "final_benchmark_equity": 1078122.0,
  "final_alpha_equity": 994620.645022,
  "alpha_total_return": -0.005379354978000017,
  "alpha_sharpe": -5.910952847962487,
  "alpha_sortino": -0.809059873655986,
  "alpha_calmar": -14.073934223625136,
  "alpha_max_drawdown": -0.005379354978000239,
  "base_shares": 10600,
  "ending_shares": 10600,
  "base_position_pct": 0.6,
  "max_t0_trade_pct": 0.3,
  "max_participation_rate": 0.05,
  "commission_rate": 0.001,
  "slippage_rate": 0.001,
  "tp": 0.003,
  "sl": 0.002,
  "stop_loss_cooldown_bars": 6,
  "daily_max_trades": 0,
  "daily_max_losses": 2,
  "daily_loss_limit": 0.0,
  "no_overnight": true
}