{
  "total_return": 0.0772443050613465,
  "annualized_return": 1.962456699767234,
  "max_drawdown": -0.045590918462928176,
  "sharpe": 4.167398324286883,
  "sortino": 7.099159185974403,
  "calmar": 43.04490380826583,
  "trade_count": 12,
  "win_rate": 0.5833333333333334,
  "avg_net_return_per_trade": -0.001527594853068634,
  "median_net_return_per_trade": 0.0018818588723402722,
  "backtest_mode": "a_share_inventory_t0",
  "trade_direction_mode": "sell_only",
  "buy_threshold": 0.9164306968450546,
  "sell_threshold": 0.8641752898693085,
  "initial_capital": 1000000.0,
  "final_equity": 1076787.5534760004,
  "final_benchmark_equity": 1078122.0,
  "final_alpha_equity": 998665.5534760004,
  "alpha_total_return": -0.0013344465239996106,
  "alpha_sharpe": -1.4469201215774485,
  "alpha_sortino": -0.7311196383182127,
  "alpha_calmar": -3.1611094223215535,
  "alpha_max_drawdown": -0.006105965836043503,
  "base_shares": 10600,
  "ending_shares": 10600,
  "base_position_pct": 0.6,
  "max_t0_trade_pct": 0.3,
  "max_participation_rate": 0.05,
  "commission_rate": 0.001,
  "slippage_rate": 0.0005,
  "tp": 0.004,
  "sl": 0.003,
  "stop_loss_cooldown_bars": 0,
  "daily_max_trades": 0,
  "daily_max_losses": 0,
  "daily_loss_limit": 0.0,
  "no_overnight": true
}