{
  "total_return": 0.08173449590705517,
  "annualized_return": 2.151899572124316,
  "max_drawdown": -0.042537909187105316,
  "sharpe": 4.319240979649917,
  "sortino": 7.334848570401305,
  "calmar": 50.58780775188241,
  "trade_count": 8,
  "win_rate": 0.125,
  "avg_net_return_per_trade": -0.004433614292088366,
  "median_net_return_per_trade": -0.006921367422013543,
  "backtest_mode": "a_share_inventory_t0",
  "trade_direction_mode": "sell_only",
  "buy_threshold": 0.6558482885360718,
  "sell_threshold": 0.631584882736206,
  "initial_capital": 1000000.0,
  "final_equity": 1079766.8208590003,
  "final_benchmark_equity": 1082604.0,
  "final_alpha_equity": 997162.8208590003,
  "alpha_total_return": -0.0028371791409996794,
  "alpha_sharpe": -3.21831044267865,
  "alpha_sortino": -1.094983004778395,
  "alpha_calmar": -9.871014569077577,
  "alpha_max_drawdown": -0.004119727133571893,
  "base_shares": 10700,
  "ending_shares": 10700,
  "base_position_pct": 0.6,
  "max_t0_trade_pct": 0.3,
  "max_participation_rate": 0.05,
  "commission_rate": 0.001,
  "slippage_rate": 0.001,
  "tp": 0.003,
  "sl": 0.002,
  "stop_loss_cooldown_bars": 0,
  "daily_max_trades": 0,
  "daily_max_losses": 0,
  "daily_loss_limit": 0.0,
  "no_overnight": true
}