{
  "total_return": -0.023317824908241747,
  "annualized_return": -0.8200727984901266,
  "max_drawdown": -0.032648947372384995,
  "sharpe": -12.502155752421297,
  "sortino": -20.83135138613317,
  "calmar": -25.11789397485315,
  "trade_count": 1,
  "win_rate": 0.0,
  "avg_net_return_per_trade": -0.006433489589908634,
  "median_net_return_per_trade": -0.006433489589908634,
  "backtest_mode": "a_share_inventory_t0",
  "trade_direction_mode": "sell_only",
  "buy_threshold": 0.4912304569405676,
  "sell_threshold": 0.6433917120331171,
  "initial_capital": 1000000.0,
  "final_equity": 976594.273696,
  "final_benchmark_equity": 977950.0,
  "final_alpha_equity": 998644.273696,
  "alpha_total_return": -0.001355726304000049,
  "alpha_sharpe": -6.524077497597517,
  "alpha_sortino": -2.2146201766552878,
  "alpha_calmar": -43.50581356992635,
  "alpha_max_drawdown": -0.002158706624069251,
  "base_shares": 9000,
  "ending_shares": 9000,
  "base_position_pct": 0.6,
  "max_t0_trade_pct": 0.3,
  "max_participation_rate": 0.05,
  "commission_rate": 0.001,
  "slippage_rate": 0.0005,
  "tp": 0.003,
  "sl": 0.002,
  "no_overnight": true
}