{
  "total_return": -0.1084072801703384,
  "annualized_return": -0.8505124827394553,
  "max_drawdown": -0.1220131256655066,
  "sharpe": -7.273129316044186,
  "sortino": -11.466848002713842,
  "calmar": -6.970663837193192,
  "trade_count": 12,
  "win_rate": 0.25,
  "avg_net_return_per_trade": -0.006936988792796896,
  "median_net_return_per_trade": -0.008743746763017365,
  "backtest_mode": "a_share_inventory_t0",
  "trade_direction_mode": "sell_only",
  "buy_threshold": 0.9011711865663528,
  "sell_threshold": 0.8903881818056105,
  "initial_capital": 1000000.0,
  "final_equity": 894246.0997638747,
  "final_benchmark_equity": 906349.0,
  "final_alpha_equity": 987897.0997638747,
  "alpha_total_return": -0.012102900236125369,
  "alpha_sharpe": -9.172995118714304,
  "alpha_sortino": -3.048098423755059,
  "alpha_calmar": -12.194536951529031,
  "alpha_max_drawdown": -0.014977760618118952,
  "base_shares": 9300,
  "ending_shares": 9300,
  "base_position_pct": 0.6,
  "max_t0_trade_pct": 0.3,
  "max_participation_rate": 0.02,
  "commission_rate": 0.0015,
  "slippage_rate": 0.00075,
  "tp": 0.004,
  "sl": 0.002,
  "stop_loss_cooldown_bars": 6,
  "daily_max_trades": 0,
  "daily_max_losses": 2,
  "daily_loss_limit": 0.0,
  "no_overnight": true
}