{
  "total_return": -0.023185130547999866,
  "annualized_return": -0.9411683100910075,
  "max_drawdown": -0.03707764377554068,
  "sharpe": -8.007999205207971,
  "sortino": -10.386616948812847,
  "calmar": -25.38371412672873,
  "trade_count": 3,
  "win_rate": 0.0,
  "avg_net_return_per_trade": -0.0025788862667041764,
  "median_net_return_per_trade": -0.0008728200443666144,
  "backtest_mode": "a_share_inventory_t0",
  "trade_direction_mode": "sell_only",
  "buy_threshold": 0.7559412996219077,
  "sell_threshold": 0.6503495338446286,
  "initial_capital": 1000000.0,
  "final_equity": 976814.8694520001,
  "final_benchmark_equity": 977200.0,
  "final_alpha_equity": 999614.8694520001,
  "alpha_total_return": -0.0003851305479998235,
  "alpha_sharpe": -3.3719204845105932,
  "alpha_sortino": -1.7855195072654084,
  "alpha_calmar": -75.99135293729596,
  "alpha_max_drawdown": -0.000598176134999906,
  "base_shares": 10000,
  "ending_shares": 10000,
  "base_position_pct": 0.6,
  "max_t0_trade_pct": 0.3,
  "max_participation_rate": 0.05,
  "commission_rate": 0.0015,
  "slippage_rate": 0.0005,
  "tp": 0.003,
  "sl": 0.002,
  "no_overnight": true
}