{
  "total_return": -0.04425744672951548,
  "annualized_return": -0.5279643148140511,
  "max_drawdown": -0.07845247763473007,
  "sharpe": -2.244912664612338,
  "sortino": -2.132972705405407,
  "calmar": -6.729734110785139,
  "trade_count": 5,
  "win_rate": 0.6,
  "avg_net_return_per_trade": -0.0008502325349431603,
  "median_net_return_per_trade": 0.0011227318857939287,
  "backtest_mode": "a_share_inventory_t0",
  "trade_direction_mode": "sell_only",
  "buy_threshold": 0.7795956283807755,
  "sell_threshold": 0.8551728576421738,
  "initial_capital": 1000000.0,
  "final_equity": 954899.5883385,
  "final_benchmark_equity": 953940.0,
  "final_alpha_equity": 1000959.5883385,
  "alpha_total_return": 0.0009595883385000725,
  "alpha_sharpe": 1.485566810120072,
  "alpha_sortino": 0.7762172282630027,
  "alpha_calmar": 11.147773288842336,
  "alpha_max_drawdown": -0.0014382523673436287,
  "base_shares": 9800,
  "ending_shares": 9800,
  "base_position_pct": 0.6,
  "max_t0_trade_pct": 0.3,
  "max_participation_rate": 0.05,
  "commission_rate": 0.001,
  "slippage_rate": 0.0005,
  "tp": 0.003,
  "sl": 0.002,
  "stop_loss_cooldown_bars": 0,
  "daily_max_trades": 0,
  "daily_max_losses": 0,
  "daily_loss_limit": 0.0,
  "no_overnight": true
}