{
  "model": "LogisticRegression",
  "target_col_buy": "buy_label",
  "target_col_sell": "sell_label",
  "feature_count": 194,
  "lookback_aligned_to_sequence_models": 8,
  "params": {
    "max_iter": 500,
    "C": 1.0,
    "class_weight": "balanced",
    "random_state": 42
  },
  "valid_buy_auc": 0.5541989279332936,
  "valid_buy_positive_rate": 0.23958333333333334,
  "valid_buy_prob_mean": 0.38226654023750134,
  "valid_buy_prob_std": 0.26893577088863374,
  "valid_buy_prob_min": 0.0018356888390939302,
  "valid_buy_prob_max": 0.983807196095751,
  "valid_buy_acc_05": 0.6145833333333334,
  "valid_buy_precision_05": 0.28125,
  "valid_buy_recall_05": 0.391304347826087,
  "valid_buy_f1_05": 0.32727272727272727,
  "valid_buy_q90_threshold": 0.7539886039927962,
  "valid_buy_q95_threshold": 0.9059128881281253,
  "test_buy_auc": 0.4453781512605042,
  "test_buy_positive_rate": 0.21710526315789475,
  "test_buy_prob_mean": 0.6819932933147023,
  "test_buy_prob_std": 0.2577587992964783,
  "test_buy_prob_min": 0.014597170335390054,
  "test_buy_prob_max": 0.9853324467725568,
  "test_buy_acc_05": 0.34868421052631576,
  "test_buy_precision_05": 0.21052631578947367,
  "test_buy_recall_05": 0.7272727272727273,
  "test_buy_f1_05": 0.32653061224489793,
  "test_buy_q90_threshold": 0.926109255381861,
  "test_buy_q95_threshold": 0.9466745537672169,
  "valid_sell_auc": 0.5299007444168734,
  "valid_sell_positive_rate": 0.3229166666666667,
  "valid_sell_prob_mean": 0.49894416825935806,
  "valid_sell_prob_std": 0.2481224629025433,
  "valid_sell_prob_min": 0.029541103519381197,
  "valid_sell_prob_max": 0.9757176090927137,
  "valid_sell_acc_05": 0.5260416666666666,
  "valid_sell_precision_05": 0.33707865168539325,
  "valid_sell_recall_05": 0.4838709677419355,
  "valid_sell_f1_05": 0.3973509933774834,
  "valid_sell_q90_threshold": 0.8735786676553786,
  "valid_sell_q95_threshold": 0.9239085713550543,
  "test_sell_auc": 0.5803186504217432,
  "test_sell_positive_rate": 0.3618421052631579,
  "test_sell_prob_mean": 0.36848901257100614,
  "test_sell_prob_std": 0.23544392657028293,
  "test_sell_prob_min": 0.008805553825101049,
  "test_sell_prob_max": 0.9021671958056374,
  "test_sell_acc_05": 0.5789473684210527,
  "test_sell_precision_05": 0.40425531914893614,
  "test_sell_recall_05": 0.34545454545454546,
  "test_sell_f1_05": 0.37254901960784315,
  "test_sell_q90_threshold": 0.7190049983489633,
  "test_sell_q95_threshold": 0.7996785614211601
}