{
  "total_return": 0.05746765238987406,
  "annualized_return": 57.09454606533482,
  "max_drawdown": -0.019354755290928116,
  "sharpe": 15.36122812665647,
  "sortino": 24.180855868482134,
  "calmar": 2949.8975940086384,
  "trade_count": 14,
  "win_rate": 0.2857142857142857,
  "avg_net_return_per_trade": -0.0072946842337510516,
  "median_net_return_per_trade": -0.00594945258842344,
  "backtest_mode": "a_share_inventory_t0",
  "trade_direction_mode": "sell_only",
  "buy_threshold": 0.4856871202588081,
  "sell_threshold": 0.6546404600143433,
  "initial_capital": 1000000.0,
  "final_equity": 1056594.184109,
  "final_benchmark_equity": 1066316.0,
  "final_alpha_equity": 990278.184109,
  "alpha_total_return": -0.009721815890999963,
  "alpha_sharpe": -22.64741532526218,
  "alpha_sortino": -16.23644823939318,
  "alpha_calmar": -51.417139166745294,
  "alpha_max_drawdown": -0.00988881509399997,
  "base_shares": 11800,
  "ending_shares": 11800,
  "base_position_pct": 0.6,
  "max_t0_trade_pct": 0.3,
  "max_participation_rate": 0.05,
  "commission_rate": 0.001,
  "slippage_rate": 0.0005,
  "tp": 0.003,
  "sl": 0.002,
  "no_overnight": true
}