{
  "total_return": -0.1052667116655831,
  "annualized_return": -0.8415478712680325,
  "max_drawdown": -0.11775418088055412,
  "sharpe": -7.038721188728807,
  "sortino": -10.931221461669109,
  "calmar": -7.146649613415174,
  "trade_count": 10,
  "win_rate": 0.3,
  "avg_net_return_per_trade": -0.005861505682468835,
  "median_net_return_per_trade": -0.006203586584963447,
  "backtest_mode": "a_share_inventory_t0",
  "trade_direction_mode": "sell_only",
  "buy_threshold": 0.667204812169075,
  "sell_threshold": 0.9385120391845703,
  "initial_capital": 1000000.0,
  "final_equity": 897396.0146005001,
  "final_benchmark_equity": 906349.0,
  "final_alpha_equity": 991047.0146005001,
  "alpha_total_return": -0.008952985399499847,
  "alpha_sharpe": -6.976623682404217,
  "alpha_sortino": -1.682315633608514,
  "alpha_calmar": -12.70538289373447,
  "alpha_max_drawdown": -0.01089251166755234,
  "base_shares": 9300,
  "ending_shares": 9300,
  "base_position_pct": 0.6,
  "max_t0_trade_pct": 0.3,
  "max_participation_rate": 0.05,
  "commission_rate": 0.001,
  "slippage_rate": 0.0005,
  "tp": 0.004,
  "sl": 0.002,
  "stop_loss_cooldown_bars": 0,
  "daily_max_trades": 0,
  "daily_max_losses": 0,
  "daily_loss_limit": 0.0,
  "no_overnight": true
}