{
  "total_return": -0.05564299819346863,
  "annualized_return": -0.6121198652194473,
  "max_drawdown": -0.07975866284409827,
  "sharpe": -2.7915453177070138,
  "sortino": -2.6599231351990302,
  "calmar": -7.6746505444297455,
  "trade_count": 16,
  "win_rate": 0.3125,
  "avg_net_return_per_trade": -0.004355250782144323,
  "median_net_return_per_trade": -0.00537039204566597,
  "backtest_mode": "a_share_inventory_t0",
  "trade_direction_mode": "sell_only",
  "buy_threshold": 0.7211705774068828,
  "sell_threshold": 0.7721193289756775,
  "initial_capital": 1000000.0,
  "final_equity": 944079.3608480003,
  "final_benchmark_equity": 950804.0,
  "final_alpha_equity": 993275.3608480003,
  "alpha_total_return": -0.006724639151999723,
  "alpha_sharpe": -8.599389045945747,
  "alpha_sortino": -3.3793536757201568,
  "alpha_calmar": -15.098476222889776,
  "alpha_max_drawdown": -0.00699491374466632,
  "base_shares": 9800,
  "ending_shares": 9800,
  "base_position_pct": 0.6,
  "max_t0_trade_pct": 0.3,
  "max_participation_rate": 0.05,
  "commission_rate": 0.001,
  "slippage_rate": 0.0005,
  "tp": 0.003,
  "sl": 0.002,
  "stop_loss_cooldown_bars": 6,
  "daily_max_trades": 0,
  "daily_max_losses": 2,
  "daily_loss_limit": 0.0,
  "no_overnight": true
}