{
  "total_return": -0.029111195795210265,
  "annualized_return": -0.8832476601297516,
  "max_drawdown": -0.036087671237568286,
  "sharpe": -14.973493264293637,
  "sortino": -18.42599736258164,
  "calmar": -24.47505283217793,
  "trade_count": 5,
  "win_rate": 0.0,
  "avg_net_return_per_trade": -0.0060505363156081425,
  "median_net_return_per_trade": -0.00872281268319541,
  "backtest_mode": "a_share_inventory_t0",
  "trade_direction_mode": "sell_only",
  "buy_threshold": 0.5653021192148,
  "sell_threshold": 0.41702279458817204,
  "initial_capital": 1000000.0,
  "final_equity": 970198.5022650001,
  "final_benchmark_equity": 972429.0,
  "final_alpha_equity": 997769.5022650001,
  "alpha_total_return": -0.0022304977349998367,
  "alpha_sharpe": -11.09413402859283,
  "alpha_sortino": -7.337804237820407,
  "alpha_calmar": -52.71870998891414,
  "alpha_max_drawdown": -0.0028422551084998915,
  "base_shares": 7900,
  "ending_shares": 7900,
  "base_position_pct": 0.6,
  "max_t0_trade_pct": 0.3,
  "max_participation_rate": 0.02,
  "commission_rate": 0.0015,
  "slippage_rate": 0.001,
  "tp": 0.003,
  "sl": 0.002,
  "no_overnight": true
}