{
  "model": "LSTM",
  "target_col_buy": "buy_label",
  "target_col_sell": "sell_label",
  "feature_count": 194,
  "lookback": 32,
  "params": {
    "hidden_dim": 256,
    "num_layers": 2,
    "dropout": 0.3,
    "output_dim": 1
  },
  "buy_fit": {
    "best_score": 0.5305585720103163,
    "best_valid_auc": 0.5305585720103163,
    "epochs_ran": 11,
    "pos_rate": 0.26988636363636365,
    "pos_weight": 2.705263157894737,
    "device": "cpu"
  },
  "sell_fit": {
    "best_score": 0.5652885763776289,
    "best_valid_auc": 0.5652885763776289,
    "epochs_ran": 16,
    "pos_rate": 0.33964646464646464,
    "pos_weight": 1.9442379182156135,
    "device": "cpu"
  },
  "valid_buy_auc": 0.5305585720103163,
  "valid_buy_positive_rate": 0.2760416666666667,
  "valid_buy_prob_mean": 0.5718588829040527,
  "valid_buy_prob_std": 0.1148076131939888,
  "valid_buy_prob_min": 0.36620718240737915,
  "valid_buy_prob_max": 0.8972437381744385,
  "valid_buy_acc_05": 0.43359375,
  "valid_buy_precision_05": 0.29158878504672897,
  "valid_buy_recall_05": 0.7358490566037735,
  "valid_buy_f1_05": 0.41767068273092367,
  "valid_buy_q90_threshold": 0.736857533454895,
  "valid_buy_q95_threshold": 0.7788469791412354,
  "test_buy_auc": 0.5230480422296279,
  "test_buy_positive_rate": 0.26953125,
  "test_buy_prob_mean": 0.5309410095214844,
  "test_buy_prob_std": 0.11308149993419647,
  "test_buy_prob_min": 0.33062154054641724,
  "test_buy_prob_max": 0.8672491312026978,
  "test_buy_acc_05": 0.4791666666666667,
  "test_buy_precision_05": 0.27713625866050806,
  "test_buy_recall_05": 0.5797101449275363,
  "test_buy_f1_05": 0.375,
  "test_buy_q90_threshold": 0.7059149742126465,
  "test_buy_q95_threshold": 0.7683665156364441,
  "valid_sell_auc": 0.5652885763776289,
  "valid_sell_positive_rate": 0.3111979166666667,
  "valid_sell_prob_mean": 0.5090076923370361,
  "valid_sell_prob_std": 0.19717015326023102,
  "valid_sell_prob_min": 0.10986115038394928,
  "valid_sell_prob_max": 0.9311878681182861,
  "valid_sell_acc_05": 0.5182291666666666,
  "valid_sell_precision_05": 0.33248081841432225,
  "valid_sell_recall_05": 0.5439330543933054,
  "valid_sell_f1_05": 0.4126984126984127,
  "valid_sell_q90_threshold": 0.7753896713256836,
  "valid_sell_q95_threshold": 0.8079672455787659,
  "test_sell_auc": 0.5075287794312301,
  "test_sell_positive_rate": 0.3033854166666667,
  "test_sell_prob_mean": 0.46941670775413513,
  "test_sell_prob_std": 0.19453832507133484,
  "test_sell_prob_min": 0.10183712840080261,
  "test_sell_prob_max": 0.9531347751617432,
  "test_sell_acc_05": 0.5520833333333334,
  "test_sell_precision_05": 0.3180327868852459,
  "test_sell_recall_05": 0.41630901287553645,
  "test_sell_f1_05": 0.36059479553903345,
  "test_sell_q90_threshold": 0.7486129999160767,
  "test_sell_q95_threshold": 0.820534348487854
}