{
  "total_return": -0.030225554680758493,
  "annualized_return": -0.9754413547882842,
  "max_drawdown": -0.031275444442333544,
  "sharpe": -15.285300849904074,
  "sortino": -27.632315530973937,
  "calmar": -31.188728799260634,
  "trade_count": 2,
  "win_rate": 0.5,
  "avg_net_return_per_trade": -0.0018368440050938158,
  "median_net_return_per_trade": -0.0018368440050938158,
  "backtest_mode": "a_share_inventory_t0",
  "trade_direction_mode": "sell_only",
  "buy_threshold": 0.5746058157671509,
  "sell_threshold": 0.5028893649578094,
  "initial_capital": 1000000.0,
  "final_equity": 969876.271636,
  "final_benchmark_equity": 970390.0,
  "final_alpha_equity": 999486.271636,
  "alpha_total_return": -0.0005137283639999879,
  "alpha_sharpe": -3.3709088199681054,
  "alpha_sortino": -2.784698087558609,
  "alpha_calmar": -40.0577088088786,
  "alpha_max_drawdown": -0.0015021633914999999,
  "base_shares": 10500,
  "ending_shares": 10500,
  "base_position_pct": 0.6,
  "max_t0_trade_pct": 0.3,
  "max_participation_rate": 0.05,
  "commission_rate": 0.001,
  "slippage_rate": 0.0005,
  "tp": 0.003,
  "sl": 0.002,
  "no_overnight": true
}