{
  "scenario_count": 12,
  "all_alpha_positive": false,
  "min_alpha_total_return": -0.008200359063999851,
  "worst_alpha_max_drawdown": -0.008537776361206117,
  "min_trade_count": 10
}