{
  "total_return": 0.08053800366366404,
  "annualized_return": 2.1013397390801596,
  "max_drawdown": -0.04413943657242647,
  "sharpe": 4.2418228886984215,
  "sortino": 7.206290768999594,
  "calmar": 47.606854601149315,
  "trade_count": 4,
  "win_rate": 0.0,
  "avg_net_return_per_trade": -0.006370293033554932,
  "median_net_return_per_trade": -0.005704968248960493,
  "backtest_mode": "a_share_inventory_t0",
  "trade_direction_mode": "sell_only",
  "buy_threshold": 0.5834246009588241,
  "sell_threshold": 0.8427620708942413,
  "initial_capital": 1000000.0,
  "final_equity": 1078572.505035,
  "final_benchmark_equity": 1082604.0,
  "final_alpha_equity": 995968.5050349999,
  "alpha_total_return": -0.004031494965000104,
  "alpha_sharpe": -8.414216405498337,
  "alpha_sortino": -1.4169631775605438,
  "alpha_calmar": -13.782453973214672,
  "alpha_max_drawdown": -0.004158842035361543,
  "base_shares": 10700,
  "ending_shares": 10700,
  "base_position_pct": 0.6,
  "max_t0_trade_pct": 0.3,
  "max_participation_rate": 0.02,
  "commission_rate": 0.001,
  "slippage_rate": 0.0005,
  "tp": 0.003,
  "sl": 0.002,
  "stop_loss_cooldown_bars": 6,
  "daily_max_trades": 0,
  "daily_max_losses": 2,
  "daily_loss_limit": 0.0,
  "no_overnight": true
}