{
  "total_return": -0.04567227621686287,
  "annualized_return": -0.5526608057399769,
  "max_drawdown": -0.07893630942494423,
  "sharpe": -2.1479569757038535,
  "sortino": -2.0404136715277623,
  "calmar": -7.001350959604575,
  "trade_count": 5,
  "win_rate": 0.2,
  "avg_net_return_per_trade": -0.0037680763365954785,
  "median_net_return_per_trade": -0.0016868322098656475,
  "backtest_mode": "a_share_inventory_t0",
  "trade_direction_mode": "sell_only",
  "buy_threshold": 0.7473482042551041,
  "sell_threshold": 0.9047144800424576,
  "initial_capital": 1000000.0,
  "final_equity": 956689.6848995003,
  "final_benchmark_equity": 957628.0,
  "final_alpha_equity": 999061.6848995003,
  "alpha_total_return": -0.000938315100499687,
  "alpha_sharpe": -1.224239849486558,
  "alpha_sortino": -0.5893560880799974,
  "alpha_calmar": -7.879662738460561,
  "alpha_max_drawdown": -0.00203362159149989,
  "base_shares": 9900,
  "ending_shares": 9900,
  "base_position_pct": 0.6,
  "max_t0_trade_pct": 0.3,
  "max_participation_rate": 0.02,
  "commission_rate": 0.0015,
  "slippage_rate": 0.001,
  "tp": 0.003,
  "sl": 0.002,
  "stop_loss_cooldown_bars": 0,
  "daily_max_trades": 0,
  "daily_max_losses": 0,
  "daily_loss_limit": 0.0,
  "no_overnight": true
}