{
  "total_return": 0.0804671932229728,
  "annualized_return": 2.098371332114706,
  "max_drawdown": -0.04224680547548687,
  "sharpe": 4.262645413624948,
  "sortino": 7.216393498083555,
  "calmar": 49.66934916137641,
  "trade_count": 17,
  "win_rate": 0.47058823529411764,
  "avg_net_return_per_trade": -0.0028933712571378415,
  "median_net_return_per_trade": -0.0015949443349051436,
  "backtest_mode": "a_share_inventory_t0",
  "trade_direction_mode": "sell_only",
  "buy_threshold": 0.6558482885360718,
  "sell_threshold": 0.6046954894065857,
  "initial_capital": 1000000.0,
  "final_equity": 1078501.8233985002,
  "final_benchmark_equity": 1082604.0,
  "final_alpha_equity": 995897.8233985002,
  "alpha_total_return": -0.004102176601499807,
  "alpha_sharpe": -4.287013084739348,
  "alpha_sortino": -2.0587268306934736,
  "alpha_calmar": -11.979383895814554,
  "alpha_max_drawdown": -0.004866370532999764,
  "base_shares": 10700,
  "ending_shares": 10700,
  "base_position_pct": 0.6,
  "max_t0_trade_pct": 0.3,
  "max_participation_rate": 0.05,
  "commission_rate": 0.001,
  "slippage_rate": 0.0005,
  "tp": 0.003,
  "sl": 0.002,
  "stop_loss_cooldown_bars": 0,
  "daily_max_trades": 0,
  "daily_max_losses": 0,
  "daily_loss_limit": 0.0,
  "no_overnight": true
}