{
  "total_return": -0.103789790432672,
  "annualized_return": -0.8371596378938372,
  "max_drawdown": -0.11768386304283074,
  "sharpe": -6.855474532428756,
  "sortino": -10.825967739077392,
  "calmar": -7.1136315230334946,
  "trade_count": 8,
  "win_rate": 0.25,
  "avg_net_return_per_trade": -0.004355635699027759,
  "median_net_return_per_trade": -0.006746729265490856,
  "backtest_mode": "a_share_inventory_t0",
  "trade_direction_mode": "sell_only",
  "buy_threshold": 0.9011711865663528,
  "sell_threshold": 0.925831064581871,
  "initial_capital": 1000000.0,
  "final_equity": 898877.3311510003,
  "final_benchmark_equity": 906349.0,
  "final_alpha_equity": 992528.3311510003,
  "alpha_total_return": -0.007471668848999635,
  "alpha_sharpe": -7.770988079768657,
  "alpha_sortino": -2.197935794266887,
  "alpha_calmar": -11.768325682987077,
  "alpha_max_drawdown": -0.009926052639993799,
  "base_shares": 9300,
  "ending_shares": 9300,
  "base_position_pct": 0.6,
  "max_t0_trade_pct": 0.3,
  "max_participation_rate": 0.05,
  "commission_rate": 0.001,
  "slippage_rate": 0.0005,
  "tp": 0.004,
  "sl": 0.002,
  "stop_loss_cooldown_bars": 6,
  "daily_max_trades": 0,
  "daily_max_losses": 2,
  "daily_loss_limit": 0.0,
  "no_overnight": true
}