model_label,epoch,train_loss,valid_loss,valid_auc,valid_prob_mean,valid_prob_max
CNN_buy,1,1.2933106277440045,0.8704362511634827,0.6634824870118988,0.27259162068367004,0.4268714189529419
CNN_buy,2,1.1632331013679504,0.8527789115905762,0.6820847997318585,0.28687989711761475,0.4440671503543854
CNN_buy,3,1.098418200338209,0.852306067943573,0.656108597285068,0.29477837681770325,0.5066356062889099
