model_label,epoch,train_loss,valid_loss,valid_auc,valid_prob_mean,valid_prob_max
CNN_sell,1,1.030773662232064,1.1533972024917603,0.4848096845536026,0.32141950726509094,0.4570563733577728
CNN_sell,2,0.9509981548463976,1.1130982637405396,0.5616342684204401,0.33789217472076416,0.4973379969596863
CNN_sell,3,0.9079843856192924,1.0897527933120728,0.596554533814457,0.3426615297794342,0.5886285305023193
