{
  "model": "CNN",
  "target_col_buy": "buy_label",
  "target_col_sell": "sell_label",
  "feature_count": 194,
  "lookback": 8,
  "params": {
    "channels": 64,
    "kernel_size": 3,
    "dropout": 0.3,
    "output_dim": 1
  },
  "buy_fit": {
    "best_score": 0.6820847997318585,
    "best_valid_auc": 0.6820847997318585,
    "epochs_ran": 3,
    "pos_rate": 0.28716216216216217,
    "pos_weight": 2.4823529411764707,
    "device": "cpu"
  },
  "sell_fit": {
    "best_score": 0.596554533814457,
    "best_valid_auc": 0.596554533814457,
    "epochs_ran": 3,
    "pos_rate": 0.32094594594594594,
    "pos_weight": 2.1157894736842104,
    "device": "cpu"
  },
  "valid_buy_auc": 0.6820847997318585,
  "valid_buy_positive_rate": 0.203125,
  "valid_buy_prob_mean": 0.28687989711761475,
  "valid_buy_prob_std": 0.06498425453901291,
  "valid_buy_prob_min": 0.15165892243385315,
  "valid_buy_prob_max": 0.4440671503543854,
  "valid_buy_acc_05": 0.796875,
  "valid_buy_precision_05": 0.0,
  "valid_buy_recall_05": 0.0,
  "valid_buy_f1_05": 0.0,
  "valid_buy_q90_threshold": 0.3793705105781555,
  "valid_buy_q95_threshold": 0.4059308171272278,
  "test_buy_auc": 0.48633879781420764,
  "test_buy_positive_rate": 0.19736842105263158,
  "test_buy_prob_mean": 0.374837726354599,
  "test_buy_prob_std": 0.13730938732624054,
  "test_buy_prob_min": 0.1877654492855072,
  "test_buy_prob_max": 0.6760960817337036,
  "test_buy_acc_05": 0.7105263157894737,
  "test_buy_precision_05": 0.26666666666666666,
  "test_buy_recall_05": 0.26666666666666666,
  "test_buy_f1_05": 0.26666666666666666,
  "test_buy_q90_threshold": 0.5786170959472656,
  "test_buy_q95_threshold": 0.6129124164581299,
  "valid_sell_auc": 0.596554533814457,
  "valid_sell_positive_rate": 0.3697916666666667,
  "valid_sell_prob_mean": 0.3426615297794342,
  "valid_sell_prob_std": 0.08078871667385101,
  "valid_sell_prob_min": 0.16833174228668213,
  "valid_sell_prob_max": 0.5886285305023193,
  "valid_sell_acc_05": 0.6302083333333334,
  "valid_sell_precision_05": 0.5,
  "valid_sell_recall_05": 0.056338028169014086,
  "valid_sell_f1_05": 0.10126582278481013,
  "valid_sell_q90_threshold": 0.4367297291755676,
  "valid_sell_q95_threshold": 0.49590128660202026,
  "test_sell_auc": 0.4074928977272727,
  "test_sell_positive_rate": 0.42105263157894735,
  "test_sell_prob_mean": 0.3252464234828949,
  "test_sell_prob_std": 0.07965317368507385,
  "test_sell_prob_min": 0.1493024080991745,
  "test_sell_prob_max": 0.5393822193145752,
  "test_sell_acc_05": 0.5789473684210527,
  "test_sell_precision_05": 0.5,
  "test_sell_recall_05": 0.015625,
  "test_sell_f1_05": 0.030303030303030304,
  "test_sell_q90_threshold": 0.4307369291782379,
  "test_sell_q95_threshold": 0.46162983775138855
}