{
  "total_return": 0.001736536285625867,
  "annualized_return": 0.13443056908910878,
  "max_drawdown": -0.01570561660914549,
  "sharpe": 1.2444728147541932,
  "sortino": 2.0569557013886612,
  "calmar": 8.559394542384851,
  "trade_count": 3,
  "win_rate": 0.0,
  "avg_net_return_per_trade": -0.006186164077702797,
  "median_net_return_per_trade": -0.006356226564146635,
  "backtest_mode": "a_share_inventory_t0",
  "trade_direction_mode": "sell_only",
  "buy_threshold": 0.5084829671873515,
  "sell_threshold": 0.602220640428732,
  "initial_capital": 1000000.0,
  "final_equity": 1002768.3249180001,
  "final_benchmark_equity": 1005665.0,
  "final_alpha_equity": 997103.3249180001,
  "alpha_total_return": -0.0028966750819998666,
  "alpha_sharpe": -19.00464923583551,
  "alpha_sortino": -6.192544410802504,
  "alpha_calmar": -65.63802554954398,
  "alpha_max_drawdown": -0.0028966750819998666,
  "base_shares": 10300,
  "ending_shares": 10300,
  "base_position_pct": 0.6,
  "max_t0_trade_pct": 0.3,
  "max_participation_rate": 0.05,
  "commission_rate": 0.001,
  "slippage_rate": 0.00075,
  "tp": 0.003,
  "sl": 0.002,
  "no_overnight": true
}