{
  "total_return": 0.07998188885632995,
  "annualized_return": 2.078098264994287,
  "max_drawdown": -0.04254125948361798,
  "sharpe": 4.219372543468591,
  "sortino": 7.166062850847876,
  "calmar": 48.84900659310599,
  "trade_count": 12,
  "win_rate": 0.4166666666666667,
  "avg_net_return_per_trade": -0.003569171529070665,
  "median_net_return_per_trade": -0.005399810719382889,
  "backtest_mode": "a_share_inventory_t0",
  "trade_direction_mode": "sell_only",
  "buy_threshold": 0.5834246009588241,
  "sell_threshold": 0.7724163651466369,
  "initial_capital": 1000000.0,
  "final_equity": 1078017.4018005002,
  "final_benchmark_equity": 1082604.0,
  "final_alpha_equity": 995413.4018005002,
  "alpha_total_return": -0.004586598199499803,
  "alpha_sharpe": -7.842529381359056,
  "alpha_sortino": -2.9715938413521688,
  "alpha_calmar": -11.030409381355025,
  "alpha_max_drawdown": -0.005889827171380646,
  "base_shares": 10700,
  "ending_shares": 10700,
  "base_position_pct": 0.6,
  "max_t0_trade_pct": 0.3,
  "max_participation_rate": 0.05,
  "commission_rate": 0.001,
  "slippage_rate": 0.0005,
  "tp": 0.003,
  "sl": 0.002,
  "stop_loss_cooldown_bars": 6,
  "daily_max_trades": 0,
  "daily_max_losses": 2,
  "daily_loss_limit": 0.0,
  "no_overnight": true
}