{
  "total_return": -0.09456017901517122,
  "annualized_return": -0.8074419964065986,
  "max_drawdown": -0.11445491336306646,
  "sharpe": -6.1481356579984965,
  "sortino": -9.811693748454953,
  "calmar": -7.054673082013382,
  "trade_count": 17,
  "win_rate": 0.5882352941176471,
  "avg_net_return_per_trade": -0.0017212925382897322,
  "median_net_return_per_trade": 0.00024449891788503025,
  "backtest_mode": "a_share_inventory_t0",
  "trade_direction_mode": "sell_only",
  "buy_threshold": 0.6601430773735046,
  "sell_threshold": 0.8602267056703568,
  "initial_capital": 1000000.0,
  "final_equity": 909826.6769175003,
  "final_benchmark_equity": 913740.0,
  "final_alpha_equity": 996086.6769175003,
  "alpha_total_return": -0.003913323082499698,
  "alpha_sharpe": -4.001272631000374,
  "alpha_sortino": -1.716233896940775,
  "alpha_calmar": -9.092664083648181,
  "alpha_max_drawdown": -0.006923888742053408,
  "base_shares": 9500,
  "ending_shares": 9500,
  "base_position_pct": 0.6,
  "max_t0_trade_pct": 0.3,
  "max_participation_rate": 0.05,
  "commission_rate": 0.001,
  "slippage_rate": 0.0005,
  "tp": 0.003,
  "sl": 0.002,
  "stop_loss_cooldown_bars": 0,
  "daily_max_trades": 0,
  "daily_max_losses": 0,
  "daily_loss_limit": 0.0,
  "no_overnight": true
}