{
  "total_return": -0.11098075027318655,
  "annualized_return": -0.8575007729510719,
  "max_drawdown": -0.12269771743731472,
  "sharpe": -7.446529905942409,
  "sortino": -11.603857493827109,
  "calmar": -6.988726366398479,
  "trade_count": 23,
  "win_rate": 0.17391304347826086,
  "avg_net_return_per_trade": -0.006028928887168688,
  "median_net_return_per_trade": -0.006815098770559521,
  "backtest_mode": "a_share_inventory_t0",
  "trade_direction_mode": "sell_only",
  "buy_threshold": 0.6489220082759856,
  "sell_threshold": 0.9102133363485335,
  "initial_capital": 1000000.0,
  "final_equity": 891664.9710140005,
  "final_benchmark_equity": 906349.0,
  "final_alpha_equity": 985315.9710140005,
  "alpha_total_return": -0.01468402898599952,
  "alpha_sharpe": -11.365005169347787,
  "alpha_sortino": -4.155475711663381,
  "alpha_calmar": -13.786813284922815,
  "alpha_max_drawdown": -0.01576200627671076,
  "base_shares": 9300,
  "ending_shares": 9300,
  "base_position_pct": 0.6,
  "max_t0_trade_pct": 0.3,
  "max_participation_rate": 0.02,
  "commission_rate": 0.001,
  "slippage_rate": 0.001,
  "tp": 0.003,
  "sl": 0.002,
  "stop_loss_cooldown_bars": 0,
  "daily_max_trades": 0,
  "daily_max_losses": 0,
  "daily_loss_limit": 0.0,
  "no_overnight": true
}