{
  "total_return": -0.09416695976941702,
  "annualized_return": -0.8060504586541382,
  "max_drawdown": -0.11355404323938689,
  "sharpe": -6.098973153892172,
  "sortino": -9.712168553686407,
  "calmar": -7.098386245524323,
  "trade_count": 7,
  "win_rate": 0.5714285714285714,
  "avg_net_return_per_trade": -0.003161337590451655,
  "median_net_return_per_trade": 9.841512274022784e-05,
  "backtest_mode": "a_share_inventory_t0",
  "trade_direction_mode": "sell_only",
  "buy_threshold": 0.6491788774728775,
  "sell_threshold": 0.8772060871124268,
  "initial_capital": 1000000.0,
  "final_equity": 910221.8013105001,
  "final_benchmark_equity": 913740.0,
  "final_alpha_equity": 996481.8013105001,
  "alpha_total_return": -0.003518198689499874,
  "alpha_sharpe": -4.669817327371849,
  "alpha_sortino": -1.182244845715724,
  "alpha_calmar": -11.338075213470324,
  "alpha_max_drawdown": -0.00500730451279785,
  "base_shares": 9500,
  "ending_shares": 9500,
  "base_position_pct": 0.6,
  "max_t0_trade_pct": 0.3,
  "max_participation_rate": 0.05,
  "commission_rate": 0.001,
  "slippage_rate": 0.0005,
  "tp": 0.003,
  "sl": 0.002,
  "stop_loss_cooldown_bars": 6,
  "daily_max_trades": 0,
  "daily_max_losses": 2,
  "daily_loss_limit": 0.0,
  "no_overnight": true
}