{
  "total_return": 0.07800062467136049,
  "annualized_return": 1.9929598915836397,
  "max_drawdown": -0.04453888448702248,
  "sharpe": 4.200236576720721,
  "sortino": 7.1658047915670275,
  "calmar": 44.74651564666687,
  "trade_count": 3,
  "win_rate": 0.3333333333333333,
  "avg_net_return_per_trade": -0.0021229911819908268,
  "median_net_return_per_trade": -0.003524226988931231,
  "backtest_mode": "a_share_inventory_t0",
  "trade_direction_mode": "sell_only",
  "buy_threshold": 0.9503372311592102,
  "sell_threshold": 0.5626334697008133,
  "initial_capital": 1000000.0,
  "final_equity": 1077543.5524064999,
  "final_benchmark_equity": 1078122.0,
  "final_alpha_equity": 999421.5524064999,
  "alpha_total_return": -0.0005784475935001199,
  "alpha_sharpe": -0.8694547380945042,
  "alpha_sortino": -0.2659388314471808,
  "alpha_calmar": -3.1663948855468123,
  "alpha_max_drawdown": -0.0026559517283964995,
  "base_shares": 10600,
  "ending_shares": 10600,
  "base_position_pct": 0.6,
  "max_t0_trade_pct": 0.3,
  "max_participation_rate": 0.02,
  "commission_rate": 0.001,
  "slippage_rate": 0.00075,
  "tp": 0.004,
  "sl": 0.003,
  "stop_loss_cooldown_bars": 6,
  "daily_max_trades": 0,
  "daily_max_losses": 2,
  "daily_loss_limit": 0.0,
  "no_overnight": true
}