{
  "total_return": 0.07534023804142964,
  "annualized_return": 1.8869409851849293,
  "max_drawdown": -0.04819215985077663,
  "sharpe": 4.05708908055458,
  "sortino": 6.904769472801969,
  "calmar": 39.15452204316426,
  "trade_count": 2,
  "win_rate": 0.5,
  "avg_net_return_per_trade": -0.006353706593036131,
  "median_net_return_per_trade": -0.006353706593036131,
  "backtest_mode": "a_share_inventory_t0",
  "trade_direction_mode": "sell_only",
  "buy_threshold": 0.6164289712905884,
  "sell_threshold": 0.6334708333015442,
  "initial_capital": 1000000.0,
  "final_equity": 1074884.2937805,
  "final_benchmark_equity": 1078122.0,
  "final_alpha_equity": 996762.2937805001,
  "alpha_total_return": -0.003237706219499925,
  "alpha_sharpe": -4.117349299344242,
  "alpha_sortino": -0.5088325900122155,
  "alpha_calmar": -12.659996618675821,
  "alpha_max_drawdown": -0.0036517263749998863,
  "base_shares": 10600,
  "ending_shares": 10600,
  "base_position_pct": 0.6,
  "max_t0_trade_pct": 0.3,
  "max_participation_rate": 0.05,
  "commission_rate": 0.001,
  "slippage_rate": 0.0005,
  "tp": 0.003,
  "sl": 0.002,
  "stop_loss_cooldown_bars": 6,
  "daily_max_trades": 0,
  "daily_max_losses": 2,
  "daily_loss_limit": 0.0,
  "no_overnight": true
}