{
  "total_return": 0.060241647147543986,
  "annualized_return": 69.28251089910165,
  "max_drawdown": -0.01932797851980661,
  "sharpe": 15.576177981315519,
  "sortino": 25.5294235199918,
  "calmar": 3584.5709797381787,
  "trade_count": 13,
  "win_rate": 0.3076923076923077,
  "avg_net_return_per_trade": -0.004332490061591453,
  "median_net_return_per_trade": -0.00575059665609767,
  "backtest_mode": "a_share_inventory_t0",
  "trade_direction_mode": "sell_only",
  "buy_threshold": 0.4856871202588081,
  "sell_threshold": 0.7281160473823547,
  "initial_capital": 1000000.0,
  "final_equity": 1059365.887547,
  "final_benchmark_equity": 1066316.0,
  "final_alpha_equity": 993049.8875470001,
  "alpha_total_return": -0.006950112452999924,
  "alpha_sharpe": -20.86515757279112,
  "alpha_sortino": -17.241606523766727,
  "alpha_calmar": -54.822144616588055,
  "alpha_max_drawdown": -0.007254521266499947,
  "base_shares": 11800,
  "ending_shares": 11800,
  "base_position_pct": 0.6,
  "max_t0_trade_pct": 0.3,
  "max_participation_rate": 0.05,
  "commission_rate": 0.001,
  "slippage_rate": 0.0005,
  "tp": 0.003,
  "sl": 0.002,
  "no_overnight": true
}