{
  "lookback": 32,
  "lookback_minutes": 160,
  "horizon": 1,
  "horizon_minutes": 5,
  "best_valid_auc": 0.752156602964508,
  "valid_auc": 0.752156602964508,
  "test_auc": 0.7057776150879532,
  "train_positive_rate": 0.09022381756756757,
  "valid_positive_rate": 0.12535809542625703,
  "test_positive_rate": 0.13364282892137494,
  "test_trade_return_mean_all": 7.80913871127364e-05,
  "test_trade_return_mean_label_1": 0.006343104371199851,
  "selected_threshold": 0.7893193244934082,
  "selected_quantile": 0.9,
  "selected_threshold_test_stats": {
    "threshold": 0.7893193244934082,
    "horizon": 1,
    "round_trip_cost": 0.003,
    "trade_count": 514,
    "win_rate": 0.3151750972762646,
    "gross_return_mean": 0.0004033657006783334,
    "net_return_mean": -0.002596634299321667,
    "gross_return_median": -8.521518376997106e-05,
    "net_return_median": -0.003085215183769971,
    "total_return": -0.7408122525091276,
    "max_drawdown": -0.7394873509835969,
    "sharpe": -38.20918379208973,
    "avg_pred_prob": 0.8137832594752775,
    "positive_label_rate": 0.3151750972762646,
    "selected_by": "validation_net_return_mean",
    "selected_quantile": 0.9
  },
  "output_dir": "outputs\\diagnostics\\horizon_compare\\lb32_h1"
}