{
  "lookback": 32,
  "lookback_minutes": 160,
  "horizon": 1,
  "horizon_minutes": 5,
  "best_valid_auc": 0.6714598215697798,
  "valid_auc": 0.6714598215697798,
  "test_auc": 0.6200492299396856,
  "train_positive_rate": 0.19691722972972972,
  "valid_positive_rate": 0.22769929862688926,
  "test_positive_rate": 0.2504938759383643,
  "valid_action_metrics": {
    "accuracy": 0.45954756495110144,
    "buy_auc": 0.6714598215697798,
    "sell_auc": 0.6694666011609308,
    "buy_positive_rate": 0.22769929862688926,
    "sell_positive_rate": 0.24241825545786821,
    "hold_rate": 0.5298824459152425
  },
  "test_action_metrics": {
    "accuracy": 0.3827538522323192,
    "buy_auc": 0.6200492299396856,
    "sell_auc": 0.621072695953529,
    "buy_positive_rate": 0.2504938759383643,
    "sell_positive_rate": 0.2643224022125642,
    "hold_rate": 0.4851837218490715
  },
  "test_trade_return_mean_all": 7.80913871127364e-05,
  "test_trade_return_mean_label_1": -5.73741312884605e-05,
  "selected_threshold": 0.5058361411094665,
  "selected_quantile": 0.95,
  "selected_threshold_test_stats": {
    "threshold": 0.5058361411094665,
    "horizon": 1,
    "round_trip_cost": 0.003,
    "trade_count": 348,
    "win_rate": 0.2557471264367816,
    "gross_return_mean": -0.0002346946352891854,
    "net_return_mean": -0.0032346946352891856,
    "gross_return_median": -0.00018165364210603885,
    "net_return_median": -0.003181653642106039,
    "total_return": -0.6784662050406012,
    "max_drawdown": -0.6796089417944924,
    "per_trade_sharpe": -0.5056923673466596,
    "trades_per_year": 398.4241883346575,
    "bar_annualized_sharpe": -54.50228374005297,
    "sharpe": -10.093905789176247,
    "avg_pred_prob": 0.5255506559350025,
    "positive_label_rate": 0.6264367816091954,
    "buy_label_rate": 0.35919540229885055,
    "selected_by": "validation_net_return_mean",
    "selected_quantile": 0.95
  },
  "output_dir": "outputs\\diagnostics\\horizon_compare\\lb32_h1",
  "seed": 42
}