{
  "scenario_count": 12,
  "all_alpha_positive": false,
  "min_alpha_total_return": -0.004300797458499983,
  "worst_alpha_max_drawdown": -0.0047554364885000755,
  "min_trade_count": 9
}