{
  "total_return": -0.006026185457622457,
  "annualized_return": -0.35558257591107123,
  "max_drawdown": -0.015433457281648133,
  "sharpe": -3.1648017739030747,
  "sortino": -5.566905754137507,
  "calmar": -23.039722689607153,
  "trade_count": 1,
  "win_rate": 0.0,
  "avg_net_return_per_trade": -0.0005717972038909967,
  "median_net_return_per_trade": -0.0005717972038909967,
  "backtest_mode": "a_share_inventory_t0",
  "trade_direction_mode": "sell_only",
  "buy_threshold": 0.4649245523000572,
  "sell_threshold": 0.4885400796045951,
  "initial_capital": 1000000.0,
  "final_equity": 993729.2969840001,
  "final_benchmark_equity": 993604.0,
  "final_alpha_equity": 1000125.2969840001,
  "alpha_total_return": 0.0001252969840002116,
  "alpha_sharpe": 0.7526314841526152,
  "alpha_sortino": 0.3565232800138645,
  "alpha_calmar": 12.802849080752718,
  "alpha_max_drawdown": -0.0007146613000128532,
  "base_shares": 8200,
  "ending_shares": 8200,
  "base_position_pct": 0.6,
  "max_t0_trade_pct": 0.3,
  "max_participation_rate": 0.02,
  "commission_rate": 0.0015,
  "slippage_rate": 0.0005,
  "tp": 0.003,
  "sl": 0.002,
  "no_overnight": true
}