{
  "total_return": 0.010447580275744883,
  "annualized_return": 1.1288110646942737,
  "max_drawdown": -0.024289696265074157,
  "sharpe": 2.5337062935005936,
  "sortino": 5.1993475206677235,
  "calmar": 46.47283573971144,
  "trade_count": 9,
  "win_rate": 0.1111111111111111,
  "avg_net_return_per_trade": -0.005844481304552812,
  "median_net_return_per_trade": -0.007900517821841532,
  "backtest_mode": "a_share_inventory_t0",
  "trade_direction_mode": "sell_only",
  "buy_threshold": 0.7054184544772757,
  "sell_threshold": 0.6122887900886655,
  "initial_capital": 1000000.0,
  "final_equity": 1007719.3718090003,
  "final_benchmark_equity": 1014040.0,
  "final_alpha_equity": 993679.3718090003,
  "alpha_total_return": -0.006320628190999766,
  "alpha_sharpe": -19.219674460851387,
  "alpha_sortino": -13.735775261211248,
  "alpha_calmar": -58.42988965133919,
  "alpha_max_drawdown": -0.006320628190999766,
  "base_shares": 10800,
  "ending_shares": 10800,
  "base_position_pct": 0.6,
  "max_t0_trade_pct": 0.3,
  "max_participation_rate": 0.02,
  "commission_rate": 0.0015,
  "slippage_rate": 0.001,
  "tp": 0.003,
  "sl": 0.002,
  "no_overnight": true
}