{
  "total_return": -0.10800314770044317,
  "annualized_return": -0.8493862315966386,
  "max_drawdown": -0.12126093890324774,
  "sharpe": -7.181250882598636,
  "sortino": -11.266135692431112,
  "calmar": -7.004615330204156,
  "trade_count": 21,
  "win_rate": 0.23809523809523808,
  "avg_net_return_per_trade": -0.004778265671654585,
  "median_net_return_per_trade": -0.006007205156423498,
  "backtest_mode": "a_share_inventory_t0",
  "trade_direction_mode": "sell_only",
  "buy_threshold": 0.6604762256145478,
  "sell_threshold": 0.7866513013839722,
  "initial_capital": 1000000.0,
  "final_equity": 894651.4349320004,
  "final_benchmark_equity": 906349.0,
  "final_alpha_equity": 988302.4349320004,
  "alpha_total_return": -0.011697565067999682,
  "alpha_sharpe": -12.565180074344836,
  "alpha_sortino": -5.3951508150554615,
  "alpha_calmar": -12.85528152888819,
  "alpha_max_drawdown": -0.013774453978136258,
  "base_shares": 9300,
  "ending_shares": 9300,
  "base_position_pct": 0.6,
  "max_t0_trade_pct": 0.3,
  "max_participation_rate": 0.05,
  "commission_rate": 0.001,
  "slippage_rate": 0.0005,
  "tp": 0.003,
  "sl": 0.002,
  "stop_loss_cooldown_bars": 6,
  "daily_max_trades": 0,
  "daily_max_losses": 2,
  "daily_loss_limit": 0.0,
  "no_overnight": true
}