{
  "total_return": -0.05348077545445129,
  "annualized_return": -0.5980872398188415,
  "max_drawdown": -0.08006959704134564,
  "sharpe": -2.738653048965836,
  "sortino": -2.5944191334813675,
  "calmar": -7.46959222874578,
  "trade_count": 14,
  "win_rate": 0.07142857142857142,
  "avg_net_return_per_trade": -0.006869803313160218,
  "median_net_return_per_trade": -0.006806558210750598,
  "backtest_mode": "a_share_inventory_t0",
  "trade_direction_mode": "sell_only",
  "buy_threshold": 0.7235490381717682,
  "sell_threshold": 0.8430290222167969,
  "initial_capital": 1000000.0,
  "final_equity": 945684.3945894996,
  "final_benchmark_equity": 953940.0,
  "final_alpha_equity": 991744.3945894996,
  "alpha_total_return": -0.00825560541050041,
  "alpha_sharpe": -10.124850879987475,
  "alpha_sortino": -3.5041937441315754,
  "alpha_calmar": -14.143991599867437,
  "alpha_max_drawdown": -0.009081396359498117,
  "base_shares": 9800,
  "ending_shares": 9800,
  "base_position_pct": 0.6,
  "max_t0_trade_pct": 0.3,
  "max_participation_rate": 0.02,
  "commission_rate": 0.001,
  "slippage_rate": 0.00075,
  "tp": 0.003,
  "sl": 0.002,
  "stop_loss_cooldown_bars": 6,
  "daily_max_trades": 0,
  "daily_max_losses": 2,
  "daily_loss_limit": 0.0,
  "no_overnight": true
}