{
  "total_return": -0.05341299171869551,
  "annualized_return": -0.5976096465303797,
  "max_drawdown": -0.07865202595896947,
  "sharpe": -2.7345048164744523,
  "sortino": -2.5962976546493812,
  "calmar": -7.59814689124646,
  "trade_count": 16,
  "win_rate": 0.3125,
  "avg_net_return_per_trade": -0.004011260599857038,
  "median_net_return_per_trade": -0.00531261038935715,
  "backtest_mode": "a_share_inventory_t0",
  "trade_direction_mode": "sell_only",
  "buy_threshold": 0.7795956283807755,
  "sell_threshold": 0.7698721885681152,
  "initial_capital": 1000000.0,
  "final_equity": 945752.1185400004,
  "final_benchmark_equity": 953940.0,
  "final_alpha_equity": 991812.1185400004,
  "alpha_total_return": -0.008187881459999602,
  "alpha_sharpe": -9.41851106996693,
  "alpha_sortino": -3.215487355881384,
  "alpha_calmar": -14.921489620092057,
  "alpha_max_drawdown": -0.008542019303025561,
  "base_shares": 9800,
  "ending_shares": 9800,
  "base_position_pct": 0.6,
  "max_t0_trade_pct": 0.3,
  "max_participation_rate": 0.05,
  "commission_rate": 0.001,
  "slippage_rate": 0.0005,
  "tp": 0.003,
  "sl": 0.002,
  "stop_loss_cooldown_bars": 0,
  "daily_max_trades": 0,
  "daily_max_losses": 0,
  "daily_loss_limit": 0.0,
  "no_overnight": true
}