{
  "total_return": 0.03488112982903924,
  "annualized_return": 11.091678794445738,
  "max_drawdown": -0.046599997116947955,
  "sharpe": 8.11733228304994,
  "sortino": 12.414422781018313,
  "calmar": 238.01887297567674,
  "trade_count": 10,
  "win_rate": 0.1,
  "avg_net_return_per_trade": -0.005519887168762424,
  "median_net_return_per_trade": -0.0064048166285765006,
  "backtest_mode": "a_share_inventory_t0",
  "trade_direction_mode": "sell_only",
  "buy_threshold": 0.4595914352082699,
  "sell_threshold": 0.5900460568882486,
  "initial_capital": 1000000.0,
  "final_equity": 1034149.46887025,
  "final_benchmark_equity": 1040804.0,
  "final_alpha_equity": 993345.46887025,
  "alpha_total_return": -0.006654531129750008,
  "alpha_sharpe": -18.637700983052508,
  "alpha_sortino": -10.747591792820145,
  "alpha_calmar": -57.039640647087694,
  "alpha_max_drawdown": -0.00674155542374999,
  "base_shares": 10100,
  "ending_shares": 10100,
  "base_position_pct": 0.6,
  "max_t0_trade_pct": 0.3,
  "max_participation_rate": 0.02,
  "commission_rate": 0.001,
  "slippage_rate": 0.00075,
  "tp": 0.003,
  "sl": 0.002,
  "no_overnight": true
}