threshold,horizon,round_trip_cost,trade_count,win_rate,gross_return_mean,net_return_mean,gross_return_median,net_return_median,total_return,max_drawdown,sharpe,avg_pred_prob,positive_label_rate,quantile
0.6230406761169434,3,0.003,1360,0.3014705882352941,0.0004763779076194803,-0.0025236220923805196,-0.00019685391979212818,-0.0031968539197921282,-0.9694092602829876,-0.969331384182514,-31.474797506846343,0.7006586640634958,0.29558823529411765,0.5
0.6613860964775086,3,0.003,1114,0.3213644524236984,0.0005270179511298743,-0.0024729820488701253,-0.00016324593585986813,-0.003163245935859868,-0.9394484472813772,-0.9392942987106995,-29.301813129797978,0.7178855324347957,0.31867145421903054,0.6
0.6933611571788787,3,0.003,857,0.3313885647607935,0.0004992707760174692,-0.0025007292239825315,-0.000517911091929113,-0.003517911091929113,-0.8877128509997199,-0.887243606801891,-27.535490108111105,0.7331810202036605,0.3278879813302217,0.7
0.7073510587215424,3,0.003,739,0.3234100135317997,0.00047917951733501704,-0.002520820482664983,-0.00048520135856378044,-0.0034852013585637805,-0.8511359772602238,-0.8502373147304384,-26.207389123032698,0.7400010416085084,0.3234100135317997,0.75
0.7197511076927186,3,0.003,614,0.34039087947882735,0.0006632709877102846,-0.0023367290122897153,0.0,-0.003,-0.770695578259259,-0.7702631034216082,-23.101001721355917,0.7476128162118434,0.33713355048859933,0.8
0.7328582584857941,3,0.003,487,0.34291581108829566,0.0005245115343782871,-0.0024754884656217136,-0.00033305578684428294,-0.003333055786844283,-0.7100434063781121,-0.7144908340366907,-23.56028772859908,0.7558027272106931,0.33880903490759756,0.85
0.7465929687023163,3,0.003,349,0.3667621776504298,0.0011307054798979285,-0.0018692945201020713,-0.00027654867256643456,-0.0032765486725664346,-0.4942051928468685,-0.5398597275657001,-15.641530873655922,0.7642876825223338,0.3638968481375358,0.9
0.7638071417808533,3,0.003,179,0.3575418994413408,0.0005815649398853316,-0.0024184350601146685,-0.0005668475180176102,-0.0035668475180176103,-0.36220184969052316,-0.4177787588987685,-19.18959234654988,0.7781027735278593,0.3575418994413408,0.95
