{
  "total_return": -0.05588715220016227,
  "annualized_return": -0.6142379852676005,
  "max_drawdown": -0.08077720275506994,
  "sharpe": -2.832281910561406,
  "sortino": -2.685221393142845,
  "calmar": -7.604100715520855,
  "trade_count": 13,
  "win_rate": 0.23076923076923078,
  "avg_net_return_per_trade": -0.005186125734710861,
  "median_net_return_per_trade": -0.0063013447193452895,
  "backtest_mode": "a_share_inventory_t0",
  "trade_direction_mode": "sell_only",
  "buy_threshold": 0.7311467230319973,
  "sell_threshold": 0.8743394166231154,
  "initial_capital": 1000000.0,
  "final_equity": 943742.7555635002,
  "final_benchmark_equity": 953450.0,
  "final_alpha_equity": 990292.7555635002,
  "alpha_total_return": -0.009707244436499729,
  "alpha_sharpe": -11.371182632219401,
  "alpha_sortino": -3.154294112805522,
  "alpha_calmar": -15.225966261005128,
  "alpha_max_drawdown": -0.00979843202399977,
  "base_shares": 9800,
  "ending_shares": 9800,
  "base_position_pct": 0.6,
  "max_t0_trade_pct": 0.3,
  "max_participation_rate": 0.02,
  "commission_rate": 0.001,
  "slippage_rate": 0.0005,
  "tp": 0.004,
  "sl": 0.002,
  "stop_loss_cooldown_bars": 0,
  "daily_max_trades": 0,
  "daily_max_losses": 0,
  "daily_loss_limit": 0.0,
  "no_overnight": true
}