{
  "total_return": -0.094830673564268,
  "annualized_return": -0.8087931646540474,
  "max_drawdown": -0.11213287674190775,
  "sharpe": -6.328657268361344,
  "sortino": -10.0061719637696,
  "calmar": -7.212810267194142,
  "trade_count": 16,
  "win_rate": 0.375,
  "avg_net_return_per_trade": -0.003615591219042963,
  "median_net_return_per_trade": -0.005301995781511301,
  "backtest_mode": "a_share_inventory_t0",
  "trade_direction_mode": "sell_only",
  "buy_threshold": 0.6345955163240432,
  "sell_threshold": 0.8703280282020569,
  "initial_capital": 1000000.0,
  "final_equity": 908742.9349365003,
  "final_benchmark_equity": 912204.0,
  "final_alpha_equity": 996538.9349365003,
  "alpha_total_return": -0.0034610650634997464,
  "alpha_sharpe": -6.0397362985054714,
  "alpha_sortino": -2.762778696445613,
  "alpha_calmar": -13.874155997506247,
  "alpha_max_drawdown": -0.00403227990423205,
  "base_shares": 9400,
  "ending_shares": 9400,
  "base_position_pct": 0.6,
  "max_t0_trade_pct": 0.3,
  "max_participation_rate": 0.05,
  "commission_rate": 0.001,
  "slippage_rate": 0.0005,
  "tp": 0.003,
  "sl": 0.002,
  "stop_loss_cooldown_bars": 6,
  "daily_max_trades": 0,
  "daily_max_losses": 2,
  "daily_loss_limit": 0.0,
  "no_overnight": true
}