{
  "total_return": 0.07415266087571126,
  "annualized_return": 1.840753481770843,
  "max_drawdown": -0.044205227376907796,
  "sharpe": 3.9922335606165356,
  "sortino": 6.823180942652335,
  "calmar": 41.64108163217881,
  "trade_count": 5,
  "win_rate": 0.0,
  "avg_net_return_per_trade": -0.005178952480815942,
  "median_net_return_per_trade": -0.0083062136945472,
  "backtest_mode": "a_share_inventory_t0",
  "trade_direction_mode": "sell_only",
  "buy_threshold": 0.9164306968450546,
  "sell_threshold": 0.9058243632316589,
  "initial_capital": 1000000.0,
  "final_equity": 1073697.2201475,
  "final_benchmark_equity": 1078122.0,
  "final_alpha_equity": 995575.2201475,
  "alpha_total_return": -0.004424779852500005,
  "alpha_sharpe": -7.031427433836763,
  "alpha_sortino": -1.6004767946123286,
  "alpha_calmar": -10.625072029356438,
  "alpha_max_drawdown": -0.005898902225268565,
  "base_shares": 10600,
  "ending_shares": 10600,
  "base_position_pct": 0.6,
  "max_t0_trade_pct": 0.3,
  "max_participation_rate": 0.05,
  "commission_rate": 0.0015,
  "slippage_rate": 0.001,
  "tp": 0.004,
  "sl": 0.003,
  "stop_loss_cooldown_bars": 0,
  "daily_max_trades": 0,
  "daily_max_losses": 0,
  "daily_loss_limit": 0.0,
  "no_overnight": true
}