{
  "total_return": 0.05592258776199177,
  "annualized_return": 51.236275513386396,
  "max_drawdown": -0.020204455912960717,
  "sharpe": 14.265070284768612,
  "sortino": 23.443302454964208,
  "calmar": 2535.8898915223667,
  "trade_count": 13,
  "win_rate": 0.0,
  "avg_net_return_per_trade": -0.007481445336966484,
  "median_net_return_per_trade": -0.007975668532094634,
  "backtest_mode": "a_share_inventory_t0",
  "trade_direction_mode": "sell_only",
  "buy_threshold": 0.4856871202588081,
  "sell_threshold": 0.7281160473823547,
  "initial_capital": 1000000.0,
  "final_equity": 1055050.3957045004,
  "final_benchmark_equity": 1066316.0,
  "final_alpha_equity": 988734.3957045004,
  "alpha_total_return": -0.01126560429549961,
  "alpha_sharpe": -33.289790625418284,
  "alpha_sortino": -23.704964761681047,
  "alpha_calmar": -49.419803324568925,
  "alpha_max_drawdown": -0.011354952735999846,
  "base_shares": 11800,
  "ending_shares": 11800,
  "base_position_pct": 0.6,
  "max_t0_trade_pct": 0.3,
  "max_participation_rate": 0.02,
  "commission_rate": 0.0015,
  "slippage_rate": 0.001,
  "tp": 0.003,
  "sl": 0.002,
  "no_overnight": true
}