{
  "total_return": 0.07583391635830394,
  "annualized_return": 1.891823060272055,
  "max_drawdown": -0.048924454091163305,
  "sharpe": 4.027988017537939,
  "sortino": 6.8226242282688645,
  "calmar": 38.6682507840952,
  "trade_count": 1,
  "win_rate": 0.0,
  "avg_net_return_per_trade": -0.01400770197779055,
  "median_net_return_per_trade": -0.01400770197779055,
  "backtest_mode": "a_share_inventory_t0",
  "trade_direction_mode": "sell_only",
  "buy_threshold": 0.6654055744409558,
  "sell_threshold": 0.6357437771558762,
  "initial_capital": 1000000.0,
  "final_equity": 1075149.6859875,
  "final_benchmark_equity": 1079076.0,
  "final_alpha_equity": 996073.6859875,
  "alpha_total_return": -0.003926314012499987,
  "alpha_sharpe": -4.295088399258393,
  "alpha_sortino": -0.31918889312040943,
  "alpha_calmar": -14.14774067396146,
  "alpha_max_drawdown": -0.003926314012499987,
  "base_shares": 10600,
  "ending_shares": 10600,
  "base_position_pct": 0.6,
  "max_t0_trade_pct": 0.3,
  "max_participation_rate": 0.05,
  "commission_rate": 0.001,
  "slippage_rate": 0.0005,
  "tp": 0.003,
  "sl": 0.002,
  "stop_loss_cooldown_bars": 6,
  "daily_max_trades": 0,
  "daily_max_losses": 2,
  "daily_loss_limit": 0.0,
  "no_overnight": true
}