{
  "total_return": -0.093286051242231,
  "annualized_return": -0.8028986967697909,
  "max_drawdown": -0.11348503826476353,
  "sharpe": -6.049640800914345,
  "sortino": -9.644128074747895,
  "calmar": -7.0749299559348735,
  "trade_count": 12,
  "win_rate": 0.4166666666666667,
  "avg_net_return_per_trade": -0.0025799059217704195,
  "median_net_return_per_trade": -0.004737734282635406,
  "backtest_mode": "a_share_inventory_t0",
  "trade_direction_mode": "sell_only",
  "buy_threshold": 0.6520390957593918,
  "sell_threshold": 0.933201789855957,
  "initial_capital": 1000000.0,
  "final_equity": 911106.9778395004,
  "final_benchmark_equity": 913740.0,
  "final_alpha_equity": 997366.9778395004,
  "alpha_total_return": -0.002633022160499543,
  "alpha_sharpe": -3.7753552235013865,
  "alpha_sortino": -1.8929777970021757,
  "alpha_calmar": -9.601943346456723,
  "alpha_max_drawdown": -0.0044554945270400825,
  "base_shares": 9500,
  "ending_shares": 9500,
  "base_position_pct": 0.6,
  "max_t0_trade_pct": 0.3,
  "max_participation_rate": 0.02,
  "commission_rate": 0.001,
  "slippage_rate": 0.0005,
  "tp": 0.004,
  "sl": 0.003,
  "stop_loss_cooldown_bars": 0,
  "daily_max_trades": 0,
  "daily_max_losses": 0,
  "daily_loss_limit": 0.0,
  "no_overnight": true
}