{
  "total_return": -0.05549443896091366,
  "annualized_return": -0.61203462493839,
  "max_drawdown": -0.08083369666509166,
  "sharpe": -2.845173666626206,
  "sortino": -2.6945517292938654,
  "calmar": -7.57152833767034,
  "trade_count": 14,
  "win_rate": 0.07142857142857142,
  "avg_net_return_per_trade": -0.007869803313160218,
  "median_net_return_per_trade": -0.007806558210750599,
  "backtest_mode": "a_share_inventory_t0",
  "trade_direction_mode": "sell_only",
  "buy_threshold": 0.7235490381717682,
  "sell_threshold": 0.8430290222167969,
  "initial_capital": 1000000.0,
  "final_equity": 943672.5071342499,
  "final_benchmark_equity": 953940.0,
  "final_alpha_equity": 989732.5071342499,
  "alpha_total_return": -0.010267492865750127,
  "alpha_sharpe": -11.811160001288464,
  "alpha_sortino": -4.076003680456768,
  "alpha_calmar": -14.371720814245966,
  "alpha_max_drawdown": -0.010945781075098915,
  "base_shares": 9800,
  "ending_shares": 9800,
  "base_position_pct": 0.6,
  "max_t0_trade_pct": 0.3,
  "max_participation_rate": 0.02,
  "commission_rate": 0.0015,
  "slippage_rate": 0.00075,
  "tp": 0.003,
  "sl": 0.002,
  "stop_loss_cooldown_bars": 6,
  "daily_max_trades": 0,
  "daily_max_losses": 2,
  "daily_loss_limit": 0.0,
  "no_overnight": true
}