{
  "total_return": -0.030057078552350847,
  "annualized_return": -0.8912342851901542,
  "max_drawdown": -0.03789727060673043,
  "sharpe": -15.179706950841899,
  "sortino": -19.254816097258654,
  "calmar": -23.517110095835612,
  "trade_count": 2,
  "win_rate": 0.0,
  "avg_net_return_per_trade": -0.007548871527224939,
  "median_net_return_per_trade": -0.007548871527224939,
  "backtest_mode": "a_share_inventory_t0",
  "trade_direction_mode": "sell_only",
  "buy_threshold": 0.4095080417989358,
  "sell_threshold": 0.4341893776055725,
  "initial_capital": 1000000.0,
  "final_equity": 969253.2920304999,
  "final_benchmark_equity": 972429.0,
  "final_alpha_equity": 996824.2920304999,
  "alpha_total_return": -0.0031757079695000634,
  "alpha_sharpe": -18.600598951798176,
  "alpha_sortino": -7.5000110960165625,
  "alpha_calmar": -65.00708746518505,
  "alpha_max_drawdown": -0.0031757079695000634,
  "base_shares": 7900,
  "ending_shares": 7900,
  "base_position_pct": 0.6,
  "max_t0_trade_pct": 0.3,
  "max_participation_rate": 0.02,
  "commission_rate": 0.0015,
  "slippage_rate": 0.001,
  "tp": 0.003,
  "sl": 0.002,
  "no_overnight": true
}