{
  "scenario_count": 12,
  "all_alpha_positive": false,
  "min_alpha_total_return": -0.039319696486499245,
  "worst_alpha_max_drawdown": -0.03983832228034301,
  "min_trade_count": 46
}