{
  "total_return": -0.048907097078623174,
  "annualized_return": -0.5646381957894588,
  "max_drawdown": -0.08023120397783312,
  "sharpe": -2.488387855064116,
  "sortino": -2.363092628864416,
  "calmar": -7.037638322683794,
  "trade_count": 5,
  "win_rate": 0.4,
  "avg_net_return_per_trade": -0.0028979015907063727,
  "median_net_return_per_trade": -0.004654582544793004,
  "backtest_mode": "a_share_inventory_t0",
  "trade_direction_mode": "sell_only",
  "buy_threshold": 0.6666267216205597,
  "sell_threshold": 0.8201666474342346,
  "initial_capital": 1000000.0,
  "final_equity": 950254.0389810002,
  "final_benchmark_equity": 953940.0,
  "final_alpha_equity": 996314.0389810002,
  "alpha_total_return": -0.0036859610189997616,
  "alpha_sharpe": -5.4824730238177155,
  "alpha_sortino": -1.4986294201100254,
  "alpha_calmar": -11.818791227726898,
  "alpha_max_drawdown": -0.005026166999799964,
  "base_shares": 9800,
  "ending_shares": 9800,
  "base_position_pct": 0.6,
  "max_t0_trade_pct": 0.3,
  "max_participation_rate": 0.05,
  "commission_rate": 0.001,
  "slippage_rate": 0.0005,
  "tp": 0.004,
  "sl": 0.003,
  "stop_loss_cooldown_bars": 0,
  "daily_max_trades": 0,
  "daily_max_losses": 0,
  "daily_loss_limit": 0.0,
  "no_overnight": true
}