{
  "total_return": -0.11622831709781656,
  "annualized_return": -0.8708104127670085,
  "max_drawdown": -0.12873104300043914,
  "sharpe": -7.840115851865658,
  "sortino": -12.205758788808943,
  "calmar": -6.7645720291727764,
  "trade_count": 12,
  "win_rate": 0.08333333333333333,
  "avg_net_return_per_trade": -0.009931352378597913,
  "median_net_return_per_trade": -0.008581121297025925,
  "backtest_mode": "a_share_inventory_t0",
  "trade_direction_mode": "sell_only",
  "buy_threshold": 0.6604762256145478,
  "sell_threshold": 0.8768073558807371,
  "initial_capital": 1000000.0,
  "final_equity": 886401.7874305004,
  "final_benchmark_equity": 906349.0,
  "final_alpha_equity": 980052.7874305004,
  "alpha_total_return": -0.019947212569499606,
  "alpha_sharpe": -12.754204276697113,
  "alpha_sortino": -3.502458756281219,
  "alpha_calmar": -13.38034342738805,
  "alpha_max_drawdown": -0.02120650897324694,
  "base_shares": 9300,
  "ending_shares": 9300,
  "base_position_pct": 0.6,
  "max_t0_trade_pct": 0.3,
  "max_participation_rate": 0.05,
  "commission_rate": 0.0015,
  "slippage_rate": 0.001,
  "tp": 0.003,
  "sl": 0.002,
  "stop_loss_cooldown_bars": 6,
  "daily_max_trades": 0,
  "daily_max_losses": 2,
  "daily_loss_limit": 0.0,
  "no_overnight": true
}