{
  "total_return": -0.035774713314463136,
  "annualized_return": -0.17526867256643552,
  "max_drawdown": -0.09249335256762015,
  "sharpe": -1.2071151002442693,
  "sortino": -1.383096317103253,
  "calmar": -1.89493263787038,
  "trade_count": 47,
  "win_rate": 0.2765957446808511,
  "avg_net_return_per_trade": -0.004106636314199305,
  "median_net_return_per_trade": -0.00513386872044663,
  "backtest_mode": "a_share_inventory_t0",
  "trade_direction_mode": "sell_only",
  "buy_threshold": 0.5876382724393838,
  "sell_threshold": 0.7648406952126675,
  "initial_capital": 1000000.0,
  "final_equity": 964119.2219040014,
  "final_benchmark_equity": 986910.0,
  "final_alpha_equity": 977209.2219040014,
  "alpha_total_return": -0.02279077809599861,
  "alpha_sharpe": -10.300132177762924,
  "alpha_sortino": -5.182856621062665,
  "alpha_calmar": -4.703555874746833,
  "alpha_max_drawdown": -0.024407967453286106,
  "base_shares": 11000,
  "ending_shares": 11000,
  "base_position_pct": 0.6,
  "max_t0_trade_pct": 0.3,
  "max_participation_rate": 0.02,
  "commission_rate": 0.001,
  "slippage_rate": 0.0005,
  "tp": 0.003,
  "sl": 0.002,
  "no_overnight": true
}