{
  "total_return": -0.04469246324845977,
  "annualized_return": -0.544691358993272,
  "max_drawdown": -0.07890902528848787,
  "sharpe": -2.0957411548539415,
  "sortino": -1.9887411623386326,
  "calmar": -6.9027764188178065,
  "trade_count": 5,
  "win_rate": 0.2,
  "avg_net_return_per_trade": -0.0027680763365954784,
  "median_net_return_per_trade": -0.0006868322098656475,
  "backtest_mode": "a_share_inventory_t0",
  "trade_direction_mode": "sell_only",
  "buy_threshold": 0.7473482042551041,
  "sell_threshold": 0.9047144800424576,
  "initial_capital": 1000000.0,
  "final_equity": 957671.9229050003,
  "final_benchmark_equity": 957628.0,
  "final_alpha_equity": 1000043.9229050003,
  "alpha_total_return": 4.392290500021545e-05,
  "alpha_sharpe": 0.06290498998261376,
  "alpha_sortino": 0.03128343387011571,
  "alpha_calmar": 0.4140744221891321,
  "alpha_max_drawdown": -0.00182597808899998,
  "base_shares": 9900,
  "ending_shares": 9900,
  "base_position_pct": 0.6,
  "max_t0_trade_pct": 0.3,
  "max_participation_rate": 0.05,
  "commission_rate": 0.001,
  "slippage_rate": 0.001,
  "tp": 0.003,
  "sl": 0.002,
  "stop_loss_cooldown_bars": 0,
  "daily_max_trades": 0,
  "daily_max_losses": 0,
  "daily_loss_limit": 0.0,
  "no_overnight": true
}