{
  "total_return": -0.026491108788348594,
  "annualized_return": -0.8579792375360513,
  "max_drawdown": -0.03307558518520137,
  "sharpe": -14.129147171175577,
  "sortino": -17.717442343891527,
  "calmar": -25.93995639780629,
  "trade_count": 9,
  "win_rate": 0.5555555555555556,
  "avg_net_return_per_trade": -0.001209609533936658,
  "median_net_return_per_trade": 0.000269144201159424,
  "backtest_mode": "a_share_inventory_t0",
  "buy_threshold": 0.7113386557652474,
  "sell_threshold": 0.520902542146417,
  "initial_capital": 1000000.0,
  "final_equity": 972816.72639,
  "final_benchmark_equity": 972429.0,
  "final_alpha_equity": 1000387.72639,
  "alpha_total_return": 0.0003877263900000649,
  "alpha_sharpe": 1.4417535197025961,
  "alpha_sortino": 1.4508494911387289,
  "alpha_calmar": 13.006914933568392,
  "alpha_max_drawdown": -0.0021974289680001258,
  "base_shares": 7900,
  "ending_shares": 7900,
  "base_position_pct": 0.6,
  "max_t0_trade_pct": 0.3,
  "max_participation_rate": 0.05,
  "commission_rate": 0.001,
  "slippage_rate": 0.0005,
  "tp": 0.003,
  "sl": 0.002,
  "no_overnight": true
}