model,side,valid_auc,raw_weight,weight,weight_method
transformer_lstm,buy,0.6502430031841797,0.1502430031841797,0.29509545753785393,valid_auc_edge_over_0p5
lstm,buy,0.6368359309535779,0.13683593095357793,0.2687623436471361,valid_auc_edge_over_0p5
cnn,buy,0.6351600469247529,0.13516004692475292,0.2654707044107968,valid_auc_edge_over_0p5
mlp,buy,0.5868945868945868,0.08689458689458684,0.1706714944042132,valid_auc_edge_over_0p5
