model,side,valid_auc,raw_weight,weight,weight_method
transformer_lstm,sell,0.6578978000232801,0.15789780002328013,0.4538307126129138,valid_auc_edge_over_0p5
lstm,sell,0.5569782330345712,0.05697823303457117,0.16376714620274369,valid_auc_edge_over_0p5
cnn,sell,0.5659411011523687,0.06594110115236873,0.18952827032452316,valid_auc_edge_over_0p5
mlp,sell,0.567105109998836,0.06710510999883601,0.19287387085981936,valid_auc_edge_over_0p5
