{
  "model": "auc_weighted_ensemble",
  "member_models": [
    "transformer_lstm",
    "lstm",
    "cnn",
    "mlp"
  ],
  "buy_weight_method": "valid_auc_edge_over_0p5",
  "sell_weight_method": "valid_auc_edge_over_0p5",
  "feature_count": 194,
  "lookback": 8,
  "valid_buy_auc": 0.6512485336014747,
  "valid_buy_positive_rate": 0.203125,
  "valid_buy_prob_mean": 0.48985763666043125,
  "valid_buy_prob_std": 0.09085207819888401,
  "valid_buy_prob_min": 0.26227804298872537,
  "valid_buy_prob_max": 0.6725183893890267,
  "valid_buy_acc_05": 0.5833333333333334,
  "valid_buy_precision_05": 0.28421052631578947,
  "valid_buy_recall_05": 0.6923076923076923,
  "valid_buy_f1_05": 0.40298507462686567,
  "valid_buy_q90_threshold": 0.6055791389577243,
  "valid_buy_q95_threshold": 0.6261110728865316,
  "test_buy_auc": 0.41475409836065574,
  "test_buy_positive_rate": 0.19736842105263158,
  "test_buy_prob_mean": 0.5654062450801536,
  "test_buy_prob_std": 0.14571894338466343,
  "test_buy_prob_min": 0.27245227836925906,
  "test_buy_prob_max": 0.8037597314455227,
  "test_buy_acc_05": 0.3684210526315789,
  "test_buy_precision_05": 0.17,
  "test_buy_recall_05": 0.5666666666666667,
  "test_buy_f1_05": 0.26153846153846155,
  "test_buy_q90_threshold": 0.7506634319177814,
  "test_buy_q95_threshold": 0.7773859477831863,
  "valid_sell_auc": 0.6397392620183914,
  "valid_sell_positive_rate": 0.3697916666666667,
  "valid_sell_prob_mean": 0.4209323795759443,
  "valid_sell_prob_std": 0.07194598908640777,
  "valid_sell_prob_min": 0.26897714153435687,
  "valid_sell_prob_max": 0.592980791654783,
  "valid_sell_acc_05": 0.6458333333333334,
  "valid_sell_precision_05": 0.56,
  "valid_sell_recall_05": 0.19718309859154928,
  "valid_sell_f1_05": 0.2916666666666667,
  "valid_sell_q90_threshold": 0.5084528925876309,
  "valid_sell_q95_threshold": 0.5253765133082089,
  "test_sell_auc": 0.42151988636363635,
  "test_sell_positive_rate": 0.42105263157894735,
  "test_sell_prob_mean": 0.42854130882960706,
  "test_sell_prob_std": 0.0700771466445244,
  "test_sell_prob_min": 0.27979688780234585,
  "test_sell_prob_max": 0.5991018752353412,
  "test_sell_acc_05": 0.4868421052631579,
  "test_sell_precision_05": 0.23076923076923078,
  "test_sell_recall_05": 0.09375,
  "test_sell_f1_05": 0.13333333333333333,
  "test_sell_q90_threshold": 0.5149935452300556,
  "test_sell_q95_threshold": 0.5414455569856799
}