{
  "total_return": -0.022604848032000024,
  "annualized_return": -0.9367936750044946,
  "max_drawdown": -0.03707764377554068,
  "sharpe": -7.8074997194915605,
  "sortino": -10.106740006566495,
  "calmar": -25.265728336882,
  "trade_count": 3,
  "win_rate": 0.6666666666666666,
  "avg_net_return_per_trade": -0.0015788862667041762,
  "median_net_return_per_trade": 0.00012717995563338563,
  "backtest_mode": "a_share_inventory_t0",
  "trade_direction_mode": "sell_only",
  "buy_threshold": 0.7559412996219077,
  "sell_threshold": 0.6503495338446286,
  "initial_capital": 1000000.0,
  "final_equity": 977395.151968,
  "final_benchmark_equity": 977200.0,
  "final_alpha_equity": 1000195.151968,
  "alpha_total_return": 0.00019515196799990697,
  "alpha_sharpe": 1.8522849247981148,
  "alpha_sortino": 1.335097088675671,
  "alpha_calmar": 48.30801422807599,
  "alpha_max_drawdown": -0.0004936320899999735,
  "base_shares": 10000,
  "ending_shares": 10000,
  "base_position_pct": 0.6,
  "max_t0_trade_pct": 0.3,
  "max_participation_rate": 0.05,
  "commission_rate": 0.001,
  "slippage_rate": 0.0005,
  "tp": 0.003,
  "sl": 0.002,
  "no_overnight": true
}