model,side,valid_auc,raw_weight,weight,weight_method
transformer_lstm,buy,0.5606953892668178,0.060695389266817834,0.3114817688130335,valid_auc_edge_over_0p5
lstm,buy,0.528495842781557,0.028495842781557035,0.1462373933281613,valid_auc_edge_over_0p5
cnn,buy,0.6042328042328042,0.10423280423280423,0.5349107835531424,valid_auc_edge_over_0p5
mlp,buy,0.5014361300075585,0.0014361300075584893,0.007370054305662849,valid_auc_edge_over_0p5
