model,side,valid_auc,raw_weight,weight,weight_method
transformer_lstm,sell,0.5305552322197649,0.03055523221976486,0.10470682090147589,valid_auc_edge_over_0p5
lstm,sell,0.6175066930508671,0.11750669305086714,0.4026725169525329,valid_auc_edge_over_0p5
cnn,sell,0.573390757769759,0.07339075776975901,0.2514958117271639,valid_auc_edge_over_0p5
mlp,sell,0.5703643347689442,0.07036433476894421,0.24112485041882728,valid_auc_edge_over_0p5
