{
  "model": "auc_weighted_ensemble",
  "member_models": [
    "transformer_lstm",
    "lstm",
    "cnn",
    "mlp"
  ],
  "buy_weight_method": "valid_auc_edge_over_0p5",
  "sell_weight_method": "valid_auc_edge_over_0p5",
  "feature_count": 194,
  "lookback": 8,
  "valid_buy_auc": 0.6143613000755859,
  "valid_buy_positive_rate": 0.234375,
  "valid_buy_prob_mean": 0.26557340566124604,
  "valid_buy_prob_std": 0.052187298257341974,
  "valid_buy_prob_min": 0.13741825221448617,
  "valid_buy_prob_max": 0.419469689807289,
  "valid_buy_acc_05": 0.765625,
  "valid_buy_precision_05": 0.0,
  "valid_buy_recall_05": 0.0,
  "valid_buy_f1_05": 0.0,
  "valid_buy_q90_threshold": 0.32475728764349737,
  "valid_buy_q95_threshold": 0.36078413022845357,
  "test_buy_auc": 0.6035252643948297,
  "test_buy_positive_rate": 0.24342105263157895,
  "test_buy_prob_mean": 0.25765823518296943,
  "test_buy_prob_std": 0.04932358681702076,
  "test_buy_prob_min": 0.15379448918968186,
  "test_buy_prob_max": 0.3523498236312247,
  "test_buy_acc_05": 0.756578947368421,
  "test_buy_precision_05": 0.0,
  "test_buy_recall_05": 0.0,
  "test_buy_f1_05": 0.0,
  "test_buy_q90_threshold": 0.31672186908421257,
  "test_buy_q95_threshold": 0.3271609003795059,
  "valid_sell_auc": 0.5994645559306251,
  "valid_sell_positive_rate": 0.3697916666666667,
  "valid_sell_prob_mean": 0.40906267873774477,
  "valid_sell_prob_std": 0.08777785582420328,
  "valid_sell_prob_min": 0.2405718375676459,
  "valid_sell_prob_max": 0.6342924902602691,
  "valid_sell_acc_05": 0.6354166666666666,
  "valid_sell_precision_05": 0.5135135135135135,
  "valid_sell_recall_05": 0.2676056338028169,
  "valid_sell_f1_05": 0.35185185185185186,
  "valid_sell_q90_threshold": 0.5316083564890729,
  "valid_sell_q95_threshold": 0.5629415590088706,
  "test_sell_auc": 0.5356296701293968,
  "test_sell_positive_rate": 0.3881578947368421,
  "test_sell_prob_mean": 0.35981250744830995,
  "test_sell_prob_std": 0.07218471089477026,
  "test_sell_prob_min": 0.25262569688114933,
  "test_sell_prob_max": 0.6220579014553889,
  "test_sell_acc_05": 0.631578947368421,
  "test_sell_precision_05": 0.7142857142857143,
  "test_sell_recall_05": 0.0847457627118644,
  "test_sell_f1_05": 0.15151515151515152,
  "test_sell_q90_threshold": 0.44853430554110263,
  "test_sell_q95_threshold": 0.4833426888055853
}