{
  "total_return": 0.01521836624736772,
  "annualized_return": 1.9981334659149788,
  "max_drawdown": -0.02424637647025374,
  "sharpe": 4.03843443761108,
  "sortino": 8.227444320364548,
  "calmar": 82.4095702863624,
  "trade_count": 7,
  "win_rate": 0.42857142857142855,
  "avg_net_return_per_trade": -0.0014147467547138187,
  "median_net_return_per_trade": -0.0012157997977674225,
  "backtest_mode": "a_share_inventory_t0",
  "trade_direction_mode": "sell_only",
  "buy_threshold": 0.7054184544772757,
  "sell_threshold": 0.6190954843291754,
  "initial_capital": 1000000.0,
  "final_equity": 1012477.2766584998,
  "final_benchmark_equity": 1014040.0,
  "final_alpha_equity": 998437.2766584998,
  "alpha_total_return": -0.001562723341500205,
  "alpha_sharpe": -5.684286941892813,
  "alpha_sortino": -3.9734096024584993,
  "alpha_calmar": -43.660207465259994,
  "alpha_max_drawdown": -0.0024614764695001234,
  "base_shares": 10800,
  "ending_shares": 10800,
  "base_position_pct": 0.6,
  "max_t0_trade_pct": 0.3,
  "max_participation_rate": 0.05,
  "commission_rate": 0.001,
  "slippage_rate": 0.0005,
  "tp": 0.003,
  "sl": 0.002,
  "no_overnight": true
}