{
  "fold": 0,
  "model_summaries": {
    "transformer_lstm": {
      "model": "Transformer_LSTM",
      "target_col_buy": "buy_label",
      "target_col_sell": "sell_label",
      "feature_count": 194,
      "lookback": 8,
      "params": {
        "d_model": 128,
        "nhead": 4,
        "transformer_layers": 2,
        "transformer_dropout": 0.2,
        "lstm_hidden_dim": 128,
        "lstm_num_layers": 1,
        "output_dim": 1
      },
      "buy_fit": {
        "best_score": 0.541340411413404,
        "best_valid_auc": 0.541340411413404,
        "epochs_ran": 3,
        "pos_rate": 0.30574324324324326,
        "pos_weight": 2.270718232044199,
        "device": "cpu"
      },
      "sell_fit": {
        "best_score": 0.4877239548772395,
        "best_valid_auc": 0.4877239548772395,
        "epochs_ran": 3,
        "pos_rate": 0.33783783783783783,
        "pos_weight": 1.9600000000000002,
        "device": "cpu"
      },
      "valid_buy_auc": 0.541340411413404,
      "valid_buy_positive_rate": 0.2864583333333333,
      "valid_buy_prob_mean": 0.49572286009788513,
      "valid_buy_prob_std": 0.09957138448953629,
      "valid_buy_prob_min": 0.23198316991329193,
      "valid_buy_prob_max": 0.6974058151245117,
      "valid_buy_acc_05": 0.5052083333333334,
      "valid_buy_precision_05": 0.29591836734693877,
      "valid_buy_recall_05": 0.5272727272727272,
      "valid_buy_f1_05": 0.3790849673202614,
      "valid_buy_q90_threshold": 0.6179721355438232,
      "valid_buy_q95_threshold": 0.6414112448692322,
      "test_buy_auc": 0.5372395833333333,
      "test_buy_positive_rate": 0.21052631578947367,
      "test_buy_prob_mean": 0.4035201966762543,
      "test_buy_prob_std": 0.0859861746430397,
      "test_buy_prob_min": 0.21450786292552948,
      "test_buy_prob_max": 0.5862551927566528,
      "test_buy_acc_05": 0.6842105263157895,
      "test_buy_precision_05": 0.13636363636363635,
      "test_buy_recall_05": 0.09375,
      "test_buy_f1_05": 0.1111111111111111,
      "test_buy_q90_threshold": 0.5139785408973694,
      "test_buy_q95_threshold": 0.5505483746528625,
      "valid_sell_auc": 0.4877239548772395,
      "valid_sell_positive_rate": 0.2864583333333333,
      "valid_sell_prob_mean": 0.43344759941101074,
      "valid_sell_prob_std": 0.06794662028551102,
      "valid_sell_prob_min": 0.2704489231109619,
      "valid_sell_prob_max": 0.60174560546875,
      "valid_sell_acc_05": 0.6510416666666666,
      "valid_sell_precision_05": 0.3235294117647059,
      "valid_sell_recall_05": 0.2,
      "valid_sell_f1_05": 0.24719101123595505,
      "valid_sell_q90_threshold": 0.5459915399551392,
      "valid_sell_q95_threshold": 0.5702489614486694,
      "test_sell_auc": 0.5756862745098039,
      "test_sell_positive_rate": 0.32894736842105265,
      "test_sell_prob_mean": 0.416733056306839,
      "test_sell_prob_std": 0.05740935355424881,
      "test_sell_prob_min": 0.2679930329322815,
      "test_sell_prob_max": 0.5552654266357422,
      "test_sell_acc_05": 0.6513157894736842,
      "test_sell_precision_05": 0.36363636363636365,
      "test_sell_recall_05": 0.08,
      "test_sell_f1_05": 0.13114754098360656,
      "test_sell_q90_threshold": 0.48632335662841797,
      "test_sell_q95_threshold": 0.5168079137802124
    },
    "lstm": {
      "model": "LSTM",
      "target_col_buy": "buy_label",
      "target_col_sell": "sell_label",
      "feature_count": 194,
      "lookback": 8,
      "params": {
        "hidden_dim": 256,
        "num_layers": 2,
        "dropout": 0.3,
        "output_dim": 1
      },
      "buy_fit": {
        "best_score": 0.47976111479761113,
        "best_valid_auc": 0.47976111479761113,
        "epochs_ran": 3,
        "pos_rate": 0.30574324324324326,
        "pos_weight": 2.270718232044199,
        "device": "cpu"
      },
      "sell_fit": {
        "best_score": 0.5607166556071665,
        "best_valid_auc": 0.5607166556071665,
        "epochs_ran": 3,
        "pos_rate": 0.33783783783783783,
        "pos_weight": 1.9600000000000002,
        "device": "cpu"
      },
      "valid_buy_auc": 0.47976111479761113,
      "valid_buy_positive_rate": 0.2864583333333333,
      "valid_buy_prob_mean": 0.4669783115386963,
      "valid_buy_prob_std": 0.04904387146234512,
      "valid_buy_prob_min": 0.36114415526390076,
      "valid_buy_prob_max": 0.6467447280883789,
      "valid_buy_acc_05": 0.5833333333333334,
      "valid_buy_precision_05": 0.1951219512195122,
      "valid_buy_recall_05": 0.14545454545454545,
      "valid_buy_f1_05": 0.16666666666666666,
      "valid_buy_q90_threshold": 0.5237993001937866,
      "valid_buy_q95_threshold": 0.5398920774459839,
      "test_buy_auc": 0.48046875,
      "test_buy_positive_rate": 0.21052631578947367,
      "test_buy_prob_mean": 0.37871018052101135,
      "test_buy_prob_std": 0.05823168531060219,
      "test_buy_prob_min": 0.27591437101364136,
      "test_buy_prob_max": 0.5342735052108765,
      "test_buy_acc_05": 0.7894736842105263,
      "test_buy_precision_05": 0.5,
      "test_buy_recall_05": 0.09375,
      "test_buy_f1_05": 0.15789473684210525,
      "test_buy_q90_threshold": 0.46918103098869324,
      "test_buy_q95_threshold": 0.49150317907333374,
      "valid_sell_auc": 0.5607166556071665,
      "valid_sell_positive_rate": 0.2864583333333333,
      "valid_sell_prob_mean": 0.38493824005126953,
      "valid_sell_prob_std": 0.04729829728603363,
      "valid_sell_prob_min": 0.31466686725616455,
      "valid_sell_prob_max": 0.5230615735054016,
      "valid_sell_acc_05": 0.6875,
      "valid_sell_precision_05": 0.2222222222222222,
      "valid_sell_recall_05": 0.03636363636363636,
      "valid_sell_f1_05": 0.0625,
      "valid_sell_q90_threshold": 0.4421541094779968,
      "valid_sell_q95_threshold": 0.49385857582092285,
      "test_sell_auc": 0.5276470588235294,
      "test_sell_positive_rate": 0.32894736842105265,
      "test_sell_prob_mean": 0.3613949418067932,
      "test_sell_prob_std": 0.03707492724061012,
      "test_sell_prob_min": 0.3019208014011383,
      "test_sell_prob_max": 0.4521031677722931,
      "test_sell_acc_05": 0.6710526315789473,
      "test_sell_precision_05": 0.0,
      "test_sell_recall_05": 0.0,
      "test_sell_f1_05": 0.0,
      "test_sell_q90_threshold": 0.4180298149585724,
      "test_sell_q95_threshold": 0.4247836172580719
    },
    "cnn": {
      "model": "CNN",
      "target_col_buy": "buy_label",
      "target_col_sell": "sell_label",
      "feature_count": 194,
      "lookback": 8,
      "params": {
        "channels": 64,
        "kernel_size": 3,
        "dropout": 0.3,
        "output_dim": 1
      },
      "buy_fit": {
        "best_score": 0.5672196416721964,
        "best_valid_auc": 0.5672196416721964,
        "epochs_ran": 3,
        "pos_rate": 0.30574324324324326,
        "pos_weight": 2.270718232044199,
        "device": "cpu"
      },
      "sell_fit": {
        "best_score": 0.5331121433311214,
        "best_valid_auc": 0.5331121433311214,
        "epochs_ran": 3,
        "pos_rate": 0.33783783783783783,
        "pos_weight": 1.9600000000000002,
        "device": "cpu"
      },
      "valid_buy_auc": 0.5672196416721964,
      "valid_buy_positive_rate": 0.2864583333333333,
      "valid_buy_prob_mean": 0.1752314567565918,
      "valid_buy_prob_std": 0.05869574844837189,
      "valid_buy_prob_min": 0.06052321195602417,
      "valid_buy_prob_max": 0.33822014927864075,
      "valid_buy_acc_05": 0.7135416666666666,
      "valid_buy_precision_05": 0.0,
      "valid_buy_recall_05": 0.0,
      "valid_buy_f1_05": 0.0,
      "valid_buy_q90_threshold": 0.25455743074417114,
      "valid_buy_q95_threshold": 0.2701411545276642,
      "test_buy_auc": 0.5408854166666667,
      "test_buy_positive_rate": 0.21052631578947367,
      "test_buy_prob_mean": 0.16707973182201385,
      "test_buy_prob_std": 0.054171185940504074,
      "test_buy_prob_min": 0.04850522056221962,
      "test_buy_prob_max": 0.2807158827781677,
      "test_buy_acc_05": 0.7894736842105263,