{
  "total_return": 0.03566475989874851,
  "annualized_return": 11.77568593361135,
  "max_drawdown": -0.0465655214162195,
  "sharpe": 8.304094095542768,
  "sortino": 12.68339238630584,
  "calmar": 252.88422797537262,
  "trade_count": 10,
  "win_rate": 0.2,
  "avg_net_return_per_trade": -0.004520772146422933,
  "median_net_return_per_trade": -0.00540614418177687,
  "backtest_mode": "a_share_inventory_t0",
  "trade_direction_mode": "sell_only",
  "buy_threshold": 0.4595914352082699,
  "sell_threshold": 0.5900460568882486,
  "initial_capital": 1000000.0,
  "final_equity": 1034932.5449135001,
  "final_benchmark_equity": 1040804.0,
  "final_alpha_equity": 994128.5449135001,
  "alpha_total_return": -0.005871455086499888,
  "alpha_sharpe": -17.02057101673036,
  "alpha_sortino": -9.752744469765243,
  "alpha_calmar": -58.02172477548804,
  "alpha_max_drawdown": -0.006002047282499867,
  "base_shares": 10100,
  "ending_shares": 10100,
  "base_position_pct": 0.6,
  "max_t0_trade_pct": 0.3,
  "max_participation_rate": 0.02,
  "commission_rate": 0.001,
  "slippage_rate": 0.0005,
  "tp": 0.003,
  "sl": 0.002,
  "no_overnight": true
}