{
  "total_return": 0.07710440610268754,
  "annualized_return": 1.956846257345159,
  "max_drawdown": -0.043367833792528176,
  "sharpe": 4.14959038472324,
  "sortino": 7.059683973332858,
  "calmar": 45.12206596960126,
  "trade_count": 4,
  "win_rate": 0.75,
  "avg_net_return_per_trade": -0.0018001270716858885,
  "median_net_return_per_trade": 0.0010634623080336726,
  "backtest_mode": "a_share_inventory_t0",
  "trade_direction_mode": "sell_only",
  "buy_threshold": 0.9164306968450546,
  "sell_threshold": 0.9058243632316589,
  "initial_capital": 1000000.0,
  "final_equity": 1076647.7138345,
  "final_benchmark_equity": 1078122.0,
  "final_alpha_equity": 998525.7138344999,
  "alpha_total_return": -0.0014742861655000494,
  "alpha_sharpe": -2.0369831264917564,
  "alpha_sortino": -0.6259647204867662,
  "alpha_calmar": -4.73760084123207,
  "alpha_max_drawdown": -0.0044968057711402,
  "base_shares": 10600,
  "ending_shares": 10600,
  "base_position_pct": 0.6,
  "max_t0_trade_pct": 0.3,
  "max_participation_rate": 0.02,
  "commission_rate": 0.0015,
  "slippage_rate": 0.0005,
  "tp": 0.004,
  "sl": 0.003,
  "stop_loss_cooldown_bars": 0,
  "daily_max_trades": 0,
  "daily_max_losses": 0,
  "daily_loss_limit": 0.0,
  "no_overnight": true
}