{
  "total_return": -0.05158781757209807,
  "annualized_return": -0.584547445152923,
  "max_drawdown": -0.08019286766014899,
  "sharpe": -2.6398798259507306,
  "sortino": -2.5102338221639595,
  "calmar": -7.289269759377962,
  "trade_count": 12,
  "win_rate": 0.3333333333333333,
  "avg_net_return_per_trade": -0.003983400888663176,
  "median_net_return_per_trade": -0.006131910521954606,
  "backtest_mode": "a_share_inventory_t0",
  "trade_direction_mode": "sell_only",
  "buy_threshold": 0.6666267216205597,
  "sell_threshold": 0.7506924867630005,
  "initial_capital": 1000000.0,
  "final_equity": 947575.6828830005,
  "final_benchmark_equity": 953940.0,
  "final_alpha_equity": 993635.6828830005,
  "alpha_total_return": -0.006364317116999585,
  "alpha_sharpe": -8.01173523215021,
  "alpha_sortino": -3.0445248897824686,
  "alpha_calmar": -13.194834555755795,
  "alpha_max_drawdown": -0.00761433935118494,
  "base_shares": 9800,
  "ending_shares": 9800,
  "base_position_pct": 0.6,
  "max_t0_trade_pct": 0.3,
  "max_participation_rate": 0.05,
  "commission_rate": 0.001,
  "slippage_rate": 0.0005,
  "tp": 0.004,
  "sl": 0.003,
  "stop_loss_cooldown_bars": 0,
  "daily_max_trades": 0,
  "daily_max_losses": 0,
  "daily_loss_limit": 0.0,
  "no_overnight": true
}