{
  "total_return": -0.10601841144828006,
  "annualized_return": -0.843738418291539,
  "max_drawdown": -0.11989568485387025,
  "sharpe": -7.105886750736844,
  "sortino": -11.198175926761131,
  "calmar": -7.0372709353125895,
  "trade_count": 12,
  "win_rate": 0.25,
  "avg_net_return_per_trade": -0.005936988792796895,
  "median_net_return_per_trade": -0.007743746763017364,
  "backtest_mode": "a_share_inventory_t0",
  "trade_direction_mode": "sell_only",
  "buy_threshold": 0.9011711865663528,
  "sell_threshold": 0.8903881818056105,
  "initial_capital": 1000000.0,
  "final_equity": 896642.0777592498,
  "final_benchmark_equity": 906349.0,
  "final_alpha_equity": 990293.0777592498,
  "alpha_total_return": -0.009706922240750204,
  "alpha_sharpe": -7.6383077061424585,
  "alpha_sortino": -2.4374198736368586,
  "alpha_calmar": -11.53464226435942,
  "alpha_max_drawdown": -0.012933735358727327,
  "base_shares": 9300,
  "ending_shares": 9300,
  "base_position_pct": 0.6,
  "max_t0_trade_pct": 0.3,
  "max_participation_rate": 0.02,
  "commission_rate": 0.001,
  "slippage_rate": 0.00075,
  "tp": 0.004,
  "sl": 0.002,
  "stop_loss_cooldown_bars": 6,
  "daily_max_trades": 0,
  "daily_max_losses": 2,
  "daily_loss_limit": 0.0,
  "no_overnight": true
}