model,valid_auc,test_auc,selected_quantile,selected_threshold,trade_count,win_rate,gross_return_mean,net_return_mean,total_return,max_drawdown,sharpe,test_positive_rate,pred_prob_mean,pred_prob_max
RandomForest,0.6967892718407924,0.6393586048586657,0.95,0.6919836203545113,168,0.375,-0.0002671322144667267,-0.0032671322144667268,-0.4305098648294885,-0.4467402608706491,-3.774154121405165,0.2297510865270644,0.5252546652429789,0.7773719345191624
LSTM,0.6877736961206687,0.6366783698093101,0.8,0.7304585695266724,554,0.3231046931407942,0.0001674173611303487,-0.002832582638869651,-0.798238738177203,-0.7976438987000022,-6.859235759606757,0.2297510802745819,0.5855572819709778,0.8397176265716553
CNN,0.5549071036379783,0.5244370869616898,0.9,0.8894910871982574,239,0.24267782426778242,-0.0002721077204107994,-0.0032721077204108003,-0.5454130783401876,-0.5575406598248371,-8.568409347947934,0.2297510802745819,0.4084186255931854,0.9973957538604736
MLP,0.5849480615003139,0.5556376262890788,0.8,0.7947955369949341,522,0.29310344827586204,-7.258765230887962e-05,-0.00307258765230888,-0.8026237097927424,-0.8024158959970776,-9.37726094185383,0.2297510802745819,0.3156079947948456,1.0
