model,valid_auc,test_auc,test_sell_auc,test_action_acc,selected_quantile,selected_threshold,trade_count,win_rate,gross_return_mean,net_return_mean,total_return,max_drawdown,sharpe,test_positive_rate,pred_prob_mean,pred_prob_max
RandomForest,0.585130088841413,0.5293692013453496,,,0.95,0.581775420072594,209,0.2631578947368421,0.00031271042288609794,-0.0026872895771139025,-0.4339650546386613,-0.4350918526901135,-5.290930416285919,0.2813117344922955,0.5106449359986581,0.6391704264814234
LSTM,0.5713080132435076,0.5243837143896202,,0.3166732516791782,0.95,0.6672316163778305,219,0.3470319634703196,-0.00018278121138188557,-0.0031827812113818855,-0.5074920515623158,-0.5191299848956759,-5.3050663038846855,0.2813117344922955,0.5937969088554382,0.7214077711105347
CNN,0.5527832752672537,0.5198209655725149,0.5198209655725149,0.47994863690241013,0.95,0.9813654869794846,90,0.35555555555555557,-0.0005356864853420277,-0.003535686485342028,-0.2759007079473702,-0.29214003946915257,-4.033889984414337,0.2813117344922955,0.5819304585456848,0.9996500015258789
MLP,0.5437362933163372,0.5128908590502251,0.5128908590502251,0.5266693006716713,0.95,0.9776230573654175,147,0.3333333333333333,-1.5399580343760796e-06,-0.0030015399580343763,-0.3607055746781411,-0.3608672397790159,-4.761418351038766,0.2813117344922955,0.5040150284767151,0.9999680519104004
