model,valid_auc,test_auc,selected_quantile,selected_threshold,trade_count,win_rate,gross_return_mean,net_return_mean,total_return,max_drawdown,sharpe,test_positive_rate,pred_prob_mean,pred_prob_max
RandomForest,0.6967892718407924,0.6393586048586657,0.95,0.6919836203545113,168,0.375,-0.0002671322144667267,-0.0032671322144667268,-0.4305098648294885,-0.4467402608706491,-28.018218654914143,0.2297510865270644,0.5252546652429789,0.7773719345191625
LSTM,0.6846798733091203,0.6360080974088425,0.85,0.7420961678028106,420,0.33095238095238094,0.00038785981147876927,-0.0026121401885212314,-0.6750569858762164,-0.6767651948904236,-25.479556751800274,0.2297510802745819,0.5755975246429443,0.843171238899231
CNN,0.5552682464890137,0.5509376977186426,0.95,0.9496736913919449,94,0.2765957446808511,-0.0006843791334366787,-0.003684379133436679,-0.2953119469230536,-0.30400482618597136,-49.23561978620977,0.2297510802745819,0.42967870831489563,0.9979003667831421
MLP,0.5773630596347836,0.5542036596018514,0.9,0.8360861659049988,243,0.3004115226337449,-1.103532139797808e-05,-0.0030110353213979786,-0.523473606624748,-0.5296927529735097,-38.90003730641735,0.2297510802745819,0.4267253577709198,0.9969918727874756
