model,valid_auc,test_auc,selected_quantile,selected_threshold,trade_count,win_rate,gross_return_mean,net_return_mean,total_return,max_drawdown,sharpe,test_positive_rate,pred_prob_mean,pred_prob_max
LSTM,0.6869289849960842,0.6344462235063911,0.95,0.7758893430233001,129,0.40310077519379844,0.0008393828151803036,-0.0021606171848196965,-0.25119018338652044,-0.259657732480285,-18.446797312099328,0.2297510802745819,0.5861124992370605,0.8507240414619446
CNN,0.5500304302476298,0.5521060639708089,0.85,0.7935302227735518,322,0.2577639751552795,-0.0006109107291141149,-0.0036109107291141147,-0.6905658835734487,-0.694403244002051,-54.68168481305213,0.2297510802745819,0.3968132436275482,0.9958677291870117
MLP,0.5851610610883425,0.5514533236800141,0.95,0.9670019805431366,124,0.28225806451612906,-0.0009592108663175184,-0.003959210866317519,-0.3915147419393784,-0.4048398570389359,-48.12074650962523,0.2297510802745819,0.397462397813797,0.9999817609786987
