model,valid_auc,test_auc,test_sell_auc,test_action_acc,selected_quantile,selected_threshold,trade_count,win_rate,gross_return_mean,net_return_mean,total_return,max_drawdown,sharpe,test_positive_rate,pred_prob_mean,pred_prob_max
RandomForest,0.624466126931074,0.5729011099704804,,,0.95,0.46016223546221285,201,0.3383084577114428,-0.00028809956072093257,-0.003288099560720933,-0.48957472016444215,-0.49649693880397994,-5.1088008009814745,0.3280323982615567,0.363032534008809,0.5624679914405281
LSTM,0.6131960572539329,0.5673285290515374,0.5603867476431174,0.38858158830501777,0.95,0.5142176777124405,187,0.2994652406417112,-0.0001355749583191111,-0.0031355749583191115,-0.45129913824103063,-0.45000039804944103,-3.880628831454021,0.3280323982615567,0.39959752559661865,0.5858498215675354
CNN,0.5598955568825715,0.5303940027167107,0.4642759463019841,0.3437376531015409,0.95,0.9800456613302231,119,0.2605042016806723,-0.0004498897207225468,-0.0034498897207225474,-0.3398309548187166,-0.332094978723683,-5.2242947374077,0.3280323982615567,0.4600299894809723,0.9998661279678345
MLP,0.5400928987693131,0.5180987823401679,0.5031372416199555,0.36477676807585935,0.95,0.9511050790548325,118,0.3389830508474576,0.0002015337104712717,-0.0027984662895287286,-0.28485703795624084,-0.29004183212892465,-3.9334404535930605,0.3280323982615567,0.3437473475933075,0.9998360872268677
