model_label,epoch,train_loss,valid_loss,valid_auc,valid_prob_mean,valid_prob_max
CNN_buy,1,1.0098934721302342,0.8669407367706299,0.5394580107206671,0.42465856671333313,0.6153251528739929
CNN_buy,2,0.9387654968210168,0.8743442893028259,0.5327575938058368,0.41708460450172424,0.5996378064155579
CNN_buy,3,0.9116514550672995,0.8815242648124695,0.5132519356759976,0.4186890423297882,0.5790231823921204
