model_label,epoch,train_loss,valid_loss,valid_auc,valid_prob_mean,valid_prob_max
CNN_sell,1,1.4671145580910347,1.3569412231445312,0.5635235732009927,0.1912887543439865,0.297756552696228
CNN_sell,2,1.3441182020548228,1.2759582996368408,0.5688585607940446,0.21982187032699585,0.3712560832500458
CNN_sell,3,1.255241745227092,1.2663277387619019,0.5687344913151365,0.22692684829235077,0.416742742061615
