{
  "model": "CNN",
  "target_col_buy": "buy_label",
  "target_col_sell": "sell_label",
  "feature_count": 194,
  "lookback": 8,
  "params": {
    "channels": 64,
    "kernel_size": 3,
    "dropout": 0.3,
    "output_dim": 1
  },
  "buy_fit": {
    "best_score": 0.5394580107206671,
    "best_valid_auc": 0.5394580107206671,
    "epochs_ran": 3,
    "pos_rate": 0.3125,
    "pos_weight": 2.2,
    "device": "cpu"
  },
  "sell_fit": {
    "best_score": 0.5688585607940446,
    "best_valid_auc": 0.5688585607940446,
    "epochs_ran": 3,
    "pos_rate": 0.30574324324324326,
    "pos_weight": 2.270718232044199,
    "device": "cpu"
  },
  "valid_buy_auc": 0.5394580107206671,
  "valid_buy_positive_rate": 0.23958333333333334,
  "valid_buy_prob_mean": 0.42465856671333313,
  "valid_buy_prob_std": 0.0767209380865097,
  "valid_buy_prob_min": 0.3009963929653168,
  "valid_buy_prob_max": 0.6153251528739929,
  "valid_buy_acc_05": 0.7291666666666666,
  "valid_buy_precision_05": 0.42105263157894735,
  "valid_buy_recall_05": 0.34782608695652173,
  "valid_buy_f1_05": 0.38095238095238093,
  "valid_buy_q90_threshold": 0.5400364995002747,
  "valid_buy_q95_threshold": 0.5744850635528564,
  "test_buy_auc": 0.5928189457601222,
  "test_buy_positive_rate": 0.21710526315789475,
  "test_buy_prob_mean": 0.4863104522228241,
  "test_buy_prob_std": 0.05833347141742706,
  "test_buy_prob_min": 0.3788582384586334,
  "test_buy_prob_max": 0.6495106220245361,
  "test_buy_acc_05": 0.631578947368421,
  "test_buy_precision_05": 0.27450980392156865,
  "test_buy_recall_05": 0.42424242424242425,
  "test_buy_f1_05": 0.3333333333333333,
  "test_buy_q90_threshold": 0.5701696276664734,
  "test_buy_q95_threshold": 0.5998789668083191,
  "valid_sell_auc": 0.5688585607940446,
  "valid_sell_positive_rate": 0.3229166666666667,
  "valid_sell_prob_mean": 0.21982187032699585,
  "valid_sell_prob_std": 0.06400170177221298,
  "valid_sell_prob_min": 0.11895572394132614,
  "valid_sell_prob_max": 0.3712560832500458,
  "valid_sell_acc_05": 0.6770833333333334,
  "valid_sell_precision_05": 0.0,
  "valid_sell_recall_05": 0.0,
  "valid_sell_f1_05": 0.0,
  "valid_sell_q90_threshold": 0.30944201350212097,
  "valid_sell_q95_threshold": 0.32739725708961487,
  "test_sell_auc": 0.649671977507029,
  "test_sell_positive_rate": 0.3618421052631579,
  "test_sell_prob_mean": 0.20587895810604095,
  "test_sell_prob_std": 0.04718039929866791,
  "test_sell_prob_min": 0.12686222791671753,
  "test_sell_prob_max": 0.361489862203598,
  "test_sell_acc_05": 0.6381578947368421,
  "test_sell_precision_05": 0.0,
  "test_sell_recall_05": 0.0,
  "test_sell_f1_05": 0.0,
  "test_sell_q90_threshold": 0.2650868594646454,
  "test_sell_q95_threshold": 0.2988770604133606
}