{
  "model": "MLP",
  "target_col_buy": "buy_label",
  "target_col_sell": "sell_label",
  "feature_count": 194,
  "lookback": 32,
  "params": {
    "lookback": 32,
    "hidden_dim": 256,
    "dropout": 0.3,
    "output_dim": 1
  },
  "buy_fit": {
    "best_score": 0.5249012409787703,
    "best_valid_auc": 0.5249012409787703,
    "epochs_ran": 12,
    "pos_rate": 0.24749163879598662,
    "pos_weight": 3.0405405405405403,
    "device": "cpu"
  },
  "sell_fit": {
    "best_score": 0.571944537448914,
    "best_valid_auc": 0.571944537448914,
    "epochs_ran": 14,
    "pos_rate": 0.31720317725752506,
    "pos_weight": 2.152553542009885,
    "device": "cpu"
  },
  "valid_buy_auc": 0.5249012409787703,
  "valid_buy_positive_rate": 0.19721283783783783,
  "valid_buy_prob_mean": 0.4012209475040436,
  "valid_buy_prob_std": 0.1284867525100708,
  "valid_buy_prob_min": 0.10066821426153183,
  "valid_buy_prob_max": 0.8155069351196289,
  "valid_buy_acc_05": 0.6790540540540541,
  "valid_buy_precision_05": 0.2261682242990654,
  "valid_buy_recall_05": 0.25910064239828695,
  "valid_buy_f1_05": 0.24151696606786427,
  "valid_buy_q90_threshold": 0.5786539912223816,
  "valid_buy_q95_threshold": 0.6371406316757202,
  "test_buy_auc": 0.5520639218883454,
  "test_buy_positive_rate": 0.17905405405405406,
  "test_buy_prob_mean": 0.45135828852653503,
  "test_buy_prob_std": 0.1432550996541977,
  "test_buy_prob_min": 0.13024669885635376,
  "test_buy_prob_max": 0.8840994834899902,
  "test_buy_acc_05": 0.6199324324324325,
  "test_buy_precision_05": 0.215311004784689,
  "test_buy_recall_05": 0.42452830188679247,
  "test_buy_f1_05": 0.2857142857142857,
  "test_buy_q90_threshold": 0.6492589116096497,
  "test_buy_q95_threshold": 0.7055459022521973,
  "valid_sell_auc": 0.571944537448914,
  "valid_sell_positive_rate": 0.21326013513513514,
  "valid_sell_prob_mean": 0.529438853263855,
  "valid_sell_prob_std": 0.15253882110118866,
  "valid_sell_prob_min": 0.12557776272296906,
  "valid_sell_prob_max": 0.9393124580383301,
  "valid_sell_acc_05": 0.5012668918918919,
  "valid_sell_precision_05": 0.24277016742770166,
  "valid_sell_recall_05": 0.6316831683168317,
  "valid_sell_f1_05": 0.3507421660252886,
  "valid_sell_q90_threshold": 0.7417802810668945,
  "valid_sell_q95_threshold": 0.7981917858123779,
  "test_sell_auc": 0.4884842014494837,
  "test_sell_positive_rate": 0.22381756756756757,
  "test_sell_prob_mean": 0.39055752754211426,
  "test_sell_prob_std": 0.1650916486978531,
  "test_sell_prob_min": 0.02312611974775791,
  "test_sell_prob_max": 0.9259099364280701,
  "test_sell_acc_05": 0.6326013513513513,
  "test_sell_precision_05": 0.2335423197492163,
  "test_sell_recall_05": 0.2811320754716981,
  "test_sell_f1_05": 0.2551369863013699,
  "test_sell_q90_threshold": 0.6190549731254578,
  "test_sell_q95_threshold": 0.6648246049880981
}