side,label_col,sample_count,positive_count,positive_rate,gross_return_mean_all,gross_return_mean_positive,gross_return_mean_negative,avg_exit_bar
buy,buy_label,67722,20144,0.29745134520539857,-0.00014494037246577137,0.004790692546583579,-0.002234632867344289,3.5613833023242076
sell,sell_label,67722,23907,0.35301674492779306,0.0002189599113965031,0.004587070790756622,-0.0021644345150068373,3.6703434629810108
