{
  "total_return": -0.09412190052868841,
  "annualized_return": -0.8058903993921207,
  "max_drawdown": -0.11399685002529314,
  "sharpe": -6.097031192255176,
  "sortino": -9.75818590681607,
  "calmar": -7.069409367129997,
  "trade_count": 7,
  "win_rate": 0.42857142857142855,
  "avg_net_return_per_trade": -0.004287384278650446,
  "median_net_return_per_trade": -0.007365075203745738,
  "backtest_mode": "a_share_inventory_t0",
  "trade_direction_mode": "sell_only",
  "buy_threshold": 0.653843879699707,
  "sell_threshold": 0.9692891389131546,
  "initial_capital": 1000000.0,
  "final_equity": 910267.0788632501,
  "final_benchmark_equity": 913740.0,
  "final_alpha_equity": 996527.0788632501,
  "alpha_total_return": -0.003472921136749907,
  "alpha_sharpe": -5.775904882527967,
  "alpha_sortino": -1.8469681507695996,
  "alpha_calmar": -11.327103029299272,
  "alpha_max_drawdown": -0.004949384848663585,
  "base_shares": 9500,
  "ending_shares": 9500,
  "base_position_pct": 0.6,
  "max_t0_trade_pct": 0.3,
  "max_participation_rate": 0.02,
  "commission_rate": 0.0015,
  "slippage_rate": 0.0005,
  "tp": 0.004,
  "sl": 0.003,
  "stop_loss_cooldown_bars": 6,
  "daily_max_trades": 0,
  "daily_max_losses": 2,
  "daily_loss_limit": 0.0,
  "no_overnight": true
}