quantile,threshold,signal_count,signal_ratio,active_label_mean,active_trade_return_mean,active_trade_return_median,active_future_return_mean
0.5,0.5442867202077823,5062,0.5,0.30699328328723824,0.0003678443027523031,-0.00027158317912989727,0.00033730547598703883
0.6,0.5745499696730787,4050,0.40003951007506916,0.32,0.00039746298933510213,-0.00033114620470636735,0.00036811694856827567
0.7,0.6069358760806878,3037,0.29998024496246545,0.33322357589726703,0.0004100601255748138,-0.00035676061362832634,0.0003731780996214952
0.75,0.6227131958362102,2531,0.25,0.33425523508494664,0.0003250634191908957,-0.00047483380816715215,0.00030675925100297235
0.8,0.6366753184022969,2025,0.20001975503753458,0.3451851851851852,0.0004428710979646293,-0.0004356823875395488,0.0004448733295595179
0.85,0.6506048313056414,1519,0.15003951007506913,0.35615536537195525,0.00049118629296026,-0.00042716787697572034,0.0004615666324983454
0.9,0.6646243827266717,1013,0.10005926511260371,0.3721618953603159,0.0004396220247818375,-0.00044943820224718767,0.0004621594342863388
0.95,0.6858017204212131,507,0.050079020150138286,0.39644970414201186,0.0005133043385660748,-0.00033305578684428294,0.00045613643429577566
