quantile,threshold,signal_count,signal_ratio,active_label_mean,active_trade_return_mean,active_trade_return_median,active_future_return_mean
0.5,0.5167353515636567,5063,0.5000493827160494,0.29863717163736914,0.0001491013545712397,-0.00037677224736043513,inf
0.6,0.5245041051377631,4050,0.4,0.30148148148148146,5.65030367038235e-05,-0.00038838722206036014,inf
0.7,0.5334100101463478,3038,0.30004938271604936,0.3034891375905201,9.921914914232567e-05,-0.00034500603760556636,6.560427244249085e-05
0.75,0.5381035009947552,2532,0.25007407407407406,0.3060821484992101,4.952296502025659e-05,-0.0003524539607012711,1.4577880344337824e-05
0.8,0.5439499372364985,2025,0.2,0.3165432098765432,0.0002476126431503002,-0.00011431184270693784,0.0002316334746107778
0.85,0.5512208639550578,1519,0.15002469135802468,0.31928900592495063,0.00035663580128934364,-8.835195214990099e-05,0.0003388726929676471
0.9,0.5601482987746598,1013,0.10004938271604938,0.3119447186574531,0.0002890392159580327,-3.967939052457181e-05,0.0002589803319165589
0.95,0.5755004669110122,507,0.050074074074074076,0.3136094674556213,0.00038005185639289536,7.564518345726245e-05,0.0003235613525691867
