quantile,threshold,signal_count,signal_ratio,active_label_mean,active_trade_return_mean,active_trade_return_median,active_future_return_mean
0.5,0.36789125620004404,5062,0.5,0.37929672066376924,0.00034178862154159964,-0.0002953882753634618,0.0003089372947732287
0.6,0.3806412064059305,4050,0.40003951007506916,0.3814814814814815,0.0002805988875877685,-0.00033114620470636735,0.00024874898853107863
0.7,0.3954262881038902,3037,0.29998024496246545,0.3895291405992756,0.0002581255315169362,-0.0002258355916892052,0.00019778786433714113
0.75,0.4028897857462737,2531,0.25,0.3903595416831292,0.00021255875195593137,-0.00024036535534011083,0.00015346012253224692
0.8,0.4118999277716611,2025,0.20001975503753458,0.39209876543209876,0.00011851340936630917,-0.00027654867256643456,4.458949931692244e-05
0.85,0.421843666281792,1519,0.15003951007506913,0.40355497037524685,0.00017521840434659734,-0.00015384615384628209,0.0001459592127925865
0.9,0.43571614738078396,1013,0.10005926511260371,0.4067127344521224,0.00016709177129471897,-0.00017655367231639296,5.234210834122614e-05
0.95,0.45779572204711977,507,0.050079020150138286,0.42209072978303747,-0.00015056979168792344,8.152616990053652e-05,-0.00022805529046029068
