quantile,threshold,signal_count,signal_ratio,active_label_mean,active_trade_return_mean,active_trade_return_median,active_future_return_mean
0.5,0.5186983906405246,5062,0.5,0.29869616752271827,0.0001356108657063318,-0.0003824495478509937,inf
0.6,0.5263012428676879,4050,0.40003951007506916,0.29530864197530865,2.3262759513556162e-05,-0.00039292175093480486,7.590643984446819e-07
0.7,0.5352288364294697,3037,0.29998024496246545,0.2986499835363846,5.061431000085915e-05,-0.0003454231433505095,2.729771965162742e-05
0.75,0.5403559011250337,2531,0.25,0.3010667720268668,0.00013835384432004522,-0.00031725888324862783,0.00010472189981017201
0.8,0.5459271114806461,2025,0.20001975503753458,0.3135802469135803,0.00038614647737060325,-0.00011420740063960988,0.00036728364231742536
0.85,0.5529066576538484,1519,0.15003951007506913,0.3140223831468071,0.00031369071013312894,0.0,0.0002867250092283899
0.9,0.5622513981263424,1013,0.10005926511260371,0.3079960513326752,0.000454448541383628,6.97641970139884e-05,0.0004636427446141274
0.95,0.5778197386794697,507,0.050079020150138286,0.3116370808678501,0.0003670588839191085,0.0,0.0003096676540999367
