{
  "lookback": 6,
  "lookback_minutes": 30,
  "horizon": 6,
  "horizon_minutes": 30,
  "best_valid_auc": 0.6400522646338156,
  "valid_auc": 0.6400522646338156,
  "test_auc": 0.5748373950016544,
  "train_positive_rate": 0.22778692330420836,
  "valid_positive_rate": 0.24711794265444872,
  "test_positive_rate": 0.28465858705291164,
  "test_trade_return_mean_all": 0.00034194013688440013,
  "test_trade_return_mean_label_1": 0.011142559497287624,
  "selected_threshold": 0.5707961320877075,
  "selected_quantile": 0.5,
  "selected_threshold_test_stats": {
    "threshold": 0.5707961320877075,
    "horizon": 6,
    "round_trip_cost": 0.003,
    "trade_count": 829,
    "win_rate": 0.29794933655006034,
    "gross_return_mean": 0.00015293519268992265,
    "net_return_mean": -0.002847064807310078,
    "gross_return_median": -0.0008259911894271665,
    "net_return_median": -0.0038259911894271666,
    "total_return": -0.9104107784523543,
    "max_drawdown": -0.911761976102873,
    "per_trade_sharpe": -0.26139248835761336,
    "trades_per_year": 911.5481780360839,
    "bar_annualized_sharpe": -28.17224163919199,
    "sharpe": -7.891924408282238,
    "avg_pred_prob": 0.6429644755488857,
    "positive_label_rate": 0.29794933655006034,
    "selected_by": "validation_net_return_mean",
    "selected_quantile": 0.5
  },
  "output_dir": "outputs\\diagnostics\\horizon_compare\\lb6_h6",
  "seed": 42
}