{
  "lookback": 6,
  "lookback_minutes": 30,
  "horizon": 6,
  "horizon_minutes": 30,
  "best_valid_auc": 0.586460039312819,
  "valid_auc": 0.586460039312819,
  "test_auc": 0.5245327830026825,
  "train_positive_rate": 0.32185218015280065,
  "valid_positive_rate": 0.32761848457976156,
  "test_positive_rate": 0.3637796827273623,
  "valid_action_metrics": {
    "accuracy": 0.4309784215193615,
    "buy_auc": 0.586460039312819,
    "sell_auc": 0.5799736597986229,
    "buy_positive_rate": 0.32761848457976156,
    "sell_positive_rate": 0.4133412158833383,
    "hold_rate": 0.25904029953690016
  },
  "test_action_metrics": {
    "accuracy": 0.3939304364962065,
    "buy_auc": 0.5245327830026825,
    "sell_auc": 0.540556368187252,
    "buy_positive_rate": 0.3637796827273623,
    "sell_positive_rate": 0.42585476401615924,
    "hold_rate": 0.21036555325647846
  },
  "test_trade_return_mean_all": 0.00034194013688440013,
  "test_trade_return_mean_label_1": -5.000299118782182e-05,
  "selected_threshold": 0.48161445260047914,
  "selected_quantile": 0.95,
  "selected_threshold_test_stats": {
    "threshold": 0.48161445260047914,
    "horizon": 6,
    "round_trip_cost": 0.003,
    "trade_count": 121,
    "win_rate": 0.36363636363636365,
    "gross_return_mean": -0.00035640169670131806,
    "net_return_mean": -0.0033564016967013188,
    "gross_return_median": -0.000657276995305045,
    "net_return_median": -0.003657276995305045,
    "total_return": -0.3413924628873233,
    "max_drawdown": -0.36550343760155357,
    "per_trade_sharpe": -0.25060974547574816,
    "trades_per_year": 145.31769971115096,
    "bar_annualized_sharpe": -27.010104043311316,
    "sharpe": -3.0210451278524326,
    "avg_pred_prob": 0.49780850026233137,
    "positive_label_rate": 0.5454545454545454,
    "buy_label_rate": 0.4380165289256198,
    "selected_by": "validation_net_return_mean",
    "selected_quantile": 0.95
  },
  "output_dir": "outputs\\diagnostics\\horizon_compare\\lb6_h6",
  "seed": 42
}