{
  "total_return": 0.083306381885218,
  "annualized_return": 2.2018434935882243,
  "max_drawdown": -0.043125627178319026,
  "sharpe": 4.394352272853387,
  "sortino": 7.449559975742762,
  "calmar": 51.05649790283349,
  "trade_count": 5,
  "win_rate": 0.8,
  "avg_net_return_per_trade": 0.00041696902552233164,
  "median_net_return_per_trade": 0.0017295348741400733,
  "backtest_mode": "a_share_inventory_t0",
  "trade_direction_mode": "sell_only",
  "buy_threshold": 0.701366928219795,
  "sell_threshold": 0.5884003937244415,
  "initial_capital": 1000000.0,
  "final_equity": 1081698.7552145002,
  "final_benchmark_equity": 1079288.0,
  "final_alpha_equity": 1002410.7552145002,
  "alpha_total_return": 0.002410755214500293,
  "alpha_sharpe": 4.604084607494569,
  "alpha_sortino": 2.110433608452631,
  "alpha_calmar": 72.72307666395186,
  "alpha_max_drawdown": -0.0004900591019999512,
  "base_shares": 10600,
  "ending_shares": 10600,
  "base_position_pct": 0.6,
  "max_t0_trade_pct": 0.3,
  "max_participation_rate": 0.05,
  "commission_rate": 0.001,
  "slippage_rate": 0.0005,
  "tp": 0.004,
  "sl": 0.002,
  "stop_loss_cooldown_bars": 6,
  "daily_max_trades": 0,
  "daily_max_losses": 2,
  "daily_loss_limit": 0.0,
  "no_overnight": true
}