{
  "total_return": -0.04735306719706911,
  "annualized_return": -0.9705946862427705,
  "max_drawdown": -0.04928505580732612,
  "sharpe": -10.37624825783811,
  "sortino": -8.600281267781286,
  "calmar": -19.693488631466533,
  "trade_count": 9,
  "win_rate": 0.5555555555555556,
  "avg_net_return_per_trade": -0.0022136297748182134,
  "median_net_return_per_trade": 0.0009168407922025583,
  "backtest_mode": "a_share_inventory_t0",
  "trade_direction_mode": "sell_only",
  "buy_threshold": 0.40356216017206964,
  "sell_threshold": 0.5247949540615082,
  "initial_capital": 1000000.0,
  "final_equity": 955396.2718510001,
  "final_benchmark_equity": 955045.0,
  "final_alpha_equity": 1000351.2718510001,
  "alpha_total_return": 0.0003512718510001456,
  "alpha_sharpe": 1.220250042429822,
  "alpha_sortino": 1.4464168562579254,
  "alpha_calmar": 12.435667669551973,
  "alpha_max_drawdown": -0.00207954398255239,
  "base_shares": 11100,
  "ending_shares": 11100,
  "base_position_pct": 0.6,
  "max_t0_trade_pct": 0.3,
  "max_participation_rate": 0.05,
  "commission_rate": 0.001,
  "slippage_rate": 0.0005,
  "tp": 0.003,
  "sl": 0.002,
  "no_overnight": true
}