{
  "total_return": -0.04998231456718549,
  "annualized_return": -0.5722710683806649,
  "max_drawdown": -0.07854695468840567,
  "sharpe": -2.5048007767371487,
  "sortino": -2.3803067232504236,
  "calmar": -7.2857193592145455,
  "trade_count": 2,
  "win_rate": 0.0,
  "avg_net_return_per_trade": -0.007850413920110485,
  "median_net_return_per_trade": -0.007850413920110485,
  "backtest_mode": "a_share_inventory_t0",
  "trade_direction_mode": "sell_only",
  "buy_threshold": 0.7298367828130722,
  "sell_threshold": 0.933867600560188,
  "initial_capital": 1000000.0,
  "final_equity": 949645.2785001248,
  "final_benchmark_equity": 953450.0,
  "final_alpha_equity": 996195.2785001248,
  "alpha_total_return": -0.0038047214998752077,
  "alpha_sharpe": -7.559768464883569,
  "alpha_sortino": -1.120604414361633,
  "alpha_calmar": -16.081626972203097,
  "alpha_max_drawdown": -0.0038047214998752077,
  "base_shares": 9800,
  "ending_shares": 9800,
  "base_position_pct": 0.6,
  "max_t0_trade_pct": 0.3,
  "max_participation_rate": 0.05,
  "commission_rate": 0.0015,
  "slippage_rate": 0.00075,
  "tp": 0.003,
  "sl": 0.002,
  "stop_loss_cooldown_bars": 6,
  "daily_max_trades": 0,
  "daily_max_losses": 2,
  "daily_loss_limit": 0.0,
  "no_overnight": true
}