{
  "total_return": -0.05832739134165621,
  "annualized_return": -0.6304245789493248,
  "max_drawdown": -0.08312855290218313,
  "sharpe": -2.9623545754273417,
  "sortino": -2.8119364030551384,
  "calmar": -7.583730943700435,
  "trade_count": 14,
  "win_rate": 0.07142857142857142,
  "avg_net_return_per_trade": -0.006651271624559076,
  "median_net_return_per_trade": -0.006899231696645688,
  "backtest_mode": "a_share_inventory_t0",
  "trade_direction_mode": "sell_only",
  "buy_threshold": 0.7311467230319973,
  "sell_threshold": 0.8743394166231154,
  "initial_capital": 1000000.0,
  "final_equity": 941303.4729957497,
  "final_benchmark_equity": 953450.0,
  "final_alpha_equity": 987853.4729957497,
  "alpha_total_return": -0.01214652700425034,
  "alpha_sharpe": -12.163616171665034,
  "alpha_sortino": -3.527127659769915,
  "alpha_calmar": -14.970393501992955,
  "alpha_max_drawdown": -0.012240459751750365,
  "base_shares": 9800,
  "ending_shares": 9800,
  "base_position_pct": 0.6,
  "max_t0_trade_pct": 0.3,
  "max_participation_rate": 0.05,
  "commission_rate": 0.0015,
  "slippage_rate": 0.00075,
  "tp": 0.004,
  "sl": 0.002,
  "stop_loss_cooldown_bars": 0,
  "daily_max_trades": 0,
  "daily_max_losses": 0,
  "daily_loss_limit": 0.0,
  "no_overnight": true
}