{
  "scenario_count": 12,
  "all_alpha_positive": false,
  "min_alpha_total_return": -0.006225057093374842,
  "worst_alpha_max_drawdown": -0.007634263541886344,
  "min_trade_count": 10
}