side,label_col,sample_count,positive_count,positive_rate,gross_return_mean_all,gross_return_mean_positive,gross_return_mean_negative,avg_exit_bar
buy,buy_label,67722,16935,0.25006644812616285,-4.4073872265324284e-05,0.004808954808128939,-0.00166232343814787,2.9653140781429963
sell,sell_label,67722,20195,0.29820442396857744,0.00023676947118507203,0.004614698215435985,-0.0016234840897412892,3.121260447122058
