{
  "total_return": 0.07474041485664928,
  "annualized_return": 1.8635258106920367,
  "max_drawdown": -0.048492863036427414,
  "sharpe": 4.0246391329779145,
  "sortino": 6.852449560788539,
  "calmar": 38.42886754886327,
  "trade_count": 2,
  "win_rate": 0.0,
  "avg_net_return_per_trade": -0.007353706593036132,
  "median_net_return_per_trade": -0.007353706593036132,
  "backtest_mode": "a_share_inventory_t0",
  "trade_direction_mode": "sell_only",
  "buy_threshold": 0.6164289712905884,
  "sell_threshold": 0.62716144323349,
  "initial_capital": 1000000.0,
  "final_equity": 1074284.7249207501,
  "final_benchmark_equity": 1078122.0,
  "final_alpha_equity": 996162.7249207501,
  "alpha_total_return": -0.0038372750792499133,
  "alpha_sharpe": -4.769371955575335,
  "alpha_sortino": -0.481014961481216,
  "alpha_calmar": -13.706424135522006,
  "alpha_max_drawdown": -0.003981375325749825,
  "base_shares": 10600,
  "ending_shares": 10600,
  "base_position_pct": 0.6,
  "max_t0_trade_pct": 0.3,
  "max_participation_rate": 0.02,
  "commission_rate": 0.0015,
  "slippage_rate": 0.0005,
  "tp": 0.003,
  "sl": 0.002,
  "stop_loss_cooldown_bars": 6,
  "daily_max_trades": 0,
  "daily_max_losses": 2,
  "daily_loss_limit": 0.0,
  "no_overnight": true
}