{
  "total_return": -0.0060512522436769745,
  "annualized_return": -0.35676293078802523,
  "max_drawdown": -0.015433457281648133,
  "sharpe": -3.18346782132782,
  "sortino": -5.544903133492304,
  "calmar": -23.116202952934643,
  "trade_count": 1,
  "win_rate": 0.0,
  "avg_net_return_per_trade": -0.0011564843583609613,
  "median_net_return_per_trade": -0.0011564843583609613,
  "backtest_mode": "a_share_inventory_t0",
  "trade_direction_mode": "sell_only",
  "buy_threshold": 0.4649245523000572,
  "sell_threshold": 0.4885400796045951,
  "initial_capital": 1000000.0,
  "final_equity": 993704.236364375,
  "final_benchmark_equity": 993604.0,
  "final_alpha_equity": 1000100.236364375,
  "alpha_total_return": 0.00010023636437495043,
  "alpha_sharpe": 0.6069170830063468,
  "alpha_sortino": 0.2892435660823552,
  "alpha_calmar": 10.350703513983783,
  "alpha_max_drawdown": -0.0007065307253766306,
  "base_shares": 8200,
  "ending_shares": 8200,
  "base_position_pct": 0.6,
  "max_t0_trade_pct": 0.3,
  "max_participation_rate": 0.02,
  "commission_rate": 0.0015,
  "slippage_rate": 0.00075,
  "tp": 0.003,
  "sl": 0.002,
  "no_overnight": true
}