{
  "total_return": 0.07666272380789452,
  "annualized_return": 1.9391981194331995,
  "max_drawdown": -0.04453888448702248,
  "sharpe": 4.129771015030513,
  "sortino": 7.046841093881268,
  "calmar": 43.53944068801798,
  "trade_count": 3,
  "win_rate": 0.3333333333333333,
  "avg_net_return_per_trade": -0.00412355492088778,
  "median_net_return_per_trade": -0.005524090284510281,
  "backtest_mode": "a_share_inventory_t0",
  "trade_direction_mode": "sell_only",
  "buy_threshold": 0.9503372311592102,
  "sell_threshold": 0.5626334697008133,
  "initial_capital": 1000000.0,
  "final_equity": 1076206.218813,
  "final_benchmark_equity": 1078122.0,
  "final_alpha_equity": 998084.218813,
  "alpha_total_return": -0.0019157811869999763,
  "alpha_sharpe": -2.6293137350300273,
  "alpha_sortino": -0.6777279341483582,
  "alpha_calmar": -7.321363267133634,
  "alpha_max_drawdown": -0.0037699438051592704,
  "base_shares": 10600,
  "ending_shares": 10600,
  "base_position_pct": 0.6,
  "max_t0_trade_pct": 0.3,
  "max_participation_rate": 0.05,
  "commission_rate": 0.0015,
  "slippage_rate": 0.001,
  "tp": 0.004,
  "sl": 0.003,
  "stop_loss_cooldown_bars": 6,
  "daily_max_trades": 0,
  "daily_max_losses": 2,
  "daily_loss_limit": 0.0,
  "no_overnight": true
}