{
  "total_return": 0.07478543863067766,
  "annualized_return": 1.854455662834726,
  "max_drawdown": -0.04858851074111448,
  "sharpe": 3.950369777838785,
  "sortino": 6.698877931004813,
  "calmar": 38.16654667016844,
  "trade_count": 3,
  "win_rate": 0.0,
  "avg_net_return_per_trade": -0.008233166605080422,
  "median_net_return_per_trade": -0.009995689061504328,
  "backtest_mode": "a_share_inventory_t0",
  "trade_direction_mode": "sell_only",
  "buy_threshold": 0.6333531647920608,
  "sell_threshold": 0.5956914156675338,
  "initial_capital": 1000000.0,
  "final_equity": 1073190.4570397497,
  "final_benchmark_equity": 1079288.0,
  "final_alpha_equity": 993902.4570397497,
  "alpha_total_return": -0.006097542960250335,
  "alpha_sharpe": -6.276319574815743,
  "alpha_sortino": -0.9265612342480802,
  "alpha_calmar": -13.957883832294263,
  "alpha_max_drawdown": -0.006097542960250335,
  "base_shares": 10600,
  "ending_shares": 10600,
  "base_position_pct": 0.6,
  "max_t0_trade_pct": 0.3,
  "max_participation_rate": 0.02,
  "commission_rate": 0.001,
  "slippage_rate": 0.00075,
  "tp": 0.003,
  "sl": 0.002,
  "stop_loss_cooldown_bars": 6,
  "daily_max_trades": 0,
  "daily_max_losses": 2,
  "daily_loss_limit": 0.0,
  "no_overnight": true
}