{
  "total_return": 0.0742263184865577,
  "annualized_return": 1.829678377795168,
  "max_drawdown": -0.04798332626415991,
  "sharpe": 3.9509973337327104,
  "sortino": 6.687022709792275,
  "calmar": 38.13154527308804,
  "trade_count": 4,
  "win_rate": 0.25,
  "avg_net_return_per_trade": -0.007893387695206252,
  "median_net_return_per_trade": -0.008874556026905452,
  "backtest_mode": "a_share_inventory_t0",
  "trade_direction_mode": "sell_only",
  "buy_threshold": 0.6654055744409558,
  "sell_threshold": 0.6038862615823746,
  "initial_capital": 1000000.0,
  "final_equity": 1073543.1105480003,
  "final_benchmark_equity": 1079076.0,
  "final_alpha_equity": 994467.1105480003,
  "alpha_total_return": -0.005532889451999701,
  "alpha_sharpe": -5.301956273793277,
  "alpha_sortino": -0.9813847391409528,
  "alpha_calmar": -13.995991323265866,
  "alpha_max_drawdown": -0.005532889451999923,
  "base_shares": 10600,
  "ending_shares": 10600,
  "base_position_pct": 0.6,
  "max_t0_trade_pct": 0.3,
  "max_participation_rate": 0.05,
  "commission_rate": 0.001,
  "slippage_rate": 0.001,
  "tp": 0.003,
  "sl": 0.002,
  "stop_loss_cooldown_bars": 6,
  "daily_max_trades": 0,
  "daily_max_losses": 2,
  "daily_loss_limit": 0.0,
  "no_overnight": true
}