{
  "fold": 1,
  "model_summaries": {
    "lstm": {
      "model": "LSTM",
      "target_col_buy": "buy_label",
      "target_col_sell": "sell_label",
      "feature_count": 194,
      "lookback": 24,
      "params": {
        "hidden_dim": 256,
        "num_layers": 2,
        "dropout": 0.3,
        "output_dim": 1
      },
      "buy_fit": {
        "best_score": 0.5242828654701641,
        "best_valid_auc": 0.5242828654701641,
        "epochs_ran": 20,
        "pos_rate": 0.2991183879093199,
        "pos_weight": 2.343157894736842,
        "device": "cpu"
      },
      "sell_fit": {
        "best_score": 0.5728800127955331,
        "best_valid_auc": 0.5728800127955331,
        "epochs_ran": 11,
        "pos_rate": 0.41435768261964734,
        "pos_weight": 1.4133738601823709,
        "device": "cpu"
      },
      "valid_buy_auc": 0.5242828654701641,
      "valid_buy_positive_rate": 0.3170103092783505,
      "valid_buy_prob_mean": 0.41979509592056274,
      "valid_buy_prob_std": 0.33977463841438293,
      "valid_buy_prob_min": 0.00038009576383046806,
      "valid_buy_prob_max": 0.9898972511291504,
      "valid_buy_acc_05": 0.5244845360824743,
      "valid_buy_precision_05": 0.305993690851735,
      "valid_buy_recall_05": 0.3943089430894309,
      "valid_buy_f1_05": 0.34458259325044405,
      "valid_buy_q90_threshold": 0.9161869287490845,
      "valid_buy_q95_threshold": 0.9503372311592102,
      "test_buy_auc": 0.46320997586484314,
      "test_buy_positive_rate": 0.2912371134020619,
      "test_buy_prob_mean": 0.5152988433837891,
      "test_buy_prob_std": 0.3031098246574402,
      "test_buy_prob_min": 0.00034047901863232255,
      "test_buy_prob_max": 0.9858851432800293,
      "test_buy_acc_05": 0.44072164948453607,
      "test_buy_precision_05": 0.25586854460093894,
      "test_buy_recall_05": 0.4823008849557522,
      "test_buy_f1_05": 0.3343558282208589,
      "test_buy_q90_threshold": 0.8999138474464417,
      "test_buy_q95_threshold": 0.9403729438781738,
      "valid_sell_auc": 0.5728800127955331,
      "valid_sell_positive_rate": 0.35309278350515466,
      "valid_sell_prob_mean": 0.4738580882549286,
      "valid_sell_prob_std": 0.0500846765935421,
      "valid_sell_prob_min": 0.34489905834198,
      "valid_sell_prob_max": 0.5919497609138489,
      "valid_sell_acc_05": 0.625,
      "valid_sell_precision_05": 0.462882096069869,
      "valid_sell_recall_05": 0.38686131386861317,
      "valid_sell_f1_05": 0.42147117296222664,
      "valid_sell_q90_threshold": 0.5417351722717285,
      "valid_sell_q95_threshold": 0.5626334547996521,
      "test_sell_auc": 0.5537691305763595,
      "test_sell_positive_rate": 0.42783505154639173,
      "test_sell_prob_mean": 0.4519658088684082,
      "test_sell_prob_std": 0.046985380351543427,
      "test_sell_prob_min": 0.3338010311126709,
      "test_sell_prob_max": 0.5771623253822327,
      "test_sell_acc_05": 0.5695876288659794,
      "test_sell_precision_05": 0.49242424242424243,
      "test_sell_recall_05": 0.19578313253012047,
      "test_sell_f1_05": 0.2801724137931034,
      "test_sell_q90_threshold": 0.5187731981277466,
      "test_sell_q95_threshold": 0.5334783792495728
    }
  },
  "selected_model_summary": {
    "model": "LSTM",
    "target_col_buy": "buy_label",
    "target_col_sell": "sell_label",
    "feature_count": 194,
    "lookback": 24,
    "params": {
      "hidden_dim": 256,
      "num_layers": 2,
      "dropout": 0.3,
      "output_dim": 1
    },
    "buy_fit": {
      "best_score": 0.5242828654701641,
      "best_valid_auc": 0.5242828654701641,
      "epochs_ran": 20,
      "pos_rate": 0.2991183879093199,
      "pos_weight": 2.343157894736842,
      "device": "cpu"
    },
    "sell_fit": {
      "best_score": 0.5728800127955331,
      "best_valid_auc": 0.5728800127955331,
      "epochs_ran": 11,
      "pos_rate": 0.41435768261964734,
      "pos_weight": 1.4133738601823709,
      "device": "cpu"
    },
    "valid_buy_auc": 0.5242828654701641,
    "valid_buy_positive_rate": 0.3170103092783505,
    "valid_buy_prob_mean": 0.41979509592056274,
    "valid_buy_prob_std": 0.33977463841438293,
    "valid_buy_prob_min": 0.00038009576383046806,
    "valid_buy_prob_max": 0.9898972511291504,
    "valid_buy_acc_05": 0.5244845360824743,
    "valid_buy_precision_05": 0.305993690851735,
    "valid_buy_recall_05": 0.3943089430894309,
    "valid_buy_f1_05": 0.34458259325044405,
    "valid_buy_q90_threshold": 0.9161869287490845,
    "valid_buy_q95_threshold": 0.9503372311592102,
    "test_buy_auc": 0.46320997586484314,
    "test_buy_positive_rate": 0.2912371134020619,
    "test_buy_prob_mean": 0.5152988433837891,
    "test_buy_prob_std": 0.3031098246574402,
    "test_buy_prob_min": 0.00034047901863232255,
    "test_buy_prob_max": 0.9858851432800293,
    "test_buy_acc_05": 0.44072164948453607,
    "test_buy_precision_05": 0.25586854460093894,
    "test_buy_recall_05": 0.4823008849557522,
    "test_buy_f1_05": 0.3343558282208589,
    "test_buy_q90_threshold": 0.8999138474464417,
    "test_buy_q95_threshold": 0.9403729438781738,
    "valid_sell_auc": 0.5728800127955331,
    "valid_sell_positive_rate": 0.35309278350515466,
    "valid_sell_prob_mean": 0.4738580882549286,
    "valid_sell_prob_std": 0.0500846765935421,
    "valid_sell_prob_min": 0.34489905834198,
    "valid_sell_prob_max": 0.5919497609138489,
    "valid_sell_acc_05": 0.625,
    "valid_sell_precision_05": 0.462882096069869,
    "valid_sell_recall_05": 0.38686131386861317,
    "valid_sell_f1_05": 0.42147117296222664,
    "valid_sell_q90_threshold": 0.5417351722717285,
    "valid_sell_q95_threshold": 0.5626334547996521,
    "test_sell_auc": 0.5537691305763595,
    "test_sell_positive_rate": 0.42783505154639173,
    "test_sell_prob_mean": 0.4519658088684082,
    "test_sell_prob_std": 0.046985380351543427,
    "test_sell_prob_min": 0.3338010311126709,
    "test_sell_prob_max": 0.5771623253822327,
    "test_sell_acc_05": 0.5695876288659794,
    "test_sell_precision_05": 0.49242424242424243,
    "test_sell_recall_05": 0.19578313253012047,
    "test_sell_f1_05": 0.2801724137931034,
    "test_sell_q90_threshold": 0.5187731981277466,
    "test_sell_q95_threshold": 0.5334783792495728
  },
  "t0_stats": {
    "total_return": 0.07844659162584944,
    "annualized_return": 2.0110830762653826,
    "max_drawdown": -0.04453888448702248,
    "sharpe": 4.223681034463775,
    "sortino": 7.205580012099378,
    "calmar": 45.153422664893235,
    "trade_count": 3,
    "win_rate": 0.3333333333333333,
    "avg_net_return_per_trade": -0.001122177286302555,
    "median_net_return_per_trade": -0.002524113886607557,
    "backtest_mode": "a_share_inventory_t0",
    "trade_direction_mode": "sell_only",
    "buy_threshold": 0.9503372311592102,
    "sell_threshold": 0.5626334697008133,
    "initial_capital": 1000000.0,
    "final_equity": 1077989.330271,
    "final_benchmark_equity": 1078122.0,
    "final_alpha_equity": 999867.330271,
    "alpha_total_return": -0.00013266972899994567,
    "alpha_sharpe": -0.20086462801080504,
    "alpha_sortino": -0.06781612344111049,
    "alpha_calmar": -0.846785450807307,
    "alpha_max_drawdown": -0.0022847306430141545,
    "base_shares": 10600,
    "ending_shares": 10600,
    "base_position_pct": 0.6,
    "max_t0_trade_pct": 0.3,
    "max_participation_rate": 0.05,
    "commission_rate": 0.001,
    "slippage_rate": 0.0005,
    "tp": 0.004,
    "sl": 0.003,
    "stop_loss_cooldown_bars": 6,
    "daily_max_trades": 0,
    "daily_max_losses": 2,
    "daily_loss_limit": 0.0,
    "no_overnight": true
  },
  "stress_stats": {
    "stress_scenario_count": 12,
    "stress_min_alpha_total_return": -0.0019157811869999763,
    "stress_worst_alpha_drawdown": -0.0037699438051592704,
    "stress_min_trade_count": 3
  },
  "sell_threshold_grid_stats": {
    "sell_grid_best_rule": "sell_only_q95",
    "sell_grid_best_quantile": 0.95,
    "sell_grid_best_alpha_total_return": -0.00013266972899994567,
    "sell_grid_best_trade_count": 3,