{
  "fold": 0,
  "model_summaries": {
    "lstm": {
      "model": "LSTM",
      "target_col_buy": "buy_label",
      "target_col_sell": "sell_label",
      "feature_count": 194,
      "lookback": 16,
      "params": {
        "hidden_dim": 256,
        "num_layers": 2,
        "dropout": 0.3,
        "output_dim": 1
      },
      "buy_fit": {
        "best_score": 0.5231502808421223,
        "best_valid_auc": 0.5231502808421223,
        "epochs_ran": 11,
        "pos_rate": 0.2710427135678392,
        "pos_weight": 2.6894553881807646,
        "device": "cpu"
      },
      "sell_fit": {
        "best_score": 0.5350705986398706,
        "best_valid_auc": 0.5350705986398706,
        "epochs_ran": 18,
        "pos_rate": 0.3401381909547739,
        "pos_weight": 1.9399815327793168,
        "device": "cpu"
      },
      "valid_buy_auc": 0.5231502808421223,
      "valid_buy_positive_rate": 0.27933673469387754,
      "valid_buy_prob_mean": 0.5327969193458557,
      "valid_buy_prob_std": 0.10491517931222916,
      "valid_buy_prob_min": 0.3400322496891022,
      "valid_buy_prob_max": 0.8408506512641907,
      "valid_buy_acc_05": 0.4719387755102041,
      "valid_buy_precision_05": 0.2828507795100223,
      "valid_buy_recall_05": 0.5799086757990868,
      "valid_buy_f1_05": 0.38023952095808383,
      "valid_buy_q90_threshold": 0.6796585917472839,
      "valid_buy_q95_threshold": 0.7298367619514465,
      "test_buy_auc": 0.5262336404914529,
      "test_buy_positive_rate": 0.2653061224489796,
      "test_buy_prob_mean": 0.5051796436309814,
      "test_buy_prob_std": 0.10545355081558228,
      "test_buy_prob_min": 0.2927182912826538,
      "test_buy_prob_max": 0.8269127607345581,
      "test_buy_acc_05": 0.5216836734693877,
      "test_buy_precision_05": 0.26740947075208915,
      "test_buy_recall_05": 0.46153846153846156,
      "test_buy_f1_05": 0.3386243386243386,
      "test_buy_q90_threshold": 0.6549506783485413,
      "test_buy_q95_threshold": 0.7220718264579773,
      "valid_sell_auc": 0.5350705986398706,
      "valid_sell_positive_rate": 0.3086734693877551,
      "valid_sell_prob_mean": 0.5626826882362366,
      "valid_sell_prob_std": 0.23213079571723938,
      "valid_sell_prob_min": 0.07896233350038528,
      "valid_sell_prob_max": 0.9766427278518677,
      "valid_sell_acc_05": 0.47831632653061223,
      "valid_sell_precision_05": 0.3148558758314856,
      "valid_sell_recall_05": 0.5867768595041323,
      "valid_sell_f1_05": 0.4098124098124098,
      "valid_sell_q90_threshold": 0.8908113241195679,
      "valid_sell_q95_threshold": 0.9338675737380981,
      "test_sell_auc": 0.4928332885493839,
      "test_sell_positive_rate": 0.3048469387755102,
      "test_sell_prob_mean": 0.48029419779777527,
      "test_sell_prob_std": 0.22004547715187073,
      "test_sell_prob_min": 0.07085224986076355,
      "test_sell_prob_max": 0.9649533629417419,
      "test_sell_acc_05": 0.514030612244898,
      "test_sell_precision_05": 0.29829545454545453,
      "test_sell_recall_05": 0.4393305439330544,
      "test_sell_f1_05": 0.3553299492385787,
      "test_sell_q90_threshold": 0.7854872345924377,
      "test_sell_q95_threshold": 0.8461207747459412
    }
  },
  "selected_model_summary": {
    "model": "LSTM",
    "target_col_buy": "buy_label",
    "target_col_sell": "sell_label",
    "feature_count": 194,
    "lookback": 16,
    "params": {
      "hidden_dim": 256,
      "num_layers": 2,
      "dropout": 0.3,
      "output_dim": 1
    },
    "buy_fit": {
      "best_score": 0.5231502808421223,
      "best_valid_auc": 0.5231502808421223,
      "epochs_ran": 11,
      "pos_rate": 0.2710427135678392,
      "pos_weight": 2.6894553881807646,
      "device": "cpu"
    },
    "sell_fit": {
      "best_score": 0.5350705986398706,
      "best_valid_auc": 0.5350705986398706,
      "epochs_ran": 18,
      "pos_rate": 0.3401381909547739,
      "pos_weight": 1.9399815327793168,
      "device": "cpu"
    },
    "valid_buy_auc": 0.5231502808421223,
    "valid_buy_positive_rate": 0.27933673469387754,
    "valid_buy_prob_mean": 0.5327969193458557,
    "valid_buy_prob_std": 0.10491517931222916,
    "valid_buy_prob_min": 0.3400322496891022,
    "valid_buy_prob_max": 0.8408506512641907,
    "valid_buy_acc_05": 0.4719387755102041,
    "valid_buy_precision_05": 0.2828507795100223,
    "valid_buy_recall_05": 0.5799086757990868,
    "valid_buy_f1_05": 0.38023952095808383,
    "valid_buy_q90_threshold": 0.6796585917472839,
    "valid_buy_q95_threshold": 0.7298367619514465,
    "test_buy_auc": 0.5262336404914529,
    "test_buy_positive_rate": 0.2653061224489796,
    "test_buy_prob_mean": 0.5051796436309814,
    "test_buy_prob_std": 0.10545355081558228,
    "test_buy_prob_min": 0.2927182912826538,
    "test_buy_prob_max": 0.8269127607345581,
    "test_buy_acc_05": 0.5216836734693877,
    "test_buy_precision_05": 0.26740947075208915,
    "test_buy_recall_05": 0.46153846153846156,
    "test_buy_f1_05": 0.3386243386243386,
    "test_buy_q90_threshold": 0.6549506783485413,
    "test_buy_q95_threshold": 0.7220718264579773,
    "valid_sell_auc": 0.5350705986398706,
    "valid_sell_positive_rate": 0.3086734693877551,
    "valid_sell_prob_mean": 0.5626826882362366,
    "valid_sell_prob_std": 0.23213079571723938,
    "valid_sell_prob_min": 0.07896233350038528,
    "valid_sell_prob_max": 0.9766427278518677,
    "valid_sell_acc_05": 0.47831632653061223,
    "valid_sell_precision_05": 0.3148558758314856,
    "valid_sell_recall_05": 0.5867768595041323,
    "valid_sell_f1_05": 0.4098124098124098,
    "valid_sell_q90_threshold": 0.8908113241195679,
    "valid_sell_q95_threshold": 0.9338675737380981,
    "test_sell_auc": 0.4928332885493839,
    "test_sell_positive_rate": 0.3048469387755102,
    "test_sell_prob_mean": 0.48029419779777527,
    "test_sell_prob_std": 0.22004547715187073,
    "test_sell_prob_min": 0.07085224986076355,
    "test_sell_prob_max": 0.9649533629417419,
    "test_sell_acc_05": 0.514030612244898,
    "test_sell_precision_05": 0.29829545454545453,
    "test_sell_recall_05": 0.4393305439330544,
    "test_sell_f1_05": 0.3553299492385787,
    "test_sell_q90_threshold": 0.7854872345924377,
    "test_sell_q95_threshold": 0.8461207747459412
  },
  "t0_stats": {
    "total_return": -0.049084055005061744,
    "annualized_return": -0.5655230283337488,
    "max_drawdown": -0.0785119444784852,
    "sharpe": -2.458274961076039,
    "sortino": -2.33623072452496,
    "calmar": -7.203019006728592,
    "trade_count": 2,
    "win_rate": 0.0,
    "avg_net_return_per_trade": -0.005851964327753642,
    "median_net_return_per_trade": -0.005851964327753642,
    "backtest_mode": "a_share_inventory_t0",
    "trade_direction_mode": "sell_only",
    "buy_threshold": 0.7298367828130722,
    "sell_threshold": 0.933867600560188,
    "initial_capital": 1000000.0,
    "final_equity": 950543.1859445003,
    "final_benchmark_equity": 953450.0,
    "final_alpha_equity": 997093.1859445003,
    "alpha_total_return": -0.0029068140554997512,
    "alpha_sharpe": -6.975665683530599,
    "alpha_sortino": -0.8469827186833477,
    "alpha_calmar": -16.193648218356163,
    "alpha_max_drawdown": -0.0029068140554997512,
    "base_shares": 9800,
    "ending_shares": 9800,
    "base_position_pct": 0.6,
    "max_t0_trade_pct": 0.3,
    "max_participation_rate": 0.05,
    "commission_rate": 0.001,
    "slippage_rate": 0.0005,
    "tp": 0.003,
    "sl": 0.002,
    "stop_loss_cooldown_bars": 6,
    "daily_max_trades": 0,
    "daily_max_losses": 2,
    "daily_loss_limit": 0.0,
    "no_overnight": true
  },
  "stress_stats": {
    "stress_scenario_count": 12,
    "stress_min_alpha_total_return": -0.004104024166499909,
    "stress_worst_alpha_drawdown": -0.004104024166499909,
    "stress_min_trade_count": 2
  },
  "sell_threshold_grid_stats": {
    "sell_grid_best_rule": "sell_only_q97",
    "sell_grid_best_quantile": 0.97,
    "sell_grid_best_alpha_total_return": 0.0022165949069998803,
    "sell_grid_best_trade_count": 2,