{
  "total_return": -0.048580955953150484,
  "annualized_return": -0.5621557386904651,
  "max_drawdown": -0.0794574868666309,
  "sharpe": -2.4696099396560016,
  "sortino": -2.3443880580058942,
  "calmar": -7.074924728415353,
  "trade_count": 4,
  "win_rate": 0.0,
  "avg_net_return_per_trade": -0.004975056997054137,
  "median_net_return_per_trade": -0.0063765938237372284,
  "backtest_mode": "a_share_inventory_t0",
  "trade_direction_mode": "sell_only",
  "buy_threshold": 0.6456784754991531,
  "sell_threshold": 0.9012842923402786,
  "initial_capital": 1000000.0,
  "final_equity": 950579.8924500002,
  "final_benchmark_equity": 953940.0,
  "final_alpha_equity": 996639.8924500002,
  "alpha_total_return": -0.0033601075499998245,
  "alpha_sharpe": -7.931255968912441,
  "alpha_sortino": -1.3546797095010157,
  "alpha_calmar": -16.156764070427727,
  "alpha_max_drawdown": -0.0033601075499998245,
  "base_shares": 9800,
  "ending_shares": 9800,
  "base_position_pct": 0.6,
  "max_t0_trade_pct": 0.3,
  "max_participation_rate": 0.05,
  "commission_rate": 0.001,
  "slippage_rate": 0.0005,
  "tp": 0.004,
  "sl": 0.003,
  "stop_loss_cooldown_bars": 6,
  "daily_max_trades": 0,
  "daily_max_losses": 2,
  "daily_loss_limit": 0.0,
  "no_overnight": true
}