{
  "lookback": 16,
  "lookback_minutes": 80,
  "horizon": 3,
  "horizon_minutes": 15,
  "best_valid_auc": 0.686911480236001,
  "valid_auc": 0.686911480236001,
  "test_auc": 0.635466882118825,
  "train_positive_rate": 0.17028327774728755,
  "valid_positive_rate": 0.20120327448466319,
  "test_positive_rate": 0.2296844181459566,
  "test_trade_return_mean_all": 0.00018627609358163466,
  "test_trade_return_mean_label_1": 0.00867635785389033,
  "selected_threshold": 0.7756080806255341,
  "selected_quantile": 0.95,
  "selected_threshold_test_stats": {
    "threshold": 0.7756080806255341,
    "horizon": 3,
    "round_trip_cost": 0.003,
    "trade_count": 133,
    "win_rate": 0.38345864661654133,
    "gross_return_mean": 0.0005819448864436412,
    "net_return_mean": -0.0024180551135563584,
    "gross_return_median": 0.0004841833440929477,
    "net_return_median": -0.0025158166559070523,
    "total_return": -0.28318780555464185,
    "max_drawdown": -0.3163859515674502,
    "sharpe": -20.281367446048556,
    "avg_pred_prob": 0.789966444771989,
    "positive_label_rate": 0.38345864661654133,
    "selected_by": "validation_net_return_mean",
    "selected_quantile": 0.95
  },
  "output_dir": "outputs\\diagnostics\\horizon_compare\\lb16_h3"
}