{
  "lookback": 16,
  "lookback_minutes": 80,
  "horizon": 3,
  "horizon_minutes": 15,
  "best_valid_auc": 0.6148866860794883,
  "valid_auc": 0.6148866860794883,
  "test_auc": 0.5667284368813211,
  "train_positive_rate": 0.27658631316756027,
  "valid_positive_rate": 0.29273103856396093,
  "test_positive_rate": 0.32830374753451674,
  "valid_action_metrics": {
    "accuracy": 0.4359404280501036,
    "buy_auc": 0.6148866860794883,
    "sell_auc": 0.6109481213720497,
    "buy_positive_rate": 0.29273103856396093,
    "sell_positive_rate": 0.35457145675115886,
    "hold_rate": 0.35269750468488015
  },
  "test_action_metrics": {
    "accuracy": 0.38185404339250495,
    "buy_auc": 0.5667284368813211,
    "sell_auc": 0.5611972904638273,
    "buy_positive_rate": 0.32830374753451674,
    "sell_positive_rate": 0.37051282051282053,
    "hold_rate": 0.30118343195266273
  },
  "test_trade_return_mean_all": 0.00018627609358163466,
  "test_trade_return_mean_label_1": -6.781341677375797e-05,
  "selected_threshold": 0.5155209064483642,
  "selected_quantile": 0.95,
  "selected_threshold_test_stats": {
    "threshold": 0.5155209064483642,
    "horizon": 3,
    "round_trip_cost": 0.003,
    "trade_count": 175,
    "win_rate": 0.32,
    "gross_return_mean": -0.0001573681152507765,
    "net_return_mean": -0.0031573681152507766,
    "gross_return_median": -0.0009008271230857012,
    "net_return_median": -0.0039008271230857013,
    "total_return": -0.4318061529784336,
    "max_drawdown": -0.4699385352667289,
    "per_trade_sharpe": -0.2703596263028301,
    "trades_per_year": 202.82723666813575,
    "bar_annualized_sharpe": -29.13869778562492,
    "sharpe": -3.8503922488442335,
    "avg_pred_prob": 0.5312300092833383,
    "positive_label_rate": 0.5371428571428571,
    "buy_label_rate": 0.37714285714285717,
    "selected_by": "validation_net_return_mean",
    "selected_quantile": 0.95
  },
  "output_dir": "outputs\\diagnostics\\horizon_compare\\lb16_h3",
  "seed": 42
}