{
  "model": "auc_weighted_ensemble",
  "member_models": [
    "logistic_regression",
    "random_forest"
  ],
  "buy_weight_method": "equal_fallback_no_positive_auc_edge",
  "sell_weight_method": "valid_auc_edge_over_0p5",
  "feature_count": 194,
  "lookback": null,
  "valid_buy_auc": 0.4540145985401459,
  "valid_buy_positive_rate": 0.2864583333333333,
  "valid_buy_prob_mean": 0.5156934485357437,
  "valid_buy_prob_std": 0.13667894507933706,
  "valid_buy_prob_min": 0.18411888976157972,
  "valid_buy_prob_max": 0.7821044175358616,
  "valid_buy_acc_05": 0.4270833333333333,
  "valid_buy_precision_05": 0.23809523809523808,
  "valid_buy_recall_05": 0.45454545454545453,
  "valid_buy_f1_05": 0.3125,
  "valid_buy_q90_threshold": 0.6938682586004982,
  "valid_buy_q95_threshold": 0.7113214784383054,
  "test_buy_auc": 0.6119791666666667,
  "test_buy_positive_rate": 0.21052631578947367,
  "test_buy_prob_mean": 0.3827857653220512,
  "test_buy_prob_std": 0.17068729383345796,
  "test_buy_prob_min": 0.16256457025932627,
  "test_buy_prob_max": 0.709026515089312,
  "test_buy_acc_05": 0.6644736842105263,
  "test_buy_precision_05": 0.28888888888888886,
  "test_buy_recall_05": 0.40625,
  "test_buy_f1_05": 0.33766233766233766,
  "test_buy_q90_threshold": 0.6495878681980409,
  "test_buy_q95_threshold": 0.6677089913737104,
  "valid_sell_auc": 0.5195753151957532,
  "valid_sell_positive_rate": 0.2864583333333333,
  "valid_sell_prob_mean": 0.4118654748919833,
  "valid_sell_prob_std": 0.06680023142782489,
  "valid_sell_prob_min": 0.23637464492262517,
  "valid_sell_prob_max": 0.5914954593665511,
  "valid_sell_acc_05": 0.6666666666666666,
  "valid_sell_precision_05": 0.2631578947368421,
  "valid_sell_recall_05": 0.09090909090909091,
  "valid_sell_f1_05": 0.13513513513513514,
  "valid_sell_q90_threshold": 0.4976178226700716,
  "valid_sell_q95_threshold": 0.5209025421464168,
  "test_sell_auc": 0.6427450980392156,
  "test_sell_positive_rate": 0.32894736842105265,
  "test_sell_prob_mean": 0.4469501999400736,
  "test_sell_prob_std": 0.058132219840960966,
  "test_sell_prob_min": 0.27225181071705956,
  "test_sell_prob_max": 0.5852612826578046,
  "test_sell_acc_05": 0.6776315789473685,
  "test_sell_precision_05": 0.5185185185185185,
  "test_sell_recall_05": 0.28,
  "test_sell_f1_05": 0.36363636363636365,
  "test_sell_q90_threshold": 0.5270760699818797,
  "test_sell_q95_threshold": 0.5379176266493774
}