{
  "total_return": 0.07130135597014742,
  "annualized_return": 1.7197866600940306,
  "max_drawdown": -0.04803636839392578,
  "sharpe": 3.7976225175612757,
  "sortino": 6.421750032442826,
  "calmar": 35.80176265596919,
  "trade_count": 17,
  "win_rate": 0.23529411764705882,
  "avg_net_return_per_trade": -0.004043594472486684,
  "median_net_return_per_trade": -0.005659451034185522,
  "backtest_mode": "a_share_inventory_t0",
  "trade_direction_mode": "sell_only",
  "buy_threshold": 0.6860697031021118,
  "sell_threshold": 0.9143876522779464,
  "initial_capital": 1000000.0,
  "final_equity": 1070620.0083077503,
  "final_benchmark_equity": 1079076.0,
  "final_alpha_equity": 991544.0083077503,
  "alpha_total_return": -0.008455991692249643,
  "alpha_sharpe": -9.624180078660393,
  "alpha_sortino": -4.7399813720774615,
  "alpha_calmar": -13.725048487410689,
  "alpha_max_drawdown": -0.008455991692249643,
  "base_shares": 10600,
  "ending_shares": 10600,
  "base_position_pct": 0.6,
  "max_t0_trade_pct": 0.3,
  "max_participation_rate": 0.02,
  "commission_rate": 0.0015,
  "slippage_rate": 0.0005,
  "tp": 0.003,
  "sl": 0.002,
  "stop_loss_cooldown_bars": 0,
  "daily_max_trades": 0,
  "daily_max_losses": 0,
  "daily_loss_limit": 0.0,
  "no_overnight": true
}