{
  "total_return": -0.09355891137289785,
  "annualized_return": -0.8038800587256417,
  "max_drawdown": -0.11375251709626166,
  "sharpe": -6.072209839407831,
  "sortino": -9.675188358056175,
  "calmar": -7.066921060264259,
  "trade_count": 12,
  "win_rate": 0.4166666666666667,
  "avg_net_return_per_trade": -0.0025799059217704195,
  "median_net_return_per_trade": -0.004737734282635406,
  "backtest_mode": "a_share_inventory_t0",
  "trade_direction_mode": "sell_only",
  "buy_threshold": 0.6520390957593918,
  "sell_threshold": 0.933201789855957,
  "initial_capital": 1000000.0,
  "final_equity": 910832.7957015005,
  "final_benchmark_equity": 913740.0,
  "final_alpha_equity": 997092.7957015005,
  "alpha_total_return": -0.002907204298499555,
  "alpha_sharpe": -3.9650637833973588,
  "alpha_sortino": -1.6863328398046988,
  "alpha_calmar": -9.966931271021542,
  "alpha_max_drawdown": -0.0047292446217043205,
  "base_shares": 9500,
  "ending_shares": 9500,
  "base_position_pct": 0.6,
  "max_t0_trade_pct": 0.3,
  "max_participation_rate": 0.05,
  "commission_rate": 0.001,
  "slippage_rate": 0.0005,
  "tp": 0.004,
  "sl": 0.003,
  "stop_loss_cooldown_bars": 0,
  "daily_max_trades": 0,
  "daily_max_losses": 0,
  "daily_loss_limit": 0.0,
  "no_overnight": true
}