{
  "lookback": 24,
  "lookback_minutes": 120,
  "horizon": 1,
  "horizon_minutes": 5,
  "best_valid_auc": 0.6714519256310161,
  "valid_auc": 0.6714519256310161,
  "test_auc": 0.6146006303346364,
  "train_positive_rate": 0.19694730619827733,
  "valid_positive_rate": 0.22781561543776527,
  "test_positive_rate": 0.25049348598499804,
  "valid_action_metrics": {
    "accuracy": 0.43964070674168393,
    "buy_auc": 0.6714519256310161,
    "sell_auc": 0.6674526574749874,
    "buy_positive_rate": 0.22781561543776527,
    "sell_positive_rate": 0.2423255354851446,
    "hold_rate": 0.5298588490770901
  },
  "test_action_metrics": {
    "accuracy": 0.35353335965258587,
    "buy_auc": 0.6146006303346364,
    "sell_auc": 0.6133718260252587,
    "buy_positive_rate": 0.25049348598499804,
    "sell_positive_rate": 0.26421239636794314,
    "hold_rate": 0.4852941176470588
  },
  "test_trade_return_mean_all": 7.931823905501869e-05,
  "test_trade_return_mean_label_1": -5.729119994135732e-05,
  "selected_threshold": 0.5195572972297668,
  "selected_quantile": 0.95,
  "selected_threshold_test_stats": {
    "threshold": 0.5195572972297668,
    "horizon": 1,
    "round_trip_cost": 0.003,
    "trade_count": 259,
    "win_rate": 0.2625482625482625,
    "gross_return_mean": -0.00029483553886387455,
    "net_return_mean": -0.003294835538863875,
    "gross_return_median": -0.0004905968928863302,
    "net_return_median": -0.0034905968928863303,
    "total_return": -0.5774004717346222,
    "max_drawdown": -0.5768620238630231,
    "per_trade_sharpe": -0.46364847439747786,
    "trades_per_year": 307.06934911242604,
    "bar_annualized_sharpe": -49.9708960209224,
    "sharpe": -8.124695050912088,
    "avg_pred_prob": 0.5353075753767979,
    "positive_label_rate": 0.5907335907335908,
    "buy_label_rate": 0.3474903474903475,
    "selected_by": "validation_net_return_mean",
    "selected_quantile": 0.95
  },
  "output_dir": "outputs\\diagnostics\\horizon_compare\\lb24_h1",
  "seed": 42
}