{
  "model": "LSTM",
  "target_col_buy": "buy_label",
  "target_col_sell": "sell_label",
  "feature_count": 194,
  "lookback": 24,
  "params": {
    "hidden_dim": 256,
    "num_layers": 2,
    "dropout": 0.3,
    "output_dim": 1
  },
  "buy_fit": {
    "best_score": 0.5556149868826571,
    "best_valid_auc": 0.5556149868826571,
    "epochs_ran": 15,
    "pos_rate": 0.26448362720403024,
    "pos_weight": 2.7809523809523804,
    "device": "cpu"
  },
  "sell_fit": {
    "best_score": 0.5528522110800591,
    "best_valid_auc": 0.5528522110800591,
    "epochs_ran": 12,
    "pos_rate": 0.3359571788413098,
    "pos_weight": 1.9765698219306467,
    "device": "cpu"
  },
  "valid_buy_auc": 0.5556149868826571,
  "valid_buy_positive_rate": 0.2667525773195876,
  "valid_buy_prob_mean": 0.4190976917743683,
  "valid_buy_prob_std": 0.11601615697145462,
  "valid_buy_prob_min": 0.16054679453372955,
  "valid_buy_prob_max": 0.7153370976448059,
  "valid_buy_acc_05": 0.6301546391752577,
  "valid_buy_precision_05": 0.31981981981981983,
  "valid_buy_recall_05": 0.34299516908212563,
  "valid_buy_f1_05": 0.331002331002331,
  "valid_buy_q90_threshold": 0.5705890655517578,
  "valid_buy_q95_threshold": 0.6006682515144348,
  "test_buy_auc": 0.5230526883057662,
  "test_buy_positive_rate": 0.2770618556701031,
  "test_buy_prob_mean": 0.48526665568351746,
  "test_buy_prob_std": 0.12417688220739365,
  "test_buy_prob_min": 0.1346297413110733,
  "test_buy_prob_max": 0.7830771803855896,
  "test_buy_acc_05": 0.5270618556701031,
  "test_buy_precision_05": 0.2945945945945946,
  "test_buy_recall_05": 0.5069767441860465,
  "test_buy_f1_05": 0.37264957264957266,
  "test_buy_q90_threshold": 0.6511473655700684,
  "test_buy_q95_threshold": 0.6763917803764343,
  "valid_sell_auc": 0.5528522110800591,
  "valid_sell_positive_rate": 0.30541237113402064,
  "valid_sell_prob_mean": 0.49996641278266907,
  "valid_sell_prob_std": 0.07469168305397034,
  "valid_sell_prob_min": 0.304526686668396,
  "valid_sell_prob_max": 0.7187123894691467,
  "valid_sell_acc_05": 0.5425257731958762,
  "valid_sell_precision_05": 0.34054054054054056,
  "valid_sell_recall_05": 0.5316455696202531,
  "valid_sell_f1_05": 0.41515650741350907,
  "valid_sell_q90_threshold": 0.5948435068130493,
  "valid_sell_q95_threshold": 0.6219732761383057,
  "test_sell_auc": 0.5081171740049742,
  "test_sell_positive_rate": 0.3646907216494845,
  "test_sell_prob_mean": 0.47395679354667664,
  "test_sell_prob_std": 0.06769373267889023,
  "test_sell_prob_min": 0.28021571040153503,
  "test_sell_prob_max": 0.6464029550552368,
  "test_sell_acc_05": 0.5309278350515464,
  "test_sell_precision_05": 0.35986159169550175,
  "test_sell_recall_05": 0.3674911660777385,
  "test_sell_f1_05": 0.36363636363636365,
  "test_sell_q90_threshold": 0.5651570558547974,
  "test_sell_q95_threshold": 0.5874912142753601
}