{
  "total_return": -0.1088397438810853,
  "annualized_return": -0.8517089208821593,
  "max_drawdown": -0.12244010002614059,
  "sharpe": -7.304305746877447,
  "sortino": -11.515049894345648,
  "calmar": -6.956127287549766,
  "trade_count": 12,
  "win_rate": 0.25,
  "avg_net_return_per_trade": -0.006936988792796896,
  "median_net_return_per_trade": -0.008743746763017365,
  "backtest_mode": "a_share_inventory_t0",
  "trade_direction_mode": "sell_only",
  "buy_threshold": 0.9011711865663528,
  "sell_threshold": 0.8903881818056105,
  "initial_capital": 1000000.0,
  "final_equity": 893812.3490411246,
  "final_benchmark_equity": 906349.0,
  "final_alpha_equity": 987463.3490411246,
  "alpha_total_return": -0.012536650958875462,
  "alpha_sharpe": -9.392402123047871,
  "alpha_sortino": -3.125776799568959,
  "alpha_calmar": -12.236699724057404,
  "alpha_max_drawdown": -0.01541024909121902,
  "base_shares": 9300,
  "ending_shares": 9300,
  "base_position_pct": 0.6,
  "max_t0_trade_pct": 0.3,
  "max_participation_rate": 0.05,
  "commission_rate": 0.0015,
  "slippage_rate": 0.00075,
  "tp": 0.004,
  "sl": 0.002,
  "stop_loss_cooldown_bars": 6,
  "daily_max_trades": 0,
  "daily_max_losses": 2,
  "daily_loss_limit": 0.0,
  "no_overnight": true
}