{
  "total_return": -0.00014735953396360912,
  "annualized_return": -0.010656145174474552,
  "max_drawdown": -0.02510967785773921,
  "sharpe": 1.563704736942238,
  "sortino": 2.6944647906670416,
  "calmar": -0.42438398592159376,
  "trade_count": 1,
  "win_rate": 1.0,
  "avg_net_return_per_trade": 0.002078201382535008,
  "median_net_return_per_trade": 0.002078201382535008,
  "backtest_mode": "a_share_inventory_t0",
  "trade_direction_mode": "sell_only",
  "buy_threshold": 0.6109327335007458,
  "sell_threshold": 0.7013309869170189,
  "initial_capital": 1000000.0,
  "final_equity": 1003422.1143925001,
  "final_benchmark_equity": 1002520.0,
  "final_alpha_equity": 1000902.1143925001,
  "alpha_total_return": 0.0009021143925000974,
  "alpha_sharpe": 4.834060979635445,
  "alpha_sortino": 3.171250135231535,
  "alpha_calmar": 137.24184442848951,
  "alpha_max_drawdown": -0.0004936344059999209,
  "base_shares": 10500,
  "ending_shares": 10500,
  "base_position_pct": 0.6,
  "max_t0_trade_pct": 0.3,
  "max_participation_rate": 0.05,
  "commission_rate": 0.001,
  "slippage_rate": 0.0005,
  "tp": 0.003,
  "sl": 0.002,
  "no_overnight": true
}