model_label,epoch,train_loss,valid_loss,valid_auc,valid_prob_mean,valid_prob_max
MLP_buy,1,1.2425817992236163,1.1321882009506226,0.552870910818515,0.37085863947868347,0.870598316192627
MLP_buy,2,0.9607584524799038,1.211668610572815,0.5418759332156916,0.35488033294677734,0.8934829235076904
MLP_buy,3,0.8303479600597072,1.2225443124771118,0.5593864531016696,0.3089209496974945,0.862948477268219
