model_label,epoch,train_loss,valid_loss,valid_auc,valid_prob_mean,valid_prob_max
MLP_sell,1,1.1943694449759819,0.9943637847900391,0.5330997372043549,0.26433897018432617,0.6332569122314453
MLP_sell,2,0.9059864057076944,0.913161039352417,0.5508697284445001,0.3608671724796295,0.7596310377120972
MLP_sell,3,0.8174189232491158,0.8853259086608887,0.5726442247528469,0.4102585017681122,0.7968882322311401
