{
  "model": "MLP",
  "target_col_buy": "buy_label",
  "target_col_sell": "sell_label",
  "feature_count": 194,
  "lookback": 8,
  "params": {
    "lookback": 8,
    "hidden_dim": 256,
    "dropout": 0.3,
    "output_dim": 1
  },
  "buy_fit": {
    "best_score": 0.5593864531016696,
    "best_valid_auc": 0.5593864531016696,
    "epochs_ran": 3,
    "pos_rate": 0.2685810810810811,
    "pos_weight": 2.723270440251572,
    "device": "cpu"
  },
  "sell_fit": {
    "best_score": 0.5726442247528469,
    "best_valid_auc": 0.5726442247528469,
    "epochs_ran": 3,
    "pos_rate": 0.36317567567567566,
    "pos_weight": 1.7534883720930234,
    "device": "cpu"
  },
  "valid_buy_auc": 0.5593864531016696,
  "valid_buy_positive_rate": 0.2760416666666667,
  "valid_buy_prob_mean": 0.3089209496974945,
  "valid_buy_prob_std": 0.1832885593175888,
  "valid_buy_prob_min": 0.06964248418807983,
  "valid_buy_prob_max": 0.862948477268219,
  "valid_buy_acc_05": 0.6927083333333334,
  "valid_buy_precision_05": 0.4,
  "valid_buy_recall_05": 0.22641509433962265,
  "valid_buy_f1_05": 0.2891566265060241,
  "valid_buy_q90_threshold": 0.5875821709632874,
  "valid_buy_q95_threshold": 0.6816120147705078,
  "test_buy_auc": 0.5625137332454405,
  "test_buy_positive_rate": 0.26973684210526316,
  "test_buy_prob_mean": 0.29667577147483826,
  "test_buy_prob_std": 0.16341176629066467,
  "test_buy_prob_min": 0.06249387562274933,
  "test_buy_prob_max": 0.8214457631111145,
  "test_buy_acc_05": 0.6842105263157895,
  "test_buy_precision_05": 0.29411764705882354,
  "test_buy_recall_05": 0.12195121951219512,
  "test_buy_f1_05": 0.1724137931034483,
  "test_buy_q90_threshold": 0.5149841904640198,
  "test_buy_q95_threshold": 0.6105402112007141,
  "valid_sell_auc": 0.5726442247528469,
  "valid_sell_positive_rate": 0.3177083333333333,
  "valid_sell_prob_mean": 0.4102585017681122,
  "valid_sell_prob_std": 0.16231462359428406,
  "valid_sell_prob_min": 0.062222305685281754,
  "valid_sell_prob_max": 0.7968882322311401,
  "valid_sell_acc_05": 0.640625,
  "valid_sell_precision_05": 0.43103448275862066,
  "valid_sell_recall_05": 0.4098360655737705,
  "valid_sell_f1_05": 0.42016806722689076,
  "valid_sell_q90_threshold": 0.6356175541877747,
  "valid_sell_q95_threshold": 0.6914863586425781,
  "test_sell_auc": 0.5954901960784315,
  "test_sell_positive_rate": 0.32894736842105265,
  "test_sell_prob_mean": 0.4332323670387268,
  "test_sell_prob_std": 0.1504954695701599,
  "test_sell_prob_min": 0.1388382613658905,
  "test_sell_prob_max": 0.7803358435630798,
  "test_sell_acc_05": 0.5921052631578947,
  "test_sell_precision_05": 0.38,
  "test_sell_recall_05": 0.38,
  "test_sell_f1_05": 0.38,
  "test_sell_q90_threshold": 0.6348397731781006,
  "test_sell_q95_threshold": 0.6940644979476929
}