{
  "total_return": -0.04733475552137001,
  "annualized_return": -0.5525471012240688,
  "max_drawdown": -0.07852509437853972,
  "sharpe": -2.4049861437199604,
  "sortino": -2.2858206335739584,
  "calmar": -7.036567171259275,
  "trade_count": 3,
  "win_rate": 0.3333333333333333,
  "avg_net_return_per_trade": -0.004721212010040273,
  "median_net_return_per_trade": -0.00599800199800193,
  "backtest_mode": "a_share_inventory_t0",
  "trade_direction_mode": "sell_only",
  "buy_threshold": 0.6456784754991531,
  "sell_threshold": 0.8729534447193146,
  "initial_capital": 1000000.0,
  "final_equity": 951824.9937329999,
  "final_benchmark_equity": 953940.0,
  "final_alpha_equity": 997884.9937329999,
  "alpha_total_return": -0.002115006267000119,
  "alpha_sharpe": -4.725975894761908,
  "alpha_sortino": -0.8888054420511755,
  "alpha_calmar": -13.015461112397189,
  "alpha_max_drawdown": -0.0026509256235123235,
  "base_shares": 9800,
  "ending_shares": 9800,
  "base_position_pct": 0.6,
  "max_t0_trade_pct": 0.3,
  "max_participation_rate": 0.05,
  "commission_rate": 0.001,
  "slippage_rate": 0.001,
  "tp": 0.004,
  "sl": 0.003,
  "stop_loss_cooldown_bars": 6,
  "daily_max_trades": 0,
  "daily_max_losses": 2,
  "daily_loss_limit": 0.0,
  "no_overnight": true
}