{
  "total_return": -0.04828197679127977,
  "annualized_return": -0.5598683473334118,
  "max_drawdown": -0.07916005393518144,
  "sharpe": -2.4540922270967673,
  "sortino": -2.3321919165823872,
  "calmar": -7.072611999378479,
  "trade_count": 4,
  "win_rate": 0.25,
  "avg_net_return_per_trade": -0.003886718071011871,
  "median_net_return_per_trade": -0.0036907031135159883,
  "backtest_mode": "a_share_inventory_t0",
  "trade_direction_mode": "sell_only",
  "buy_threshold": 0.6456784754991531,
  "sell_threshold": 0.8729534447193146,
  "initial_capital": 1000000.0,
  "final_equity": 950878.6079122501,
  "final_benchmark_equity": 953940.0,
  "final_alpha_equity": 996938.6079122501,
  "alpha_total_return": -0.0030613920877499146,
  "alpha_sharpe": -6.141879666706096,
  "alpha_sortino": -1.164321132618026,
  "alpha_calmar": -14.03106307887633,
  "alpha_max_drawdown": -0.0035333553525311867,
  "base_shares": 9800,
  "ending_shares": 9800,
  "base_position_pct": 0.6,
  "max_t0_trade_pct": 0.3,
  "max_participation_rate": 0.05,
  "commission_rate": 0.0015,
  "slippage_rate": 0.00075,
  "tp": 0.004,
  "sl": 0.003,
  "stop_loss_cooldown_bars": 6,
  "daily_max_trades": 0,
  "daily_max_losses": 2,
  "daily_loss_limit": 0.0,
  "no_overnight": true
}