{
  "total_return": -0.10223733481758279,
  "annualized_return": -0.8324240293454321,
  "max_drawdown": -0.11513283433706023,
  "sharpe": -6.795046024887896,
  "sortino": -10.593259111249246,
  "calmar": -7.230118446562748,
  "trade_count": 6,
  "win_rate": 0.3333333333333333,
  "avg_net_return_per_trade": -0.006488415364912198,
  "median_net_return_per_trade": -0.007286358555982861,
  "backtest_mode": "a_share_inventory_t0",
  "trade_direction_mode": "sell_only",
  "buy_threshold": 0.667204812169075,
  "sell_threshold": 0.9471956014633178,
  "initial_capital": 1000000.0,
  "final_equity": 900434.4068740001,
  "final_benchmark_equity": 906349.0,
  "final_alpha_equity": 994085.4068740001,
  "alpha_total_return": -0.005914593125999956,
  "alpha_sharpe": -5.662100467722182,
  "alpha_sortino": -1.3190716140560523,
  "alpha_calmar": -11.364276024622775,
  "alpha_max_drawdown": -0.008234745366308083,
  "base_shares": 9300,
  "ending_shares": 9300,
  "base_position_pct": 0.6,
  "max_t0_trade_pct": 0.3,
  "max_participation_rate": 0.05,
  "commission_rate": 0.001,
  "slippage_rate": 0.0005,
  "tp": 0.004,
  "sl": 0.002,
  "stop_loss_cooldown_bars": 0,
  "daily_max_trades": 0,
  "daily_max_losses": 0,
  "daily_loss_limit": 0.0,
  "no_overnight": true
}