{
  "total_return": -0.04529859770256117,
  "annualized_return": -0.549637065302482,
  "max_drawdown": -0.07893177262166107,
  "sharpe": -2.1279087954478935,
  "sortino": -2.0213536464557866,
  "calmar": -6.963445100074268,
  "trade_count": 5,
  "win_rate": 0.2,
  "avg_net_return_per_trade": -0.0027673348138270567,
  "median_net_return_per_trade": -0.0006850498040323299,
  "backtest_mode": "a_share_inventory_t0",
  "trade_direction_mode": "sell_only",
  "buy_threshold": 0.7473482042551041,
  "sell_threshold": 0.9047144800424576,
  "initial_capital": 1000000.0,
  "final_equity": 957064.288268125,
  "final_benchmark_equity": 957628.0,
  "final_alpha_equity": 999436.288268125,
  "alpha_total_return": -0.0005637117318749718,
  "alpha_sharpe": -0.7251452417116059,
  "alpha_sortino": -0.3496409624724552,
  "alpha_calmar": -4.718702011923591,
  "alpha_max_drawdown": -0.0020463503501250146,
  "base_shares": 9900,
  "ending_shares": 9900,
  "base_position_pct": 0.6,
  "max_t0_trade_pct": 0.3,
  "max_participation_rate": 0.05,
  "commission_rate": 0.0015,
  "slippage_rate": 0.00075,
  "tp": 0.003,
  "sl": 0.002,
  "stop_loss_cooldown_bars": 0,
  "daily_max_trades": 0,
  "daily_max_losses": 0,
  "daily_loss_limit": 0.0,
  "no_overnight": true
}