{
  "total_return": -0.04394880072420759,
  "annualized_return": -0.5385536140092503,
  "max_drawdown": -0.07894118122132321,
  "sharpe": -2.0543102988835673,
  "sortino": -1.9475542818891989,
  "calmar": -6.822213775840725,
  "trade_count": 4,
  "win_rate": 0.75,
  "avg_net_return_per_trade": -5.673354772308976e-05,
  "median_net_return_per_trade": 0.0013338121491550696,
  "backtest_mode": "a_share_inventory_t0",
  "trade_direction_mode": "sell_only",
  "buy_threshold": 0.7473482042551041,
  "sell_threshold": 0.9145921349525451,
  "initial_capital": 1000000.0,
  "final_equity": 958417.425994,
  "final_benchmark_equity": 957628.0,
  "final_alpha_equity": 1000789.425994,
  "alpha_total_return": 0.0007894259940000037,
  "alpha_sharpe": 1.0345981273280656,
  "alpha_sortino": 0.442508359339613,
  "alpha_calmar": 6.046585528126144,
  "alpha_max_drawdown": -0.002261049949588201,
  "base_shares": 9900,
  "ending_shares": 9900,
  "base_position_pct": 0.6,
  "max_t0_trade_pct": 0.3,
  "max_participation_rate": 0.05,
  "commission_rate": 0.001,
  "slippage_rate": 0.0005,
  "tp": 0.003,
  "sl": 0.002,
  "stop_loss_cooldown_bars": 0,
  "daily_max_trades": 0,
  "daily_max_losses": 0,
  "daily_loss_limit": 0.0,
  "no_overnight": true
}