{
  "total_return": -0.09568980160327001,
  "annualized_return": -0.8117844257709105,
  "max_drawdown": -0.11330226737839921,
  "sharpe": -6.384756417248842,
  "sortino": -10.107303236110914,
  "calmar": -7.1647677010714,
  "trade_count": 14,
  "win_rate": 0.5,
  "avg_net_return_per_trade": -0.0027521892773218217,
  "median_net_return_per_trade": -0.002545332167627698,
  "backtest_mode": "a_share_inventory_t0",
  "trade_direction_mode": "sell_only",
  "buy_threshold": 0.6345955163240432,
  "sell_threshold": 0.8887745714187618,
  "initial_capital": 1000000.0,
  "final_equity": 907880.4150600003,
  "final_benchmark_equity": 912204.0,
  "final_alpha_equity": 995676.4150600003,
  "alpha_total_return": -0.004323584939999736,
  "alpha_sharpe": -7.106626496889462,
  "alpha_sortino": -2.6415653563771344,
  "alpha_calmar": -13.506438440859657,
  "alpha_max_drawdown": -0.0051398457504493456,
  "base_shares": 9400,
  "ending_shares": 9400,
  "base_position_pct": 0.6,
  "max_t0_trade_pct": 0.3,
  "max_participation_rate": 0.05,
  "commission_rate": 0.001,
  "slippage_rate": 0.0005,
  "tp": 0.003,
  "sl": 0.002,
  "stop_loss_cooldown_bars": 6,
  "daily_max_trades": 0,
  "daily_max_losses": 2,
  "daily_loss_limit": 0.0,
  "no_overnight": true
}