{
  "total_return": -0.09910314374371865,
  "annualized_return": -0.8224664464721281,
  "max_drawdown": -0.1112280985120947,
  "sharpe": -6.492383838154272,
  "sortino": -10.21416899879531,
  "calmar": -7.394412540305136,
  "trade_count": 4,
  "win_rate": 0.5,
  "avg_net_return_per_trade": -0.0031545133367728816,
  "median_net_return_per_trade": -0.003135082401253649,
  "backtest_mode": "a_share_inventory_t0",
  "trade_direction_mode": "sell_only",
  "buy_threshold": 0.667204812169075,
  "sell_threshold": 0.9550599306821823,
  "initial_capital": 1000000.0,
  "final_equity": 903577.9253005,
  "final_benchmark_equity": 906349.0,
  "final_alpha_equity": 997228.9253005,
  "alpha_total_return": -0.002771074699499998,
  "alpha_sharpe": -3.693272665055143,
  "alpha_sortino": -1.0536685263067627,
  "alpha_calmar": -10.38633865149605,
  "alpha_max_drawdown": -0.004325005465500076,
  "base_shares": 9300,
  "ending_shares": 9300,
  "base_position_pct": 0.6,
  "max_t0_trade_pct": 0.3,
  "max_participation_rate": 0.05,
  "commission_rate": 0.0015,
  "slippage_rate": 0.0005,
  "tp": 0.004,
  "sl": 0.002,
  "stop_loss_cooldown_bars": 0,
  "daily_max_trades": 0,
  "daily_max_losses": 0,
  "daily_loss_limit": 0.0,
  "no_overnight": true
}