{
  "total_return": -0.0531497351487763,
  "annualized_return": -0.5957497207028204,
  "max_drawdown": -0.08143865771543113,
  "sharpe": -2.7213649666204653,
  "sortino": -2.596454871604368,
  "calmar": -7.315318515986994,
  "trade_count": 12,
  "win_rate": 0.25,
  "avg_net_return_per_trade": -0.006640548833800068,
  "median_net_return_per_trade": -0.008298434840108834,
  "backtest_mode": "a_share_inventory_t0",
  "trade_direction_mode": "sell_only",
  "buy_threshold": 0.6666267216205597,
  "sell_threshold": 0.7634641826152802,
  "initial_capital": 1000000.0,
  "final_equity": 946015.1429176249,
  "final_benchmark_equity": 953940.0,
  "final_alpha_equity": 992075.1429176249,
  "alpha_total_return": -0.007924857082375114,
  "alpha_sharpe": -9.601119077720579,
  "alpha_sortino": -3.7652428103146467,
  "alpha_calmar": -14.939520642212514,
  "alpha_max_drawdown": -0.008274314054749987,
  "base_shares": 9800,
  "ending_shares": 9800,
  "base_position_pct": 0.6,
  "max_t0_trade_pct": 0.3,
  "max_participation_rate": 0.02,
  "commission_rate": 0.0015,
  "slippage_rate": 0.00075,
  "tp": 0.004,
  "sl": 0.003,
  "stop_loss_cooldown_bars": 0,
  "daily_max_trades": 0,
  "daily_max_losses": 0,
  "daily_loss_limit": 0.0,
  "no_overnight": true
}