{
  "total_return": -0.05159518617273473,
  "annualized_return": -0.5836817375702825,
  "max_drawdown": -0.07885982327141228,
  "sharpe": -2.5719717808757214,
  "sortino": -2.4514920687464397,
  "calmar": -7.401509581899797,
  "trade_count": 11,
  "win_rate": 0.45454545454545453,
  "avg_net_return_per_trade": -0.0036816464783007933,
  "median_net_return_per_trade": -0.003835622215139109,
  "backtest_mode": "a_share_inventory_t0",
  "trade_direction_mode": "sell_only",
  "buy_threshold": 0.7211705774068828,
  "sell_threshold": 0.8204458475112916,
  "initial_capital": 1000000.0,
  "final_equity": 948125.9828120001,
  "final_benchmark_equity": 950804.0,
  "final_alpha_equity": 997321.9828120001,
  "alpha_total_return": -0.0026780171879998704,
  "alpha_sharpe": -4.786331644024769,
  "alpha_sortino": -1.903235883110777,
  "alpha_calmar": -10.382542703885989,
  "alpha_max_drawdown": -0.004179157112617626,
  "base_shares": 9800,
  "ending_shares": 9800,
  "base_position_pct": 0.6,
  "max_t0_trade_pct": 0.3,
  "max_participation_rate": 0.05,
  "commission_rate": 0.001,
  "slippage_rate": 0.0005,
  "tp": 0.003,
  "sl": 0.002,
  "stop_loss_cooldown_bars": 6,
  "daily_max_trades": 0,
  "daily_max_losses": 2,
  "daily_loss_limit": 0.0,
  "no_overnight": true
}