{
  "total_return": -0.11339118124586278,
  "annualized_return": -0.8637668792660205,
  "max_drawdown": -0.12492519421566817,
  "sharpe": -7.616395484035782,
  "sortino": -11.895175352652885,
  "calmar": -6.914272854960161,
  "trade_count": 23,
  "win_rate": 0.13043478260869565,
  "avg_net_return_per_trade": -0.006301492778133638,
  "median_net_return_per_trade": -0.0068815677845577815,
  "backtest_mode": "a_share_inventory_t0",
  "trade_direction_mode": "sell_only",
  "buy_threshold": 0.6489220082759856,
  "sell_threshold": 0.9102133363485335,
  "initial_capital": 1000000.0,
  "final_equity": 889247.3665987495,
  "final_benchmark_equity": 906349.0,
  "final_alpha_equity": 982898.3665987495,
  "alpha_total_return": -0.017101633401250482,
  "alpha_sharpe": -12.814219478839538,
  "alpha_sortino": -4.821669159731236,
  "alpha_calmar": -13.708346355159675,
  "alpha_max_drawdown": -0.018128813561588242,
  "base_shares": 9300,
  "ending_shares": 9300,
  "base_position_pct": 0.6,
  "max_t0_trade_pct": 0.3,
  "max_participation_rate": 0.02,
  "commission_rate": 0.0015,
  "slippage_rate": 0.00075,
  "tp": 0.003,
  "sl": 0.002,
  "stop_loss_cooldown_bars": 0,
  "daily_max_trades": 0,
  "daily_max_losses": 0,
  "daily_loss_limit": 0.0,
  "no_overnight": true
}