{
  "total_return": 0.013390727012433823,
  "annualized_return": 1.6300436491526118,
  "max_drawdown": -0.02424934871231388,
  "sharpe": 3.4759484976294748,
  "sortino": 6.979860933255159,
  "calmar": 67.22010015571558,
  "trade_count": 8,
  "win_rate": 0.25,
  "avg_net_return_per_trade": -0.004302037509380848,
  "median_net_return_per_trade": -0.004722873088212618,
  "backtest_mode": "a_share_inventory_t0",
  "trade_direction_mode": "sell_only",
  "buy_threshold": 0.7054184544772757,
  "sell_threshold": 0.6021918281301667,
  "initial_capital": 1000000.0,
  "final_equity": 1010654.5720495002,
  "final_benchmark_equity": 1014040.0,
  "final_alpha_equity": 996614.5720495002,
  "alpha_total_return": -0.0033854279504997864,
  "alpha_sharpe": -11.802785730282357,
  "alpha_sortino": -9.227009202039879,
  "alpha_calmar": -57.56909612248704,
  "alpha_max_drawdown": -0.003795256594499752,
  "base_shares": 10800,
  "ending_shares": 10800,
  "base_position_pct": 0.6,
  "max_t0_trade_pct": 0.3,
  "max_participation_rate": 0.05,
  "commission_rate": 0.001,
  "slippage_rate": 0.0005,
  "tp": 0.003,
  "sl": 0.002,
  "no_overnight": true
}