{
  "total_return": -0.005729436785449238,
  "annualized_return": -0.34144577538929044,
  "max_drawdown": -0.015433457281648133,
  "sharpe": -3.014357396998141,
  "sortino": -5.299901828214833,
  "calmar": -22.12373865156593,
  "trade_count": 1,
  "win_rate": 1.0,
  "avg_net_return_per_trade": 0.0004282027961090033,
  "median_net_return_per_trade": 0.0004282027961090033,
  "backtest_mode": "a_share_inventory_t0",
  "trade_direction_mode": "sell_only",
  "buy_threshold": 0.4649245523000572,
  "sell_threshold": 0.4885400796045951,
  "initial_capital": 1000000.0,
  "final_equity": 994025.9726559999,
  "final_benchmark_equity": 993604.0,
  "final_alpha_equity": 1000421.9726559999,
  "alpha_total_return": 0.00042197265599996925,
  "alpha_sharpe": 2.5967799611749616,
  "alpha_sortino": 1.4806249548308117,
  "alpha_calmar": 54.96594303332923,
  "alpha_max_drawdown": -0.0005666175398830742,
  "base_shares": 8200,
  "ending_shares": 8200,
  "base_position_pct": 0.6,
  "max_t0_trade_pct": 0.3,
  "max_participation_rate": 0.02,
  "commission_rate": 0.001,
  "slippage_rate": 0.0005,
  "tp": 0.003,
  "sl": 0.002,
  "no_overnight": true
}