{
  "total_return": -0.0532673309712407,
  "annualized_return": -0.5961199742682326,
  "max_drawdown": -0.08026912666975006,
  "sharpe": -2.682661884374642,
  "sortino": -2.553607821425089,
  "calmar": -7.426516258496734,
  "trade_count": 12,
  "win_rate": 0.3333333333333333,
  "avg_net_return_per_trade": -0.0037696058289693906,
  "median_net_return_per_trade": -0.0058744297485022155,
  "backtest_mode": "a_share_inventory_t0",
  "trade_direction_mode": "sell_only",
  "buy_threshold": 0.7226963907480239,
  "sell_threshold": 0.9022319376468658,
  "initial_capital": 1000000.0,
  "final_equity": 946361.5498225,
  "final_benchmark_equity": 953450.0,
  "final_alpha_equity": 992911.5498225,
  "alpha_total_return": -0.007088450177500039,
  "alpha_sharpe": -7.5207591262807965,
  "alpha_sortino": -3.030300831745799,
  "alpha_calmar": -14.527009373118858,
  "alpha_max_drawdown": -0.007651126669750097,
  "base_shares": 9800,
  "ending_shares": 9800,
  "base_position_pct": 0.6,
  "max_t0_trade_pct": 0.3,
  "max_participation_rate": 0.02,
  "commission_rate": 0.0015,
  "slippage_rate": 0.0005,
  "tp": 0.003,
  "sl": 0.002,
  "stop_loss_cooldown_bars": 0,
  "daily_max_trades": 0,
  "daily_max_losses": 0,
  "daily_loss_limit": 0.0,
  "no_overnight": true
}