model_label,epoch,train_loss,valid_loss,valid_auc,valid_prob_mean,valid_prob_max
MLP_buy,1,1.246591381124548,1.1414369344711304,0.4909172126265634,0.35890698432922363,0.8436576128005981
MLP_buy,2,0.9301203247663137,1.1683470010757446,0.4897260273972603,0.3685554563999176,0.8337388634681702
MLP_buy,3,0.7944742022333918,1.1861822605133057,0.4912150089338892,0.3554641902446747,0.7334395051002502
