model_label,epoch,train_loss,valid_loss,valid_auc,valid_prob_mean,valid_prob_max
MLP_sell,1,1.0359845934687435,0.9640129208564758,0.4812366976587879,0.539763867855072,0.8087202906608582
MLP_sell,2,0.884307861328125,1.009606957435608,0.49098241290467115,0.46383705735206604,0.8075081706047058
MLP_sell,3,0.7666178651758142,1.0353107452392578,0.48235689481348715,0.45982733368873596,0.8597755432128906
