{
  "model": "MLP",
  "target_col_buy": "buy_label",
  "target_col_sell": "sell_label",
  "feature_count": 194,
  "lookback": 8,
  "params": {
    "lookback": 8,
    "hidden_dim": 256,
    "dropout": 0.3,
    "output_dim": 1
  },
  "buy_fit": {
    "best_score": 0.4912150089338892,
    "best_valid_auc": 0.4912150089338892,
    "epochs_ran": 3,
    "pos_rate": 0.25506756756756754,
    "pos_weight": 2.920529801324504,
    "device": "cpu"
  },
  "sell_fit": {
    "best_score": 0.49098241290467115,
    "best_valid_auc": 0.49098241290467115,
    "epochs_ran": 3,
    "pos_rate": 0.35135135135135137,
    "pos_weight": 1.8461538461538463,
    "device": "cpu"
  },
  "valid_buy_auc": 0.4912150089338892,
  "valid_buy_positive_rate": 0.23958333333333334,
  "valid_buy_prob_mean": 0.3554641902446747,
  "valid_buy_prob_std": 0.16085578501224518,
  "valid_buy_prob_min": 0.0545867383480072,
  "valid_buy_prob_max": 0.7334395051002502,
  "valid_buy_acc_05": 0.6927083333333334,
  "valid_buy_precision_05": 0.3333333333333333,
  "valid_buy_recall_05": 0.2826086956521739,
  "valid_buy_f1_05": 0.3058823529411765,
  "valid_buy_q90_threshold": 0.587729811668396,
  "valid_buy_q95_threshold": 0.6446701288223267,
  "test_buy_auc": 0.4447916666666667,
  "test_buy_positive_rate": 0.21052631578947367,
  "test_buy_prob_mean": 0.33943015336990356,
  "test_buy_prob_std": 0.19437344372272491,
  "test_buy_prob_min": 0.0014941911213099957,
  "test_buy_prob_max": 0.7842395305633545,
  "test_buy_acc_05": 0.6052631578947368,
  "test_buy_precision_05": 0.1111111111111111,
  "test_buy_recall_05": 0.125,
  "test_buy_f1_05": 0.11764705882352941,
  "test_buy_q90_threshold": 0.5740007758140564,
  "test_buy_q95_threshold": 0.6192650198936462,
  "valid_sell_auc": 0.49098241290467115,
  "valid_sell_positive_rate": 0.4114583333333333,
  "valid_sell_prob_mean": 0.46383705735206604,
  "valid_sell_prob_std": 0.13447479903697968,
  "valid_sell_prob_min": 0.19065216183662415,
  "valid_sell_prob_max": 0.8075081706047058,
  "valid_sell_acc_05": 0.515625,
  "valid_sell_precision_05": 0.41025641025641024,
  "valid_sell_recall_05": 0.4050632911392405,
  "valid_sell_f1_05": 0.40764331210191085,
  "valid_sell_q90_threshold": 0.6384769082069397,
  "valid_sell_q95_threshold": 0.6689213514328003,
  "test_sell_auc": 0.4996220710506425,
  "test_sell_positive_rate": 0.35526315789473684,
  "test_sell_prob_mean": 0.5069398283958435,
  "test_sell_prob_std": 0.1545303910970688,
  "test_sell_prob_min": 0.11644315719604492,
  "test_sell_prob_max": 0.9798550605773926,
  "test_sell_acc_05": 0.4868421052631579,
  "test_sell_precision_05": 0.33783783783783783,
  "test_sell_recall_05": 0.46296296296296297,
  "test_sell_f1_05": 0.390625,
  "test_sell_q90_threshold": 0.6985411047935486,
  "test_sell_q95_threshold": 0.7701800465583801
}