{
  "total_return": -0.05486808560250145,
  "annualized_return": -0.607745769393561,
  "max_drawdown": -0.08140557305414864,
  "sharpe": -2.8160247989087654,
  "sortino": -2.663626882906284,
  "calmar": -7.4656531069353935,
  "trade_count": 18,
  "win_rate": 0.2222222222222222,
  "avg_net_return_per_trade": -0.0050732014568454,
  "median_net_return_per_trade": -0.00578915334672486,
  "backtest_mode": "a_share_inventory_t0",
  "trade_direction_mode": "sell_only",
  "buy_threshold": 0.7235490381717682,
  "sell_threshold": 0.8215599060058594,
  "initial_capital": 1000000.0,
  "final_equity": 944298.308049,
  "final_benchmark_equity": 953940.0,
  "final_alpha_equity": 990358.308049,
  "alpha_total_return": -0.009641691951000064,
  "alpha_sharpe": -10.534187370374209,
  "alpha_sortino": -3.9229917600924535,
  "alpha_calmar": -14.0835070384281,
  "alpha_max_drawdown": -0.010539254229510853,
  "base_shares": 9800,
  "ending_shares": 9800,
  "base_position_pct": 0.6,
  "max_t0_trade_pct": 0.3,
  "max_participation_rate": 0.05,
  "commission_rate": 0.001,
  "slippage_rate": 0.0005,
  "tp": 0.003,
  "sl": 0.002,
  "stop_loss_cooldown_bars": 6,
  "daily_max_trades": 0,
  "daily_max_losses": 2,
  "daily_loss_limit": 0.0,
  "no_overnight": true
}