{
  "total_return": -0.09473302595751942,
  "annualized_return": -0.8084503677665527,
  "max_drawdown": -0.1122024961843422,
  "sharpe": -6.305651568736384,
  "sortino": -10.011834530857548,
  "calmar": -7.205279697506155,
  "trade_count": 9,
  "win_rate": 0.5555555555555556,
  "avg_net_return_per_trade": -0.0021762824566760996,
  "median_net_return_per_trade": 5.002592112479925e-05,
  "backtest_mode": "a_share_inventory_t0",
  "trade_direction_mode": "sell_only",
  "buy_threshold": 0.6396319121122359,
  "sell_threshold": 0.8958575916290282,
  "initial_capital": 1000000.0,
  "final_equity": 908840.9680560003,
  "final_benchmark_equity": 912204.0,
  "final_alpha_equity": 996636.9680560003,
  "alpha_total_return": -0.0033630319439996725,
  "alpha_sharpe": -4.77164371139719,
  "alpha_sortino": -1.6654468580611097,
  "alpha_calmar": -11.08845785421508,
  "alpha_max_drawdown": -0.00490611031649979,
  "base_shares": 9400,
  "ending_shares": 9400,
  "base_position_pct": 0.6,
  "max_t0_trade_pct": 0.3,
  "max_participation_rate": 0.05,
  "commission_rate": 0.001,
  "slippage_rate": 0.0005,
  "tp": 0.003,
  "sl": 0.002,
  "stop_loss_cooldown_bars": 0,
  "daily_max_trades": 0,
  "daily_max_losses": 0,
  "daily_loss_limit": 0.0,
  "no_overnight": true
}