{
  "lookback": 32,
  "lookback_minutes": 160,
  "horizon": 3,
  "horizon_minutes": 15,
  "best_valid_auc": 0.6147523945491753,
  "valid_auc": 0.6147523945491753,
  "test_auc": 0.566753190008712,
  "train_positive_rate": 0.27648971662654676,
  "valid_positive_rate": 0.29260100760644076,
  "test_positive_rate": 0.32793362307388385,
  "valid_action_metrics": {
    "accuracy": 0.43149264052158454,
    "buy_auc": 0.6147523945491753,
    "sell_auc": 0.6122840453358515,
    "buy_positive_rate": 0.29260100760644076,
    "sell_positive_rate": 0.35503309295663343,
    "hold_rate": 0.3523658994369258
  },
  "test_action_metrics": {
    "accuracy": 0.381568549980245,
    "buy_auc": 0.566753190008712,
    "sell_auc": 0.5570992066055643,
    "buy_positive_rate": 0.32793362307388385,
    "sell_positive_rate": 0.37090082971157645,
    "hold_rate": 0.3011655472145397
  },
  "test_trade_return_mean_all": 0.0001823056603399879,
  "test_trade_return_mean_label_1": -6.765523915539648e-05,
  "selected_threshold": 0.5200428187847137,
  "selected_quantile": 0.95,
  "selected_threshold_test_stats": {
    "threshold": 0.5200428187847137,
    "horizon": 3,
    "round_trip_cost": 0.003,
    "trade_count": 184,
    "win_rate": 0.3532608695652174,
    "gross_return_mean": 0.0006276715766532076,
    "net_return_mean": -0.0023723284233467925,
    "gross_return_median": -4.865706500584155e-05,
    "net_return_median": -0.0030486570650058416,
    "total_return": -0.36334578493988123,
    "max_drawdown": -0.3961428839503791,
    "per_trade_sharpe": -0.18838734645849303,
    "trades_per_year": 210.65877231171092,
    "bar_annualized_sharpe": -20.303926404089662,
    "sharpe": -2.734270666322288,
    "avg_pred_prob": 0.5380048687043397,
    "positive_label_rate": 0.5489130434782609,
    "buy_label_rate": 0.4076086956521739,
    "selected_by": "validation_net_return_mean",
    "selected_quantile": 0.95
  },
  "output_dir": "outputs\\diagnostics\\horizon_compare\\lb32_h3",
  "seed": 42
}