{
  "scenario_count": 12,
  "all_alpha_positive": false,
  "min_alpha_total_return": -0.007816822084499742,
  "worst_alpha_max_drawdown": -0.007816822084499742,
  "min_trade_count": 11
}