{
  "total_return": -0.005505222168653345,
  "annualized_return": -0.3305619798030871,
  "max_drawdown": -0.0153441632174246,
  "sharpe": -2.8844470826929665,
  "sortino": -4.930759831435533,
  "calmar": -21.54317411246681,
  "trade_count": 2,
  "win_rate": 0.5,
  "avg_net_return_per_trade": 0.00036361996787981615,
  "median_net_return_per_trade": 0.00036361996787981615,
  "backtest_mode": "a_share_inventory_t0",
  "trade_direction_mode": "sell_only",
  "buy_threshold": 0.5368165940785212,
  "sell_threshold": 0.45050370956463415,
  "initial_capital": 1000000.0,
  "final_equity": 994250.1321160002,
  "final_benchmark_equity": 993604.0,
  "final_alpha_equity": 1000646.1321160002,
  "alpha_total_return": 0.0006461321160000644,
  "alpha_sharpe": 3.940186511219541,
  "alpha_sortino": 2.3422820480280526,
  "alpha_calmar": 40.73097131147562,
  "alpha_max_drawdown": -0.0011803392151006342,
  "base_shares": 8200,
  "ending_shares": 8200,
  "base_position_pct": 0.6,
  "max_t0_trade_pct": 0.3,
  "max_participation_rate": 0.05,
  "commission_rate": 0.001,
  "slippage_rate": 0.0005,
  "tp": 0.003,
  "sl": 0.002,
  "no_overnight": true
}