{
  "total_return": -0.09622708942843639,
  "annualized_return": -0.8136327114409934,
  "max_drawdown": -0.11377748717848268,
  "sharpe": -6.4237610475951,
  "sortino": -10.179922489604246,
  "calmar": -7.151087017457576,
  "trade_count": 13,
  "win_rate": 0.5384615384615384,
  "avg_net_return_per_trade": -0.0028195189759570092,
  "median_net_return_per_trade": 5.598215777092002e-05,
  "backtest_mode": "a_share_inventory_t0",
  "trade_direction_mode": "sell_only",
  "buy_threshold": 0.6345955163240432,
  "sell_threshold": 0.8987929791212081,
  "initial_capital": 1000000.0,
  "final_equity": 907341.0060225001,
  "final_benchmark_equity": 912204.0,
  "final_alpha_equity": 995137.0060225001,
  "alpha_total_return": -0.0048629939774998965,
  "alpha_sharpe": -7.49759516802018,
  "alpha_sortino": -2.3810395517572016,
  "alpha_calmar": -14.467464303560224,
  "alpha_max_drawdown": -0.0053746080053789225,
  "base_shares": 9400,
  "ending_shares": 9400,
  "base_position_pct": 0.6,
  "max_t0_trade_pct": 0.3,
  "max_participation_rate": 0.02,
  "commission_rate": 0.001,
  "slippage_rate": 0.0005,
  "tp": 0.003,
  "sl": 0.002,
  "stop_loss_cooldown_bars": 6,
  "daily_max_trades": 0,
  "daily_max_losses": 2,
  "daily_loss_limit": 0.0,
  "no_overnight": true
}