{
  "total_return": 0.07628939972072257,
  "annualized_return": 1.9096602822843347,
  "max_drawdown": -0.04846974241054469,
  "sharpe": 4.052843990005351,
  "sortino": 6.8656214343552096,
  "calmar": 39.39901858997469,
  "trade_count": 2,
  "win_rate": 0.5,
  "avg_net_return_per_trade": -0.006737677280249651,
  "median_net_return_per_trade": -0.006737677280249651,
  "backtest_mode": "a_share_inventory_t0",
  "trade_direction_mode": "sell_only",
  "buy_threshold": 0.6654055744409558,
  "sell_threshold": 0.6261493039131164,
  "initial_capital": 1000000.0,
  "final_equity": 1075604.8796625002,
  "final_benchmark_equity": 1079076.0,
  "final_alpha_equity": 996528.8796625002,
  "alpha_total_return": -0.0034711203374997446,
  "alpha_sharpe": -3.6833386365272376,
  "alpha_sortino": -0.41498926236231,
  "alpha_calmar": -12.545873846126366,
  "alpha_max_drawdown": -0.003926314012499987,
  "base_shares": 10600,
  "ending_shares": 10600,
  "base_position_pct": 0.6,
  "max_t0_trade_pct": 0.3,
  "max_participation_rate": 0.05,
  "commission_rate": 0.001,
  "slippage_rate": 0.0005,
  "tp": 0.003,
  "sl": 0.002,
  "stop_loss_cooldown_bars": 6,
  "daily_max_trades": 0,
  "daily_max_losses": 2,
  "daily_loss_limit": 0.0,
  "no_overnight": true
}