{
  "total_return": 0.08088189198783469,
  "annualized_return": 2.099192466030096,
  "max_drawdown": -0.0455658685395981,
  "sharpe": 4.2661572919377155,
  "sortino": 7.235965675838745,
  "calmar": 46.06940530949904,
  "trade_count": 3,
  "win_rate": 0.6666666666666666,
  "avg_net_return_per_trade": -0.0014933021393146232,
  "median_net_return_per_trade": 0.0010861981401736926,
  "backtest_mode": "a_share_inventory_t0",
  "trade_direction_mode": "sell_only",
  "buy_threshold": 0.669258889555931,
  "sell_threshold": 0.6061013400554657,
  "initial_capital": 1000000.0,
  "final_equity": 1079277.8632601248,
  "final_benchmark_equity": 1079288.0,
  "final_alpha_equity": 999989.8632601248,
  "alpha_total_return": -1.0136739875155065e-05,
  "alpha_sharpe": -0.01026796657322523,
  "alpha_sortino": -0.003036406937263135,
  "alpha_calmar": -0.05759141866913876,
  "alpha_max_drawdown": -0.002559616856280811,
  "base_shares": 10600,
  "ending_shares": 10600,
  "base_position_pct": 0.6,
  "max_t0_trade_pct": 0.3,
  "max_participation_rate": 0.05,
  "commission_rate": 0.0015,
  "slippage_rate": 0.00075,
  "tp": 0.004,
  "sl": 0.002,
  "stop_loss_cooldown_bars": 0,
  "daily_max_trades": 0,
  "daily_max_losses": 0,
  "daily_loss_limit": 0.0,
  "no_overnight": true
}