{
  "total_return": -0.09605406943956574,
  "annualized_return": -0.8126435650858718,
  "max_drawdown": -0.11582718937937586,
  "sharpe": -6.248466331900781,
  "sortino": -9.976187418388193,
  "calmar": -7.016000037989101,
  "trade_count": 17,
  "win_rate": 0.47058823529411764,
  "avg_net_return_per_trade": -0.002913508232398221,
  "median_net_return_per_trade": -0.005514364291314296,
  "backtest_mode": "a_share_inventory_t0",
  "trade_direction_mode": "sell_only",
  "buy_threshold": 0.6601430773735046,
  "sell_threshold": 0.8602267056703568,
  "initial_capital": 1000000.0,
  "final_equity": 908325.5485939996,
  "final_benchmark_equity": 913740.0,
  "final_alpha_equity": 994585.5485939996,
  "alpha_total_return": -0.005414451406000387,
  "alpha_sharpe": -5.71413708509949,
  "alpha_sortino": -2.490349247276951,
  "alpha_calmar": -10.79849978873629,
  "alpha_max_drawdown": -0.00797357048168168,
  "base_shares": 9500,
  "ending_shares": 9500,
  "base_position_pct": 0.6,
  "max_t0_trade_pct": 0.3,
  "max_participation_rate": 0.02,
  "commission_rate": 0.001,
  "slippage_rate": 0.00075,
  "tp": 0.003,
  "sl": 0.002,
  "stop_loss_cooldown_bars": 0,
  "daily_max_trades": 0,
  "daily_max_losses": 0,
  "daily_loss_limit": 0.0,
  "no_overnight": true
}