{
  "total_return": 0.06159480663778294,
  "annualized_return": 76.11090229225013,
  "max_drawdown": -0.019320034439455624,
  "sharpe": 15.907982676675484,
  "sortino": 26.10534059452217,
  "calmar": 3939.480673844735,
  "trade_count": 11,
  "win_rate": 0.45454545454545453,
  "avg_net_return_per_trade": -0.0033210623826575507,
  "median_net_return_per_trade": -0.005063776350461066,
  "backtest_mode": "a_share_inventory_t0",
  "trade_direction_mode": "sell_only",
  "buy_threshold": 0.4856871202588081,
  "sell_threshold": 0.7695167940855026,
  "initial_capital": 1000000.0,
  "final_equity": 1060717.9293275,
  "final_benchmark_equity": 1066316.0,
  "final_alpha_equity": 994401.9293275,
  "alpha_total_return": -0.005598070672499955,
  "alpha_sharpe": -17.601682474674334,
  "alpha_sortino": -12.268782781024052,
  "alpha_calmar": -56.045689405861026,
  "alpha_max_drawdown": -0.005978878610999772,
  "base_shares": 11800,
  "ending_shares": 11800,
  "base_position_pct": 0.6,
  "max_t0_trade_pct": 0.3,
  "max_participation_rate": 0.05,
  "commission_rate": 0.001,
  "slippage_rate": 0.0005,
  "tp": 0.003,
  "sl": 0.002,
  "no_overnight": true
}