{
  "total_return": -0.028249090545948263,
  "annualized_return": -0.968595419005271,
  "max_drawdown": -0.05779771089398089,
  "sharpe": -9.689185587087545,
  "sortino": -13.223727600394767,
  "calmar": -16.758369908143568,
  "trade_count": 2,
  "win_rate": 0.0,
  "avg_net_return_per_trade": -0.0039039808052126444,
  "median_net_return_per_trade": -0.0039039808052126444,
  "backtest_mode": "a_share_inventory_t0",
  "trade_direction_mode": "sell_only",
  "buy_threshold": 0.36078413022845357,
  "sell_threshold": 0.5629415590088706,
  "initial_capital": 1000000.0,
  "final_equity": 969849.1929242502,
  "final_benchmark_equity": 970336.0,
  "final_alpha_equity": 999513.1929242502,
  "alpha_total_return": -0.00048680707574988435,
  "alpha_sharpe": -5.693905026270194,
  "alpha_sortino": -2.242965305484536,
  "alpha_calmar": -55.56883484370032,
  "alpha_max_drawdown": -0.0010277529518030182,
  "base_shares": 10300,
  "ending_shares": 10300,
  "base_position_pct": 0.6,
  "max_t0_trade_pct": 0.3,
  "max_participation_rate": 0.05,
  "commission_rate": 0.0015,
  "slippage_rate": 0.00075,
  "tp": 0.003,
  "sl": 0.002,
  "no_overnight": true
}