model_label,epoch,train_loss,valid_loss,valid_auc,valid_prob_mean,valid_prob_max
CNN_buy,1,1.308455550992811,2.4801104068756104,0.34165995165189356,0.197595477104187,0.33463481068611145
CNN_buy,2,1.1716123561601381,3.072998285293579,0.32450788534591923,0.16075335443019867,0.37069493532180786
CNN_buy,3,1.1020341241681897,3.455394983291626,0.3268101761252446,0.14693062007427216,0.42105984687805176
