model_label,epoch,train_loss,valid_loss,valid_auc,valid_prob_mean,valid_prob_max
CNN_sell,1,1.0270893541542259,0.8429570198059082,0.46744505494505495,0.35244932770729065,0.525853157043457
CNN_sell,2,0.920101523399353,1.0321767330169678,0.439010989010989,0.5042403936386108,0.9163719415664673
CNN_sell,3,0.8873206731435415,1.1968169212341309,0.4385989010989011,0.5475955009460449,0.9721002578735352
