{
  "model": "CNN",
  "target_col_buy": "buy_label",
  "target_col_sell": "sell_label",
  "feature_count": 194,
  "lookback": 8,
  "params": {
    "channels": 64,
    "kernel_size": 3,
    "dropout": 0.3,
    "output_dim": 1
  },
  "buy_fit": {
    "best_score": 0.34165995165189356,
    "best_valid_auc": 0.34165995165189356,
    "epochs_ran": 3,
    "pos_rate": 0.24493243243243243,
    "pos_weight": 3.0827586206896553,
    "device": "cpu"
  },
  "sell_fit": {
    "best_score": 0.46744505494505495,
    "best_valid_auc": 0.46744505494505495,
    "epochs_ran": 3,
    "pos_rate": 0.3581081081081081,
    "pos_weight": 1.7924528301886793,
    "device": "cpu"
  },
  "valid_buy_auc": 0.34165995165189356,
  "valid_buy_positive_rate": 0.3802083333333333,
  "valid_buy_prob_mean": 0.197595477104187,
  "valid_buy_prob_std": 0.08225920796394348,
  "valid_buy_prob_min": 0.03206339105963707,
  "valid_buy_prob_max": 0.33463481068611145,
  "valid_buy_acc_05": 0.6197916666666666,
  "valid_buy_precision_05": 0.0,
  "valid_buy_recall_05": 0.0,
  "valid_buy_f1_05": 0.0,
  "valid_buy_q90_threshold": 0.2882223129272461,
  "valid_buy_q95_threshold": 0.3002597391605377,
  "test_buy_auc": 0.5131578947368423,
  "test_buy_positive_rate": 0.25,
  "test_buy_prob_mean": 0.17638427019119263,
  "test_buy_prob_std": 0.07563403248786926,
  "test_buy_prob_min": 0.017978370189666748,
  "test_buy_prob_max": 0.3297048509120941,
  "test_buy_acc_05": 0.75,
  "test_buy_precision_05": 0.0,
  "test_buy_recall_05": 0.0,
  "test_buy_f1_05": 0.0,
  "test_buy_q90_threshold": 0.28007596731185913,
  "test_buy_q95_threshold": 0.2877930700778961,
  "valid_sell_auc": 0.46744505494505495,
  "valid_sell_positive_rate": 0.2708333333333333,
  "valid_sell_prob_mean": 0.35244932770729065,
  "valid_sell_prob_std": 0.06870903074741364,
  "valid_sell_prob_min": 0.21129655838012695,
  "valid_sell_prob_max": 0.525853157043457,
  "valid_sell_acc_05": 0.7291666666666666,
  "valid_sell_precision_05": 0.5,
  "valid_sell_recall_05": 0.057692307692307696,
  "valid_sell_f1_05": 0.10344827586206896,
  "valid_sell_q90_threshold": 0.44365355372428894,
  "valid_sell_q95_threshold": 0.4777224063873291,
  "test_sell_auc": 0.4651504035216435,
  "test_sell_positive_rate": 0.3815789473684211,
  "test_sell_prob_mean": 0.3639187514781952,
  "test_sell_prob_std": 0.07485934346914291,
  "test_sell_prob_min": 0.14962393045425415,
  "test_sell_prob_max": 0.5363448262214661,
  "test_sell_acc_05": 0.5986842105263158,
  "test_sell_precision_05": 0.2,
  "test_sell_recall_05": 0.017241379310344827,
  "test_sell_f1_05": 0.031746031746031744,
  "test_sell_q90_threshold": 0.4423738121986389,
  "test_sell_q95_threshold": 0.48608025908470154
}