{
  "total_return": -0.049599680548641945,
  "annualized_return": -0.58330514298696,
  "max_drawdown": -0.07911038528563175,
  "sharpe": -2.349550721301478,
  "sortino": -2.229750723012401,
  "calmar": -7.373306815292449,
  "trade_count": 8,
  "win_rate": 0.25,
  "avg_net_return_per_trade": -0.0047645394474841694,
  "median_net_return_per_trade": -0.005714389662866745,
  "backtest_mode": "a_share_inventory_t0",
  "trade_direction_mode": "sell_only",
  "buy_threshold": 0.7788469702005386,
  "sell_threshold": 0.8220892691612244,
  "initial_capital": 1000000.0,
  "final_equity": 952752.5602420002,
  "final_benchmark_equity": 957628.0,
  "final_alpha_equity": 995124.5602420002,
  "alpha_total_return": -0.0048754397579998665,
  "alpha_sharpe": -10.753921429653692,
  "alpha_sortino": -2.873244495045397,
  "alpha_calmar": -16.381525041495948,
  "alpha_max_drawdown": -0.004923956800047202,
  "base_shares": 9900,
  "ending_shares": 9900,
  "base_position_pct": 0.6,
  "max_t0_trade_pct": 0.3,
  "max_participation_rate": 0.05,
  "commission_rate": 0.001,
  "slippage_rate": 0.0005,
  "tp": 0.003,
  "sl": 0.002,
  "stop_loss_cooldown_bars": 6,
  "daily_max_trades": 0,
  "daily_max_losses": 2,
  "daily_loss_limit": 0.0,
  "no_overnight": true
}