{
  "total_return": 0.07320544648596505,
  "annualized_return": 1.7908626853686282,
  "max_drawdown": -0.04858123977084272,
  "sharpe": 3.896729436465861,
  "sortino": 6.599363180373584,
  "calmar": 36.86325614200279,
  "trade_count": 4,
  "win_rate": 0.25,
  "avg_net_return_per_trade": -0.008893387695206251,
  "median_net_return_per_trade": -0.009874556026905451,
  "backtest_mode": "a_share_inventory_t0",
  "trade_direction_mode": "sell_only",
  "buy_threshold": 0.6654055744409558,
  "sell_threshold": 0.6038862615823746,
  "initial_capital": 1000000.0,
  "final_equity": 1072522.887822,
  "final_benchmark_equity": 1079076.0,
  "final_alpha_equity": 993446.8878220001,
  "alpha_total_return": -0.00655311217799992,
  "alpha_sharpe": -6.082770006048308,
  "alpha_sortino": -1.1652581381874296,
  "alpha_calmar": -13.900675979017306,
  "alpha_max_drawdown": -0.006553112178000142,
  "base_shares": 10600,
  "ending_shares": 10600,
  "base_position_pct": 0.6,
  "max_t0_trade_pct": 0.3,
  "max_participation_rate": 0.02,
  "commission_rate": 0.0015,
  "slippage_rate": 0.001,
  "tp": 0.003,
  "sl": 0.002,
  "stop_loss_cooldown_bars": 6,
  "daily_max_trades": 0,
  "daily_max_losses": 2,
  "daily_loss_limit": 0.0,
  "no_overnight": true
}