{
  "total_return": 0.08166587399000114,
  "annualized_return": 2.132045460473344,
  "max_drawdown": -0.04479052204663059,
  "sharpe": 4.303140472972191,
  "sortino": 7.312382109126376,
  "calmar": 47.600370860909166,
  "trade_count": 1,
  "win_rate": 1.0,
  "avg_net_return_per_trade": 0.001605453049053132,
  "median_net_return_per_trade": 0.001605453049053132,
  "backtest_mode": "a_share_inventory_t0",
  "trade_direction_mode": "sell_only",
  "buy_threshold": 0.701366928219795,
  "sell_threshold": 0.6161839395761487,
  "initial_capital": 1000000.0,
  "final_equity": 1080060.681833,
  "final_benchmark_equity": 1079288.0,
  "final_alpha_equity": 1000772.6818329999,
  "alpha_total_return": 0.0007726818329998331,
  "alpha_sharpe": 2.3421766721668926,
  "alpha_sortino": 0.45969852613410167,
  "alpha_calmar": 25.38415859467992,
  "alpha_max_drawdown": -0.0004450163331675139,
  "base_shares": 10600,
  "ending_shares": 10600,
  "base_position_pct": 0.6,
  "max_t0_trade_pct": 0.3,
  "max_participation_rate": 0.05,
  "commission_rate": 0.001,
  "slippage_rate": 0.0005,
  "tp": 0.004,
  "sl": 0.002,
  "stop_loss_cooldown_bars": 6,
  "daily_max_trades": 0,
  "daily_max_losses": 2,
  "daily_loss_limit": 0.0,
  "no_overnight": true
}