{
  "model": "LSTM",
  "target_col_buy": "buy_label",
  "target_col_sell": "sell_label",
  "feature_count": 194,
  "lookback": 8,
  "params": {
    "hidden_dim": 256,
    "num_layers": 2,
    "dropout": 0.3,
    "output_dim": 1
  },
  "buy_fit": {
    "best_score": 0.5283704757388968,
    "best_valid_auc": 0.5283704757388968,
    "epochs_ran": 20,
    "pos_rate": 0.2706766917293233,
    "pos_weight": 2.6944444444444446,
    "device": "cpu"
  },
  "sell_fit": {
    "best_score": 0.5340424415510431,
    "best_valid_auc": 0.5340424415510431,
    "epochs_ran": 18,
    "pos_rate": 0.3405388471177945,
    "pos_weight": 1.9365225390984362,
    "device": "cpu"
  },
  "valid_buy_auc": 0.5283704757388968,
  "valid_buy_positive_rate": 0.2803030303030303,
  "valid_buy_prob_mean": 0.3791564702987671,
  "valid_buy_prob_std": 0.23580586910247803,
  "valid_buy_prob_min": 0.017246389761567116,
  "valid_buy_prob_max": 0.9152812957763672,
  "valid_buy_acc_05": 0.5984848484848485,
  "valid_buy_precision_05": 0.3125,
  "valid_buy_recall_05": 0.36036036036036034,
  "valid_buy_f1_05": 0.33472803347280333,
  "valid_buy_q90_threshold": 0.7148022651672363,
  "valid_buy_q95_threshold": 0.7839341759681702,
  "test_buy_auc": 0.52263072971549,
  "test_buy_positive_rate": 0.26262626262626265,
  "test_buy_prob_mean": 0.373139351606369,
  "test_buy_prob_std": 0.21092112362384796,
  "test_buy_prob_min": 0.014389773830771446,
  "test_buy_prob_max": 0.8735644817352295,
  "test_buy_acc_05": 0.6136363636363636,
  "test_buy_precision_05": 0.3008130081300813,
  "test_buy_recall_05": 0.3557692307692308,
  "test_buy_f1_05": 0.32599118942731276,
  "test_buy_q90_threshold": 0.6641697287559509,
  "test_buy_q95_threshold": 0.7329289317131042,
  "valid_sell_auc": 0.5340424415510431,
  "valid_sell_positive_rate": 0.3068181818181818,
  "valid_sell_prob_mean": 0.46671348810195923,
  "valid_sell_prob_std": 0.23055948317050934,
  "valid_sell_prob_min": 0.0320567786693573,
  "valid_sell_prob_max": 0.9270738363265991,
  "valid_sell_acc_05": 0.5404040404040404,
  "valid_sell_precision_05": 0.33053221288515405,
  "valid_sell_recall_05": 0.48559670781893005,
  "valid_sell_f1_05": 0.3933333333333333,
  "valid_sell_q90_threshold": 0.7821643352508545,
  "valid_sell_q95_threshold": 0.8303675651550293,
  "test_sell_auc": 0.4916683532348378,
  "test_sell_positive_rate": 0.3068181818181818,
  "test_sell_prob_mean": 0.4384613037109375,
  "test_sell_prob_std": 0.23043900728225708,
  "test_sell_prob_min": 0.03477892279624939,
  "test_sell_prob_max": 0.9650458693504333,
  "test_sell_acc_05": 0.547979797979798,
  "test_sell_precision_05": 0.3050847457627119,
  "test_sell_recall_05": 0.37037037037037035,
  "test_sell_f1_05": 0.3345724907063197,
  "test_sell_q90_threshold": 0.7793388962745667,
  "test_sell_q95_threshold": 0.851359486579895
}