{
  "total_return": -0.10855778102293034,
  "annualized_return": -0.41593961670413104,
  "max_drawdown": -0.15022268616151613,
  "sharpe": -2.4135598995273706,
  "sortino": -3.3711665869039287,
  "calmar": -2.7688202583258423,
  "trade_count": 2,
  "win_rate": 0.5,
  "avg_net_return_per_trade": -0.003552639239304875,
  "median_net_return_per_trade": -0.003552639239304875,
  "backtest_mode": "a_share_inventory_t0",
  "trade_direction_mode": "sell_only",
  "buy_threshold": 0.6868722345201278,
  "sell_threshold": 0.7133136130143778,
  "initial_capital": 1000000.0,
  "final_equity": 894849.311138,
  "final_benchmark_equity": 896351.0,
  "final_alpha_equity": 998498.311138,
  "alpha_total_return": -0.0015016888619999724,
  "alpha_sharpe": -1.5717854492883612,
  "alpha_sortino": -0.345803627966353,
  "alpha_calmar": -3.218806846550864,
  "alpha_max_drawdown": -0.0021771625695000685,
  "base_shares": 9100,
  "ending_shares": 9100,
  "base_position_pct": 0.6,
  "max_t0_trade_pct": 0.3,
  "max_participation_rate": 0.05,
  "commission_rate": 0.001,
  "slippage_rate": 0.0005,
  "tp": 0.003,
  "sl": 0.002,
  "no_overnight": true
}