{
  "total_return": -0.10430148992398625,
  "annualized_return": -0.8386927689343399,
  "max_drawdown": -0.11832175592313288,
  "sharpe": -7.0193912449576095,
  "sortino": -11.034680765043374,
  "calmar": -7.088238020057717,
  "trade_count": 14,
  "win_rate": 0.35714285714285715,
  "avg_net_return_per_trade": -0.004090792589997146,
  "median_net_return_per_trade": -0.006030925878948321,
  "backtest_mode": "a_share_inventory_t0",
  "trade_direction_mode": "sell_only",
  "buy_threshold": 0.9011711865663528,
  "sell_threshold": 0.874142597913742,
  "initial_capital": 1000000.0,
  "final_equity": 898364.108842,
  "final_benchmark_equity": 906349.0,
  "final_alpha_equity": 992015.108842,
  "alpha_total_return": -0.00798489115799994,
  "alpha_sharpe": -5.638114601765762,
  "alpha_sortino": -1.8524655979784395,
  "alpha_calmar": -10.362419770217985,
  "alpha_max_drawdown": -0.011999777977161008,
  "base_shares": 9300,
  "ending_shares": 9300,
  "base_position_pct": 0.6,
  "max_t0_trade_pct": 0.3,
  "max_participation_rate": 0.05,
  "commission_rate": 0.001,
  "slippage_rate": 0.0005,
  "tp": 0.004,
  "sl": 0.002,
  "stop_loss_cooldown_bars": 6,
  "daily_max_trades": 0,
  "daily_max_losses": 2,
  "daily_loss_limit": 0.0,
  "no_overnight": true
}