model_label,epoch,train_loss,valid_loss,valid_auc,valid_prob_mean,valid_prob_max
CNN_buy,1,1.01898839989224,0.8669023513793945,0.5776772247360482,0.4573022425174713,0.5912131071090698
CNN_buy,2,0.9445489290598277,0.8649430871009827,0.6200770906653259,0.46843037009239197,0.6318200826644897
CNN_buy,3,0.9218817143826872,0.8684709072113037,0.6351600469247529,0.4792696535587311,0.7196167707443237
