model_label,epoch,train_loss,valid_loss,valid_auc,valid_prob_mean,valid_prob_max
CNN_sell,1,1.179770766077815,1.18392813205719,0.5405657082993831,0.29496505856513977,0.4727872312068939
CNN_sell,2,1.0694999243762042,1.1997007131576538,0.554068210918403,0.2857193946838379,0.5332975387573242
CNN_sell,3,1.0004416929708946,1.1880046129226685,0.5659411011523687,0.294058233499527,0.6035556197166443
