{
  "model": "CNN",
  "target_col_buy": "buy_label",
  "target_col_sell": "sell_label",
  "feature_count": 194,
  "lookback": 8,
  "params": {
    "channels": 64,
    "kernel_size": 3,
    "dropout": 0.3,
    "output_dim": 1
  },
  "buy_fit": {
    "best_score": 0.6351600469247529,
    "best_valid_auc": 0.6351600469247529,
    "epochs_ran": 3,
    "pos_rate": 0.28716216216216217,
    "pos_weight": 2.4823529411764707,
    "device": "cpu"
  },
  "sell_fit": {
    "best_score": 0.5659411011523687,
    "best_valid_auc": 0.5659411011523687,
    "epochs_ran": 3,
    "pos_rate": 0.32094594594594594,
    "pos_weight": 2.1157894736842104,
    "device": "cpu"
  },
  "valid_buy_auc": 0.6351600469247529,
  "valid_buy_positive_rate": 0.203125,
  "valid_buy_prob_mean": 0.4792696535587311,
  "valid_buy_prob_std": 0.09696413576602936,
  "valid_buy_prob_min": 0.3224523961544037,
  "valid_buy_prob_max": 0.7196167707443237,
  "valid_buy_acc_05": 0.6302083333333334,
  "valid_buy_precision_05": 0.2894736842105263,
  "valid_buy_recall_05": 0.5641025641025641,
  "valid_buy_f1_05": 0.3826086956521739,
  "valid_buy_q90_threshold": 0.617544412612915,
  "valid_buy_q95_threshold": 0.6585134267807007,
  "test_buy_auc": 0.38169398907103824,
  "test_buy_positive_rate": 0.19736842105263158,
  "test_buy_prob_mean": 0.5712255239486694,
  "test_buy_prob_std": 0.19384117424488068,
  "test_buy_prob_min": 0.26453593373298645,
  "test_buy_prob_max": 0.9302843809127808,
  "test_buy_acc_05": 0.4342105263157895,
  "test_buy_precision_05": 0.15853658536585366,
  "test_buy_recall_05": 0.43333333333333335,
  "test_buy_f1_05": 0.23214285714285715,
  "test_buy_q90_threshold": 0.8238352537155151,
  "test_buy_q95_threshold": 0.8775835037231445,
  "valid_sell_auc": 0.5659411011523687,
  "valid_sell_positive_rate": 0.3697916666666667,
  "valid_sell_prob_mean": 0.294058233499527,
  "valid_sell_prob_std": 0.10912811756134033,
  "valid_sell_prob_min": 0.07547228783369064,
  "valid_sell_prob_max": 0.6035556197166443,
  "valid_sell_acc_05": 0.6302083333333334,
  "valid_sell_precision_05": 0.5,
  "valid_sell_recall_05": 0.07042253521126761,
  "valid_sell_f1_05": 0.12345679012345678,
  "valid_sell_q90_threshold": 0.4481998682022095,
  "valid_sell_q95_threshold": 0.5089665055274963,
  "test_sell_auc": 0.4417613636363636,
  "test_sell_positive_rate": 0.42105263157894735,
  "test_sell_prob_mean": 0.28984495997428894,
  "test_sell_prob_std": 0.12397685647010803,
  "test_sell_prob_min": 0.05527182295918465,
  "test_sell_prob_max": 0.5510057806968689,
  "test_sell_acc_05": 0.5789473684210527,
  "test_sell_precision_05": 0.5,
  "test_sell_recall_05": 0.0625,
  "test_sell_f1_05": 0.1111111111111111,
  "test_sell_q90_threshold": 0.47506335377693176,
  "test_sell_q95_threshold": 0.49803781509399414
}