{
  "total_return": 0.0018791030558524824,
  "annualized_return": 0.1462276460421641,
  "max_drawdown": -0.01570561660914549,
  "sharpe": 1.304290604245209,
  "sortino": 2.1530006020589694,
  "calmar": 9.310532001463395,
  "trade_count": 3,
  "win_rate": 0.0,
  "avg_net_return_per_trade": -0.005639213628036467,
  "median_net_return_per_trade": -0.005525986582260442,
  "backtest_mode": "a_share_inventory_t0",
  "trade_direction_mode": "sell_only",
  "buy_threshold": 0.5084829671873515,
  "sell_threshold": 0.602220640428732,
  "initial_capital": 1000000.0,
  "final_equity": 1002911.038532,
  "final_benchmark_equity": 1005665.0,
  "final_alpha_equity": 997246.038532,
  "alpha_total_return": -0.002753961467999999,
  "alpha_sharpe": -19.663153723922548,
  "alpha_sortino": -6.734510305783923,
  "alpha_calmar": -65.96389537095776,
  "alpha_max_drawdown": -0.002753961467999999,
  "base_shares": 10300,
  "ending_shares": 10300,
  "base_position_pct": 0.6,
  "max_t0_trade_pct": 0.3,
  "max_participation_rate": 0.05,
  "commission_rate": 0.001,
  "slippage_rate": 0.0005,
  "tp": 0.003,
  "sl": 0.002,
  "no_overnight": true
}