{
  "total_return": -0.02312774068297474,
  "annualized_return": -0.11641757799460772,
  "max_drawdown": -0.0876749349202266,
  "sharpe": -0.7543717811671463,
  "sortino": -0.864887937027576,
  "calmar": -1.3278319293938843,
  "trade_count": 26,
  "win_rate": 0.4230769230769231,
  "avg_net_return_per_trade": -0.0027190653198716818,
  "median_net_return_per_trade": -0.004544467034044816,
  "backtest_mode": "a_share_inventory_t0",
  "trade_direction_mode": "sell_only",
  "buy_threshold": 0.5876382724393838,
  "sell_threshold": 0.7972764101044315,
  "initial_capital": 1000000.0,
  "final_equity": 976764.8033685004,
  "final_benchmark_equity": 986910.0,
  "final_alpha_equity": 989854.8033685004,
  "alpha_total_return": -0.010145196631499598,
  "alpha_sharpe": -5.012291071335126,
  "alpha_sortino": -1.651879145842633,
  "alpha_calmar": -4.6501044585397535,
  "alpha_max_drawdown": -0.011291820217304238,
  "base_shares": 11000,
  "ending_shares": 11000,
  "base_position_pct": 0.6,
  "max_t0_trade_pct": 0.3,
  "max_participation_rate": 0.05,
  "commission_rate": 0.001,
  "slippage_rate": 0.0005,
  "tp": 0.003,
  "sl": 0.002,
  "no_overnight": true
}