{
  "total_return": 0.0815968435323855,
  "annualized_return": 2.1460439931185467,
  "max_drawdown": -0.04209639149762179,
  "sharpe": 4.319284543681644,
  "sortino": 7.324197815164958,
  "calmar": 50.97928627064831,
  "trade_count": 15,
  "win_rate": 0.4666666666666667,
  "avg_net_return_per_trade": -0.0031327807588667806,
  "median_net_return_per_trade": -0.005088526957451431,
  "backtest_mode": "a_share_inventory_t0",
  "trade_direction_mode": "sell_only",
  "buy_threshold": 0.6558482885360718,
  "sell_threshold": 0.6162892878055573,
  "initial_capital": 1000000.0,
  "final_equity": 1079629.4188740002,
  "final_benchmark_equity": 1082604.0,
  "final_alpha_equity": 997025.4188740002,
  "alpha_total_return": -0.002974581125999798,
  "alpha_sharpe": -3.4243889806527164,
  "alpha_sortino": -1.762033544649115,
  "alpha_calmar": -10.13808392126833,
  "alpha_max_drawdown": -0.004201546634999831,
  "base_shares": 10700,
  "ending_shares": 10700,
  "base_position_pct": 0.6,
  "max_t0_trade_pct": 0.3,
  "max_participation_rate": 0.05,
  "commission_rate": 0.001,
  "slippage_rate": 0.0005,
  "tp": 0.003,
  "sl": 0.002,
  "stop_loss_cooldown_bars": 0,
  "daily_max_trades": 0,
  "daily_max_losses": 0,
  "daily_loss_limit": 0.0,
  "no_overnight": true
}