model_label,epoch,train_loss,valid_loss,valid_auc,valid_prob_mean,valid_prob_max
CNN_buy,1,1.2417324137043309,2.3737378120422363,0.5080765576218271,0.12946204841136932,0.25399917364120483
CNN_buy,2,1.0894116163253784,2.2586536407470703,0.5235509705443192,0.15725845098495483,0.3580428957939148
CNN_buy,3,1.0270438355368536,2.045255661010742,0.5535496131396769,0.18964993953704834,0.46151289343833923
