model_label,epoch,train_loss,valid_loss,valid_auc,valid_prob_mean,valid_prob_max
CNN_sell,1,0.8662422428259978,0.82597416639328,0.47487373737373745,0.49135756492614746,0.7159330248832703
CNN_sell,2,0.80415413991825,0.9068217277526855,0.46590909090909094,0.5393399000167847,0.864718496799469
CNN_sell,3,0.7887784435942367,0.9465009570121765,0.4512626262626263,0.5469465851783752,0.8907598257064819
