{
  "model": "CNN",
  "target_col_buy": "buy_label",
  "target_col_sell": "sell_label",
  "feature_count": 194,
  "lookback": 8,
  "params": {
    "channels": 64,
    "kernel_size": 3,
    "dropout": 0.3,
    "output_dim": 1
  },
  "buy_fit": {
    "best_score": 0.5535496131396769,
    "best_valid_auc": 0.5535496131396769,
    "epochs_ran": 3,
    "pos_rate": 0.20945945945945946,
    "pos_weight": 3.774193548387097,
    "device": "cpu"
  },
  "sell_fit": {
    "best_score": 0.47487373737373745,
    "best_valid_auc": 0.47487373737373745,
    "epochs_ran": 3,
    "pos_rate": 0.3952702702702703,
    "pos_weight": 1.5299145299145298,
    "device": "cpu"
  },
  "valid_buy_auc": 0.5535496131396769,
  "valid_buy_positive_rate": 0.2760416666666667,
  "valid_buy_prob_mean": 0.18964993953704834,
  "valid_buy_prob_std": 0.10681706666946411,
  "valid_buy_prob_min": 0.0050228009931743145,
  "valid_buy_prob_max": 0.46151289343833923,
  "valid_buy_acc_05": 0.7239583333333334,
  "valid_buy_precision_05": 0.0,
  "valid_buy_recall_05": 0.0,
  "valid_buy_f1_05": 0.0,
  "valid_buy_q90_threshold": 0.33085379004478455,
  "valid_buy_q95_threshold": 0.37872612476348877,
  "test_buy_auc": 0.4841121495327103,
  "test_buy_positive_rate": 0.29605263157894735,
  "test_buy_prob_mean": 0.20927588641643524,
  "test_buy_prob_std": 0.0824572741985321,
  "test_buy_prob_min": 0.0356881320476532,
  "test_buy_prob_max": 0.41515079140663147,
  "test_buy_acc_05": 0.7039473684210527,
  "test_buy_precision_05": 0.0,
  "test_buy_recall_05": 0.0,
  "test_buy_f1_05": 0.0,
  "test_buy_q90_threshold": 0.32239359617233276,
  "test_buy_q95_threshold": 0.35921981930732727,
  "valid_sell_auc": 0.47487373737373745,
  "valid_sell_positive_rate": 0.3125,
  "valid_sell_prob_mean": 0.49135756492614746,
  "valid_sell_prob_std": 0.0975605770945549,
  "valid_sell_prob_min": 0.3025290369987488,
  "valid_sell_prob_max": 0.7159330248832703,
  "valid_sell_acc_05": 0.5104166666666666,
  "valid_sell_precision_05": 0.2875,
  "valid_sell_recall_05": 0.38333333333333336,
  "valid_sell_f1_05": 0.32857142857142857,
  "valid_sell_q90_threshold": 0.644038200378418,
  "valid_sell_q95_threshold": 0.6797102093696594,
  "test_sell_auc": 0.45466183059526355,
  "test_sell_positive_rate": 0.28289473684210525,
  "test_sell_prob_mean": 0.4834396541118622,
  "test_sell_prob_std": 0.08027530461549759,
  "test_sell_prob_min": 0.33943358063697815,
  "test_sell_prob_max": 0.6879172921180725,
  "test_sell_acc_05": 0.5592105263157895,
  "test_sell_precision_05": 0.2777777777777778,
  "test_sell_recall_05": 0.3488372093023256,
  "test_sell_f1_05": 0.30927835051546393,
  "test_sell_q90_threshold": 0.6070749163627625,
  "test_sell_q95_threshold": 0.6441777944564819
}