{
  "total_return": 0.07403307792205838,
  "annualized_return": 1.8222926138952293,
  "max_drawdown": -0.04838685390386199,
  "sharpe": 3.939625181302235,
  "sortino": 6.6657790114830044,
  "calmar": 37.6609030526323,
  "trade_count": 4,
  "win_rate": 0.0,
  "avg_net_return_per_trade": -0.007488339243038541,
  "median_net_return_per_trade": -0.0078768685097742,
  "backtest_mode": "a_share_inventory_t0",
  "trade_direction_mode": "sell_only",
  "buy_threshold": 0.6654055744409558,
  "sell_threshold": 0.6038862615823746,
  "initial_capital": 1000000.0,
  "final_equity": 1073349.9928845,
  "final_benchmark_equity": 1079076.0,
  "final_alpha_equity": 994273.9928845,
  "alpha_total_return": -0.005726007115500087,
  "alpha_sharpe": -5.705556878658873,
  "alpha_sortino": -0.9477654700792518,
  "alpha_calmar": -13.977886854178978,
  "alpha_max_drawdown": -0.005726007115500309,
  "base_shares": 10600,
  "ending_shares": 10600,
  "base_position_pct": 0.6,
  "max_t0_trade_pct": 0.3,
  "max_participation_rate": 0.05,
  "commission_rate": 0.001,
  "slippage_rate": 0.00075,
  "tp": 0.003,
  "sl": 0.002,
  "stop_loss_cooldown_bars": 6,
  "daily_max_trades": 0,
  "daily_max_losses": 2,
  "daily_loss_limit": 0.0,
  "no_overnight": true
}