{
  "lookback": 16,
  "lookback_minutes": 80,
  "horizon": 12,
  "horizon_minutes": 60,
  "best_valid_auc": 0.5955224512429081,
  "valid_auc": 0.5955224512429081,
  "test_auc": 0.5484558882517492,
  "train_positive_rate": 0.287303664921466,
  "valid_positive_rate": 0.2978891300059183,
  "test_positive_rate": 0.3361609784967449,
  "test_trade_return_mean_all": 0.0006773259299168452,
  "test_trade_return_mean_label_1": 0.014918620844276866,
  "selected_threshold": 0.6778176993131637,
  "selected_quantile": 0.95,
  "selected_threshold_test_stats": {
    "threshold": 0.6778176993131637,
    "horizon": 12,
    "round_trip_cost": 0.003,
    "trade_count": 61,
    "win_rate": 0.4262295081967213,
    "gross_return_mean": 0.0013222392500526672,
    "net_return_mean": -0.0016777607499473342,
    "gross_return_median": -0.0017425742574257441,
    "net_return_median": -0.004742574257425744,
    "total_return": -0.11115736111194463,
    "max_drawdown": -0.23353424372538822,
    "sharpe": -7.957345972127035,
    "avg_pred_prob": 0.6862932345906242,
    "positive_label_rate": 0.4262295081967213,
    "selected_by": "validation_net_return_mean",
    "selected_quantile": 0.95
  },
  "output_dir": "outputs\\diagnostics\\horizon_compare\\lb16_h12"
}