{
  "lookback": 16,
  "lookback_minutes": 80,
  "horizon": 12,
  "horizon_minutes": 60,
  "best_valid_auc": 0.5615640611312356,
  "valid_auc": 0.5615640611312356,
  "test_auc": 0.5299767635561023,
  "train_positive_rate": 0.3599265326802905,
  "valid_positive_rate": 0.3590451765634247,
  "test_positive_rate": 0.39485105543499704,
  "valid_action_metrics": {
    "accuracy": 0.42375221937265733,
    "buy_auc": 0.5615640611312356,
    "sell_auc": 0.5494469245891682,
    "buy_positive_rate": 0.3590451765634247,
    "sell_positive_rate": 0.45630301834681397,
    "hold_rate": 0.18465180508976128
  },
  "test_action_metrics": {
    "accuracy": 0.4246399684355889,
    "buy_auc": 0.5299767635561023,
    "sell_auc": 0.5346421935707113,
    "buy_positive_rate": 0.39485105543499704,
    "sell_positive_rate": 0.45926218188991913,
    "hold_rate": 0.14588676267508385
  },
  "test_trade_return_mean_all": 0.0006773259299168452,
  "test_trade_return_mean_label_1": -4.270056546073651e-05,
  "selected_threshold": 0.43742504715919495,
  "selected_quantile": 0.95,
  "selected_threshold_test_stats": {
    "threshold": 0.43742504715919495,
    "horizon": 12,
    "round_trip_cost": 0.003,
    "trade_count": 80,
    "win_rate": 0.3875,
    "gross_return_mean": -0.0006659465895096667,
    "net_return_mean": -0.003665946589509668,
    "gross_return_median": -0.0015031321160760003,
    "net_return_median": -0.004503132116076,
    "total_return": -0.2612590356934579,
    "max_drawdown": -0.28522152216593055,
    "per_trade_sharpe": -0.2441685737285103,
    "trades_per_year": 93.65593073207648,
    "bar_annualized_sharpe": -26.315890341751302,
    "sharpe": -2.362965649996219,
    "avg_pred_prob": 0.44487622529268267,
    "positive_label_rate": 0.5,
    "buy_label_rate": 0.4375,
    "selected_by": "validation_net_return_mean",
    "selected_quantile": 0.95
  },
  "output_dir": "outputs\\diagnostics\\horizon_compare\\lb16_h12",
  "seed": 42
}