{
  "total_return": -0.022858057001129972,
  "annualized_return": -0.813810341678622,
  "max_drawdown": -0.032193362114380175,
  "sharpe": -12.157398988539843,
  "sortino": -20.326188901799235,
  "calmar": -25.27882421187404,
  "trade_count": 1,
  "win_rate": 0.0,
  "avg_net_return_per_trade": -0.0074316484921979585,
  "median_net_return_per_trade": -0.0074316484921979585,
  "backtest_mode": "a_share_inventory_t0",
  "trade_direction_mode": "sell_only",
  "buy_threshold": 0.4912304569405676,
  "sell_threshold": 0.6888126702694877,
  "initial_capital": 1000000.0,
  "final_equity": 977054.0002240001,
  "final_benchmark_equity": 977950.0,
  "final_alpha_equity": 999104.0002240001,
  "alpha_total_return": -0.0008959997759999672,
  "alpha_sharpe": -7.109878822704464,
  "alpha_sortino": -2.2253848232754176,
  "alpha_calmar": -46.91108700127114,
  "alpha_max_drawdown": -0.0013448306164592916,
  "base_shares": 9000,
  "ending_shares": 9000,
  "base_position_pct": 0.6,
  "max_t0_trade_pct": 0.3,
  "max_participation_rate": 0.05,
  "commission_rate": 0.001,
  "slippage_rate": 0.00075,
  "tp": 0.003,
  "sl": 0.002,
  "no_overnight": true
}