{
  "total_return": -0.0926557870368141,
  "annualized_return": -0.7886411150246463,
  "max_drawdown": -0.11514369202065466,
  "sharpe": -6.223396258348182,
  "sortino": -9.78868331046755,
  "calmar": -6.849190790956907,
  "trade_count": 12,
  "win_rate": 0.4166666666666667,
  "avg_net_return_per_trade": -0.0028762623198887605,
  "median_net_return_per_trade": -0.005301050054410225,
  "backtest_mode": "a_share_inventory_t0",
  "trade_direction_mode": "sell_only",
  "buy_threshold": 0.6360969454050064,
  "sell_threshold": 0.9156485974788665,
  "initial_capital": 1000000.0,
  "final_equity": 906491.3094030005,
  "final_benchmark_equity": 911922.0,
  "final_alpha_equity": 994569.3094030005,
  "alpha_total_return": -0.005430690596999521,
  "alpha_sharpe": -7.0053387570309145,
  "alpha_sortino": -2.093598594096653,
  "alpha_calmar": -11.421477041084687,
  "alpha_max_drawdown": -0.007298636780011969,
  "base_shares": 9400,
  "ending_shares": 9400,
  "base_position_pct": 0.6,
  "max_t0_trade_pct": 0.3,
  "max_participation_rate": 0.05,
  "commission_rate": 0.001,
  "slippage_rate": 0.0005,
  "tp": 0.003,
  "sl": 0.002,
  "stop_loss_cooldown_bars": 0,
  "daily_max_trades": 0,
  "daily_max_losses": 0,
  "daily_loss_limit": 0.0,
  "no_overnight": true
}