{
  "model": "LSTM",
  "target_col_buy": "buy_label",
  "target_col_sell": "sell_label",
  "feature_count": 194,
  "lookback": 24,
  "params": {
    "hidden_dim": 256,
    "num_layers": 2,
    "dropout": 0.3,
    "output_dim": 1
  },
  "buy_fit": {
    "best_score": 0.546836130850802,
    "best_valid_auc": 0.546836130850802,
    "epochs_ran": 16,
    "pos_rate": 0.26448362720403024,
    "pos_weight": 2.7809523809523804,
    "device": "cpu"
  },
  "sell_fit": {
    "best_score": 0.5463626186953492,
    "best_valid_auc": 0.5463626186953492,
    "epochs_ran": 12,
    "pos_rate": 0.3359571788413098,
    "pos_weight": 1.9765698219306467,
    "device": "cpu"
  },
  "valid_buy_auc": 0.546836130850802,
  "valid_buy_positive_rate": 0.2667525773195876,
  "valid_buy_prob_mean": 0.41577282547950745,
  "valid_buy_prob_std": 0.1290915459394455,
  "valid_buy_prob_min": 0.12940452992916107,
  "valid_buy_prob_max": 0.7158923149108887,
  "valid_buy_acc_05": 0.6121134020618557,
  "valid_buy_precision_05": 0.3025210084033613,
  "valid_buy_recall_05": 0.34782608695652173,
  "valid_buy_f1_05": 0.3235955056179775,
  "valid_buy_q90_threshold": 0.5856257677078247,
  "valid_buy_q95_threshold": 0.6164289712905884,
  "test_buy_auc": 0.5140322513783526,
  "test_buy_positive_rate": 0.2770618556701031,
  "test_buy_prob_mean": 0.48862436413764954,
  "test_buy_prob_std": 0.1390971690416336,
  "test_buy_prob_min": 0.05916322395205498,
  "test_buy_prob_max": 0.789943277835846,
  "test_buy_acc_05": 0.5244845360824743,
  "test_buy_precision_05": 0.2918918918918919,
  "test_buy_recall_05": 0.5023255813953489,
  "test_buy_f1_05": 0.36923076923076925,
  "test_buy_q90_threshold": 0.6626365780830383,
  "test_buy_q95_threshold": 0.7225499749183655,
  "valid_sell_auc": 0.5463626186953492,
  "valid_sell_positive_rate": 0.30541237113402064,
  "valid_sell_prob_mean": 0.5034703016281128,
  "valid_sell_prob_std": 0.07244013994932175,
  "valid_sell_prob_min": 0.31878212094306946,
  "valid_sell_prob_max": 0.7363709807395935,
  "valid_sell_acc_05": 0.529639175257732,
  "valid_sell_precision_05": 0.32978723404255317,
  "valid_sell_recall_05": 0.5232067510548524,
  "valid_sell_f1_05": 0.40456769983686786,
  "valid_sell_q90_threshold": 0.5996139049530029,
  "valid_sell_q95_threshold": 0.62716144323349,
  "test_sell_auc": 0.4910155606046488,
  "test_sell_positive_rate": 0.3646907216494845,
  "test_sell_prob_mean": 0.4751993417739868,
  "test_sell_prob_std": 0.07006888836622238,
  "test_sell_prob_min": 0.23830130696296692,
  "test_sell_prob_max": 0.6410508751869202,
  "test_sell_acc_05": 0.5154639175257731,
  "test_sell_precision_05": 0.34448160535117056,
  "test_sell_recall_05": 0.36395759717314485,
  "test_sell_f1_05": 0.3539518900343643,
  "test_sell_q90_threshold": 0.5608434677124023,
  "test_sell_q95_threshold": 0.5839375853538513
}