{
  "total_return": -0.043638758254407106,
  "annualized_return": -0.21023083259503317,
  "max_drawdown": -0.09794164178478537,
  "sharpe": -1.4907954629080116,
  "sortino": -1.7150596350478933,
  "calmar": -2.146490795579978,
  "trade_count": 48,
  "win_rate": 0.0625,
  "avg_net_return_per_trade": -0.00574868444388701,
  "median_net_return_per_trade": -0.006710994459885041,
  "backtest_mode": "a_share_inventory_t0",
  "trade_direction_mode": "sell_only",
  "buy_threshold": 0.5876382724393838,
  "sell_threshold": 0.7648406952126675,
  "initial_capital": 1000000.0,
  "final_equity": 956256.0420090009,
  "final_benchmark_equity": 986910.0,
  "final_alpha_equity": 969346.0420090009,
  "alpha_total_return": -0.030653957990999126,
  "alpha_sharpe": -11.827670068400039,
  "alpha_sortino": -5.400198438293892,
  "alpha_calmar": -4.77640717097476,
  "alpha_max_drawdown": -0.03178866905874922,
  "base_shares": 11000,
  "ending_shares": 11000,
  "base_position_pct": 0.6,
  "max_t0_trade_pct": 0.3,
  "max_participation_rate": 0.05,
  "commission_rate": 0.001,
  "slippage_rate": 0.001,
  "tp": 0.003,
  "sl": 0.002,
  "no_overnight": true
}