{
  "total_return": 0.0693883935888231,
  "annualized_return": 1.6500797129217077,
  "max_drawdown": -0.046025204581563006,
  "sharpe": 3.71734910571093,
  "sortino": 6.282032396900669,
  "calmar": 35.851654064840474,
  "trade_count": 27,
  "win_rate": 0.37037037037037035,
  "avg_net_return_per_trade": -0.004233047908724107,
  "median_net_return_per_trade": -0.0053990962177686815,
  "backtest_mode": "a_share_inventory_t0",
  "trade_direction_mode": "sell_only",
  "buy_threshold": 0.6860697031021118,
  "sell_threshold": 0.8836728191375733,
  "initial_capital": 1000000.0,
  "final_equity": 1068708.2625705006,
  "final_benchmark_equity": 1079076.0,
  "final_alpha_equity": 989632.2625705006,
  "alpha_total_return": -0.010367737429499368,
  "alpha_sharpe": -10.322378366931437,
  "alpha_sortino": -5.995506956017893,
  "alpha_calmar": -13.551383686468446,
  "alpha_max_drawdown": -0.010367737429499368,
  "base_shares": 10600,
  "ending_shares": 10600,
  "base_position_pct": 0.6,
  "max_t0_trade_pct": 0.3,
  "max_participation_rate": 0.05,
  "commission_rate": 0.001,
  "slippage_rate": 0.0005,
  "tp": 0.003,
  "sl": 0.002,
  "stop_loss_cooldown_bars": 0,
  "daily_max_trades": 0,
  "daily_max_losses": 0,
  "daily_loss_limit": 0.0,
  "no_overnight": true
}