{
  "total_return": -0.023643512549999857,
  "annualized_return": -0.9444105254891908,
  "max_drawdown": -0.03707764377554068,
  "sharpe": -8.179233795898776,
  "sortino": -10.579975481788967,
  "calmar": -25.471158070518978,
  "trade_count": 3,
  "win_rate": 0.6666666666666666,
  "avg_net_return_per_trade": -0.001464315419780646,
  "median_net_return_per_trade": 0.00012717995563338563,
  "backtest_mode": "a_share_inventory_t0",
  "trade_direction_mode": "sell_only",
  "buy_threshold": 0.7559412996219077,
  "sell_threshold": 0.6651121908060237,
  "initial_capital": 1000000.0,
  "final_equity": 976356.4874500001,
  "final_benchmark_equity": 977200.0,
  "final_alpha_equity": 999156.4874500001,
  "alpha_total_return": -0.0008435125499998142,
  "alpha_sharpe": -6.727858292431271,
  "alpha_sortino": -1.9893010647988363,
  "alpha_calmar": -79.38898000716613,
  "alpha_max_drawdown": -0.0012204961920000423,
  "base_shares": 10000,
  "ending_shares": 10000,
  "base_position_pct": 0.6,
  "max_t0_trade_pct": 0.3,
  "max_participation_rate": 0.05,
  "commission_rate": 0.001,
  "slippage_rate": 0.0005,
  "tp": 0.003,
  "sl": 0.002,
  "no_overnight": true
}