{
  "total_return": -0.1196724001157573,
  "annualized_return": -0.44924386415171425,
  "max_drawdown": -0.1582940905539496,
  "sharpe": -2.6949517435075427,
  "sortino": -3.785729012652738,
  "calmar": -2.8380330723628844,
  "trade_count": 11,
  "win_rate": 0.18181818181818182,
  "avg_net_return_per_trade": -0.006079756978591569,
  "median_net_return_per_trade": -0.007532645925503063,
  "backtest_mode": "a_share_inventory_t0",
  "trade_direction_mode": "sell_only",
  "buy_threshold": 0.6868722345201278,
  "sell_threshold": 0.6760560954993466,
  "initial_capital": 1000000.0,
  "final_equity": 883692.2119710003,
  "final_benchmark_equity": 896351.0,
  "final_alpha_equity": 987341.2119710003,
  "alpha_total_return": -0.012658788028999668,
  "alpha_sharpe": -6.52168157920523,
  "alpha_sortino": -1.5887249495683669,
  "alpha_calmar": -4.0618691580701745,
  "alpha_max_drawdown": -0.014248011618020029,
  "base_shares": 9100,
  "ending_shares": 9100,
  "base_position_pct": 0.6,
  "max_t0_trade_pct": 0.3,
  "max_participation_rate": 0.02,
  "commission_rate": 0.0015,
  "slippage_rate": 0.001,
  "tp": 0.003,
  "sl": 0.002,
  "no_overnight": true
}