rule_name,total_return,alpha_total_return,alpha_max_drawdown,alpha_sharpe,alpha_sortino,alpha_calmar,trade_count,win_rate,avg_net_return_per_trade,median_net_return_per_trade,buy_threshold,sell_threshold,buy_quantile,sell_quantile,trade_direction_mode,output_dir
sell_only_q95,-0.10609999589817698,0.0009654899175002285,-0.002410844845921245,0.5075961483608883,0.11228999026526901,1.8773948428007918,10,0.7,2.394168343457237e-05,0.0007844515773464148,0.7074415036871629,0.6586174199712539,,0.95,sell_only,outputs\diagnostics\rule_compare_from_existing_signals\sell_only_q95
sell_only_q98,-0.10706180976308544,0.0,0.0,,,,0,,,,0.7074415036871629,0.7907011340519489,,0.98,sell_only,outputs\diagnostics\rule_compare_from_existing_signals\sell_only_q98
both_q98_q98,-0.1311311945813095,-0.024161378006999246,-0.02449305813899927,-9.245619586166374,-2.951325759330518,-4.415383457946085,33,0.2727272727272727,-0.005248240758748672,-0.006316650009617117,0.7659534433189163,0.7907011340519489,0.98,0.98,both,outputs\diagnostics\rule_compare_from_existing_signals\both_q98_q98
buy_only_q98,-0.1311311945813095,-0.024161378006999246,-0.02449305813899927,-9.245619586166374,-2.951325759330518,-4.415383457946085,33,0.2727272727272727,-0.005248240758748672,-0.006316650009617117,0.7659534433189163,0.6586174199712539,0.98,,buy_only,outputs\diagnostics\rule_compare_from_existing_signals\buy_only_q98
both_q95_q95,-0.1381654171416834,-0.03122248536599892,-0.03284901920394512,-8.537274252295044,-4.838918244159028,-4.19939233193113,90,0.3333333333333333,-0.0035581448743187668,-0.005358563868469388,0.7074415036871629,0.6586174199712539,0.95,0.95,both,outputs\diagnostics\rule_compare_from_existing_signals\both_q95_q95
buy_only_q95,-0.14338077914859304,-0.03645778048649895,-0.0380755244996025,-10.606834003244954,-5.487134310627017,-4.1898376294303175,86,0.27906976744186046,-0.004206040444977235,-0.0056467306158188265,0.7074415036871629,0.6586174199712539,0.95,,buy_only,outputs\diagnostics\rule_compare_from_existing_signals\buy_only_q95
