{
  "total_return": -0.05028173460646568,
  "annualized_return": -0.5744984447258102,
  "max_drawdown": -0.0785586317053143,
  "sharpe": -2.520279739732482,
  "sortino": -2.3975050656600683,
  "calmar": -7.312989448197668,
  "trade_count": 2,
  "win_rate": 0.0,
  "avg_net_return_per_trade": -0.008848614536646478,
  "median_net_return_per_trade": -0.008848614536646478,
  "backtest_mode": "a_share_inventory_t0",
  "trade_direction_mode": "sell_only",
  "buy_threshold": 0.7298367828130722,
  "sell_threshold": 0.933867600560188,
  "initial_capital": 1000000.0,
  "final_equity": 949345.9758335,
  "final_benchmark_equity": 953450.0,
  "final_alpha_equity": 995895.9758335,
  "alpha_total_return": -0.004104024166499909,
  "alpha_sharpe": -7.675896419010636,
  "alpha_sortino": -1.200834748608267,
  "alpha_calmar": -16.044502650825326,
  "alpha_max_drawdown": -0.004104024166499909,
  "base_shares": 9800,
  "ending_shares": 9800,
  "base_position_pct": 0.6,
  "max_t0_trade_pct": 0.3,
  "max_participation_rate": 0.05,
  "commission_rate": 0.0015,
  "slippage_rate": 0.001,
  "tp": 0.003,
  "sl": 0.002,
  "stop_loss_cooldown_bars": 6,
  "daily_max_trades": 0,
  "daily_max_losses": 2,
  "daily_loss_limit": 0.0,
  "no_overnight": true
}