{
  "total_return": -0.09595964789171485,
  "annualized_return": -0.8123187480577032,
  "max_drawdown": -0.11545694645624527,
  "sharpe": -6.292052613316642,
  "sortino": -9.919157469505501,
  "calmar": -7.035685361430788,
  "trade_count": 11,
  "win_rate": 0.45454545454545453,
  "avg_net_return_per_trade": -0.004512621175661377,
  "median_net_return_per_trade": -0.0002698448085451358,
  "backtest_mode": "a_share_inventory_t0",
  "trade_direction_mode": "sell_only",
  "buy_threshold": 0.6491788774728775,
  "sell_threshold": 0.8673499226570129,
  "initial_capital": 1000000.0,
  "final_equity": 908420.4276142498,
  "final_benchmark_equity": 913740.0,
  "final_alpha_equity": 994680.4276142498,
  "alpha_total_return": -0.005319572385750204,
  "alpha_sharpe": -4.6966640684487935,
  "alpha_sortino": -1.3090052321395782,
  "alpha_calmar": -12.053212521174261,
  "alpha_max_drawdown": -0.0070234973678031665,
  "base_shares": 9500,
  "ending_shares": 9500,
  "base_position_pct": 0.6,
  "max_t0_trade_pct": 0.3,
  "max_participation_rate": 0.02,
  "commission_rate": 0.001,
  "slippage_rate": 0.00075,
  "tp": 0.003,
  "sl": 0.002,
  "stop_loss_cooldown_bars": 6,
  "daily_max_trades": 0,
  "daily_max_losses": 2,
  "daily_loss_limit": 0.0,
  "no_overnight": true
}