{
  "total_return": -0.09453954207962423,
  "annualized_return": -0.8073691996008545,
  "max_drawdown": -0.11440639752277004,
  "sharpe": -6.127238087992828,
  "sortino": -9.80025031696396,
  "calmar": -7.057028427454554,
  "trade_count": 5,
  "win_rate": 0.2,
  "avg_net_return_per_trade": -0.007143730787471034,
  "median_net_return_per_trade": -0.008800394410783948,
  "backtest_mode": "a_share_inventory_t0",
  "trade_direction_mode": "sell_only",
  "buy_threshold": 0.653843879699707,
  "sell_threshold": 0.9692891389131546,
  "initial_capital": 1000000.0,
  "final_equity": 909847.413839,
  "final_benchmark_equity": 913740.0,
  "final_alpha_equity": 996107.413839,
  "alpha_total_return": -0.003892586160999967,
  "alpha_sharpe": -6.278350539826813,
  "alpha_sortino": -1.7924467584488275,
  "alpha_calmar": -11.6667774034264,
  "alpha_max_drawdown": -0.005368494187004469,
  "base_shares": 9500,
  "ending_shares": 9500,
  "base_position_pct": 0.6,
  "max_t0_trade_pct": 0.3,
  "max_participation_rate": 0.02,
  "commission_rate": 0.001,
  "slippage_rate": 0.001,
  "tp": 0.004,
  "sl": 0.003,
  "stop_loss_cooldown_bars": 6,
  "daily_max_trades": 0,
  "daily_max_losses": 2,
  "daily_loss_limit": 0.0,
  "no_overnight": true
}