{
  "total_return": 0.07388394520931563,
  "annualized_return": 1.8198327774915959,
  "max_drawdown": -0.04888876849914103,
  "sharpe": 3.902435607883358,
  "sortino": 6.619912307172999,
  "calmar": 37.2239439314895,
  "trade_count": 3,
  "win_rate": 0.0,
  "avg_net_return_per_trade": -0.009233166605080423,
  "median_net_return_per_trade": -0.010995689061504327,
  "backtest_mode": "a_share_inventory_t0",
  "trade_direction_mode": "sell_only",
  "buy_threshold": 0.6333531647920608,
  "sell_threshold": 0.5956914156675338,
  "initial_capital": 1000000.0,
  "final_equity": 1072290.301434625,
  "final_benchmark_equity": 1079288.0,
  "final_alpha_equity": 993002.3014346249,
  "alpha_total_return": -0.006997698565375021,
  "alpha_sharpe": -6.88284884116385,
  "alpha_sortino": -0.9435563777557071,
  "alpha_calmar": -13.873952579205396,
  "alpha_max_drawdown": -0.006997698565375243,
  "base_shares": 10600,
  "ending_shares": 10600,
  "base_position_pct": 0.6,
  "max_t0_trade_pct": 0.3,
  "max_participation_rate": 0.05,
  "commission_rate": 0.0015,
  "slippage_rate": 0.00075,
  "tp": 0.003,
  "sl": 0.002,
  "stop_loss_cooldown_bars": 6,
  "daily_max_trades": 0,
  "daily_max_losses": 2,
  "daily_loss_limit": 0.0,
  "no_overnight": true
}