{
  "fold": 2,
  "model_summaries": {
    "lstm": {
      "model": "LSTM",
      "target_col_buy": "buy_label",
      "target_col_sell": "sell_label",
      "feature_count": 194,
      "lookback": 24,
      "params": {
        "hidden_dim": 256,
        "num_layers": 2,
        "dropout": 0.3,
        "output_dim": 1
      },
      "buy_fit": {
        "best_score": 0.5703353645898106,
        "best_valid_auc": 0.5703353645898106,
        "epochs_ran": 11,
        "pos_rate": 0.276448362720403,
        "pos_weight": 2.6173120728929384,
        "device": "cpu"
      },
      "sell_fit": {
        "best_score": 0.5715637296712276,
        "best_valid_auc": 0.5715637296712276,
        "epochs_ran": 20,
        "pos_rate": 0.3217884130982368,
        "pos_weight": 2.1076320939334634,
        "device": "cpu"
      },
      "valid_buy_auc": 0.5703353645898106,
      "valid_buy_positive_rate": 0.2770618556701031,
      "valid_buy_prob_mean": 0.47356659173965454,
      "valid_buy_prob_std": 0.07813762873411179,
      "valid_buy_prob_min": 0.34244853258132935,
      "valid_buy_prob_max": 0.7192425727844238,
      "valid_buy_acc_05": 0.6494845360824743,
      "valid_buy_precision_05": 0.36097560975609755,
      "valid_buy_recall_05": 0.34418604651162793,
      "valid_buy_f1_05": 0.3523809523809524,
      "valid_buy_q90_threshold": 0.5913131237030029,
      "valid_buy_q95_threshold": 0.6601430773735046,
      "test_buy_auc": 0.5150405350802534,
      "test_buy_positive_rate": 0.2615979381443299,
      "test_buy_prob_mean": 0.4636513590812683,
      "test_buy_prob_std": 0.058953747153282166,
      "test_buy_prob_min": 0.34572312235832214,
      "test_buy_prob_max": 0.665688693523407,
      "test_buy_acc_05": 0.6211340206185567,
      "test_buy_precision_05": 0.26666666666666666,
      "test_buy_recall_05": 0.2561576354679803,
      "test_buy_f1_05": 0.2613065326633166,
      "test_buy_q90_threshold": 0.5476803779602051,
      "test_buy_q95_threshold": 0.5708178281784058,
      "valid_sell_auc": 0.5715637296712276,
      "valid_sell_positive_rate": 0.3646907216494845,
      "valid_sell_prob_mean": 0.47729721665382385,
      "valid_sell_prob_std": 0.22387544810771942,
      "valid_sell_prob_min": 0.06460168957710266,
      "valid_sell_prob_max": 0.9696691632270813,
      "valid_sell_acc_05": 0.5425257731958762,
      "valid_sell_precision_05": 0.39714285714285713,
      "valid_sell_recall_05": 0.4911660777385159,
      "valid_sell_f1_05": 0.4391785150078989,
      "valid_sell_q90_threshold": 0.7873047590255737,
      "valid_sell_q95_threshold": 0.8602266907691956,
      "test_sell_auc": 0.5149812068806264,
      "test_sell_positive_rate": 0.37242268041237114,
      "test_sell_prob_mean": 0.5078738927841187,
      "test_sell_prob_std": 0.20716917514801025,
      "test_sell_prob_min": 0.054757364094257355,
      "test_sell_prob_max": 0.9406307339668274,
      "test_sell_acc_05": 0.49871134020618557,
      "test_sell_precision_05": 0.37244897959183676,
      "test_sell_recall_05": 0.5051903114186851,
      "test_sell_f1_05": 0.4287812041116006,
      "test_sell_q90_threshold": 0.7875881791114807,
      "test_sell_q95_threshold": 0.8346487879753113
    }
  },
  "selected_model_summary": {
    "model": "LSTM",
    "target_col_buy": "buy_label",
    "target_col_sell": "sell_label",
    "feature_count": 194,
    "lookback": 24,
    "params": {
      "hidden_dim": 256,
      "num_layers": 2,
      "dropout": 0.3,
      "output_dim": 1
    },
    "buy_fit": {
      "best_score": 0.5703353645898106,
      "best_valid_auc": 0.5703353645898106,
      "epochs_ran": 11,
      "pos_rate": 0.276448362720403,
      "pos_weight": 2.6173120728929384,
      "device": "cpu"
    },
    "sell_fit": {
      "best_score": 0.5715637296712276,
      "best_valid_auc": 0.5715637296712276,
      "epochs_ran": 20,
      "pos_rate": 0.3217884130982368,
      "pos_weight": 2.1076320939334634,
      "device": "cpu"
    },
    "valid_buy_auc": 0.5703353645898106,
    "valid_buy_positive_rate": 0.2770618556701031,
    "valid_buy_prob_mean": 0.47356659173965454,
    "valid_buy_prob_std": 0.07813762873411179,
    "valid_buy_prob_min": 0.34244853258132935,
    "valid_buy_prob_max": 0.7192425727844238,
    "valid_buy_acc_05": 0.6494845360824743,
    "valid_buy_precision_05": 0.36097560975609755,
    "valid_buy_recall_05": 0.34418604651162793,
    "valid_buy_f1_05": 0.3523809523809524,
    "valid_buy_q90_threshold": 0.5913131237030029,
    "valid_buy_q95_threshold": 0.6601430773735046,
    "test_buy_auc": 0.5150405350802534,
    "test_buy_positive_rate": 0.2615979381443299,
    "test_buy_prob_mean": 0.4636513590812683,
    "test_buy_prob_std": 0.058953747153282166,
    "test_buy_prob_min": 0.34572312235832214,
    "test_buy_prob_max": 0.665688693523407,
    "test_buy_acc_05": 0.6211340206185567,
    "test_buy_precision_05": 0.26666666666666666,
    "test_buy_recall_05": 0.2561576354679803,
    "test_buy_f1_05": 0.2613065326633166,
    "test_buy_q90_threshold": 0.5476803779602051,
    "test_buy_q95_threshold": 0.5708178281784058,
    "valid_sell_auc": 0.5715637296712276,
    "valid_sell_positive_rate": 0.3646907216494845,
    "valid_sell_prob_mean": 0.47729721665382385,
    "valid_sell_prob_std": 0.22387544810771942,
    "valid_sell_prob_min": 0.06460168957710266,
    "valid_sell_prob_max": 0.9696691632270813,
    "valid_sell_acc_05": 0.5425257731958762,
    "valid_sell_precision_05": 0.39714285714285713,
    "valid_sell_recall_05": 0.4911660777385159,
    "valid_sell_f1_05": 0.4391785150078989,
    "valid_sell_q90_threshold": 0.7873047590255737,
    "valid_sell_q95_threshold": 0.8602266907691956,
    "test_sell_auc": 0.5149812068806264,
    "test_sell_positive_rate": 0.37242268041237114,
    "test_sell_prob_mean": 0.5078738927841187,
    "test_sell_prob_std": 0.20716917514801025,
    "test_sell_prob_min": 0.054757364094257355,
    "test_sell_prob_max": 0.9406307339668274,
    "test_sell_acc_05": 0.49871134020618557,
    "test_sell_precision_05": 0.37244897959183676,
    "test_sell_recall_05": 0.5051903114186851,
    "test_sell_f1_05": 0.4287812041116006,
    "test_sell_q90_threshold": 0.7875881791114807,
    "test_sell_q95_threshold": 0.8346487879753113
  },
  "t0_stats": {
    "total_return": -0.09456017901517122,
    "annualized_return": -0.8074419964065986,
    "max_drawdown": -0.11445491336306646,
    "sharpe": -6.1481356579984965,
    "sortino": -9.811693748454953,
    "calmar": -7.054673082013382,
    "trade_count": 17,
    "win_rate": 0.5882352941176471,
    "avg_net_return_per_trade": -0.0017212925382897322,
    "median_net_return_per_trade": 0.00024449891788503025,
    "backtest_mode": "a_share_inventory_t0",
    "trade_direction_mode": "sell_only",
    "buy_threshold": 0.6601430773735046,
    "sell_threshold": 0.8602267056703568,
    "initial_capital": 1000000.0,
    "final_equity": 909826.6769175003,
    "final_benchmark_equity": 913740.0,
    "final_alpha_equity": 996086.6769175003,
    "alpha_total_return": -0.003913323082499698,
    "alpha_sharpe": -4.001272631000374,
    "alpha_sortino": -1.716233896940775,
    "alpha_calmar": -9.092664083648181,
    "alpha_max_drawdown": -0.006923888742053408,
    "base_shares": 9500,
    "ending_shares": 9500,
    "base_position_pct": 0.6,
    "max_t0_trade_pct": 0.3,
    "max_participation_rate": 0.05,
    "commission_rate": 0.001,
    "slippage_rate": 0.0005,
    "tp": 0.003,
    "sl": 0.002,
    "stop_loss_cooldown_bars": 0,
    "daily_max_trades": 0,
    "daily_max_losses": 0,
    "daily_loss_limit": 0.0,
    "no_overnight": true
  },
  "stress_stats": {
    "stress_scenario_count": 12,
    "stress_min_alpha_total_return": -0.011409687737499619,
    "stress_worst_alpha_drawdown": -0.012558078218078084,
    "stress_min_trade_count": 17
  },
  "sell_threshold_grid_stats": {
    "sell_grid_best_rule": "sell_only_q96",
    "sell_grid_best_quantile": 0.96,
    "sell_grid_best_alpha_total_return": -0.0025855701285000254,