model,side,valid_auc,raw_weight,weight,weight_method
transformer_lstm,buy,0.586858939338813,0.08685893933881295,0.42629453438777554,valid_auc_edge_over_0p5
lstm,buy,0.5919931693789023,0.09199316937890234,0.4514927951660029,valid_auc_edge_over_0p5
cnn,buy,0.4861816219796411,0.0,0.0,valid_auc_edge_over_0p5
mlp,buy,0.5249012409787703,0.024901240978770334,0.12221267044622156,valid_auc_edge_over_0p5
