model,side,valid_auc,raw_weight,weight,weight_method
transformer_lstm,sell,0.583489846569198,0.083489846569198,0.2573369458386297,valid_auc_edge_over_0p5
lstm,sell,0.5899066235125928,0.08990662351259282,0.2771150847213303,valid_auc_edge_over_0p5
cnn,sell,0.579096846882756,0.07909684688275598,0.2437966032840164,valid_auc_edge_over_0p5
mlp,sell,0.571944537448914,0.07194453744891405,0.22175136615602364,valid_auc_edge_over_0p5
