{
  "model": "auc_weighted_ensemble",
  "member_models": [
    "transformer_lstm",
    "lstm",
    "cnn",
    "mlp"
  ],
  "buy_weight_method": "valid_auc_edge_over_0p5",
  "sell_weight_method": "valid_auc_edge_over_0p5",
  "feature_count": 194,
  "lookback": 32,
  "valid_buy_auc": 0.5902652385141597,
  "valid_buy_positive_rate": 0.19721283783783783,
  "valid_buy_prob_mean": 0.3360413465848094,
  "valid_buy_prob_std": 0.10706506099287973,
  "valid_buy_prob_min": 0.10579434419634393,
  "valid_buy_prob_max": 0.6489447152466542,
  "valid_buy_acc_05": 0.7744932432432432,
  "valid_buy_precision_05": 0.2919254658385093,
  "valid_buy_recall_05": 0.1006423982869379,
  "valid_buy_f1_05": 0.14968152866242038,
  "valid_buy_q90_threshold": 0.47976448894349266,
  "valid_buy_q95_threshold": 0.5163748730287288,
  "test_buy_auc": 0.6280512365090457,
  "test_buy_positive_rate": 0.17905405405405406,
  "test_buy_prob_mean": 0.3563181564005569,
  "test_buy_prob_std": 0.10700275275700738,
  "test_buy_prob_min": 0.11510388504569849,
  "test_buy_prob_max": 0.6481021882570849,
  "test_buy_acc_05": 0.7706925675675675,
  "test_buy_precision_05": 0.2737642585551331,
  "test_buy_recall_05": 0.16981132075471697,
  "test_buy_f1_05": 0.2096069868995633,
  "test_buy_q90_threshold": 0.5068223102000706,
  "test_buy_q95_threshold": 0.5427254431763243,
  "valid_sell_auc": 0.6020896775667905,
  "valid_sell_positive_rate": 0.21326013513513514,
  "valid_sell_prob_mean": 0.5041217351769616,
  "valid_sell_prob_std": 0.08274635018894512,
  "valid_sell_prob_min": 0.24741453464950447,
  "valid_sell_prob_max": 0.7018219503959752,
  "valid_sell_acc_05": 0.5392736486486487,
  "valid_sell_precision_05": 0.2598360655737705,
  "valid_sell_recall_05": 0.6277227722772277,
  "valid_sell_f1_05": 0.367536231884058,
  "valid_sell_q90_threshold": 0.6184940418209199,
  "valid_sell_q95_threshold": 0.6473328092002739,
  "test_sell_auc": 0.5170139815632251,
  "test_sell_positive_rate": 0.22381756756756757,
  "test_sell_prob_mean": 0.4264080577297092,
  "test_sell_prob_std": 0.07550635369062618,
  "test_sell_prob_min": 0.23764315977903058,
  "test_sell_prob_max": 0.6214375753229986,
  "test_sell_acc_05": 0.6697635135135135,
  "test_sell_precision_05": 0.21232876712328766,
  "test_sell_recall_05": 0.17547169811320754,
  "test_sell_f1_05": 0.1921487603305785,
  "test_sell_q90_threshold": 0.5307526825681215,
  "test_sell_q95_threshold": 0.5516208138976628
}