{
  "total_return": -0.045730362927254964,
  "annualized_return": -0.553129112365351,
  "max_drawdown": -0.0789796711435573,
  "sharpe": -2.150326235128059,
  "sortino": -2.0421702868338434,
  "calmar": -7.003436509123424,
  "trade_count": 7,
  "win_rate": 0.42857142857142855,
  "avg_net_return_per_trade": -0.0020081895662744627,
  "median_net_return_per_trade": -0.003507866145667224,
  "backtest_mode": "a_share_inventory_t0",
  "trade_direction_mode": "sell_only",
  "buy_threshold": 0.7473482042551041,
  "sell_threshold": 0.8778568935394288,
  "initial_capital": 1000000.0,
  "final_equity": 956631.4544245001,
  "final_benchmark_equity": 957628.0,
  "final_alpha_equity": 999003.4544245001,
  "alpha_total_return": -0.0009965455754998853,
  "alpha_sharpe": -1.1775401962906948,
  "alpha_sortino": -0.6067735572189539,
  "alpha_calmar": -6.685043051586065,
  "alpha_max_drawdown": -0.002544588069348097,
  "base_shares": 9900,
  "ending_shares": 9900,
  "base_position_pct": 0.6,
  "max_t0_trade_pct": 0.3,
  "max_participation_rate": 0.05,
  "commission_rate": 0.001,
  "slippage_rate": 0.0005,
  "tp": 0.003,
  "sl": 0.002,
  "stop_loss_cooldown_bars": 0,
  "daily_max_trades": 0,
  "daily_max_losses": 0,
  "daily_loss_limit": 0.0,
  "no_overnight": true
}