{
  "total_return": 0.0711043752308429,
  "annualized_return": 1.7155262342826343,
  "max_drawdown": -0.05284749399836153,
  "sharpe": 3.7698235143609713,
  "sortino": 6.391659753998631,
  "calmar": 32.46182750568688,
  "trade_count": 14,
  "win_rate": 0.21428571428571427,
  "avg_net_return_per_trade": -0.005442400990246254,
  "median_net_return_per_trade": -0.00511979608631796,
  "backtest_mode": "a_share_inventory_t0",
  "trade_direction_mode": "sell_only",
  "buy_threshold": 0.6505905956029889,
  "sell_threshold": 0.5846797347068787,
  "initial_capital": 1000000.0,
  "final_equity": 1069514.8563380004,
  "final_benchmark_equity": 1079288.0,
  "final_alpha_equity": 990226.8563380004,
  "alpha_total_return": -0.009773143661999661,
  "alpha_sharpe": -8.958486845919802,
  "alpha_sortino": -2.4850078582835016,
  "alpha_calmar": -12.92046758423882,
  "alpha_max_drawdown": -0.010301594739999587,
  "base_shares": 10600,
  "ending_shares": 10600,
  "base_position_pct": 0.6,
  "max_t0_trade_pct": 0.3,
  "max_participation_rate": 0.05,
  "commission_rate": 0.001,
  "slippage_rate": 0.0005,
  "tp": 0.003,
  "sl": 0.002,
  "stop_loss_cooldown_bars": 0,
  "daily_max_trades": 0,
  "daily_max_losses": 0,
  "daily_loss_limit": 0.0,
  "no_overnight": true
}