{
  "model": "RandomForestClassifier",
  "target_col_buy": "buy_label",
  "target_col_sell": "sell_label",
  "feature_count": 194,
  "lookback_aligned_to_sequence_models": 8,
  "params": {
    "n_estimators": 50,
    "max_depth": 5,
    "min_samples_leaf": 5,
    "max_features": "sqrt",
    "class_weight": "balanced_subsample",
    "n_jobs": -1,
    "random_state": 42
  },
  "valid_buy_auc": 0.472063702720637,
  "valid_buy_positive_rate": 0.2864583333333333,
  "valid_buy_prob_mean": 0.44088145280724783,
  "valid_buy_prob_std": 0.06505477597605998,
  "valid_buy_prob_min": 0.27611462775324036,
  "valid_buy_prob_max": 0.5846576963825612,
  "valid_buy_acc_05": 0.6302083333333334,
  "valid_buy_precision_05": 0.2777777777777778,
  "valid_buy_recall_05": 0.18181818181818182,
  "valid_buy_f1_05": 0.21978021978021978,
  "valid_buy_q90_threshold": 0.5273663297671054,
  "valid_buy_q95_threshold": 0.5430235880746433,
  "test_buy_auc": 0.4986979166666667,
  "test_buy_positive_rate": 0.21052631578947367,
  "test_buy_prob_mean": 0.37353841612085525,
  "test_buy_prob_std": 0.052466740488089844,
  "test_buy_prob_min": 0.25394081268424634,
  "test_buy_prob_max": 0.5165396339303311,
  "test_buy_acc_05": 0.7828947368421053,
  "test_buy_precision_05": 0.3333333333333333,
  "test_buy_recall_05": 0.03125,
  "test_buy_f1_05": 0.05714285714285714,
  "test_buy_q90_threshold": 0.4427927055766813,
  "test_buy_q95_threshold": 0.4752142490858917,
  "valid_sell_auc": 0.5195753151957532,
  "valid_sell_positive_rate": 0.2864583333333333,
  "valid_sell_prob_mean": 0.4118654748919832,
  "valid_sell_prob_std": 0.06680023142782487,
  "valid_sell_prob_min": 0.23637464492262517,
  "valid_sell_prob_max": 0.5914954593665511,
  "valid_sell_acc_05": 0.6666666666666666,
  "valid_sell_precision_05": 0.2631578947368421,
  "valid_sell_recall_05": 0.09090909090909091,
  "valid_sell_f1_05": 0.13513513513513514,
  "valid_sell_q90_threshold": 0.4976178226700716,
  "valid_sell_q95_threshold": 0.5209025421464168,
  "test_sell_auc": 0.6427450980392156,
  "test_sell_positive_rate": 0.32894736842105265,
  "test_sell_prob_mean": 0.4469501999400736,
  "test_sell_prob_std": 0.058132219840960966,
  "test_sell_prob_min": 0.27225181071705956,
  "test_sell_prob_max": 0.5852612826578046,
  "test_sell_acc_05": 0.6776315789473685,
  "test_sell_precision_05": 0.5185185185185185,
  "test_sell_recall_05": 0.28,
  "test_sell_f1_05": 0.36363636363636365,
  "test_sell_q90_threshold": 0.5270760699818798,
  "test_sell_q95_threshold": 0.5379176266493775,
  "feature_importance_file": "outputs\\diagnostics\\research_pipeline_smoke_wf\\walk_forward\\fold_000\\models\\random_forest\\feature_importance.csv"
}