{
  "total_return": -0.053270354517721,
  "annualized_return": -0.5961413377221239,
  "max_drawdown": -0.08118699169686894,
  "sharpe": -2.6893595093189977,
  "sortino": -2.5511074932323363,
  "calmar": -7.342818415392951,
  "trade_count": 10,
  "win_rate": 0.2,
  "avg_net_return_per_trade": -0.006264280908643491,
  "median_net_return_per_trade": -0.007230599541978185,
  "backtest_mode": "a_share_inventory_t0",
  "trade_direction_mode": "sell_only",
  "buy_threshold": 0.6873311519622802,
  "sell_threshold": 0.8585168212652204,
  "initial_capital": 1000000.0,
  "final_equity": 946358.52746125,
  "final_benchmark_equity": 953450.0,
  "final_alpha_equity": 992908.52746125,
  "alpha_total_return": -0.007091472538750088,
  "alpha_sharpe": -7.6704682681989595,
  "alpha_sortino": -2.4526367134422067,
  "alpha_calmar": -14.916171203021147,
  "alpha_max_drawdown": -0.00745451359215632,
  "base_shares": 9800,
  "ending_shares": 9800,
  "base_position_pct": 0.6,
  "max_t0_trade_pct": 0.3,
  "max_participation_rate": 0.05,
  "commission_rate": 0.0015,
  "slippage_rate": 0.00075,
  "tp": 0.004,
  "sl": 0.002,
  "stop_loss_cooldown_bars": 6,
  "daily_max_trades": 0,
  "daily_max_losses": 2,
  "daily_loss_limit": 0.0,
  "no_overnight": true
}