{
  "total_return": 0.05822527739963235,
  "annualized_return": 60.199363358094466,
  "max_drawdown": -0.019737633744525973,
  "sharpe": 15.041640218253322,
  "sortino": 24.646312738062758,
  "calmar": 3049.9787430086512,
  "trade_count": 13,
  "win_rate": 0.23076923076923078,
  "avg_net_return_per_trade": -0.005332490061591454,
  "median_net_return_per_trade": -0.00675059665609767,
  "backtest_mode": "a_share_inventory_t0",
  "trade_direction_mode": "sell_only",
  "buy_threshold": 0.4856871202588081,
  "sell_threshold": 0.7281160473823547,
  "initial_capital": 1000000.0,
  "final_equity": 1057351.1833205002,
  "final_benchmark_equity": 1066316.0,
  "final_alpha_equity": 991035.1833205002,
  "alpha_total_return": -0.008964816679499776,
  "alpha_sharpe": -25.414927203255157,
  "alpha_sortino": -20.388657963183103,
  "alpha_calmar": -52.43313826203534,
  "alpha_max_drawdown": -0.009161695149749738,
  "base_shares": 11800,
  "ending_shares": 11800,
  "base_position_pct": 0.6,
  "max_t0_trade_pct": 0.3,
  "max_participation_rate": 0.05,
  "commission_rate": 0.0015,
  "slippage_rate": 0.0005,
  "tp": 0.003,
  "sl": 0.002,
  "no_overnight": true
}