{
  "scenario_count": 12,
  "all_alpha_positive": false,
  "min_alpha_total_return": -0.0030841277654998223,
  "worst_alpha_max_drawdown": -0.0032551335304998874,
  "min_trade_count": 3
}