{
  "total_return": -0.10607994826097489,
  "annualized_return": -0.8439164783985014,
  "max_drawdown": -0.1198358961674435,
  "sharpe": -7.108256305773645,
  "sortino": -11.201265600931894,
  "calmar": -7.042267846182911,
  "trade_count": 12,
  "win_rate": 0.25,
  "avg_net_return_per_trade": -0.0064319592805067135,
  "median_net_return_per_trade": -0.006867564349073704,
  "backtest_mode": "a_share_inventory_t0",
  "trade_direction_mode": "sell_only",
  "buy_threshold": 0.9011711865663528,
  "sell_threshold": 0.8903881818056105,
  "initial_capital": 1000000.0,
  "final_equity": 896580.3578130004,
  "final_benchmark_equity": 906349.0,
  "final_alpha_equity": 990231.3578130004,
  "alpha_total_return": -0.009768642186999577,
  "alpha_sharpe": -7.678198083581414,
  "alpha_sortino": -2.3980974424531842,
  "alpha_calmar": -11.7028814719679,
  "alpha_max_drawdown": -0.012822814037445562,
  "base_shares": 9300,
  "ending_shares": 9300,
  "base_position_pct": 0.6,
  "max_t0_trade_pct": 0.3,
  "max_participation_rate": 0.02,
  "commission_rate": 0.001,
  "slippage_rate": 0.001,
  "tp": 0.004,
  "sl": 0.002,
  "stop_loss_cooldown_bars": 6,
  "daily_max_trades": 0,
  "daily_max_losses": 2,
  "daily_loss_limit": 0.0,
  "no_overnight": true
}