{
  "total_return": -0.0008788881527944659,
  "annualized_return": -0.061920225379220595,
  "max_drawdown": -0.0258309434430416,
  "sharpe": 1.2491512449637179,
  "sortino": 2.1467843560998836,
  "calmar": -2.3971337135152457,
  "trade_count": 2,
  "win_rate": 0.5,
  "avg_net_return_per_trade": -0.002339056470234466,
  "median_net_return_per_trade": -0.002339056470234466,
  "backtest_mode": "a_share_inventory_t0",
  "trade_direction_mode": "sell_only",
  "buy_threshold": 0.6109327335007458,
  "sell_threshold": 0.6898173898458482,
  "initial_capital": 1000000.0,
  "final_equity": 1002687.9742165001,
  "final_benchmark_equity": 1002520.0,
  "final_alpha_equity": 1000167.9742165001,
  "alpha_total_return": 0.0001679742165001663,
  "alpha_sharpe": 0.849084462451756,
  "alpha_sortino": 0.5665704231113629,
  "alpha_calmar": 10.005891486856784,
  "alpha_max_drawdown": -0.001227774581999963,
  "base_shares": 10500,
  "ending_shares": 10500,
  "base_position_pct": 0.6,
  "max_t0_trade_pct": 0.3,
  "max_participation_rate": 0.05,
  "commission_rate": 0.001,
  "slippage_rate": 0.0005,
  "tp": 0.003,
  "sl": 0.002,
  "no_overnight": true
}