{
  "total_return": -0.10202039890480585,
  "annualized_return": -0.8321298585688955,
  "max_drawdown": -0.1214021901800525,
  "sharpe": -6.668228822053438,
  "sortino": -10.676342633559692,
  "calmar": -6.854323281439631,
  "trade_count": 17,
  "win_rate": 0.17647058823529413,
  "avg_net_return_per_trade": -0.005256076938885448,
  "median_net_return_per_trade": -0.007513232766201079,
  "backtest_mode": "a_share_inventory_t0",
  "trade_direction_mode": "sell_only",
  "buy_threshold": 0.6601430773735046,
  "sell_threshold": 0.8602267056703568,
  "initial_capital": 1000000.0,
  "final_equity": 902330.3122625004,
  "final_benchmark_equity": 913740.0,
  "final_alpha_equity": 988590.3122625004,
  "alpha_total_return": -0.011409687737499619,
  "alpha_sharpe": -11.40883115019206,
  "alpha_sortino": -4.729759448260937,
  "alpha_calmar": -13.799357703376218,
  "alpha_max_drawdown": -0.012558078218078084,
  "base_shares": 9500,
  "ending_shares": 9500,
  "base_position_pct": 0.6,
  "max_t0_trade_pct": 0.3,
  "max_participation_rate": 0.02,
  "commission_rate": 0.0015,
  "slippage_rate": 0.001,
  "tp": 0.003,
  "sl": 0.002,
  "stop_loss_cooldown_bars": 0,
  "daily_max_trades": 0,
  "daily_max_losses": 0,
  "daily_loss_limit": 0.0,
  "no_overnight": true
}