{
  "lookback": 12,
  "lookback_minutes": 60,
  "horizon": 9,
  "horizon_minutes": 45,
  "best_valid_auc": 0.5727727913223839,
  "valid_auc": 0.5727727913223839,
  "test_auc": 0.5257069929852063,
  "train_positive_rate": 0.347068011989699,
  "valid_positive_rate": 0.34460658647209624,
  "test_positive_rate": 0.3864734299516908,
  "valid_action_metrics": {
    "accuracy": 0.4175704989154013,
    "buy_auc": 0.5727727913223839,
    "sell_auc": 0.5556590606493708,
    "buy_positive_rate": 0.34460658647209624,
    "sell_positive_rate": 0.44093867087359495,
    "hold_rate": 0.2144547426543088
  },
  "test_action_metrics": {
    "accuracy": 0.40737454402050677,
    "buy_auc": 0.5257069929852063,
    "sell_auc": 0.527177093225678,
    "buy_positive_rate": 0.3864734299516908,
    "sell_positive_rate": 0.44651483781918566,
    "hold_rate": 0.16701173222912352
  },
  "test_trade_return_mean_all": 0.0005098949313331492,
  "test_trade_return_mean_label_1": 7.053373563681114e-08,
  "selected_threshold": 0.497059990465641,
  "selected_quantile": 0.95,
  "selected_threshold_test_stats": {
    "threshold": 0.497059990465641,
    "horizon": 9,
    "round_trip_cost": 0.003,
    "trade_count": 80,
    "win_rate": 0.35,
    "gross_return_mean": -0.0006743774835642327,
    "net_return_mean": -0.003674377483564234,
    "gross_return_median": -0.0005546593905697006,
    "net_return_median": -0.0035546593905697007,
    "total_return": -0.263113039429518,
    "max_drawdown": -0.34556204508052535,
    "per_trade_sharpe": -0.22097196099538566,
    "trades_per_year": 102.48511197983268,
    "bar_annualized_sharpe": -23.815816283638792,
    "sharpe": -2.2370081162539623,
    "avg_pred_prob": 0.5069747768342495,
    "positive_label_rate": 0.5625,
    "buy_label_rate": 0.3875,
    "selected_by": "validation_net_return_mean",
    "selected_quantile": 0.95
  },
  "output_dir": "outputs\\diagnostics\\horizon_compare\\lb12_h9",
  "seed": 42
}