{
  "total_return": 0.07995861127713555,
  "annualized_return": 2.0609136998165507,
  "max_drawdown": -0.044919786711561716,
  "sharpe": 4.220261168342097,
  "sortino": 7.168541757795916,
  "calmar": 45.879863879364784,
  "trade_count": 7,
  "win_rate": 0.42857142857142855,
  "avg_net_return_per_trade": -0.0018854917895709939,
  "median_net_return_per_trade": -0.0050839950930992,
  "backtest_mode": "a_share_inventory_t0",
  "trade_direction_mode": "sell_only",
  "buy_threshold": 0.669258889555931,
  "sell_threshold": 0.5814172089099884,
  "initial_capital": 1000000.0,
  "final_equity": 1078355.9526980002,
  "final_benchmark_equity": 1079288.0,
  "final_alpha_equity": 999067.9526980002,
  "alpha_total_return": -0.0009320473019998055,
  "alpha_sharpe": -1.4498474352952815,
  "alpha_sortino": -0.6064410241391167,
  "alpha_calmar": -5.944177217801941,
  "alpha_max_drawdown": -0.0022660601242314726,
  "base_shares": 10600,
  "ending_shares": 10600,
  "base_position_pct": 0.6,
  "max_t0_trade_pct": 0.3,
  "max_participation_rate": 0.05,
  "commission_rate": 0.001,
  "slippage_rate": 0.0005,
  "tp": 0.004,
  "sl": 0.002,
  "stop_loss_cooldown_bars": 0,
  "daily_max_trades": 0,
  "daily_max_losses": 0,
  "daily_loss_limit": 0.0,
  "no_overnight": true
}