{
  "total_return": -0.043927490289930815,
  "annualized_return": -0.21149122393278785,
  "max_drawdown": -0.09724728766611568,
  "sharpe": -1.4965304163506243,
  "sortino": -1.717377582908877,
  "calmar": -2.17477761085648,
  "trade_count": 47,
  "win_rate": 0.06382978723404255,
  "avg_net_return_per_trade": -0.005106636314199306,
  "median_net_return_per_trade": -0.00613386872044663,
  "backtest_mode": "a_share_inventory_t0",
  "trade_direction_mode": "sell_only",
  "buy_threshold": 0.5876382724393838,
  "sell_threshold": 0.7648406952126675,
  "initial_capital": 1000000.0,
  "final_equity": 955967.3417340011,
  "final_benchmark_equity": 986910.0,
  "final_alpha_equity": 969057.3417340011,
  "alpha_total_return": -0.030942658265998957,
  "alpha_sharpe": -12.603355106240905,
  "alpha_sortino": -6.240436047584849,
  "alpha_calmar": -4.803611970046223,
  "alpha_max_drawdown": -0.03188661883995325,
  "base_shares": 11000,
  "ending_shares": 11000,
  "base_position_pct": 0.6,
  "max_t0_trade_pct": 0.3,
  "max_participation_rate": 0.05,
  "commission_rate": 0.0015,
  "slippage_rate": 0.0005,
  "tp": 0.003,
  "sl": 0.002,
  "no_overnight": true
}