{
  "total_return": -0.11604217555340979,
  "annualized_return": -0.4385348681440101,
  "max_drawdown": -0.15610182697433572,
  "sharpe": -2.6047953966661725,
  "sortino": -3.6563474085517917,
  "calmar": -2.8092872238843714,
  "trade_count": 11,
  "win_rate": 0.2727272727272727,
  "avg_net_return_per_trade": -0.004158868064041492,
  "median_net_return_per_trade": -0.006533787159630319,
  "backtest_mode": "a_share_inventory_t0",
  "trade_direction_mode": "sell_only",
  "buy_threshold": 0.6868722345201278,
  "sell_threshold": 0.6760560954993466,
  "initial_capital": 1000000.0,
  "final_equity": 887336.3112516251,
  "final_benchmark_equity": 896351.0,
  "final_alpha_equity": 990985.3112516251,
  "alpha_total_return": -0.009014688748374966,
  "alpha_sharpe": -4.895699264160519,
  "alpha_sortino": -1.2345683101405434,
  "alpha_calmar": -3.681832863720974,
  "alpha_max_drawdown": -0.011269066251098692,
  "base_shares": 9100,
  "ending_shares": 9100,
  "base_position_pct": 0.6,
  "max_t0_trade_pct": 0.3,
  "max_participation_rate": 0.02,
  "commission_rate": 0.0015,
  "slippage_rate": 0.00075,
  "tp": 0.003,
  "sl": 0.002,
  "no_overnight": true
}