{
  "total_return": 0.08132912542888637,
  "annualized_return": 2.1178943807067676,
  "max_drawdown": -0.04526860984706205,
  "sharpe": 4.28997807201487,
  "sortino": 7.275493667510949,
  "calmar": 46.785054541369355,
  "trade_count": 3,
  "win_rate": 0.6666666666666666,
  "avg_net_return_per_trade": -0.0004916731950371014,
  "median_net_return_per_trade": 0.0020891171575929714,
  "backtest_mode": "a_share_inventory_t0",
  "trade_direction_mode": "sell_only",
  "buy_threshold": 0.669258889555931,
  "sell_threshold": 0.6061013400554657,
  "initial_capital": 1000000.0,
  "final_equity": 1079724.43300675,
  "final_benchmark_equity": 1079288.0,
  "final_alpha_equity": 1000436.43300675,
  "alpha_total_return": 0.00043643300674989227,
  "alpha_sharpe": 0.6794723388294269,
  "alpha_sortino": 0.20345692760444511,
  "alpha_calmar": 2.8142335950979738,
  "alpha_max_drawdown": -0.002262067932684686,
  "base_shares": 10600,
  "ending_shares": 10600,
  "base_position_pct": 0.6,
  "max_t0_trade_pct": 0.3,
  "max_participation_rate": 0.05,
  "commission_rate": 0.0015,
  "slippage_rate": 0.0005,
  "tp": 0.004,
  "sl": 0.002,
  "stop_loss_cooldown_bars": 0,
  "daily_max_trades": 0,
  "daily_max_losses": 0,
  "daily_loss_limit": 0.0,
  "no_overnight": true
}