{
  "total_return": -0.02658848871491515,
  "annualized_return": -0.9614035154144527,
  "max_drawdown": -0.056150875551229884,
  "sharpe": -9.232799147236147,
  "sortino": -12.610476697824685,
  "calmar": -17.121790283346613,
  "trade_count": 3,
  "win_rate": 1.0,
  "avg_net_return_per_trade": 0.0010338964788110647,
  "median_net_return_per_trade": 0.0007402831431001537,
  "backtest_mode": "a_share_inventory_t0",
  "trade_direction_mode": "sell_only",
  "buy_threshold": 0.36078413022845357,
  "sell_threshold": 0.5316083564890729,
  "initial_capital": 1000000.0,
  "final_equity": 971506.5449575,
  "final_benchmark_equity": 970336.0,
  "final_alpha_equity": 1001170.5449575,
  "alpha_total_return": 0.0011705449574999083,
  "alpha_sharpe": 6.6012088266296,
  "alpha_sortino": 6.213637046915794,
  "alpha_calmar": 209.23164721810116,
  "alpha_max_drawdown": -0.0007252908710382311,
  "base_shares": 10300,
  "ending_shares": 10300,
  "base_position_pct": 0.6,
  "max_t0_trade_pct": 0.3,
  "max_participation_rate": 0.05,
  "commission_rate": 0.001,
  "slippage_rate": 0.0005,
  "tp": 0.003,
  "sl": 0.002,
  "no_overnight": true
}