{
  "model": "LSTM",
  "target_col_buy": "buy_label",
  "target_col_sell": "sell_label",
  "feature_count": 194,
  "lookback": 24,
  "params": {
    "hidden_dim": 256,
    "num_layers": 2,
    "dropout": 0.3,
    "output_dim": 1
  },
  "buy_fit": {
    "best_score": 0.5269443166129775,
    "best_valid_auc": 0.5269443166129775,
    "epochs_ran": 20,
    "pos_rate": 0.2991183879093199,
    "pos_weight": 2.343157894736842,
    "device": "cpu"
  },
  "sell_fit": {
    "best_score": 0.5631125134498501,
    "best_valid_auc": 0.5631125134498501,
    "epochs_ran": 20,
    "pos_rate": 0.41435768261964734,
    "pos_weight": 1.4133738601823709,
    "device": "cpu"
  },
  "valid_buy_auc": 0.5269443166129775,
  "valid_buy_positive_rate": 0.3170103092783505,
  "valid_buy_prob_mean": 0.3773578107357025,
  "valid_buy_prob_std": 0.3148740828037262,
  "valid_buy_prob_min": 0.0036131797824054956,
  "valid_buy_prob_max": 0.9842124581336975,
  "valid_buy_acc_05": 0.5670103092783505,
  "valid_buy_precision_05": 0.33455882352941174,
  "valid_buy_recall_05": 0.3699186991869919,
  "valid_buy_f1_05": 0.35135135135135137,
  "valid_buy_q90_threshold": 0.8709014654159546,
  "valid_buy_q95_threshold": 0.9164307117462158,
  "test_buy_auc": 0.4198069187449719,
  "test_buy_positive_rate": 0.2912371134020619,
  "test_buy_prob_mean": 0.3860286474227905,
  "test_buy_prob_std": 0.2957742512226105,
  "test_buy_prob_min": 0.0016177893849089742,
  "test_buy_prob_max": 0.9804794788360596,
  "test_buy_acc_05": 0.529639175257732,
  "test_buy_precision_05": 0.256140350877193,
  "test_buy_recall_05": 0.3230088495575221,
  "test_buy_f1_05": 0.2857142857142857,
  "test_buy_q90_threshold": 0.8404444456100464,
  "test_buy_q95_threshold": 0.9158788919448853,
  "valid_sell_auc": 0.5631125134498501,
  "valid_sell_positive_rate": 0.35309278350515466,
  "valid_sell_prob_mean": 0.43346771597862244,
  "valid_sell_prob_std": 0.2992335557937622,
  "valid_sell_prob_min": 0.007945725694298744,
  "valid_sell_prob_max": 0.9718262553215027,
  "valid_sell_acc_05": 0.5708762886597938,
  "valid_sell_precision_05": 0.40923076923076923,
  "valid_sell_recall_05": 0.4854014598540146,
  "valid_sell_f1_05": 0.44407345575959933,
  "valid_sell_q90_threshold": 0.8641753196716309,
  "valid_sell_q95_threshold": 0.9058243632316589,
  "test_sell_auc": 0.5128079887116032,
  "test_sell_positive_rate": 0.42783505154639173,
  "test_sell_prob_mean": 0.389923632144928,
  "test_sell_prob_std": 0.24926146864891052,
  "test_sell_prob_min": 0.012098710052669048,
  "test_sell_prob_max": 0.9620856046676636,
  "test_sell_acc_05": 0.5373711340206185,
  "test_sell_precision_05": 0.4482758620689655,
  "test_sell_recall_05": 0.35240963855421686,
  "test_sell_f1_05": 0.3946037099494098,
  "test_sell_q90_threshold": 0.7591714859008789,
  "test_sell_q95_threshold": 0.8403788805007935
}