{
  "total_return": 0.04030293082568548,
  "annualized_return": 16.67913255956656,
  "max_drawdown": -0.022907473140248213,
  "sharpe": 8.864437739634095,
  "sortino": 20.940477486192954,
  "calmar": 728.1087904130937,
  "trade_count": 5,
  "win_rate": 0.8,
  "avg_net_return_per_trade": 0.000561079591775651,
  "median_net_return_per_trade": 0.0008942521982252564,
  "backtest_mode": "a_share_inventory_t0",
  "trade_direction_mode": "sell_only",
  "buy_threshold": 0.4607778406855257,
  "sell_threshold": 0.63921472042799,
  "initial_capital": 1000000.0,
  "final_equity": 1037876.9443910001,
  "final_benchmark_equity": 1036040.0,
  "final_alpha_equity": 1001836.9443910001,
  "alpha_total_return": 0.0018369443910000172,
  "alpha_sharpe": 6.601311217661509,
  "alpha_sortino": 6.634844139806112,
  "alpha_calmar": 113.88408428095578,
  "alpha_max_drawdown": -0.0012532617729746898,
  "base_shares": 10600,
  "ending_shares": 10600,
  "base_position_pct": 0.6,
  "max_t0_trade_pct": 0.3,
  "max_participation_rate": 0.05,
  "commission_rate": 0.001,
  "slippage_rate": 0.0005,
  "tp": 0.003,
  "sl": 0.002,
  "no_overnight": true
}