{
  "total_return": -0.0972230821287553,
  "annualized_return": -0.8170139224699574,
  "max_drawdown": -0.11470152719099969,
  "sharpe": -6.52752824650849,
  "sortino": -10.299017361138825,
  "calmar": -7.122955922892596,
  "trade_count": 12,
  "win_rate": 0.25,
  "avg_net_return_per_trade": -0.005345910594322348,
  "median_net_return_per_trade": -0.003661571471525401,
  "backtest_mode": "a_share_inventory_t0",
  "trade_direction_mode": "sell_only",
  "buy_threshold": 0.6396319121122359,
  "sell_threshold": 0.8835047245025632,
  "initial_capital": 1000000.0,
  "final_equity": 906341.0811430004,
  "final_benchmark_equity": 912204.0,
  "final_alpha_equity": 994137.0811430004,
  "alpha_total_return": -0.005862918856999633,
  "alpha_sharpe": -7.094076673570508,
  "alpha_sortino": -2.4837433844542796,
  "alpha_calmar": -13.758016648391083,
  "alpha_max_drawdown": -0.006761463437163662,
  "base_shares": 9400,
  "ending_shares": 9400,
  "base_position_pct": 0.6,
  "max_t0_trade_pct": 0.3,
  "max_participation_rate": 0.05,
  "commission_rate": 0.0015,
  "slippage_rate": 0.0005,
  "tp": 0.003,
  "sl": 0.002,
  "stop_loss_cooldown_bars": 0,
  "daily_max_trades": 0,
  "daily_max_losses": 0,
  "daily_loss_limit": 0.0,
  "no_overnight": true
}