{
  "scenario_count": 12,
  "all_alpha_positive": false,
  "min_alpha_total_return": -0.012536650958875462,
  "worst_alpha_max_drawdown": -0.01541024909121902,
  "min_trade_count": 12
}