{
  "total_return": -0.055046116419226965,
  "annualized_return": -0.6080443926403831,
  "max_drawdown": -0.08180883848945841,
  "sharpe": -2.759005139249558,
  "sortino": -2.6298275080523124,
  "calmar": -7.432502451660324,
  "trade_count": 20,
  "win_rate": 0.3,
  "avg_net_return_per_trade": -0.0036307285807845235,
  "median_net_return_per_trade": -0.0050648157307116,
  "backtest_mode": "a_share_inventory_t0",
  "trade_direction_mode": "sell_only",
  "buy_threshold": 0.7839341640472411,
  "sell_threshold": 0.7821643054485321,
  "initial_capital": 1000000.0,
  "final_equity": 944676.0671390003,
  "final_benchmark_equity": 950804.0,
  "final_alpha_equity": 993872.0671390003,
  "alpha_total_return": -0.006127932860999663,
  "alpha_sharpe": -7.109029483862024,
  "alpha_sortino": -4.528065056473268,
  "alpha_calmar": -13.030870574802991,
  "alpha_max_drawdown": -0.007419518926824353,
  "base_shares": 9800,
  "ending_shares": 9800,
  "base_position_pct": 0.6,
  "max_t0_trade_pct": 0.3,
  "max_participation_rate": 0.05,
  "commission_rate": 0.001,
  "slippage_rate": 0.0005,
  "tp": 0.003,
  "sl": 0.002,
  "stop_loss_cooldown_bars": 0,
  "daily_max_trades": 0,
  "daily_max_losses": 0,
  "daily_loss_limit": 0.0,
  "no_overnight": true
}