model_label,epoch,train_loss,valid_loss,valid_auc,valid_prob_mean,valid_prob_max
Transformer_LSTM_buy,1,1.3369721528646108,1.1737761497497559,0.5239581707507414,0.34466037154197693,0.5495550036430359
Transformer_LSTM_buy,2,1.0579089506252393,1.0951520204544067,0.5582956141719995,0.46897053718566895,0.7097877860069275
Transformer_LSTM_buy,3,0.9600026961919423,1.1012731790542603,0.5754643358826284,0.5342333912849426,0.7614427804946899
