model_label,epoch,train_loss,valid_loss,valid_auc,valid_prob_mean,valid_prob_max
Transformer_LSTM_sell,1,0.933018726271552,0.9374688267707825,0.5350332594235033,0.4244476854801178,0.5543522834777832
Transformer_LSTM_sell,2,0.8271199658110335,0.9772462844848633,0.4983370288248337,0.430917888879776,0.689728319644928
Transformer_LSTM_sell,3,0.7922781142028602,1.0057519674301147,0.4866962305986696,0.41743335127830505,0.7224016785621643
