{
  "model": "Transformer_LSTM",
  "target_col_buy": "buy_label",
  "target_col_sell": "sell_label",
  "feature_count": 194,
  "lookback": 8,
  "params": {
    "d_model": 128,
    "nhead": 4,
    "transformer_layers": 2,
    "transformer_dropout": 0.2,
    "lstm_hidden_dim": 128,
    "lstm_num_layers": 1,
    "output_dim": 1
  },
  "buy_fit": {
    "best_score": 0.5754643358826284,
    "best_valid_auc": 0.5754643358826284,
    "epochs_ran": 3,
    "pos_rate": 0.2195945945945946,
    "pos_weight": 3.5538461538461537,
    "device": "cpu"
  },
  "sell_fit": {
    "best_score": 0.5350332594235033,
    "best_valid_auc": 0.5350332594235033,
    "epochs_ran": 3,
    "pos_rate": 0.3716216216216216,
    "pos_weight": 1.6909090909090911,
    "device": "cpu"
  },
  "valid_buy_auc": 0.5754643358826284,
  "valid_buy_positive_rate": 0.22395833333333334,
  "valid_buy_prob_mean": 0.5342333912849426,
  "valid_buy_prob_std": 0.14212599396705627,
  "valid_buy_prob_min": 0.10368745774030685,
  "valid_buy_prob_max": 0.7614427804946899,
  "valid_buy_acc_05": 0.4166666666666667,
  "valid_buy_precision_05": 0.2366412213740458,
  "valid_buy_recall_05": 0.7209302325581395,
  "valid_buy_f1_05": 0.3563218390804598,
  "valid_buy_q90_threshold": 0.6972857713699341,
  "valid_buy_q95_threshold": 0.7076036930084229,
  "test_buy_auc": 0.48753738783649053,
  "test_buy_positive_rate": 0.2236842105263158,
  "test_buy_prob_mean": 0.49813923239707947,
  "test_buy_prob_std": 0.12097456306219101,
  "test_buy_prob_min": 0.23148149251937866,
  "test_buy_prob_max": 0.7693692445755005,
  "test_buy_acc_05": 0.47368421052631576,
  "test_buy_precision_05": 0.19736842105263158,
  "test_buy_recall_05": 0.4411764705882353,
  "test_buy_f1_05": 0.2727272727272727,
  "test_buy_q90_threshold": 0.6587961316108704,
  "test_buy_q95_threshold": 0.7077555656433105,
  "valid_sell_auc": 0.5350332594235033,
  "valid_sell_positive_rate": 0.4270833333333333,
  "valid_sell_prob_mean": 0.4244476854801178,
  "valid_sell_prob_std": 0.06567813456058502,
  "valid_sell_prob_min": 0.28784218430519104,
  "valid_sell_prob_max": 0.5543522834777832,
  "valid_sell_acc_05": 0.578125,
  "valid_sell_precision_05": 0.5172413793103449,
  "valid_sell_recall_05": 0.18292682926829268,
  "valid_sell_f1_05": 0.2702702702702703,
  "valid_sell_q90_threshold": 0.5140042304992676,
  "valid_sell_q95_threshold": 0.5338987708091736,
  "test_sell_auc": 0.4304018637157834,
  "test_sell_positive_rate": 0.3355263157894737,
  "test_sell_prob_mean": 0.44415274262428284,
  "test_sell_prob_std": 0.0909595713019371,
  "test_sell_prob_min": 0.26769784092903137,
  "test_sell_prob_max": 0.5939024090766907,
  "test_sell_acc_05": 0.5394736842105263,
  "test_sell_precision_05": 0.27906976744186046,
  "test_sell_recall_05": 0.23529411764705882,
  "test_sell_f1_05": 0.2553191489361702,
  "test_sell_q90_threshold": 0.572501540184021,
  "test_sell_q95_threshold": 0.5846091508865356
}