model_label,epoch,train_loss,valid_loss,valid_auc,valid_prob_mean,valid_prob_max
MLP_buy,1,1.2569574214316703,0.9644295573234558,0.5738553417385535,0.39050042629241943,0.8456462621688843
MLP_buy,2,0.9587623009810576,0.9968069195747375,0.5358991373589913,0.4136294424533844,0.7927260994911194
MLP_buy,3,0.8774593665793136,1.0024231672286987,0.5491705374917054,0.41805899143218994,0.8121586441993713
