model_label,epoch,train_loss,valid_loss,valid_auc,valid_prob_mean,valid_prob_max
MLP_sell,1,1.156759365184887,0.9645349383354187,0.5262110152621102,0.2954353094100952,0.6705530881881714
MLP_sell,2,0.9023045204781197,0.9831017851829529,0.46250829462508297,0.338162899017334,0.649154782295227
MLP_sell,3,0.8337142258077055,0.9313375353813171,0.5141340411413404,0.3491479456424713,0.6501129865646362
