{
  "model": "MLP",
  "target_col_buy": "buy_label",
  "target_col_sell": "sell_label",
  "feature_count": 194,
  "lookback": 8,
  "params": {
    "lookback": 8,
    "hidden_dim": 256,
    "dropout": 0.3,
    "output_dim": 1
  },
  "buy_fit": {
    "best_score": 0.5738553417385535,
    "best_valid_auc": 0.5738553417385535,
    "epochs_ran": 3,
    "pos_rate": 0.30574324324324326,
    "pos_weight": 2.270718232044199,
    "device": "cpu"
  },
  "sell_fit": {
    "best_score": 0.5262110152621102,
    "best_valid_auc": 0.5262110152621102,
    "epochs_ran": 3,
    "pos_rate": 0.33783783783783783,
    "pos_weight": 1.9600000000000002,
    "device": "cpu"
  },
  "valid_buy_auc": 0.5738553417385535,
  "valid_buy_positive_rate": 0.2864583333333333,
  "valid_buy_prob_mean": 0.39050042629241943,
  "valid_buy_prob_std": 0.13871274888515472,
  "valid_buy_prob_min": 0.0962427482008934,
  "valid_buy_prob_max": 0.8456462621688843,
  "valid_buy_acc_05": 0.65625,
  "valid_buy_precision_05": 0.358974358974359,
  "valid_buy_recall_05": 0.2545454545454545,
  "valid_buy_f1_05": 0.2978723404255319,
  "valid_buy_q90_threshold": 0.5809289216995239,
  "valid_buy_q95_threshold": 0.6407590508460999,
  "test_buy_auc": 0.5044270833333333,
  "test_buy_positive_rate": 0.21052631578947367,
  "test_buy_prob_mean": 0.2217327356338501,
  "test_buy_prob_std": 0.13173046708106995,
  "test_buy_prob_min": 0.042034316807985306,
  "test_buy_prob_max": 0.7614062428474426,
  "test_buy_acc_05": 0.7697368421052632,
  "test_buy_precision_05": 0.3333333333333333,
  "test_buy_recall_05": 0.09375,
  "test_buy_f1_05": 0.14634146341463414,
  "test_buy_q90_threshold": 0.3600926101207733,
  "test_buy_q95_threshold": 0.5174508690834045,
  "valid_sell_auc": 0.5262110152621102,
  "valid_sell_positive_rate": 0.2864583333333333,
  "valid_sell_prob_mean": 0.2954353094100952,
  "valid_sell_prob_std": 0.11679016053676605,
  "valid_sell_prob_min": 0.07007480412721634,
  "valid_sell_prob_max": 0.6705530881881714,
  "valid_sell_acc_05": 0.71875,
  "valid_sell_precision_05": 0.5384615384615384,
  "valid_sell_recall_05": 0.12727272727272726,
  "valid_sell_f1_05": 0.20588235294117646,
  "valid_sell_q90_threshold": 0.4663594961166382,
  "valid_sell_q95_threshold": 0.5236851572990417,
  "test_sell_auc": 0.46,
  "test_sell_positive_rate": 0.32894736842105265,
  "test_sell_prob_mean": 0.38377946615219116,
  "test_sell_prob_std": 0.1358252763748169,
  "test_sell_prob_min": 0.10076019912958145,
  "test_sell_prob_max": 0.7299084663391113,
  "test_sell_acc_05": 0.5789473684210527,
  "test_sell_precision_05": 0.28125,
  "test_sell_recall_05": 0.18,
  "test_sell_f1_05": 0.21951219512195122,
  "test_sell_q90_threshold": 0.5630488991737366,
  "test_sell_q95_threshold": 0.5967898964881897
}