{
  "total_return": -0.04941169323892802,
  "annualized_return": -0.9978015493538377,
  "max_drawdown": -0.06286319491627035,
  "sharpe": -12.720230602091895,
  "sortino": -14.442629195834796,
  "calmar": -15.872587301406552,
  "trade_count": 3,
  "win_rate": 0.0,
  "avg_net_return_per_trade": -0.010076828306599058,
  "median_net_return_per_trade": -0.00991261746176075,
  "backtest_mode": "a_share_inventory_t0",
  "trade_direction_mode": "sell_only",
  "buy_threshold": 0.4654643074304277,
  "sell_threshold": 0.5175519518036075,
  "initial_capital": 1000000.0,
  "final_equity": 950268.9090900002,
  "final_benchmark_equity": 957328.0,
  "final_alpha_equity": 992940.9090900002,
  "alpha_total_return": -0.007059090909999788,
  "alpha_sharpe": -19.897157994594572,
  "alpha_sortino": -7.663260452531187,
  "alpha_calmar": -81.44888879354077,
  "alpha_max_drawdown": -0.007059090909999788,
  "base_shares": 8400,
  "ending_shares": 8400,
  "base_position_pct": 0.6,
  "max_t0_trade_pct": 0.3,
  "max_participation_rate": 0.05,
  "commission_rate": 0.0015,
  "slippage_rate": 0.0005,
  "tp": 0.003,
  "sl": 0.002,
  "no_overnight": true
}