{
  "lookback": 6,
  "lookback_minutes": 30,
  "horizon": 1,
  "horizon_minutes": 5,
  "best_valid_auc": 0.6717807039446355,
  "valid_auc": 0.6717807039446355,
  "test_auc": 0.6222634818675393,
  "train_positive_rate": 0.19702021694171273,
  "valid_positive_rate": 0.2275100995171938,
  "test_positive_rate": 0.2503448275862069,
  "valid_action_metrics": {
    "accuracy": 0.4668440240417775,
    "buy_auc": 0.6717807039446355,
    "sell_auc": 0.6698749942309752,
    "buy_positive_rate": 0.2275100995171938,
    "sell_positive_rate": 0.24199428515124644,
    "hold_rate": 0.5304956153315598
  },
  "test_action_metrics": {
    "accuracy": 0.3892610837438424,
    "buy_auc": 0.6222634818675393,
    "sell_auc": 0.6163477253267817,
    "buy_positive_rate": 0.2503448275862069,
    "sell_positive_rate": 0.2639408866995074,
    "hold_rate": 0.4857142857142857
  },
  "test_trade_return_mean_all": 7.923775727871757e-05,
  "test_trade_return_mean_label_1": -5.725888295571372e-05,
  "selected_threshold": 0.5299513339996338,
  "selected_quantile": 0.95,
  "selected_threshold_test_stats": {
    "threshold": 0.5299513339996338,
    "horizon": 1,
    "round_trip_cost": 0.003,
    "trade_count": 308,
    "win_rate": 0.237012987012987,
    "gross_return_mean": -5.5895189892180515e-06,
    "net_return_mean": -0.003005589518989218,
    "gross_return_median": -0.000553040975227681,
    "net_return_median": -0.003553040975227681,
    "total_return": -0.6073789850626277,
    "max_drawdown": -0.6084397976508007,
    "per_trade_sharpe": -0.4219982226846433,
    "trades_per_year": 341.9253443090074,
    "bar_annualized_sharpe": -45.48193398930567,
    "sharpe": -7.803263426956049,
    "avg_pred_prob": 0.5520675879020196,
    "positive_label_rate": 0.5909090909090909,
    "buy_label_rate": 0.33116883116883117,
    "selected_by": "validation_net_return_mean",
    "selected_quantile": 0.95
  },
  "output_dir": "outputs\\diagnostics\\horizon_compare\\lb6_h1",
  "seed": 42
}