{
  "lookback": 6,
  "lookback_minutes": 30,
  "horizon": 1,
  "horizon_minutes": 5,
  "best_valid_auc": 0.7495660822271075,
  "valid_auc": 0.7495660822271075,
  "test_auc": 0.7058475442059708,
  "train_positive_rate": 0.0903220360444013,
  "valid_positive_rate": 0.12513548132820967,
  "test_positive_rate": 0.13349753694581282,
  "test_trade_return_mean_all": 7.923775727871757e-05,
  "test_trade_return_mean_label_1": 0.006346357429585879,
  "selected_threshold": 0.785803759098053,
  "selected_quantile": 0.9,
  "selected_threshold_test_stats": {
    "threshold": 0.785803759098053,
    "horizon": 1,
    "round_trip_cost": 0.003,
    "trade_count": 519,
    "win_rate": 0.3044315992292871,
    "gross_return_mean": 0.0002014501375076526,
    "net_return_mean": -0.0027985498624923475,
    "gross_return_median": 0.0,
    "net_return_median": -0.003,
    "total_return": -0.769505434838087,
    "max_drawdown": -0.7683272055276128,
    "sharpe": -42.60365399756823,
    "avg_pred_prob": 0.8081428668172833,
    "positive_label_rate": 0.3044315992292871,
    "selected_by": "validation_net_return_mean",
    "selected_quantile": 0.9
  },
  "output_dir": "outputs\\diagnostics\\horizon_compare\\lb6_h1"
}