model,side,valid_auc,raw_weight,weight,weight_method
transformer_lstm,buy,0.6318082788671023,0.13180827886710234,0.22718082033506634,valid_auc_edge_over_0p5
lstm,buy,0.6537623596447126,0.15376235964471263,0.2650202195262855,valid_auc_edge_over_0p5
cnn,buy,0.6820847997318585,0.18208479973185854,0.31383593298671286,valid_auc_edge_over_0p5
mlp,buy,0.6125356125356125,0.1125356125356125,0.19396302715193528,valid_auc_edge_over_0p5
