model,side,valid_auc,raw_weight,weight,weight_method
transformer_lstm,sell,0.6290303806308929,0.1290303806308929,0.31464660800454175,valid_auc_edge_over_0p5
lstm,sell,0.5859620533116052,0.08596205331160522,0.2096224808401931,valid_auc_edge_over_0p5
cnn,sell,0.596554533814457,0.096554533814457,0.235452739142776,valid_auc_edge_over_0p5
mlp,sell,0.5985333488534512,0.09853334885345122,0.24027817201248913,valid_auc_edge_over_0p5
