{
  "model": "auc_weighted_ensemble",
  "member_models": [
    "transformer_lstm",
    "lstm",
    "cnn",
    "mlp"
  ],
  "buy_weight_method": "valid_auc_edge_over_0p5",
  "sell_weight_method": "valid_auc_edge_over_0p5",
  "feature_count": 194,
  "lookback": 8,
  "valid_buy_auc": 0.6768895592425004,
  "valid_buy_positive_rate": 0.203125,
  "valid_buy_prob_mean": 0.35604255702929644,
  "valid_buy_prob_std": 0.06124039304956387,
  "valid_buy_prob_min": 0.2043228497193908,
  "valid_buy_prob_max": 0.5056136387197493,
  "valid_buy_acc_05": 0.8020833333333334,
  "valid_buy_precision_05": 1.0,
  "valid_buy_recall_05": 0.02564102564102564,
  "valid_buy_f1_05": 0.05,
  "valid_buy_q90_threshold": 0.4349899630849413,
  "valid_buy_q95_threshold": 0.4654643074304277,
  "test_buy_auc": 0.4622950819672131,
  "test_buy_positive_rate": 0.19736842105263158,
  "test_buy_prob_mean": 0.42114490571169966,
  "test_buy_prob_std": 0.10330070500140223,
  "test_buy_prob_min": 0.21310110852296626,
  "test_buy_prob_max": 0.6358829905262301,
  "test_buy_acc_05": 0.6513157894736842,
  "test_buy_precision_05": 0.20512820512820512,
  "test_buy_recall_05": 0.26666666666666666,
  "test_buy_f1_05": 0.2318840579710145,
  "test_buy_q90_threshold": 0.5734854903328218,
  "test_buy_q95_threshold": 0.5997226094556967,
  "valid_sell_auc": 0.6346176230939355,
  "valid_sell_positive_rate": 0.3697916666666667,
  "valid_sell_prob_mean": 0.39224825052902673,
  "valid_sell_prob_std": 0.07496525590141329,
  "valid_sell_prob_min": 0.24178077030864562,
  "valid_sell_prob_max": 0.6185356874527526,
  "valid_sell_acc_05": 0.6510416666666666,
  "valid_sell_precision_05": 0.6111111111111112,
  "valid_sell_recall_05": 0.15492957746478872,
  "valid_sell_f1_05": 0.24719101123595505,
  "valid_sell_q90_threshold": 0.4923507358704377,
  "valid_sell_q95_threshold": 0.5175519518036075,
  "test_sell_auc": 0.41246448863636365,
  "test_sell_positive_rate": 0.42105263157894735,
  "test_sell_prob_mean": 0.40616402731378337,
  "test_sell_prob_std": 0.07344616271997904,
  "test_sell_prob_min": 0.22701566466618056,
  "test_sell_prob_max": 0.5914603094045594,
  "test_sell_acc_05": 0.5,
  "test_sell_precision_05": 0.125,
  "test_sell_recall_05": 0.03125,
  "test_sell_f1_05": 0.05,
  "test_sell_q90_threshold": 0.49922358246518583,
  "test_sell_q95_threshold": 0.5226765265835809
}