{
  "total_return": 0.0579379735691683,
  "annualized_return": 59.0031627961604,
  "max_drawdown": -0.019744373572592955,
  "sharpe": 14.798354200954908,
  "sortino": 24.32846154436138,
  "calmar": 2988.353242974613,
  "trade_count": 13,
  "win_rate": 0.0,
  "avg_net_return_per_trade": -0.006481445336966483,
  "median_net_return_per_trade": -0.006975668532094633,
  "backtest_mode": "a_share_inventory_t0",
  "trade_direction_mode": "sell_only",
  "buy_threshold": 0.4856871202588081,
  "sell_threshold": 0.7281160473823547,
  "initial_capital": 1000000.0,
  "final_equity": 1057064.1168030002,
  "final_benchmark_equity": 1066316.0,
  "final_alpha_equity": 990748.1168030002,
  "alpha_total_return": -0.009251883196999766,
  "alpha_sharpe": -30.260838750175925,
  "alpha_sortino": -20.85335975601194,
  "alpha_calmar": -51.98623722883096,
  "alpha_max_drawdown": -0.009448761823999896,
  "base_shares": 11800,
  "ending_shares": 11800,
  "base_position_pct": 0.6,
  "max_t0_trade_pct": 0.3,
  "max_participation_rate": 0.05,
  "commission_rate": 0.001,
  "slippage_rate": 0.001,
  "tp": 0.003,
  "sl": 0.002,
  "no_overnight": true
}