{
  "total_return": -0.09426621351278075,
  "annualized_return": -0.8064025900453664,
  "max_drawdown": -0.11436855457715334,
  "sharpe": -6.124245380679538,
  "sortino": -9.762267440562969,
  "calmar": -7.050911791504412,
  "trade_count": 12,
  "win_rate": 0.4166666666666667,
  "avg_net_return_per_trade": -0.003491364333693048,
  "median_net_return_per_trade": -0.005736740850979579,
  "backtest_mode": "a_share_inventory_t0",
  "trade_direction_mode": "sell_only",
  "buy_threshold": 0.6520390957593918,
  "sell_threshold": 0.933201789855957,
  "initial_capital": 1000000.0,
  "final_equity": 910122.0666827498,
  "final_benchmark_equity": 913740.0,
  "final_alpha_equity": 996382.0666827498,
  "alpha_total_return": -0.0036179333172502437,
  "alpha_sharpe": -4.742303782973126,
  "alpha_sortino": -2.0003278328311604,
  "alpha_calmar": -10.902493236153177,
  "alpha_max_drawdown": -0.005350847119255042,
  "base_shares": 9500,
  "ending_shares": 9500,
  "base_position_pct": 0.6,
  "max_t0_trade_pct": 0.3,
  "max_participation_rate": 0.05,
  "commission_rate": 0.001,
  "slippage_rate": 0.00075,
  "tp": 0.004,
  "sl": 0.003,
  "stop_loss_cooldown_bars": 0,
  "daily_max_trades": 0,
  "daily_max_losses": 0,
  "daily_loss_limit": 0.0,
  "no_overnight": true
}