{
  "fold": 4,
  "model_summaries": {
    "transformer_lstm": {
      "model": "Transformer_LSTM",
      "target_col_buy": "buy_label",
      "target_col_sell": "sell_label",
      "feature_count": 194,
      "lookback": 8,
      "params": {
        "d_model": 128,
        "nhead": 4,
        "transformer_layers": 2,
        "transformer_dropout": 0.2,
        "lstm_hidden_dim": 128,
        "lstm_num_layers": 1,
        "output_dim": 1
      },
      "buy_fit": {
        "best_score": 0.6013568082700694,
        "best_valid_auc": 0.6013568082700694,
        "epochs_ran": 3,
        "pos_rate": 0.22128378378378377,
        "pos_weight": 3.5190839694656493,
        "device": "cpu"
      },
      "sell_fit": {
        "best_score": 0.5104477611940299,
        "best_valid_auc": 0.5104477611940299,
        "epochs_ran": 3,
        "pos_rate": 0.34628378378378377,
        "pos_weight": 1.8878048780487806,
        "device": "cpu"
      },
      "valid_buy_auc": 0.6013568082700694,
      "valid_buy_positive_rate": 0.21354166666666666,
      "valid_buy_prob_mean": 0.3651925027370453,
      "valid_buy_prob_std": 0.06466350704431534,
      "valid_buy_prob_min": 0.22933073341846466,
      "valid_buy_prob_max": 0.5068420767784119,
      "valid_buy_acc_05": 0.78125,
      "valid_buy_precision_05": 0.0,
      "valid_buy_recall_05": 0.0,
      "valid_buy_f1_05": 0.0,
      "valid_buy_q90_threshold": 0.4423242211341858,
      "valid_buy_q95_threshold": 0.45414718985557556,
      "test_buy_auc": 0.5664819944598338,
      "test_buy_positive_rate": 0.25,
      "test_buy_prob_mean": 0.38011470437049866,
      "test_buy_prob_std": 0.06410181522369385,
      "test_buy_prob_min": 0.18909156322479248,
      "test_buy_prob_max": 0.4913952350616455,
      "test_buy_acc_05": 0.75,
      "test_buy_precision_05": 0.0,
      "test_buy_recall_05": 0.0,
      "test_buy_f1_05": 0.0,
      "test_buy_q90_threshold": 0.45446038246154785,
      "test_buy_q95_threshold": 0.4656969904899597,
      "valid_sell_auc": 0.5104477611940299,
      "valid_sell_positive_rate": 0.3489583333333333,
      "valid_sell_prob_mean": 0.47530674934387207,
      "valid_sell_prob_std": 0.1399718075990677,
      "valid_sell_prob_min": 0.22399577498435974,
      "valid_sell_prob_max": 0.797081470489502,
      "valid_sell_acc_05": 0.5416666666666666,
      "valid_sell_precision_05": 0.3764705882352941,
      "valid_sell_recall_05": 0.47761194029850745,
      "valid_sell_f1_05": 0.42105263157894735,
      "valid_sell_q90_threshold": 0.6542119383811951,
      "valid_sell_q95_threshold": 0.709651529788971,
      "test_sell_auc": 0.5248384118190212,
      "test_sell_positive_rate": 0.375,
      "test_sell_prob_mean": 0.4851626753807068,
      "test_sell_prob_std": 0.1513088494539261,
      "test_sell_prob_min": 0.1518070548772812,
      "test_sell_prob_max": 0.8053774237632751,
      "test_sell_acc_05": 0.5197368421052632,
      "test_sell_precision_05": 0.39473684210526316,
      "test_sell_recall_05": 0.5263157894736842,
      "test_sell_f1_05": 0.45112781954887216,
      "test_sell_q90_threshold": 0.6795957088470459,
      "test_sell_q95_threshold": 0.7301568388938904
    },
    "lstm": {
      "model": "LSTM",
      "target_col_buy": "buy_label",
      "target_col_sell": "sell_label",
      "feature_count": 194,
      "lookback": 8,
      "params": {
        "hidden_dim": 256,
        "num_layers": 2,
        "dropout": 0.3,
        "output_dim": 1
      },
      "buy_fit": {
        "best_score": 0.577612663543854,
        "best_valid_auc": 0.577612663543854,
        "epochs_ran": 3,
        "pos_rate": 0.22128378378378377,
        "pos_weight": 3.5190839694656493,
        "device": "cpu"
      },
      "sell_fit": {
        "best_score": 0.5308656716417911,
        "best_valid_auc": 0.5308656716417911,
        "epochs_ran": 3,
        "pos_rate": 0.34628378378378377,
        "pos_weight": 1.8878048780487806,
        "device": "cpu"
      },
      "valid_buy_auc": 0.577612663543854,
      "valid_buy_positive_rate": 0.21354166666666666,
      "valid_buy_prob_mean": 0.25832226872444153,
      "valid_buy_prob_std": 0.031249303370714188,
      "valid_buy_prob_min": 0.18963614106178284,
      "valid_buy_prob_max": 0.32435619831085205,
      "valid_buy_acc_05": 0.7864583333333334,
      "valid_buy_precision_05": 0.0,
      "valid_buy_recall_05": 0.0,
      "valid_buy_f1_05": 0.0,
      "valid_buy_q90_threshold": 0.29850101470947266,
      "valid_buy_q95_threshold": 0.30563730001449585,
      "test_buy_auc": 0.5491689750692521,
      "test_buy_positive_rate": 0.25,
      "test_buy_prob_mean": 0.2816426455974579,
      "test_buy_prob_std": 0.037343911826610565,
      "test_buy_prob_min": 0.20719864964485168,
      "test_buy_prob_max": 0.36144477128982544,
      "test_buy_acc_05": 0.75,
      "test_buy_precision_05": 0.0,
      "test_buy_recall_05": 0.0,
      "test_buy_f1_05": 0.0,
      "test_buy_q90_threshold": 0.3347547650337219,
      "test_buy_q95_threshold": 0.34395289421081543,
      "valid_sell_auc": 0.5308656716417911,
      "valid_sell_positive_rate": 0.3489583333333333,
      "valid_sell_prob_mean": 0.38188275694847107,
      "valid_sell_prob_std": 0.04419921338558197,
      "valid_sell_prob_min": 0.3021458387374878,
      "valid_sell_prob_max": 0.5152646899223328,
      "valid_sell_acc_05": 0.640625,
      "valid_sell_precision_05": 0.25,
      "valid_sell_recall_05": 0.014925373134328358,
      "valid_sell_f1_05": 0.028169014084507043,
      "valid_sell_q90_threshold": 0.42972126603126526,
      "valid_sell_q95_threshold": 0.44605037569999695,
      "test_sell_auc": 0.5335180055401663,
      "test_sell_positive_rate": 0.375,
      "test_sell_prob_mean": 0.39273256063461304,
      "test_sell_prob_std": 0.060976170003414154,
      "test_sell_prob_min": 0.26404625177383423,
      "test_sell_prob_max": 0.49656325578689575,
      "test_sell_acc_05": 0.625,
      "test_sell_precision_05": 0.0,
      "test_sell_recall_05": 0.0,
      "test_sell_f1_05": 0.0,
      "test_sell_q90_threshold": 0.47363826632499695,
      "test_sell_q95_threshold": 0.4841872751712799
    },
    "cnn": {
      "model": "CNN",
      "target_col_buy": "buy_label",
      "target_col_sell": "sell_label",
      "feature_count": 194,
      "lookback": 8,
      "params": {
        "channels": 64,
        "kernel_size": 3,
        "dropout": 0.3,
        "output_dim": 1
      },
      "buy_fit": {
        "best_score": 0.513002745921499,
        "best_valid_auc": 0.513002745921499,
        "epochs_ran": 3,
        "pos_rate": 0.22128378378378377,
        "pos_weight": 3.5190839694656493,
        "device": "cpu"
      },
      "sell_fit": {
        "best_score": 0.49623880597014924,
        "best_valid_auc": 0.49623880597014924,
        "epochs_ran": 3,
        "pos_rate": 0.34628378378378377,
        "pos_weight": 1.8878048780487806,
        "device": "cpu"
      },
      "valid_buy_auc": 0.513002745921499,
      "valid_buy_positive_rate": 0.21354166666666666,
      "valid_buy_prob_mean": 0.23945824801921844,
      "valid_buy_prob_std": 0.04290910065174103,
      "valid_buy_prob_min": 0.1576511561870575,
      "valid_buy_prob_max": 0.34241655468940735,
      "valid_buy_acc_05": 0.7864583333333334,
      "valid_buy_precision_05": 0.0,
      "valid_buy_recall_05": 0.0,
      "valid_buy_f1_05": 0.0,
      "valid_buy_q90_threshold": 0.3013852834701538,
      "valid_buy_q95_threshold": 0.3146483302116394,
      "test_buy_auc": 0.42266851338873496,
      "test_buy_positive_rate": 0.25,
      "test_buy_prob_mean": 0.3412598669528961,
      "test_buy_prob_std": 0.1720263957977295,
      "test_buy_prob_min": 0.12963809072971344,
      "test_buy_prob_max": 0.7888537049293518,
      "test_buy_acc_05": 0.5723684210526315,
      "test_buy_precision_05": 0.11428571428571428,
      "test_buy_recall_05": 0.10526315789473684,
      "test_buy_f1_05": 0.1095890410958904,
      "test_buy_q90_threshold": 0.6215842962265015,