{
  "total_return": -0.10922995732211438,
  "annualized_return": -0.4179976432908822,
  "max_drawdown": -0.15123852440070418,
  "sharpe": -2.438142558171006,
  "sortino": -3.416327805308023,
  "calmar": -2.7638304786907586,
  "trade_count": 10,
  "win_rate": 0.6,
  "avg_net_return_per_trade": -0.0014802731754500833,
  "median_net_return_per_trade": 0.0005517935560293034,
  "backtest_mode": "a_share_inventory_t0",
  "trade_direction_mode": "sell_only",
  "buy_threshold": 0.6868722345201278,
  "sell_threshold": 0.6760560954993466,
  "initial_capital": 1000000.0,
  "final_equity": 894174.5657810005,
  "final_benchmark_equity": 896351.0,
  "final_alpha_equity": 997823.5657810005,
  "alpha_total_return": -0.00217643421899949,
  "alpha_sharpe": -1.1398189090561759,
  "alpha_sortino": -0.294350076608192,
  "alpha_calmar": -1.983017625891762,
  "alpha_max_drawdown": -0.005115470776233755,
  "base_shares": 9100,
  "ending_shares": 9100,
  "base_position_pct": 0.6,
  "max_t0_trade_pct": 0.3,
  "max_participation_rate": 0.05,
  "commission_rate": 0.001,
  "slippage_rate": 0.0005,
  "tp": 0.003,
  "sl": 0.002,
  "no_overnight": true
}