{
  "total_return": 0.07723489020206009,
  "annualized_return": 1.9505392257949965,
  "max_drawdown": -0.04843838169040804,
  "sharpe": 4.074753904638047,
  "sortino": 6.9204511255566254,
  "calmar": 40.26846392725895,
  "trade_count": 1,
  "win_rate": 0.0,
  "avg_net_return_per_trade": -0.01309786545707092,
  "median_net_return_per_trade": -0.01309786545707092,
  "backtest_mode": "a_share_inventory_t0",
  "trade_direction_mode": "sell_only",
  "buy_threshold": 0.6333531647920608,
  "sell_threshold": 0.6152644169330597,
  "initial_capital": 1000000.0,
  "final_equity": 1075636.2736250001,
  "final_benchmark_equity": 1079288.0,
  "final_alpha_equity": 996348.2736250001,
  "alpha_total_return": -0.0036517263749998863,
  "alpha_sharpe": -4.824375184700512,
  "alpha_sortino": -0.3827264838827765,
  "alpha_calmar": -14.189144528801144,
  "alpha_max_drawdown": -0.0036517263750001083,
  "base_shares": 10600,
  "ending_shares": 10600,
  "base_position_pct": 0.6,
  "max_t0_trade_pct": 0.3,
  "max_participation_rate": 0.05,
  "commission_rate": 0.001,
  "slippage_rate": 0.0005,
  "tp": 0.003,
  "sl": 0.002,
  "stop_loss_cooldown_bars": 6,
  "daily_max_trades": 0,
  "daily_max_losses": 2,
  "daily_loss_limit": 0.0,
  "no_overnight": true
}