model_label,epoch,train_loss,valid_loss,valid_auc,valid_prob_mean,valid_prob_max
Transformer_LSTM_buy,1,1.0436127346915167,0.8919790387153625,0.49925550923168555,0.4515344798564911,0.5948237776756287
Transformer_LSTM_buy,2,0.8959598283509951,0.923699140548706,0.5147409172126265,0.5050676465034485,0.6977866291999817
Transformer_LSTM_buy,3,0.8553998550853213,0.8984689116477966,0.526950565812984,0.4386683404445648,0.6709311604499817
