model_label,epoch,train_loss,valid_loss,valid_auc,valid_prob_mean,valid_prob_max
Transformer_LSTM_sell,1,1.0503609357653438,0.9891396164894104,0.5362282878411909,0.45523908734321594,0.5736479759216309
Transformer_LSTM_sell,2,0.9173546352901975,0.9879322648048401,0.5265508684863524,0.49915221333503723,0.6503333449363708
Transformer_LSTM_sell,3,0.8818044050319774,0.9925863742828369,0.5327543424317618,0.4702894985675812,0.645099937915802
