{
  "model": "Transformer_LSTM",
  "target_col_buy": "buy_label",
  "target_col_sell": "sell_label",
  "feature_count": 194,
  "lookback": 8,
  "params": {
    "d_model": 128,
    "nhead": 4,
    "transformer_layers": 2,
    "transformer_dropout": 0.2,
    "lstm_hidden_dim": 128,
    "lstm_num_layers": 1,
    "output_dim": 1
  },
  "buy_fit": {
    "best_score": 0.526950565812984,
    "best_valid_auc": 0.526950565812984,
    "epochs_ran": 3,
    "pos_rate": 0.3125,
    "pos_weight": 2.2,
    "device": "cpu"
  },
  "sell_fit": {
    "best_score": 0.5362282878411909,
    "best_valid_auc": 0.5362282878411909,
    "epochs_ran": 3,
    "pos_rate": 0.30574324324324326,
    "pos_weight": 2.270718232044199,
    "device": "cpu"
  },
  "valid_buy_auc": 0.526950565812984,
  "valid_buy_positive_rate": 0.23958333333333334,
  "valid_buy_prob_mean": 0.4386683404445648,
  "valid_buy_prob_std": 0.1138528510928154,
  "valid_buy_prob_min": 0.21968233585357666,
  "valid_buy_prob_max": 0.6709311604499817,
  "valid_buy_acc_05": 0.6302083333333334,
  "valid_buy_precision_05": 0.288135593220339,
  "valid_buy_recall_05": 0.3695652173913043,
  "valid_buy_f1_05": 0.3238095238095238,
  "valid_buy_q90_threshold": 0.6090817451477051,
  "valid_buy_q95_threshold": 0.6400403380393982,
  "test_buy_auc": 0.4868856633562516,
  "test_buy_positive_rate": 0.21710526315789475,
  "test_buy_prob_mean": 0.5240901112556458,
  "test_buy_prob_std": 0.11785802990198135,
  "test_buy_prob_min": 0.22210383415222168,
  "test_buy_prob_max": 0.7581413388252258,
  "test_buy_acc_05": 0.4342105263157895,
  "test_buy_precision_05": 0.2087912087912088,
  "test_buy_recall_05": 0.5757575757575758,
  "test_buy_f1_05": 0.3064516129032258,
  "test_buy_q90_threshold": 0.6783905625343323,
  "test_buy_q95_threshold": 0.7050736546516418,
  "valid_sell_auc": 0.5362282878411909,
  "valid_sell_positive_rate": 0.3229166666666667,
  "valid_sell_prob_mean": 0.45523908734321594,
  "valid_sell_prob_std": 0.06829490512609482,
  "valid_sell_prob_min": 0.29027828574180603,
  "valid_sell_prob_max": 0.5736479759216309,
  "valid_sell_acc_05": 0.5989583333333334,
  "valid_sell_precision_05": 0.3728813559322034,
  "valid_sell_recall_05": 0.3548387096774194,
  "valid_sell_f1_05": 0.36363636363636365,
  "valid_sell_q90_threshold": 0.5386130213737488,
  "valid_sell_q95_threshold": 0.5458216071128845,
  "test_sell_auc": 0.5465791940018744,
  "test_sell_positive_rate": 0.3618421052631579,
  "test_sell_prob_mean": 0.40378037095069885,
  "test_sell_prob_std": 0.07704165577888489,
  "test_sell_prob_min": 0.18682138621807098,
  "test_sell_prob_max": 0.5271238684654236,
  "test_sell_acc_05": 0.618421052631579,
  "test_sell_precision_05": 0.3333333333333333,
  "test_sell_recall_05": 0.05454545454545454,
  "test_sell_f1_05": 0.09375,
  "test_sell_q90_threshold": 0.4829961061477661,
  "test_sell_q95_threshold": 0.5040395855903625
}