model_label,epoch,train_loss,valid_loss,valid_auc,valid_prob_mean,valid_prob_max
Transformer_LSTM_buy,1,1.2257071379068736,1.1725136041641235,0.5417582417582418,0.3952666223049164,0.6184924244880676
Transformer_LSTM_buy,2,0.9848993565585162,1.11333429813385,0.5708791208791208,0.4775574207305908,0.7334102392196655
Transformer_LSTM_buy,3,0.9294137841946369,1.1132880449295044,0.5839285714285715,0.48201119899749756,0.7358699440956116
