model_label,epoch,train_loss,valid_loss,valid_auc,valid_prob_mean,valid_prob_max
Transformer_LSTM_sell,1,0.9379931398340173,0.9050481915473938,0.4750620347394541,0.47408556938171387,0.6778596639633179
Transformer_LSTM_sell,2,0.8461036424379091,0.9034326672554016,0.4619106699751861,0.4504305422306061,0.6602465510368347
Transformer_LSTM_sell,3,0.8073699506553443,0.9002153873443604,0.4800248138957816,0.4296968877315521,0.6636945605278015
