{
  "model": "Transformer_LSTM",
  "target_col_buy": "buy_label",
  "target_col_sell": "sell_label",
  "feature_count": 194,
  "lookback": 8,
  "params": {
    "d_model": 128,
    "nhead": 4,
    "transformer_layers": 2,
    "transformer_dropout": 0.2,
    "lstm_hidden_dim": 128,
    "lstm_num_layers": 1,
    "output_dim": 1
  },
  "buy_fit": {
    "best_score": 0.5839285714285715,
    "best_valid_auc": 0.5839285714285715,
    "epochs_ran": 3,
    "pos_rate": 0.23986486486486486,
    "pos_weight": 3.169014084507042,
    "device": "cpu"
  },
  "sell_fit": {
    "best_score": 0.4800248138957816,
    "best_valid_auc": 0.4800248138957816,
    "epochs_ran": 3,
    "pos_rate": 0.3581081081081081,
    "pos_weight": 1.7924528301886793,
    "device": "cpu"
  },
  "valid_buy_auc": 0.5839285714285715,
  "valid_buy_positive_rate": 0.2708333333333333,
  "valid_buy_prob_mean": 0.48201119899749756,
  "valid_buy_prob_std": 0.15646985173225403,
  "valid_buy_prob_min": 0.18400071561336517,
  "valid_buy_prob_max": 0.7358699440956116,
  "valid_buy_acc_05": 0.5364583333333334,
  "valid_buy_precision_05": 0.31313131313131315,
  "valid_buy_recall_05": 0.5961538461538461,
  "valid_buy_f1_05": 0.4105960264900662,
  "valid_buy_q90_threshold": 0.6868482828140259,
  "valid_buy_q95_threshold": 0.6980183124542236,
  "test_buy_auc": 0.4435956200662083,
  "test_buy_positive_rate": 0.21710526315789475,
  "test_buy_prob_mean": 0.47530466318130493,
  "test_buy_prob_std": 0.11373606324195862,
  "test_buy_prob_min": 0.22369268536567688,
  "test_buy_prob_max": 0.6956260800361633,
  "test_buy_acc_05": 0.5,
  "test_buy_precision_05": 0.16923076923076924,
  "test_buy_recall_05": 0.3333333333333333,
  "test_buy_f1_05": 0.22448979591836735,
  "test_buy_q90_threshold": 0.6358882188796997,
  "test_buy_q95_threshold": 0.659801185131073,
  "valid_sell_auc": 0.4800248138957816,
  "valid_sell_positive_rate": 0.3229166666666667,
  "valid_sell_prob_mean": 0.4296968877315521,
  "valid_sell_prob_std": 0.09400995820760727,
  "valid_sell_prob_min": 0.1935591995716095,
  "valid_sell_prob_max": 0.6636945605278015,
  "valid_sell_acc_05": 0.625,
  "valid_sell_precision_05": 0.38636363636363635,
  "valid_sell_recall_05": 0.27419354838709675,
  "valid_sell_f1_05": 0.32075471698113206,
  "valid_sell_q90_threshold": 0.5513185262680054,
  "valid_sell_q95_threshold": 0.5909053683280945,
  "test_sell_auc": 0.35515976951283396,
  "test_sell_positive_rate": 0.45394736842105265,
  "test_sell_prob_mean": 0.39274677634239197,
  "test_sell_prob_std": 0.06687719374895096,
  "test_sell_prob_min": 0.2534235715866089,
  "test_sell_prob_max": 0.6283258199691772,
  "test_sell_acc_05": 0.5263157894736842,
  "test_sell_precision_05": 0.36363636363636365,
  "test_sell_recall_05": 0.057971014492753624,
  "test_sell_f1_05": 0.1,
  "test_sell_q90_threshold": 0.47776269912719727,
  "test_sell_q95_threshold": 0.5164119005203247
}