{
  "total_return": 0.07909534680083086,
  "annualized_return": 2.0413826253420964,
  "max_drawdown": -0.04430422895198305,
  "sharpe": 4.167627645023364,
  "sortino": 7.0769805082906565,
  "calmar": 46.07647336678736,
  "trade_count": 9,
  "win_rate": 0.3333333333333333,
  "avg_net_return_per_trade": -0.004009282663868892,
  "median_net_return_per_trade": -0.0055177380914405135,
  "backtest_mode": "a_share_inventory_t0",
  "trade_direction_mode": "sell_only",
  "buy_threshold": 0.5834246009588241,
  "sell_threshold": 0.8175437271594999,
  "initial_capital": 1000000.0,
  "final_equity": 1077132.472365,
  "final_benchmark_equity": 1082604.0,
  "final_alpha_equity": 994528.472365,
  "alpha_total_return": -0.005471527634999918,
  "alpha_sharpe": -8.795393085374835,
  "alpha_sortino": -2.0893757865811735,
  "alpha_calmar": -12.611474004930411,
  "alpha_max_drawdown": -0.006108742387999966,
  "base_shares": 10700,
  "ending_shares": 10700,
  "base_position_pct": 0.6,
  "max_t0_trade_pct": 0.3,
  "max_participation_rate": 0.05,
  "commission_rate": 0.001,
  "slippage_rate": 0.0005,
  "tp": 0.003,
  "sl": 0.002,
  "stop_loss_cooldown_bars": 6,
  "daily_max_trades": 0,
  "daily_max_losses": 2,
  "daily_loss_limit": 0.0,
  "no_overnight": true
}