{
  "model": "LSTM",
  "target_col_buy": "buy_label",
  "target_col_sell": "sell_label",
  "feature_count": 194,
  "lookback": 8,
  "params": {
    "hidden_dim": 256,
    "num_layers": 2,
    "dropout": 0.3,
    "output_dim": 1
  },
  "buy_fit": {
    "best_score": 0.5862667939936775,
    "best_valid_auc": 0.5862667939936775,
    "epochs_ran": 18,
    "pos_rate": 0.2640977443609023,
    "pos_weight": 2.786476868327402,
    "device": "cpu"
  },
  "sell_fit": {
    "best_score": 0.5525272287061398,
    "best_valid_auc": 0.5525272287061398,
    "epochs_ran": 20,
    "pos_rate": 0.3367794486215539,
    "pos_weight": 1.9693023255813953,
    "device": "cpu"
  },
  "valid_buy_auc": 0.5862667939936775,
  "valid_buy_positive_rate": 0.26262626262626265,
  "valid_buy_prob_mean": 0.33531519770622253,
  "valid_buy_prob_std": 0.19774585962295532,
  "valid_buy_prob_min": 0.023298218846321106,
  "valid_buy_prob_max": 0.8542594313621521,
  "valid_buy_acc_05": 0.6565656565656566,
  "valid_buy_precision_05": 0.32978723404255317,
  "valid_buy_recall_05": 0.2980769230769231,
  "valid_buy_f1_05": 0.31313131313131315,
  "valid_buy_q90_threshold": 0.6071690917015076,
  "valid_buy_q95_threshold": 0.6860697269439697,
  "test_buy_auc": 0.5093155221193415,
  "test_buy_positive_rate": 0.2727272727272727,
  "test_buy_prob_mean": 0.3795067369937897,
  "test_buy_prob_std": 0.21972686052322388,
  "test_buy_prob_min": 0.017788777127861977,
  "test_buy_prob_max": 0.8612332940101624,
  "test_buy_acc_05": 0.5997474747474747,
  "test_buy_precision_05": 0.30798479087452474,
  "test_buy_recall_05": 0.375,
  "test_buy_f1_05": 0.33820459290187893,
  "test_buy_q90_threshold": 0.6796644926071167,
  "test_buy_q95_threshold": 0.7513631582260132,
  "valid_sell_auc": 0.5525272287061398,
  "valid_sell_positive_rate": 0.3068181818181818,
  "valid_sell_prob_mean": 0.39959409832954407,
  "valid_sell_prob_std": 0.28656888008117676,
  "valid_sell_prob_min": 0.0025383615866303444,
  "valid_sell_prob_max": 0.9807101488113403,
  "valid_sell_acc_05": 0.5984848484848485,
  "valid_sell_precision_05": 0.3684210526315789,
  "valid_sell_recall_05": 0.43209876543209874,
  "valid_sell_f1_05": 0.3977272727272727,
  "valid_sell_q90_threshold": 0.84725421667099,
  "valid_sell_q95_threshold": 0.9143876433372498,
  "test_sell_auc": 0.5186295917521214,
  "test_sell_positive_rate": 0.3611111111111111,
  "test_sell_prob_mean": 0.4622359871864319,
  "test_sell_prob_std": 0.2818266451358795,
  "test_sell_prob_min": 0.007927119731903076,
  "test_sell_prob_max": 0.9922583699226379,
  "test_sell_acc_05": 0.5328282828282829,
  "test_sell_precision_05": 0.38,
  "test_sell_recall_05": 0.46503496503496505,
  "test_sell_f1_05": 0.41823899371069184,
  "test_sell_q90_threshold": 0.8734314441680908,
  "test_sell_q95_threshold": 0.9229463338851929
}