{
  "total_return": -0.044500913306566026,
  "annualized_return": -0.5431178150560935,
  "max_drawdown": -0.07889402514914112,
  "sharpe": -2.0857474660680393,
  "sortino": -1.979310676366086,
  "calmar": -6.884143812277096,
  "trade_count": 5,
  "win_rate": 0.2,
  "avg_net_return_per_trade": -0.0027680763365954784,
  "median_net_return_per_trade": -0.0006868322098656475,
  "backtest_mode": "a_share_inventory_t0",
  "trade_direction_mode": "sell_only",
  "buy_threshold": 0.7473482042551041,
  "sell_threshold": 0.9047144800424576,
  "initial_capital": 1000000.0,
  "final_equity": 957863.9469330002,
  "final_benchmark_equity": 957628.0,
  "final_alpha_equity": 1000235.9469330002,
  "alpha_total_return": 0.00023594693300021952,
  "alpha_sharpe": 0.3167316173223835,
  "alpha_sortino": 0.16724002512085853,
  "alpha_calmar": 2.4896220773505973,
  "alpha_max_drawdown": -0.0016339540609999759,
  "base_shares": 9900,
  "ending_shares": 9900,
  "base_position_pct": 0.6,
  "max_t0_trade_pct": 0.3,
  "max_participation_rate": 0.02,
  "commission_rate": 0.001,
  "slippage_rate": 0.001,
  "tp": 0.003,
  "sl": 0.002,
  "stop_loss_cooldown_bars": 0,
  "daily_max_trades": 0,
  "daily_max_losses": 0,
  "daily_loss_limit": 0.0,
  "no_overnight": true
}