{
  "fold": 0,
  "model_summaries": {
    "lstm": {
      "model": "LSTM",
      "target_col_buy": "buy_label",
      "target_col_sell": "sell_label",
      "feature_count": 194,
      "lookback": 32,
      "params": {
        "hidden_dim": 256,
        "num_layers": 2,
        "dropout": 0.3,
        "output_dim": 1
      },
      "buy_fit": {
        "best_score": 0.5305585720103163,
        "best_valid_auc": 0.5305585720103163,
        "epochs_ran": 11,
        "pos_rate": 0.26988636363636365,
        "pos_weight": 2.705263157894737,
        "device": "cpu"
      },
      "sell_fit": {
        "best_score": 0.5652885763776289,
        "best_valid_auc": 0.5652885763776289,
        "epochs_ran": 16,
        "pos_rate": 0.33964646464646464,
        "pos_weight": 1.9442379182156135,
        "device": "cpu"
      },
      "valid_buy_auc": 0.5305585720103163,
      "valid_buy_positive_rate": 0.2760416666666667,
      "valid_buy_prob_mean": 0.5718588829040527,
      "valid_buy_prob_std": 0.1148076131939888,
      "valid_buy_prob_min": 0.36620718240737915,
      "valid_buy_prob_max": 0.8972437381744385,
      "valid_buy_acc_05": 0.43359375,
      "valid_buy_precision_05": 0.29158878504672897,
      "valid_buy_recall_05": 0.7358490566037735,
      "valid_buy_f1_05": 0.41767068273092367,
      "valid_buy_q90_threshold": 0.736857533454895,
      "valid_buy_q95_threshold": 0.7788469791412354,
      "test_buy_auc": 0.5230480422296279,
      "test_buy_positive_rate": 0.26953125,
      "test_buy_prob_mean": 0.5309410095214844,
      "test_buy_prob_std": 0.11308149993419647,
      "test_buy_prob_min": 0.33062154054641724,
      "test_buy_prob_max": 0.8672491312026978,
      "test_buy_acc_05": 0.4791666666666667,
      "test_buy_precision_05": 0.27713625866050806,
      "test_buy_recall_05": 0.5797101449275363,
      "test_buy_f1_05": 0.375,
      "test_buy_q90_threshold": 0.7059149742126465,
      "test_buy_q95_threshold": 0.7683665156364441,
      "valid_sell_auc": 0.5652885763776289,
      "valid_sell_positive_rate": 0.3111979166666667,
      "valid_sell_prob_mean": 0.5090076923370361,
      "valid_sell_prob_std": 0.19717015326023102,
      "valid_sell_prob_min": 0.10986115038394928,
      "valid_sell_prob_max": 0.9311878681182861,
      "valid_sell_acc_05": 0.5182291666666666,
      "valid_sell_precision_05": 0.33248081841432225,
      "valid_sell_recall_05": 0.5439330543933054,
      "valid_sell_f1_05": 0.4126984126984127,
      "valid_sell_q90_threshold": 0.7753896713256836,
      "valid_sell_q95_threshold": 0.8079672455787659,
      "test_sell_auc": 0.5075287794312301,
      "test_sell_positive_rate": 0.3033854166666667,
      "test_sell_prob_mean": 0.46941670775413513,
      "test_sell_prob_std": 0.19453832507133484,
      "test_sell_prob_min": 0.10183712840080261,
      "test_sell_prob_max": 0.9531347751617432,
      "test_sell_acc_05": 0.5520833333333334,
      "test_sell_precision_05": 0.3180327868852459,
      "test_sell_recall_05": 0.41630901287553645,
      "test_sell_f1_05": 0.36059479553903345,
      "test_sell_q90_threshold": 0.7486129999160767,
      "test_sell_q95_threshold": 0.820534348487854
    }
  },
  "selected_model_summary": {
    "model": "LSTM",
    "target_col_buy": "buy_label",
    "target_col_sell": "sell_label",
    "feature_count": 194,
    "lookback": 32,
    "params": {
      "hidden_dim": 256,
      "num_layers": 2,
      "dropout": 0.3,
      "output_dim": 1
    },
    "buy_fit": {
      "best_score": 0.5305585720103163,
      "best_valid_auc": 0.5305585720103163,
      "epochs_ran": 11,
      "pos_rate": 0.26988636363636365,
      "pos_weight": 2.705263157894737,
      "device": "cpu"
    },
    "sell_fit": {
      "best_score": 0.5652885763776289,
      "best_valid_auc": 0.5652885763776289,
      "epochs_ran": 16,
      "pos_rate": 0.33964646464646464,
      "pos_weight": 1.9442379182156135,
      "device": "cpu"
    },
    "valid_buy_auc": 0.5305585720103163,
    "valid_buy_positive_rate": 0.2760416666666667,
    "valid_buy_prob_mean": 0.5718588829040527,
    "valid_buy_prob_std": 0.1148076131939888,
    "valid_buy_prob_min": 0.36620718240737915,
    "valid_buy_prob_max": 0.8972437381744385,
    "valid_buy_acc_05": 0.43359375,
    "valid_buy_precision_05": 0.29158878504672897,
    "valid_buy_recall_05": 0.7358490566037735,
    "valid_buy_f1_05": 0.41767068273092367,
    "valid_buy_q90_threshold": 0.736857533454895,
    "valid_buy_q95_threshold": 0.7788469791412354,
    "test_buy_auc": 0.5230480422296279,
    "test_buy_positive_rate": 0.26953125,
    "test_buy_prob_mean": 0.5309410095214844,
    "test_buy_prob_std": 0.11308149993419647,
    "test_buy_prob_min": 0.33062154054641724,
    "test_buy_prob_max": 0.8672491312026978,
    "test_buy_acc_05": 0.4791666666666667,
    "test_buy_precision_05": 0.27713625866050806,
    "test_buy_recall_05": 0.5797101449275363,
    "test_buy_f1_05": 0.375,
    "test_buy_q90_threshold": 0.7059149742126465,
    "test_buy_q95_threshold": 0.7683665156364441,
    "valid_sell_auc": 0.5652885763776289,
    "valid_sell_positive_rate": 0.3111979166666667,
    "valid_sell_prob_mean": 0.5090076923370361,
    "valid_sell_prob_std": 0.19717015326023102,
    "valid_sell_prob_min": 0.10986115038394928,
    "valid_sell_prob_max": 0.9311878681182861,
    "valid_sell_acc_05": 0.5182291666666666,
    "valid_sell_precision_05": 0.33248081841432225,
    "valid_sell_recall_05": 0.5439330543933054,
    "valid_sell_f1_05": 0.4126984126984127,
    "valid_sell_q90_threshold": 0.7753896713256836,
    "valid_sell_q95_threshold": 0.8079672455787659,
    "test_sell_auc": 0.5075287794312301,
    "test_sell_positive_rate": 0.3033854166666667,
    "test_sell_prob_mean": 0.46941670775413513,
    "test_sell_prob_std": 0.19453832507133484,
    "test_sell_prob_min": 0.10183712840080261,
    "test_sell_prob_max": 0.9531347751617432,
    "test_sell_acc_05": 0.5520833333333334,
    "test_sell_precision_05": 0.3180327868852459,
    "test_sell_recall_05": 0.41630901287553645,
    "test_sell_f1_05": 0.36059479553903345,
    "test_sell_q90_threshold": 0.7486129999160767,
    "test_sell_q95_threshold": 0.820534348487854
  },
  "t0_stats": {
    "total_return": -0.04773721110401752,
    "annualized_return": -0.5690280489445999,
    "max_drawdown": -0.07893521737924414,
    "sharpe": -2.2533144370779734,
    "sortino": -2.1395173100621254,
    "calmar": -7.20879814912912,
    "trade_count": 8,
    "win_rate": 0.25,
    "avg_net_return_per_trade": -0.00480190820281896,
    "median_net_return_per_trade": -0.005815221714072724,
    "backtest_mode": "a_share_inventory_t0",
    "trade_direction_mode": "sell_only",
    "buy_threshold": 0.7788469702005386,
    "sell_threshold": 0.807967272400856,
    "initial_capital": 1000000.0,
    "final_equity": 954619.6392985,
    "final_benchmark_equity": 957628.0,
    "final_alpha_equity": 996991.6392985,
    "alpha_total_return": -0.0030083607015000124,
    "alpha_sharpe": -9.280615293884992,
    "alpha_sortino": -3.264476293622896,
    "alpha_calmar": -16.291721387554297,
    "alpha_max_drawdown": -0.00310124321164984,
    "base_shares": 9900,
    "ending_shares": 9900,
    "base_position_pct": 0.6,
    "max_t0_trade_pct": 0.3,
    "max_participation_rate": 0.05,
    "commission_rate": 0.001,
    "slippage_rate": 0.0005,
    "tp": 0.003,
    "sl": 0.002,
    "stop_loss_cooldown_bars": 6,
    "daily_max_trades": 0,
    "daily_max_losses": 2,
    "daily_loss_limit": 0.0,
    "no_overnight": true
  },
  "stress_stats": {
    "stress_scenario_count": 12,
    "stress_min_alpha_total_return": -0.005052460069000064,
    "stress_worst_alpha_drawdown": -0.005062274480962747,
    "stress_min_trade_count": 8
  },
  "sell_threshold_grid_stats": {
    "sell_grid_best_rule": "sell_only_q97",
    "sell_grid_best_quantile": 0.97,
    "sell_grid_best_alpha_total_return": -0.0013567019249998147,
    "sell_grid_best_trade_count": 5,
    "sell_grid_result_count": 6
  },