{
  "total_return": -0.09769443112125398,
  "annualized_return": -0.8066412838271368,
  "max_drawdown": -0.11965387598551258,
  "sharpe": -6.5788781596621675,
  "sortino": -10.331242901687196,
  "calmar": -6.741455528985982,
  "trade_count": 13,
  "win_rate": 0.07692307692307693,
  "avg_net_return_per_trade": -0.005836042020018815,
  "median_net_return_per_trade": -0.008226204175571069,
  "backtest_mode": "a_share_inventory_t0",
  "trade_direction_mode": "sell_only",
  "buy_threshold": 0.6360969454050064,
  "sell_threshold": 0.9222695231437683,
  "initial_capital": 1000000.0,
  "final_equity": 901457.401644,
  "final_benchmark_equity": 911922.0,
  "final_alpha_equity": 989535.401644,
  "alpha_total_return": -0.010464598355999999,
  "alpha_sharpe": -9.539105260267036,
  "alpha_sortino": -2.9705646129438175,
  "alpha_calmar": -13.42564778396991,
  "alpha_max_drawdown": -0.011528127574480629,
  "base_shares": 9400,
  "ending_shares": 9400,
  "base_position_pct": 0.6,
  "max_t0_trade_pct": 0.3,
  "max_participation_rate": 0.05,
  "commission_rate": 0.0015,
  "slippage_rate": 0.001,
  "tp": 0.003,
  "sl": 0.002,
  "stop_loss_cooldown_bars": 0,
  "daily_max_trades": 0,
  "daily_max_losses": 0,
  "daily_loss_limit": 0.0,
  "no_overnight": true
}