{
  "lookback": 24,
  "lookback_minutes": 120,
  "horizon": 2,
  "horizon_minutes": 10,
  "best_valid_auc": 0.640176564168159,
  "valid_auc": 0.640176564168159,
  "test_auc": 0.5843137620013594,
  "train_positive_rate": 0.2507864124812633,
  "valid_positive_rate": 0.2681867535287731,
  "test_positive_rate": 0.3033951835767864,
  "valid_action_metrics": {
    "accuracy": 0.45405191984996546,
    "buy_auc": 0.640176564168159,
    "sell_auc": 0.6293725701493456,
    "buy_positive_rate": 0.2681867535287731,
    "sell_positive_rate": 0.3102359095844438,
    "hold_rate": 0.4215773368867831
  },
  "test_action_metrics": {
    "accuracy": 0.3985392814844058,
    "buy_auc": 0.5843137620013594,
    "sell_auc": 0.5799872687762937,
    "buy_positive_rate": 0.3033951835767864,
    "sell_positive_rate": 0.3354717726016581,
    "hold_rate": 0.3611330438215555
  },
  "test_trade_return_mean_all": 0.00013213940143282608,
  "test_trade_return_mean_label_1": -4.31659763629526e-05,
  "selected_threshold": 0.5280200839042664,
  "selected_quantile": 0.95,
  "selected_threshold_test_stats": {
    "threshold": 0.5280200839042664,
    "horizon": 2,
    "round_trip_cost": 0.003,
    "trade_count": 191,
    "win_rate": 0.31413612565445026,
    "gross_return_mean": -0.00044217619240615765,
    "net_return_mean": -0.003442176192406158,
    "gross_return_median": -0.0009692483919288009,
    "net_return_median": -0.003969248391928801,
    "total_return": -0.48656616657934926,
    "max_drawdown": -0.4988292423046329,
    "per_trade_sharpe": -0.37493357369809227,
    "trades_per_year": 216.56342764753438,
    "bar_annualized_sharpe": -40.409421491934786,
    "sharpe": -5.517557778382596,
    "avg_pred_prob": 0.54604948971284,
    "positive_label_rate": 0.5235602094240838,
    "buy_label_rate": 0.3769633507853403,
    "selected_by": "validation_net_return_mean",
    "selected_quantile": 0.95
  },
  "output_dir": "outputs\\diagnostics\\horizon_compare\\lb24_h2",
  "seed": 42
}