{
  "lookback": 24,
  "lookback_minutes": 120,
  "horizon": 2,
  "horizon_minutes": 10,
  "best_valid_auc": 0.7045488141568058,
  "valid_auc": 0.7045488141568058,
  "test_auc": 0.6508826098643284,
  "train_positive_rate": 0.13792302657968628,
  "valid_positive_rate": 0.17313197117757378,
  "test_positive_rate": 0.19354520331622582,
  "test_trade_return_mean_all": 0.00013213940143282608,
  "test_trade_return_mean_label_1": 0.007656368881850286,
  "selected_threshold": 0.7897258698940277,
  "selected_quantile": 0.95,
  "selected_threshold_test_stats": {
    "threshold": 0.7897258698940277,
    "horizon": 2,
    "round_trip_cost": 0.003,
    "trade_count": 208,
    "win_rate": 0.3076923076923077,
    "gross_return_mean": -0.00040100467324898667,
    "net_return_mean": -0.0034010046732489865,
    "gross_return_median": -0.00029387659771612507,
    "net_return_median": -0.003293876597716125,
    "total_return": -0.5126270491518707,
    "max_drawdown": -0.5141374225938518,
    "sharpe": -37.21550097111415,
    "avg_pred_prob": 0.8002858110345327,
    "positive_label_rate": 0.3076923076923077,
    "selected_by": "validation_net_return_mean",
    "selected_quantile": 0.95
  },
  "output_dir": "outputs\\diagnostics\\horizon_compare\\lb24_h2"
}