{
  "total_return": -0.10435958294166514,
  "annualized_return": -0.8388659647316159,
  "max_drawdown": -0.11870201721544382,
  "sharpe": -7.050264626812247,
  "sortino": -11.045717322229354,
  "calmar": -7.066989967062452,
  "trade_count": 18,
  "win_rate": 0.3333333333333333,
  "avg_net_return_per_trade": -0.0040121327081773,
  "median_net_return_per_trade": -0.0054790207295077305,
  "backtest_mode": "a_share_inventory_t0",
  "trade_direction_mode": "sell_only",
  "buy_threshold": 0.9011711865663528,
  "sell_threshold": 0.816711312532425,
  "initial_capital": 1000000.0,
  "final_equity": 898305.8429395005,
  "final_benchmark_equity": 906349.0,
  "final_alpha_equity": 991956.8429395005,
  "alpha_total_return": -0.008043157060499517,
  "alpha_sharpe": -4.760215575838332,
  "alpha_sortino": -1.524693454505622,
  "alpha_calmar": -9.066717551684809,
  "alpha_max_drawdown": -0.01380854846831947,
  "base_shares": 9300,
  "ending_shares": 9300,
  "base_position_pct": 0.6,
  "max_t0_trade_pct": 0.3,
  "max_participation_rate": 0.05,
  "commission_rate": 0.001,
  "slippage_rate": 0.0005,
  "tp": 0.004,
  "sl": 0.002,
  "stop_loss_cooldown_bars": 6,
  "daily_max_trades": 0,
  "daily_max_losses": 2,
  "daily_loss_limit": 0.0,
  "no_overnight": true
}