{
  "total_return": -0.051351183548853596,
  "annualized_return": -0.9783406639081389,
  "max_drawdown": -0.08858651144662111,
  "sharpe": -7.5980684387022865,
  "sortino": -6.579674880245062,
  "calmar": -11.04390101756801,
  "trade_count": 6,
  "win_rate": 0.16666666666666666,
  "avg_net_return_per_trade": -0.005884150785701197,
  "median_net_return_per_trade": -0.004039483079777081,
  "backtest_mode": "a_share_inventory_t0",
  "trade_direction_mode": "sell_only",
  "buy_threshold": 0.3606427501078635,
  "sell_threshold": 0.5555824076022093,
  "initial_capital": 1000000.0,
  "final_equity": 949183.8543836249,
  "final_benchmark_equity": 952718.0,
  "final_alpha_equity": 996465.8543836249,
  "alpha_total_return": -0.003534145616375106,
  "alpha_sharpe": -9.327163946755025,
  "alpha_sortino": -4.549612723348946,
  "alpha_calmar": -43.71483442584349,
  "alpha_max_drawdown": -0.005190963784125091,
  "base_shares": 9400,
  "ending_shares": 9400,
  "base_position_pct": 0.6,
  "max_t0_trade_pct": 0.3,
  "max_participation_rate": 0.02,
  "commission_rate": 0.0015,
  "slippage_rate": 0.00075,
  "tp": 0.003,
  "sl": 0.002,
  "no_overnight": true
}