{
  "scenario_count": 12,
  "all_alpha_positive": false,
  "min_alpha_total_return": -0.00048680707574988435,
  "worst_alpha_max_drawdown": -0.0010277529518030182,
  "min_trade_count": 1
}