{
  "total_return": 0.08215504292257592,
  "annualized_return": 2.169852127654399,
  "max_drawdown": -0.04253790947034475,
  "sharpe": 4.338576598947726,
  "sortino": 7.377296251586042,
  "calmar": 51.00984403493333,
  "trade_count": 9,
  "win_rate": 0.3333333333333333,
  "avg_net_return_per_trade": -0.0034348070086703906,
  "median_net_return_per_trade": -0.006088526957451431,
  "backtest_mode": "a_share_inventory_t0",
  "trade_direction_mode": "sell_only",
  "buy_threshold": 0.6558482885360718,
  "sell_threshold": 0.631584882736206,
  "initial_capital": 1000000.0,
  "final_equity": 1080186.6028994997,
  "final_benchmark_equity": 1082604.0,
  "final_alpha_equity": 997582.6028994997,
  "alpha_total_return": -0.0024173971005002626,
  "alpha_sharpe": -3.0132170203190585,
  "alpha_sortino": -1.2310780410323612,
  "alpha_calmar": -9.39117951330655,
  "alpha_max_drawdown": -0.003700044027756033,
  "base_shares": 10700,
  "ending_shares": 10700,
  "base_position_pct": 0.6,
  "max_t0_trade_pct": 0.3,
  "max_participation_rate": 0.02,
  "commission_rate": 0.0015,
  "slippage_rate": 0.0005,
  "tp": 0.003,
  "sl": 0.002,
  "stop_loss_cooldown_bars": 0,
  "daily_max_trades": 0,
  "daily_max_losses": 0,
  "daily_loss_limit": 0.0,
  "no_overnight": true
}