{
  "total_return": -0.09998888000437867,
  "annualized_return": -0.8257194124794871,
  "max_drawdown": -0.11927874422410445,
  "sharpe": -6.618644864339039,
  "sortino": -10.400462014717208,
  "calmar": -6.922603166647202,
  "trade_count": 5,
  "win_rate": 0.4,
  "avg_net_return_per_trade": -0.006464684346877568,
  "median_net_return_per_trade": -0.006454046932307553,
  "backtest_mode": "a_share_inventory_t0",
  "trade_direction_mode": "sell_only",
  "buy_threshold": 0.653843879699707,
  "sell_threshold": 0.9797356575727463,
  "initial_capital": 1000000.0,
  "final_equity": 904371.6738720001,
  "final_benchmark_equity": 913740.0,
  "final_alpha_equity": 990631.6738720001,
  "alpha_total_return": -0.009368326127999982,
  "alpha_sharpe": -5.255897812757021,
  "alpha_sortino": -0.8794653125476036,
  "alpha_calmar": -13.861743409473597,
  "alpha_max_drawdown": -0.010426040566325012,
  "base_shares": 9500,
  "ending_shares": 9500,
  "base_position_pct": 0.6,
  "max_t0_trade_pct": 0.3,
  "max_participation_rate": 0.05,
  "commission_rate": 0.001,
  "slippage_rate": 0.0005,
  "tp": 0.004,
  "sl": 0.003,
  "stop_loss_cooldown_bars": 6,
  "daily_max_trades": 0,
  "daily_max_losses": 2,
  "daily_loss_limit": 0.0,
  "no_overnight": true
}