{
  "total_return": 0.07773899525648864,
  "annualized_return": 1.9823751498438629,
  "max_drawdown": -0.043367061075896274,
  "sharpe": 4.185371644155365,
  "sortino": 7.115094778230943,
  "calmar": 45.711540064348085,
  "trade_count": 5,
  "win_rate": 0.6,
  "avg_net_return_per_trade": -0.002218154915586032,
  "median_net_return_per_trade": 0.001770304616668719,
  "backtest_mode": "a_share_inventory_t0",
  "trade_direction_mode": "sell_only",
  "buy_threshold": 0.9164306968450546,
  "sell_threshold": 0.8983047008514404,
  "initial_capital": 1000000.0,
  "final_equity": 1077282.0339225,
  "final_benchmark_equity": 1078122.0,
  "final_alpha_equity": 999160.0339225,
  "alpha_total_return": -0.0008399660775000317,
  "alpha_sharpe": -1.1044359391188108,
  "alpha_sortino": -0.34728720782214284,
  "alpha_calmar": -2.5475569772957645,
  "alpha_max_drawdown": -0.004785065349006579,
  "base_shares": 10600,
  "ending_shares": 10600,
  "base_position_pct": 0.6,
  "max_t0_trade_pct": 0.3,
  "max_participation_rate": 0.05,
  "commission_rate": 0.001,
  "slippage_rate": 0.0005,
  "tp": 0.004,
  "sl": 0.003,
  "stop_loss_cooldown_bars": 0,
  "daily_max_trades": 0,
  "daily_max_losses": 0,
  "daily_loss_limit": 0.0,
  "no_overnight": true
}