{
  "total_return": -0.04860352058879258,
  "annualized_return": -0.5757252712926766,
  "max_drawdown": -0.07897971810915427,
  "sharpe": -2.2991898696669275,
  "sortino": -2.185305019445807,
  "calmar": -7.289533124149581,
  "trade_count": 8,
  "win_rate": 0.125,
  "avg_net_return_per_trade": -0.005801908202818961,
  "median_net_return_per_trade": -0.006815221714072724,
  "backtest_mode": "a_share_inventory_t0",
  "trade_direction_mode": "sell_only",
  "buy_threshold": 0.7788469702005386,
  "sell_threshold": 0.807967272400856,
  "initial_capital": 1000000.0,
  "final_equity": 953751.1856977502,
  "final_benchmark_equity": 957628.0,
  "final_alpha_equity": 996123.1856977502,
  "alpha_total_return": -0.0038768143022498425,
  "alpha_sharpe": -10.771934782875741,
  "alpha_sortino": -3.8776288657079965,
  "alpha_calmar": -16.469424889216842,
  "alpha_max_drawdown": -0.0039258569452576,
  "base_shares": 9900,
  "ending_shares": 9900,
  "base_position_pct": 0.6,
  "max_t0_trade_pct": 0.3,
  "max_participation_rate": 0.05,
  "commission_rate": 0.0015,
  "slippage_rate": 0.0005,
  "tp": 0.003,
  "sl": 0.002,
  "stop_loss_cooldown_bars": 6,
  "daily_max_trades": 0,
  "daily_max_losses": 2,
  "daily_loss_limit": 0.0,
  "no_overnight": true
}