{
  "total_return": 0.03276275434982545,
  "annualized_return": 9.418227054030156,
  "max_drawdown": -0.04669345080626808,
  "sharpe": 7.602478756526344,
  "sortino": 11.693637044921893,
  "calmar": 201.70338433769953,
  "trade_count": 10,
  "win_rate": 0.0,
  "avg_net_return_per_trade": -0.007932715519387443,
  "median_net_return_per_trade": -0.008403239988239716,
  "backtest_mode": "a_share_inventory_t0",
  "trade_direction_mode": "sell_only",
  "buy_threshold": 0.4595914352082699,
  "sell_threshold": 0.5900460568882486,
  "initial_capital": 1000000.0,
  "final_equity": 1032032.5910825001,
  "final_benchmark_equity": 1040804.0,
  "final_alpha_equity": 991228.5910825001,
  "alpha_total_return": -0.008771408917499945,
  "alpha_sharpe": -22.626434278349564,
  "alpha_sortino": -13.159345711015852,
  "alpha_calmar": -53.91979519353179,
  "alpha_max_drawdown": -0.008771408917500056,
  "base_shares": 10100,
  "ending_shares": 10100,
  "base_position_pct": 0.6,
  "max_t0_trade_pct": 0.3,
  "max_participation_rate": 0.05,
  "commission_rate": 0.0015,
  "slippage_rate": 0.001,
  "tp": 0.003,
  "sl": 0.002,
  "no_overnight": true
}