{
  "model": "LogisticRegression",
  "target_col_buy": "buy_label",
  "target_col_sell": "sell_label",
  "feature_count": 194,
  "lookback_aligned_to_sequence_models": 8,
  "params": {
    "max_iter": 500,
    "C": 1.0,
    "class_weight": "balanced",
    "random_state": 42
  },
  "valid_buy_auc": 0.454014598540146,
  "valid_buy_positive_rate": 0.2864583333333333,
  "valid_buy_prob_mean": 0.5905054442642396,
  "valid_buy_prob_std": 0.2563151403422773,
  "valid_buy_prob_min": 0.02712045995242223,
  "valid_buy_prob_max": 0.9795511386891618,
  "valid_buy_acc_05": 0.421875,
  "valid_buy_precision_05": 0.26666666666666666,
  "valid_buy_recall_05": 0.5818181818181818,
  "valid_buy_f1_05": 0.3657142857142857,
  "valid_buy_q90_threshold": 0.9107043313295359,
  "valid_buy_q95_threshold": 0.9534554722203858,
  "test_buy_auc": 0.6122395833333333,
  "test_buy_positive_rate": 0.21052631578947367,
  "test_buy_prob_mean": 0.39203311452324724,
  "test_buy_prob_std": 0.3269476051001774,
  "test_buy_prob_min": 0.016497477842704507,
  "test_buy_prob_max": 0.997939573033125,
  "test_buy_acc_05": 0.6776315789473685,
  "test_buy_precision_05": 0.34545454545454546,
  "test_buy_recall_05": 0.59375,
  "test_buy_f1_05": 0.4367816091954023,
  "test_buy_q90_threshold": 0.874911900330261,
  "test_buy_q95_threshold": 0.9742380360233142,
  "valid_sell_auc": 0.3885865958858659,
  "valid_sell_positive_rate": 0.2864583333333333,
  "valid_sell_prob_mean": 0.27085915260581067,
  "valid_sell_prob_std": 0.24270135182584585,
  "valid_sell_prob_min": 0.0038061950612328804,
  "valid_sell_prob_max": 0.8948152127706248,
  "valid_sell_acc_05": 0.5833333333333334,
  "valid_sell_precision_05": 0.16216216216216217,
  "valid_sell_recall_05": 0.10909090909090909,
  "valid_sell_f1_05": 0.13043478260869565,
  "valid_sell_q90_threshold": 0.641064776418103,
  "valid_sell_q95_threshold": 0.7404379346137803,
  "test_sell_auc": 0.5770588235294117,
  "test_sell_positive_rate": 0.32894736842105265,
  "test_sell_prob_mean": 0.42966112618437363,
  "test_sell_prob_std": 0.269238914586092,
  "test_sell_prob_min": 0.0023216827768974754,
  "test_sell_prob_max": 0.9613961204040385,
  "test_sell_acc_05": 0.6118421052631579,
  "test_sell_precision_05": 0.4307692307692308,
  "test_sell_recall_05": 0.56,
  "test_sell_f1_05": 0.48695652173913045,
  "test_sell_q90_threshold": 0.8198627824559594,
  "test_sell_q95_threshold": 0.8427699653044772
}