{
  "total_return": -0.048243947596892545,
  "annualized_return": -0.9974501793819902,
  "max_drawdown": -0.06395170857281895,
  "sharpe": -12.385099879289656,
  "sortino": -14.047397006496402,
  "calmar": -15.596927770056968,
  "trade_count": 6,
  "win_rate": 0.0,
  "avg_net_return_per_trade": -0.0071234782619309725,
  "median_net_return_per_trade": -0.007376154184989433,
  "backtest_mode": "a_share_inventory_t0",
  "trade_direction_mode": "sell_only",
  "buy_threshold": 0.6261110728865316,
  "sell_threshold": 0.5253765133082089,
  "initial_capital": 1000000.0,
  "final_equity": 951436.2623695,
  "final_benchmark_equity": 957328.0,
  "final_alpha_equity": 994108.2623695,
  "alpha_total_return": -0.0058917376304999935,
  "alpha_sharpe": -26.709798068356065,
  "alpha_sortino": -16.668258492413702,
  "alpha_calmar": -86.58756729431991,
  "alpha_max_drawdown": -0.0058917376304999935,
  "base_shares": 8400,
  "ending_shares": 8400,
  "base_position_pct": 0.6,
  "max_t0_trade_pct": 0.3,
  "max_participation_rate": 0.02,
  "commission_rate": 0.0015,
  "slippage_rate": 0.0005,
  "tp": 0.003,
  "sl": 0.002,
  "no_overnight": true
}