{
  "total_return": -0.04939390616642203,
  "annualized_return": -0.9748395919167363,
  "max_drawdown": -0.08771431110425665,
  "sharpe": -7.300348811561071,
  "sortino": -6.317734885614877,
  "calmar": -11.113803205477478,
  "trade_count": 6,
  "win_rate": 0.5,
  "avg_net_return_per_trade": -0.0038847178155640397,
  "median_net_return_per_trade": -0.002039127544799843,
  "backtest_mode": "a_share_inventory_t0",
  "trade_direction_mode": "sell_only",
  "buy_threshold": 0.3606427501078635,
  "sell_threshold": 0.5555824076022093,
  "initial_capital": 1000000.0,
  "final_equity": 951142.2356705001,
  "final_benchmark_equity": 952718.0,
  "final_alpha_equity": 998424.2356705001,
  "alpha_total_return": -0.0015757643294999069,
  "alpha_sharpe": -4.373564720704559,
  "alpha_sortino": -2.140656293615411,
  "alpha_calmar": -24.845080490350725,
  "alpha_max_drawdown": -0.004359641848500018,
  "base_shares": 9400,
  "ending_shares": 9400,
  "base_position_pct": 0.6,
  "max_t0_trade_pct": 0.3,
  "max_participation_rate": 0.02,
  "commission_rate": 0.001,
  "slippage_rate": 0.0005,
  "tp": 0.003,
  "sl": 0.002,
  "no_overnight": true
}