{
  "total_return": -0.059913899564347006,
  "annualized_return": -0.640140510014878,
  "max_drawdown": -0.08061665539806206,
  "sharpe": -3.013061478417487,
  "sortino": -2.8732513858909847,
  "calmar": -7.94054909440297,
  "trade_count": 15,
  "win_rate": 0.0,
  "avg_net_return_per_trade": -0.006047086665272769,
  "median_net_return_per_trade": -0.0071437583769585165,
  "backtest_mode": "a_share_inventory_t0",
  "trade_direction_mode": "sell_only",
  "buy_threshold": 0.7839341640472411,
  "sell_threshold": 0.8303675591945648,
  "initial_capital": 1000000.0,
  "final_equity": 939809.7151221249,
  "final_benchmark_equity": 950804.0,
  "final_alpha_equity": 989005.7151221249,
  "alpha_total_return": -0.010994284877875127,
  "alpha_sharpe": -11.837656641206568,
  "alpha_sortino": -3.8445315258040478,
  "alpha_calmar": -15.201486026988675,
  "alpha_max_drawdown": -0.010994284877875127,
  "base_shares": 9800,
  "ending_shares": 9800,
  "base_position_pct": 0.6,
  "max_t0_trade_pct": 0.3,
  "max_participation_rate": 0.02,
  "commission_rate": 0.0015,
  "slippage_rate": 0.00075,
  "tp": 0.003,
  "sl": 0.002,
  "stop_loss_cooldown_bars": 0,
  "daily_max_trades": 0,
  "daily_max_losses": 0,
  "daily_loss_limit": 0.0,
  "no_overnight": true
}