{
  "total_return": -0.09676997534147014,
  "annualized_return": -0.8150892026096597,
  "max_drawdown": -0.11610801174703933,
  "sharpe": -6.355921292531237,
  "sortino": -10.020518240794864,
  "calmar": -7.020094396116845,
  "trade_count": 12,
  "win_rate": 0.5,
  "avg_net_return_per_trade": -0.004399713941760214,
  "median_net_return_per_trade": -0.0024778123558352157,
  "backtest_mode": "a_share_inventory_t0",
  "trade_direction_mode": "sell_only",
  "buy_threshold": 0.6491788774728775,
  "sell_threshold": 0.8673499226570129,
  "initial_capital": 1000000.0,
  "final_equity": 907606.1741280004,
  "final_benchmark_equity": 913740.0,
  "final_alpha_equity": 993866.1741280004,
  "alpha_total_return": -0.006133825871999621,
  "alpha_sharpe": -5.743581915215854,
  "alpha_sortino": -1.4441104682799606,
  "alpha_calmar": -12.384888740622149,
  "alpha_max_drawdown": -0.007832387628854964,
  "base_shares": 9500,
  "ending_shares": 9500,
  "base_position_pct": 0.6,
  "max_t0_trade_pct": 0.3,
  "max_participation_rate": 0.02,
  "commission_rate": 0.001,
  "slippage_rate": 0.0005,
  "tp": 0.003,
  "sl": 0.002,
  "stop_loss_cooldown_bars": 6,
  "daily_max_trades": 0,
  "daily_max_losses": 2,
  "daily_loss_limit": 0.0,
  "no_overnight": true
}