{
  "total_return": -0.05311076151365468,
  "annualized_return": -0.59547368374303,
  "max_drawdown": -0.07984842083380939,
  "sharpe": -2.7199088710747406,
  "sortino": -2.576430311377462,
  "calmar": -7.4575511641289065,
  "trade_count": 14,
  "win_rate": 0.14285714285714285,
  "avg_net_return_per_trade": -0.005965382914912877,
  "median_net_return_per_trade": -0.006253230439988486,
  "backtest_mode": "a_share_inventory_t0",
  "trade_direction_mode": "sell_only",
  "buy_threshold": 0.7235490381717682,
  "sell_threshold": 0.8369593322277069,
  "initial_capital": 1000000.0,
  "final_equity": 946054.0821780004,
  "final_benchmark_equity": 953940.0,
  "final_alpha_equity": 992114.0821780004,
  "alpha_total_return": -0.007885917821999655,
  "alpha_sharpe": -9.57940714003121,
  "alpha_sortino": -3.324172918553484,
  "alpha_calmar": -14.005993176009271,
  "alpha_max_drawdown": -0.008785071359567853,
  "base_shares": 9800,
  "ending_shares": 9800,
  "base_position_pct": 0.6,
  "max_t0_trade_pct": 0.3,
  "max_participation_rate": 0.05,
  "commission_rate": 0.001,
  "slippage_rate": 0.0005,
  "tp": 0.003,
  "sl": 0.002,
  "stop_loss_cooldown_bars": 6,
  "daily_max_trades": 0,
  "daily_max_losses": 2,
  "daily_loss_limit": 0.0,
  "no_overnight": true
}