{
  "model": "auc_weighted_ensemble",
  "member_models": [
    "transformer_lstm",
    "lstm",
    "cnn",
    "mlp"
  ],
  "buy_weight_method": "valid_auc_edge_over_0p5",
  "sell_weight_method": "valid_auc_edge_over_0p5",
  "feature_count": 194,
  "lookback": 8,
  "valid_buy_auc": 0.5276152419009562,
  "valid_buy_positive_rate": 0.2552083333333333,
  "valid_buy_prob_mean": 0.5130985767745627,
  "valid_buy_prob_std": 0.12512635311108644,
  "valid_buy_prob_min": 0.3195117618101584,
  "valid_buy_prob_max": 0.8038429155106277,
  "valid_buy_acc_05": 0.5104166666666666,
  "valid_buy_precision_05": 0.26804123711340205,
  "valid_buy_recall_05": 0.5306122448979592,
  "valid_buy_f1_05": 0.3561643835616438,
  "valid_buy_q90_threshold": 0.6793046793362625,
  "valid_buy_q95_threshold": 0.7559412996219077,
  "test_buy_auc": 0.51690492398457,
  "test_buy_positive_rate": 0.2565789473684211,
  "test_buy_prob_mean": 0.4654560871099538,
  "test_buy_prob_std": 0.10632903527485403,
  "test_buy_prob_min": 0.25018565784352764,
  "test_buy_prob_max": 0.6639709194571201,
  "test_buy_acc_05": 0.5723684210526315,
  "test_buy_precision_05": 0.27586206896551724,
  "test_buy_recall_05": 0.41025641025641024,
  "test_buy_f1_05": 0.32989690721649484,
  "test_buy_q90_threshold": 0.6154158509428233,
  "test_buy_q95_threshold": 0.6327793155809943,
  "valid_sell_auc": 0.58125,
  "valid_sell_positive_rate": 0.375,
  "valid_sell_prob_mean": 0.38279089372828023,
  "valid_sell_prob_std": 0.1463103819217511,
  "valid_sell_prob_min": 0.12342703468266385,
  "valid_sell_prob_max": 0.7787570415890205,
  "valid_sell_acc_05": 0.59375,
  "valid_sell_precision_05": 0.425,
  "valid_sell_recall_05": 0.2361111111111111,
  "valid_sell_f1_05": 0.30357142857142855,
  "valid_sell_q90_threshold": 0.591241996119918,
  "valid_sell_q95_threshold": 0.6503495338446286,
  "test_sell_auc": 0.6060790273556231,
  "test_sell_positive_rate": 0.3092105263157895,
  "test_sell_prob_mean": 0.3647453701457483,
  "test_sell_prob_std": 0.13856219070316855,
  "test_sell_prob_min": 0.141507622796352,
  "test_sell_prob_max": 0.7960305689789255,
  "test_sell_acc_05": 0.6907894736842105,
  "test_sell_precision_05": 0.5,
  "test_sell_recall_05": 0.2978723404255319,
  "test_sell_f1_05": 0.37333333333333335,
  "test_sell_q90_threshold": 0.5679248057160919,
  "test_sell_q95_threshold": 0.630539158480804
}