{
  "total_return": -0.056735502322182496,
  "annualized_return": -0.6194764841013785,
  "max_drawdown": -0.0810561638647368,
  "sharpe": -2.846008564167536,
  "sortino": -2.7095420108794914,
  "calmar": -7.6425586231188465,
  "trade_count": 12,
  "win_rate": 0.16666666666666666,
  "avg_net_return_per_trade": -0.008048616767216176,
  "median_net_return_per_trade": -0.00804906513540415,
  "backtest_mode": "a_share_inventory_t0",
  "trade_direction_mode": "sell_only",
  "buy_threshold": 0.7211705774068828,
  "sell_threshold": 0.8075392246246337,
  "initial_capital": 1000000.0,
  "final_equity": 942987.1779155002,
  "final_benchmark_equity": 950804.0,
  "final_alpha_equity": 992183.1779155002,
  "alpha_total_return": -0.007816822084499742,
  "alpha_sharpe": -10.695268364957702,
  "alpha_sortino": -3.8912370595702743,
  "alpha_calmar": -15.574447102478775,
  "alpha_max_drawdown": -0.007816822084499742,
  "base_shares": 9800,
  "ending_shares": 9800,
  "base_position_pct": 0.6,
  "max_t0_trade_pct": 0.3,
  "max_participation_rate": 0.05,
  "commission_rate": 0.0015,
  "slippage_rate": 0.001,
  "tp": 0.003,
  "sl": 0.002,
  "stop_loss_cooldown_bars": 6,
  "daily_max_trades": 0,
  "daily_max_losses": 2,
  "daily_loss_limit": 0.0,
  "no_overnight": true
}