{
  "total_return": -0.10740042072342704,
  "annualized_return": -0.8476917080891427,
  "max_drawdown": -0.12041781489054248,
  "sharpe": -7.197529664806878,
  "sortino": -11.21963640839759,
  "calmar": -7.03958719778862,
  "trade_count": 12,
  "win_rate": 0.25,
  "avg_net_return_per_trade": -0.006030854129378759,
  "median_net_return_per_trade": -0.005584203460945955,
  "backtest_mode": "a_share_inventory_t0",
  "trade_direction_mode": "sell_only",
  "buy_threshold": 0.6604762256145478,
  "sell_threshold": 0.8873531460762022,
  "initial_capital": 1000000.0,
  "final_equity": 895255.9556245,
  "final_benchmark_equity": 906349.0,
  "final_alpha_equity": 988906.9556245,
  "alpha_total_return": -0.01109304437549996,
  "alpha_sharpe": -8.84922001578666,
  "alpha_sortino": -2.3699655983581427,
  "alpha_calmar": -13.414754283510105,
  "alpha_max_drawdown": -0.012575514710057911,
  "base_shares": 9300,
  "ending_shares": 9300,
  "base_position_pct": 0.6,
  "max_t0_trade_pct": 0.3,
  "max_participation_rate": 0.05,
  "commission_rate": 0.001,
  "slippage_rate": 0.0005,
  "tp": 0.003,
  "sl": 0.002,
  "stop_loss_cooldown_bars": 6,
  "daily_max_trades": 0,
  "daily_max_losses": 2,
  "daily_loss_limit": 0.0,
  "no_overnight": true
}