model_label,epoch,train_loss,valid_loss,valid_auc,valid_prob_mean,valid_prob_max
Transformer_LSTM_buy,1,1.2220514158944826,1.0939867496490479,0.5421474141441565,0.3641720712184906,0.6203399896621704
Transformer_LSTM_buy,2,1.0224183556195852,1.0729767084121704,0.5481199945703815,0.40880391001701355,0.6708614230155945
Transformer_LSTM_buy,3,0.9178369770178924,1.1046310663223267,0.5144563594407493,0.44455277919769287,0.7526917457580566
