model_label,epoch,train_loss,valid_loss,valid_auc,valid_prob_mean,valid_prob_max
Transformer_LSTM_sell,1,0.9354205067093307,0.8863637447357178,0.46527343261168813,0.4492804706096649,0.6626389026641846
Transformer_LSTM_sell,2,0.8266988477191409,0.8910830616950989,0.5272181203854337,0.5033552646636963,0.7291455864906311
Transformer_LSTM_sell,3,0.8028293558069177,0.8952199816703796,0.5461143786760105,0.5067047476768494,0.7557662725448608
