{
  "model": "Transformer_LSTM",
  "target_col_buy": "buy_label",
  "target_col_sell": "sell_label",
  "feature_count": 194,
  "lookback": 8,
  "params": {
    "d_model": 128,
    "nhead": 4,
    "transformer_layers": 2,
    "transformer_dropout": 0.2,
    "lstm_hidden_dim": 128,
    "lstm_num_layers": 1,
    "output_dim": 1
  },
  "buy_fit": {
    "best_score": 0.5481199945703815,
    "best_valid_auc": 0.5481199945703815,
    "epochs_ran": 3,
    "pos_rate": 0.2685810810810811,
    "pos_weight": 2.723270440251572,
    "device": "cpu"
  },
  "sell_fit": {
    "best_score": 0.5461143786760105,
    "best_valid_auc": 0.5461143786760105,
    "epochs_ran": 3,
    "pos_rate": 0.36317567567567566,
    "pos_weight": 1.7534883720930234,
    "device": "cpu"
  },
  "valid_buy_auc": 0.5481199945703815,
  "valid_buy_positive_rate": 0.2760416666666667,
  "valid_buy_prob_mean": 0.40880391001701355,
  "valid_buy_prob_std": 0.10568363964557648,
  "valid_buy_prob_min": 0.1825934648513794,
  "valid_buy_prob_max": 0.6708614230155945,
  "valid_buy_acc_05": 0.6614583333333334,
  "valid_buy_precision_05": 0.35,
  "valid_buy_recall_05": 0.2641509433962264,
  "valid_buy_f1_05": 0.3010752688172043,
  "valid_buy_q90_threshold": 0.5399588942527771,
  "valid_buy_q95_threshold": 0.5839946866035461,
  "test_buy_auc": 0.46802900461437047,
  "test_buy_positive_rate": 0.26973684210526316,
  "test_buy_prob_mean": 0.4322960376739502,
  "test_buy_prob_std": 0.08539269864559174,
  "test_buy_prob_min": 0.25596877932548523,
  "test_buy_prob_max": 0.617447555065155,
  "test_buy_acc_05": 0.6513157894736842,
  "test_buy_precision_05": 0.3235294117647059,
  "test_buy_recall_05": 0.2682926829268293,
  "test_buy_f1_05": 0.29333333333333333,
  "test_buy_q90_threshold": 0.5581066608428955,
  "test_buy_q95_threshold": 0.5945991277694702,
  "valid_sell_auc": 0.5461143786760105,
  "valid_sell_positive_rate": 0.3177083333333333,
  "valid_sell_prob_mean": 0.5067047476768494,
  "valid_sell_prob_std": 0.1418081670999527,
  "valid_sell_prob_min": 0.16628363728523254,
  "valid_sell_prob_max": 0.7557662725448608,
  "valid_sell_acc_05": 0.5052083333333334,
  "valid_sell_precision_05": 0.33962264150943394,
  "valid_sell_recall_05": 0.5901639344262295,
  "valid_sell_f1_05": 0.4311377245508982,
  "valid_sell_q90_threshold": 0.6754298210144043,
  "valid_sell_q95_threshold": 0.7099151015281677,
  "test_sell_auc": 0.4898039215686274,
  "test_sell_positive_rate": 0.32894736842105265,
  "test_sell_prob_mean": 0.5239344835281372,
  "test_sell_prob_std": 0.11325927823781967,
  "test_sell_prob_min": 0.23331128060817719,
  "test_sell_prob_max": 0.7453566789627075,
  "test_sell_acc_05": 0.4473684210526316,
  "test_sell_precision_05": 0.3111111111111111,
  "test_sell_recall_05": 0.56,
  "test_sell_f1_05": 0.4,
  "test_sell_q90_threshold": 0.6526933312416077,
  "test_sell_q95_threshold": 0.6727649569511414
}