{
  "scenario_count": 12,
  "all_alpha_positive": false,
  "min_alpha_total_return": -0.008821952276499734,
  "worst_alpha_max_drawdown": -0.009068007112249976,
  "min_trade_count": 12
}