{
  "total_return": -0.10846821424789788,
  "annualized_return": -0.8506816079335036,
  "max_drawdown": -0.12122123747246794,
  "sharpe": -7.300008124561698,
  "sortino": -11.29190578574071,
  "calmar": -7.017595478075469,
  "trade_count": 13,
  "win_rate": 0.38461538461538464,
  "avg_net_return_per_trade": -0.0051545341312423535,
  "median_net_return_per_trade": -0.005398878381820624,
  "backtest_mode": "a_share_inventory_t0",
  "trade_direction_mode": "sell_only",
  "buy_threshold": 0.667204812169075,
  "sell_threshold": 0.9170580089092255,
  "initial_capital": 1000000.0,
  "final_equity": 894184.9843465004,
  "final_benchmark_equity": 906349.0,
  "final_alpha_equity": 987835.9843465004,
  "alpha_total_return": -0.012164015653499671,
  "alpha_sharpe": -7.4551176142063875,
  "alpha_sortino": -1.9763562410916713,
  "alpha_calmar": -12.91399650598404,
  "alpha_max_drawdown": -0.014208147030850715,
  "base_shares": 9300,
  "ending_shares": 9300,
  "base_position_pct": 0.6,
  "max_t0_trade_pct": 0.3,
  "max_participation_rate": 0.05,
  "commission_rate": 0.001,
  "slippage_rate": 0.0005,
  "tp": 0.004,
  "sl": 0.002,
  "stop_loss_cooldown_bars": 0,
  "daily_max_trades": 0,
  "daily_max_losses": 0,
  "daily_loss_limit": 0.0,
  "no_overnight": true
}