{
  "total_return": -0.02849091200193321,
  "annualized_return": -0.8776990638898244,
  "max_drawdown": -0.035601383143259224,
  "sharpe": -14.615268954262781,
  "sortino": -18.044313551235682,
  "calmar": -24.65351024026178,
  "trade_count": 5,
  "win_rate": 0.2,
  "avg_net_return_per_trade": -0.004274039909741686,
  "median_net_return_per_trade": -0.006726036609453697,
  "backtest_mode": "a_share_inventory_t0",
  "trade_direction_mode": "sell_only",
  "buy_threshold": 0.5653021192148,
  "sell_threshold": 0.41702279458817204,
  "initial_capital": 1000000.0,
  "final_equity": 970818.3450365001,
  "final_benchmark_equity": 972429.0,
  "final_alpha_equity": 998389.3450365001,
  "alpha_total_return": -0.0016106549634998801,
  "alpha_sharpe": -8.97203596762139,
  "alpha_sortino": -5.879348605260435,
  "alpha_calmar": -46.880182623922366,
  "alpha_max_drawdown": -0.00235873830424993,
  "base_shares": 7900,
  "ending_shares": 7900,
  "base_position_pct": 0.6,
  "max_t0_trade_pct": 0.3,
  "max_participation_rate": 0.05,
  "commission_rate": 0.0015,
  "slippage_rate": 0.0005,
  "tp": 0.003,
  "sl": 0.002,
  "no_overnight": true
}