quantile,threshold,signal_count,signal_ratio,trade_count,active_label_mean,active_future_return_mean,active_future_return_median,total_return,max_drawdown,sharpe
0.5,0.5372342467308044,5062,0.5,947.0,0.2001185268163681,6.143713261981623e-05,-0.00036201142728281566,-0.7277378185812247,-0.8841709867870043,-1.9182682979042676
0.6,0.5695025444030761,4050,0.40003951007506916,887.0,0.2172839492559433,0.00010608863855151705,-0.0003334445185679269,-0.6588340520599297,-0.8514328898984354,-1.631322965832345
0.7,0.6034153521060943,3037,0.29998024496246545,877.0,0.2383931577205658,0.00010951433866847116,-0.00033229951262736535,-0.6780971959503113,-0.7914711682807621,-1.9164781613836057
0.75,0.622747153043747,2531,0.25,791.0,0.2560252845287323,0.00029612338222164997,-0.00020167389331449126,-0.437075715521426,-0.6581873113138648,-0.8910942347796609
0.8,0.6455166697502136,2025,0.20001975503753458,709.0,0.27061727643013,0.0003690221180447607,-0.00020665426741062198,-0.3572544013607316,-0.626428980219305,-0.6744503265810572
0.85,0.6715292870998382,1519,0.15003951007506913,587.0,0.29032257199287415,0.0002735213075562089,-0.00031207739519401034,-0.43681660635667185,-0.6187699247788692,-1.0650820198687811
0.9,0.7093815922737122,1013,0.10005926511260371,447.0,0.3228035569190979,0.0007565033236955494,-7.793017456347862e-05,0.011337912582896514,-0.5287744525909199,0.24880544956190706
0.95,0.7587829291820526,507,0.050079020150138286,314.0,0.35108479857444763,0.0006661200209619492,-8.577064928383393e-05,-0.1625657632332066,-0.43726527920495173,-0.47978962468844566
