{
  "total_return": -0.051544003660935034,
  "annualized_return": -0.5837691548463824,
  "max_drawdown": -0.07923655557299991,
  "sharpe": -2.592155446882715,
  "sortino": -2.4624883253872203,
  "calmar": -7.367422152879439,
  "trade_count": 12,
  "win_rate": 0.4166666666666667,
  "avg_net_return_per_trade": -0.0027696058289693893,
  "median_net_return_per_trade": -0.0048744297485022155,
  "backtest_mode": "a_share_inventory_t0",
  "trade_direction_mode": "sell_only",
  "buy_threshold": 0.7226963907480239,
  "sell_threshold": 0.9022319376468658,
  "initial_capital": 1000000.0,
  "final_equity": 948084.2015885001,
  "final_benchmark_equity": 953450.0,
  "final_alpha_equity": 994634.2015885001,
  "alpha_total_return": -0.005365798411499978,
  "alpha_sharpe": -5.88761786409686,
  "alpha_sortino": -2.556171464199394,
  "alpha_calmar": -12.881679476329769,
  "alpha_max_drawdown": -0.00661855557299984,
  "base_shares": 9800,
  "ending_shares": 9800,
  "base_position_pct": 0.6,
  "max_t0_trade_pct": 0.3,
  "max_participation_rate": 0.05,
  "commission_rate": 0.001,
  "slippage_rate": 0.0005,
  "tp": 0.003,
  "sl": 0.002,
  "stop_loss_cooldown_bars": 0,
  "daily_max_trades": 0,
  "daily_max_losses": 0,
  "daily_loss_limit": 0.0,
  "no_overnight": true
}