{
  "total_return": -0.002624550391975622,
  "annualized_return": -0.17390602574484837,
  "max_drawdown": -0.027552114787910753,
  "sharpe": 0.4894177139368174,
  "sortino": 0.8491359323597618,
  "calmar": -6.311893917528044,
  "trade_count": 1,
  "win_rate": 0.0,
  "avg_net_return_per_trade": -0.006860692798198616,
  "median_net_return_per_trade": -0.006860692798198616,
  "backtest_mode": "a_share_inventory_t0",
  "trade_direction_mode": "sell_only",
  "buy_threshold": 0.6109327335007458,
  "sell_threshold": 0.7023395873606205,
  "initial_capital": 1000000.0,
  "final_equity": 1000936.079963125,
  "final_benchmark_equity": 1002520.0,
  "final_alpha_equity": 998416.079963125,
  "alpha_total_return": -0.0015839200368749085,
  "alpha_sharpe": -13.012286211427082,
  "alpha_sortino": -2.875412955839789,
  "alpha_calmar": -68.71874983902735,
  "alpha_max_drawdown": -0.0015839200368749085,
  "base_shares": 10500,
  "ending_shares": 10500,
  "base_position_pct": 0.6,
  "max_t0_trade_pct": 0.3,
  "max_participation_rate": 0.02,
  "commission_rate": 0.0015,
  "slippage_rate": 0.00075,
  "tp": 0.003,
  "sl": 0.002,
  "no_overnight": true
}