{
  "total_return": -0.022888954413875173,
  "annualized_return": -0.9389743812456265,
  "max_drawdown": -0.03707764377554068,
  "sharpe": -7.92036569421616,
  "sortino": -10.256618402507597,
  "calmar": -25.324542922143493,
  "trade_count": 3,
  "win_rate": 0.3333333333333333,
  "avg_net_return_per_trade": -0.002829996007264539,
  "median_net_return_per_trade": -0.0011475776518297637,
  "backtest_mode": "a_share_inventory_t0",
  "trade_direction_mode": "sell_only",
  "buy_threshold": 0.7559412996219077,
  "sell_threshold": 0.6503495338446286,
  "initial_capital": 1000000.0,
  "final_equity": 977111.0455861249,
  "final_benchmark_equity": 977200.0,
  "final_alpha_equity": 999911.0455861249,
  "alpha_total_return": -8.895441387513081e-05,
  "alpha_sharpe": -0.6389826693044023,
  "alpha_sortino": -0.29879224293568823,
  "alpha_calmar": -16.428873898240067,
  "alpha_max_drawdown": -0.0006504482025000424,
  "base_shares": 10000,
  "ending_shares": 10000,
  "base_position_pct": 0.6,
  "max_t0_trade_pct": 0.3,
  "max_participation_rate": 0.02,
  "commission_rate": 0.0015,
  "slippage_rate": 0.00075,
  "tp": 0.003,
  "sl": 0.002,
  "no_overnight": true
}