model_label,epoch,train_loss,valid_loss,valid_auc,valid_prob_mean,valid_prob_max
LSTM_buy,1,1.2119067681802285,1.0360238552093506,0.4747213697302536,0.3190707266330719,0.503200888633728
LSTM_buy,2,1.0386287908296328,1.022613763809204,0.47859796478759487,0.4404674470424652,0.7455746531486511
LSTM_buy,3,0.9454008211960664,1.1118313074111938,0.44193183653690843,0.5384082794189453,0.8139890432357788
