model_label,epoch,train_loss,valid_loss,valid_auc,valid_prob_mean,valid_prob_max
LSTM_sell,1,0.933606473175255,0.8985230326652527,0.49039707788382236,0.4212929308414459,0.4902968108654022
LSTM_sell,2,0.8674197857444351,0.9035239815711975,0.4786143513609049,0.48681914806365967,0.6457801461219788
LSTM_sell,3,0.8268121126535777,0.9413978457450867,0.4704842700600919,0.5403155088424683,0.7911866903305054
