{
  "model": "LSTM",
  "target_col_buy": "buy_label",
  "target_col_sell": "sell_label",
  "feature_count": 194,
  "lookback": 8,
  "params": {
    "hidden_dim": 256,
    "num_layers": 2,
    "dropout": 0.3,
    "output_dim": 1
  },
  "buy_fit": {
    "best_score": 0.47859796478759487,
    "best_valid_auc": 0.47859796478759487,
    "epochs_ran": 3,
    "pos_rate": 0.2533783783783784,
    "pos_weight": 2.9466666666666663,
    "device": "cpu"
  },
  "sell_fit": {
    "best_score": 0.49039707788382236,
    "best_valid_auc": 0.49039707788382236,
    "epochs_ran": 3,
    "pos_rate": 0.36317567567567566,
    "pos_weight": 1.7534883720930234,
    "device": "cpu"
  },
  "valid_buy_auc": 0.47859796478759487,
  "valid_buy_positive_rate": 0.21354166666666666,
  "valid_buy_prob_mean": 0.4404674470424652,
  "valid_buy_prob_std": 0.12251218408346176,
  "valid_buy_prob_min": 0.1715359091758728,
  "valid_buy_prob_max": 0.7455746531486511,
  "valid_buy_acc_05": 0.640625,
  "valid_buy_precision_05": 0.22,
  "valid_buy_recall_05": 0.2682926829268293,
  "valid_buy_f1_05": 0.24175824175824176,
  "valid_buy_q90_threshold": 0.6065386533737183,
  "valid_buy_q95_threshold": 0.6547813415527344,
  "test_buy_auc": 0.5041556145004421,
  "test_buy_positive_rate": 0.4276315789473684,
  "test_buy_prob_mean": 0.3737666606903076,
  "test_buy_prob_std": 0.12671416997909546,
  "test_buy_prob_min": 0.16376134753227234,
  "test_buy_prob_max": 0.6187514662742615,
  "test_buy_acc_05": 0.5394736842105263,
  "test_buy_precision_05": 0.41935483870967744,
  "test_buy_recall_05": 0.2,
  "test_buy_f1_05": 0.2708333333333333,
  "test_buy_q90_threshold": 0.5493514537811279,
  "test_buy_q95_threshold": 0.5886586308479309,
  "valid_sell_auc": 0.49039707788382236,
  "valid_sell_positive_rate": 0.359375,
  "valid_sell_prob_mean": 0.4212929308414459,
  "valid_sell_prob_std": 0.0328308530151844,
  "valid_sell_prob_min": 0.34838756918907166,
  "valid_sell_prob_max": 0.4902968108654022,
  "valid_sell_acc_05": 0.640625,
  "valid_sell_precision_05": 0.0,
  "valid_sell_recall_05": 0.0,
  "valid_sell_f1_05": 0.0,
  "valid_sell_q90_threshold": 0.46298840641975403,
  "valid_sell_q95_threshold": 0.47372546792030334,
  "test_sell_auc": 0.5282567049808429,
  "test_sell_positive_rate": 0.23684210526315788,
  "test_sell_prob_mean": 0.43251705169677734,
  "test_sell_prob_std": 0.04800146073102951,
  "test_sell_prob_min": 0.3297923505306244,
  "test_sell_prob_max": 0.5317919254302979,
  "test_sell_acc_05": 0.6973684210526315,
  "test_sell_precision_05": 0.14285714285714285,
  "test_sell_recall_05": 0.05555555555555555,
  "test_sell_f1_05": 0.08,
  "test_sell_q90_threshold": 0.49927663803100586,
  "test_sell_q95_threshold": 0.5176074504852295
}