model_label,epoch,train_loss,valid_loss,valid_auc,valid_prob_mean,valid_prob_max
Transformer_LSTM_buy,1,1.1017196468404822,0.9547335505485535,0.5195753151957532,0.5315679907798767,0.6687750816345215
Transformer_LSTM_buy,2,0.9414592949119774,0.982804536819458,0.47405441274054416,0.5517529249191284,0.721638560295105
Transformer_LSTM_buy,3,0.8798294872850985,0.9910113215446472,0.45242203052422036,0.5239326357841492,0.713163435459137
