model_label,epoch,train_loss,valid_loss,valid_auc,valid_prob_mean,valid_prob_max
Transformer_LSTM_sell,1,0.9967796254802395,0.8995324969291687,0.48214996682149963,0.4286895990371704,0.6146400570869446
Transformer_LSTM_sell,2,0.8850566519273294,0.9190578460693359,0.4127405441274054,0.42461690306663513,0.6278981566429138
Transformer_LSTM_sell,3,0.8571602363844175,0.9295980334281921,0.419907100199071,0.39422738552093506,0.63409423828125
