{
  "total_return": -0.054031154544581406,
  "annualized_return": -0.6014833007022184,
  "max_drawdown": -0.08106571768800008,
  "sharpe": -2.7200991601118623,
  "sortino": -2.5925577369889417,
  "calmar": -7.419699940450342,
  "trade_count": 12,
  "win_rate": 0.16666666666666666,
  "avg_net_return_per_trade": -0.004968802212842402,
  "median_net_return_per_trade": -0.006984034971514227,
  "backtest_mode": "a_share_inventory_t0",
  "trade_direction_mode": "sell_only",
  "buy_threshold": 0.7226963907480239,
  "sell_threshold": 0.9022319376468658,
  "initial_capital": 1000000.0,
  "final_equity": 945598.0256680001,
  "final_benchmark_equity": 953450.0,
  "final_alpha_equity": 992148.0256680001,
  "alpha_total_return": -0.007851974331999911,
  "alpha_sharpe": -8.660819985691123,
  "alpha_sortino": -3.2805280587829584,
  "alpha_calmar": -14.48929022440074,
  "alpha_max_drawdown": -0.008447717688000012,
  "base_shares": 9800,
  "ending_shares": 9800,
  "base_position_pct": 0.6,
  "max_t0_trade_pct": 0.3,
  "max_participation_rate": 0.02,
  "commission_rate": 0.001,
  "slippage_rate": 0.001,
  "tp": 0.003,
  "sl": 0.002,
  "stop_loss_cooldown_bars": 0,
  "daily_max_trades": 0,
  "daily_max_losses": 0,
  "daily_loss_limit": 0.0,
  "no_overnight": true
}