{
  "total_return": -0.05381273079255888,
  "annualized_return": -0.6004184616566657,
  "max_drawdown": -0.08237083085808994,
  "sharpe": -2.756235407172005,
  "sortino": -2.636953826491602,
  "calmar": -7.289212156801941,
  "trade_count": 14,
  "win_rate": 0.2857142857142857,
  "avg_net_return_per_trade": -0.005512997523712781,
  "median_net_return_per_trade": -0.00730020931431263,
  "backtest_mode": "a_share_inventory_t0",
  "trade_direction_mode": "sell_only",
  "buy_threshold": 0.6666267216205597,
  "sell_threshold": 0.7634641826152802,
  "initial_capital": 1000000.0,
  "final_equity": 945352.7320360001,
  "final_benchmark_equity": 953940.0,
  "final_alpha_equity": 991412.7320360001,
  "alpha_total_return": -0.00858726796399989,
  "alpha_sharpe": -10.33035225476127,
  "alpha_sortino": -4.330761697511212,
  "alpha_calmar": -14.696537226120014,
  "alpha_max_drawdown": -0.009068007112249976,
  "base_shares": 9800,
  "ending_shares": 9800,
  "base_position_pct": 0.6,
  "max_t0_trade_pct": 0.3,
  "max_participation_rate": 0.02,
  "commission_rate": 0.0015,
  "slippage_rate": 0.0005,
  "tp": 0.004,
  "sl": 0.003,
  "stop_loss_cooldown_bars": 0,
  "daily_max_trades": 0,
  "daily_max_losses": 0,
  "daily_loss_limit": 0.0,
  "no_overnight": true
}