{
  "fold": 2,
  "model_summaries": {
    "lstm": {
      "model": "LSTM",
      "target_col_buy": "buy_label",
      "target_col_sell": "sell_label",
      "feature_count": 194,
      "lookback": 32,
      "params": {
        "hidden_dim": 256,
        "num_layers": 2,
        "dropout": 0.3,
        "output_dim": 1
      },
      "buy_fit": {
        "best_score": 0.5593170444509862,
        "best_valid_auc": 0.5593170444509862,
        "epochs_ran": 11,
        "pos_rate": 0.27714646464646464,
        "pos_weight": 2.6082004555808656,
        "device": "cpu"
      },
      "sell_fit": {
        "best_score": 0.5828450006249679,
        "best_valid_auc": 0.5828450006249679,
        "epochs_ran": 20,
        "pos_rate": 0.32228535353535354,
        "pos_weight": 2.1028403525954946,
        "device": "cpu"
      },
      "valid_buy_auc": 0.5593170444509862,
      "valid_buy_positive_rate": 0.2799479166666667,
      "valid_buy_prob_mean": 0.4842550754547119,
      "valid_buy_prob_std": 0.07558039575815201,
      "valid_buy_prob_min": 0.3265555799007416,
      "valid_buy_prob_max": 0.707480788230896,
      "valid_buy_acc_05": 0.6015625,
      "valid_buy_precision_05": 0.3333333333333333,
      "valid_buy_recall_05": 0.4232558139534884,
      "valid_buy_f1_05": 0.3729508196721312,
      "valid_buy_q90_threshold": 0.5907857418060303,
      "valid_buy_q95_threshold": 0.634595513343811,
      "test_buy_auc": 0.5327200704225352,
      "test_buy_positive_rate": 0.2604166666666667,
      "test_buy_prob_mean": 0.48434212803840637,
      "test_buy_prob_std": 0.06233672425150871,
      "test_buy_prob_min": 0.3351685702800751,
      "test_buy_prob_max": 0.6502842307090759,
      "test_buy_acc_05": 0.5768229166666666,
      "test_buy_precision_05": 0.2909698996655518,
      "test_buy_recall_05": 0.435,
      "test_buy_f1_05": 0.3486973947895792,
      "test_buy_q90_threshold": 0.567950963973999,
      "test_buy_q95_threshold": 0.589525580406189,
      "valid_sell_auc": 0.5828450006249679,
      "valid_sell_positive_rate": 0.3606770833333333,
      "valid_sell_prob_mean": 0.5133933424949646,
      "valid_sell_prob_std": 0.2459002137184143,
      "valid_sell_prob_min": 0.0395534485578537,
      "valid_sell_prob_max": 0.9831578731536865,
      "valid_sell_acc_05": 0.5338541666666666,
      "valid_sell_precision_05": 0.39900249376558605,
      "valid_sell_recall_05": 0.5776173285198556,
      "valid_sell_f1_05": 0.471976401179941,
      "valid_sell_q90_threshold": 0.8463670611381531,
      "valid_sell_q95_threshold": 0.8987929821014404,
      "test_sell_auc": 0.5293865885152191,
      "test_sell_positive_rate": 0.3723958333333333,
      "test_sell_prob_mean": 0.5143337845802307,
      "test_sell_prob_std": 0.23586471378803253,
      "test_sell_prob_min": 0.025844480842351913,
      "test_sell_prob_max": 0.9760993123054504,
      "test_sell_acc_05": 0.5338541666666666,
      "test_sell_precision_05": 0.4086294416243655,
      "test_sell_recall_05": 0.5629370629370629,
      "test_sell_f1_05": 0.47352941176470587,
      "test_sell_q90_threshold": 0.8357880711555481,
      "test_sell_q95_threshold": 0.8991812467575073
    }
  },
  "selected_model_summary": {
    "model": "LSTM",
    "target_col_buy": "buy_label",
    "target_col_sell": "sell_label",
    "feature_count": 194,
    "lookback": 32,
    "params": {
      "hidden_dim": 256,
      "num_layers": 2,
      "dropout": 0.3,
      "output_dim": 1
    },
    "buy_fit": {
      "best_score": 0.5593170444509862,
      "best_valid_auc": 0.5593170444509862,
      "epochs_ran": 11,
      "pos_rate": 0.27714646464646464,
      "pos_weight": 2.6082004555808656,
      "device": "cpu"
    },
    "sell_fit": {
      "best_score": 0.5828450006249679,
      "best_valid_auc": 0.5828450006249679,
      "epochs_ran": 20,
      "pos_rate": 0.32228535353535354,
      "pos_weight": 2.1028403525954946,
      "device": "cpu"
    },
    "valid_buy_auc": 0.5593170444509862,
    "valid_buy_positive_rate": 0.2799479166666667,
    "valid_buy_prob_mean": 0.4842550754547119,
    "valid_buy_prob_std": 0.07558039575815201,
    "valid_buy_prob_min": 0.3265555799007416,
    "valid_buy_prob_max": 0.707480788230896,
    "valid_buy_acc_05": 0.6015625,
    "valid_buy_precision_05": 0.3333333333333333,
    "valid_buy_recall_05": 0.4232558139534884,
    "valid_buy_f1_05": 0.3729508196721312,
    "valid_buy_q90_threshold": 0.5907857418060303,
    "valid_buy_q95_threshold": 0.634595513343811,
    "test_buy_auc": 0.5327200704225352,
    "test_buy_positive_rate": 0.2604166666666667,
    "test_buy_prob_mean": 0.48434212803840637,
    "test_buy_prob_std": 0.06233672425150871,
    "test_buy_prob_min": 0.3351685702800751,
    "test_buy_prob_max": 0.6502842307090759,
    "test_buy_acc_05": 0.5768229166666666,
    "test_buy_precision_05": 0.2909698996655518,
    "test_buy_recall_05": 0.435,
    "test_buy_f1_05": 0.3486973947895792,
    "test_buy_q90_threshold": 0.567950963973999,
    "test_buy_q95_threshold": 0.589525580406189,
    "valid_sell_auc": 0.5828450006249679,
    "valid_sell_positive_rate": 0.3606770833333333,
    "valid_sell_prob_mean": 0.5133933424949646,
    "valid_sell_prob_std": 0.2459002137184143,
    "valid_sell_prob_min": 0.0395534485578537,
    "valid_sell_prob_max": 0.9831578731536865,
    "valid_sell_acc_05": 0.5338541666666666,
    "valid_sell_precision_05": 0.39900249376558605,
    "valid_sell_recall_05": 0.5776173285198556,
    "valid_sell_f1_05": 0.471976401179941,
    "valid_sell_q90_threshold": 0.8463670611381531,
    "valid_sell_q95_threshold": 0.8987929821014404,
    "test_sell_auc": 0.5293865885152191,
    "test_sell_positive_rate": 0.3723958333333333,
    "test_sell_prob_mean": 0.5143337845802307,
    "test_sell_prob_std": 0.23586471378803253,
    "test_sell_prob_min": 0.025844480842351913,
    "test_sell_prob_max": 0.9760993123054504,
    "test_sell_acc_05": 0.5338541666666666,
    "test_sell_precision_05": 0.4086294416243655,
    "test_sell_recall_05": 0.5629370629370629,
    "test_sell_f1_05": 0.47352941176470587,
    "test_sell_q90_threshold": 0.8357880711555481,
    "test_sell_q95_threshold": 0.8991812467575073
  },
  "t0_stats": {
    "total_return": -0.09634501289957231,
    "annualized_return": -0.8140360824060049,
    "max_drawdown": -0.11389342095640709,
    "sharpe": -6.432411865710176,
    "sortino": -10.19333189375584,
    "calmar": -7.147349474361461,
    "trade_count": 13,
    "win_rate": 0.5384615384615384,
    "avg_net_return_per_trade": -0.0028195189759570092,
    "median_net_return_per_trade": 5.598215777092002e-05,
    "backtest_mode": "a_share_inventory_t0",
    "trade_direction_mode": "sell_only",
    "buy_threshold": 0.6345955163240432,
    "sell_threshold": 0.8987929791212081,
    "initial_capital": 1000000.0,
    "final_equity": 907222.6169895001,
    "final_benchmark_equity": 912204.0,
    "final_alpha_equity": 995018.6169895001,
    "alpha_total_return": -0.004981383010499885,
    "alpha_sharpe": -7.5850828538277515,
    "alpha_sortino": -2.3976948200627604,
    "alpha_calmar": -14.487067533671572,
    "alpha_max_drawdown": -0.005492974925338401,
    "base_shares": 9400,
    "ending_shares": 9400,
    "base_position_pct": 0.6,
    "max_t0_trade_pct": 0.3,
    "max_participation_rate": 0.05,
    "commission_rate": 0.001,
    "slippage_rate": 0.0005,
    "tp": 0.003,
    "sl": 0.002,
    "stop_loss_cooldown_bars": 6,
    "daily_max_trades": 0,
    "daily_max_losses": 2,
    "daily_loss_limit": 0.0,
    "no_overnight": true
  },
  "stress_stats": {
    "stress_scenario_count": 12,
    "stress_min_alpha_total_return": -0.009121972849625348,
    "stress_worst_alpha_drawdown": -0.00937970682171041,
    "stress_min_trade_count": 12
  },
  "sell_threshold_grid_stats": {
    "sell_grid_best_rule": "sell_only_q92",
    "sell_grid_best_quantile": 0.92,
    "sell_grid_best_alpha_total_return": -0.0034610650634997464,
    "sell_grid_best_trade_count": 16,
    "sell_grid_result_count": 6
  },