model,side,valid_auc,raw_weight,weight,weight_method
transformer_lstm,buy,0.5456766662141984,0.045676666214198414,0.2301641586867304,valid_auc_edge_over_0p5
lstm,buy,0.5922356454459075,0.09223564544590745,0.4647742818057459,valid_auc_edge_over_0p5
cnn,buy,0.5535496131396769,0.05354961313967688,0.2698358413132693,valid_auc_edge_over_0p5
mlp,buy,0.506990633907968,0.006990633907967947,0.03522571819425437,valid_auc_edge_over_0p5
