{
  "model": "auc_weighted_ensemble",
  "member_models": [
    "transformer_lstm",
    "lstm",
    "cnn",
    "mlp"
  ],
  "buy_weight_method": "valid_auc_edge_over_0p5",
  "sell_weight_method": "equal_fallback_no_positive_auc_edge",
  "feature_count": 194,
  "lookback": 8,
  "valid_buy_auc": 0.5804262250576897,
  "valid_buy_positive_rate": 0.2760416666666667,
  "valid_buy_prob_mean": 0.3845180373643576,
  "valid_buy_prob_std": 0.1179873201012391,
  "valid_buy_prob_min": 0.1820037150984852,
  "valid_buy_prob_max": 0.662574332029076,
  "valid_buy_acc_05": 0.6979166666666666,
  "valid_buy_precision_05": 0.43243243243243246,
  "valid_buy_recall_05": 0.3018867924528302,
  "valid_buy_f1_05": 0.35555555555555557,
  "valid_buy_q90_threshold": 0.5467560035732058,
  "valid_buy_q95_threshold": 0.6109327335007458,
  "test_buy_auc": 0.546417445482866,
  "test_buy_positive_rate": 0.29605263157894735,
  "test_buy_prob_mean": 0.3517439644523988,
  "test_buy_prob_std": 0.12124353614792473,
  "test_buy_prob_min": 0.12337354482447785,
  "test_buy_prob_max": 0.5649586726698603,
  "test_buy_acc_05": 0.6907894736842105,
  "test_buy_precision_05": 0.45454545454545453,
  "test_buy_recall_05": 0.2222222222222222,
  "test_buy_f1_05": 0.29850746268656714,
  "test_buy_q90_threshold": 0.5238401521822865,
  "test_buy_q95_threshold": 0.5369165834215905,
  "valid_sell_auc": 0.44128787878787884,
  "valid_sell_positive_rate": 0.3125,
  "valid_sell_prob_mean": 0.4607036649880077,
  "valid_sell_prob_std": 0.13252887430582305,
  "valid_sell_prob_min": 0.2601987775415182,
  "valid_sell_prob_max": 0.7231394648551941,
  "valid_sell_acc_05": 0.5416666666666666,
  "valid_sell_precision_05": 0.27419354838709675,
  "valid_sell_recall_05": 0.2833333333333333,
  "valid_sell_f1_05": 0.2786885245901639,
  "valid_sell_q90_threshold": 0.6898173898458482,
  "valid_sell_q95_threshold": 0.7023395873606205,
  "test_sell_auc": 0.4672498399829315,
  "test_sell_positive_rate": 0.28289473684210525,
  "test_sell_prob_mean": 0.4628417792877084,
  "test_sell_prob_std": 0.09478313035228463,
  "test_sell_prob_min": 0.2976792976260185,
  "test_sell_prob_max": 0.7071712762117386,
  "test_sell_acc_05": 0.5526315789473685,
  "test_sell_precision_05": 0.24489795918367346,
  "test_sell_recall_05": 0.27906976744186046,
  "test_sell_f1_05": 0.2608695652173913,
  "test_sell_q90_threshold": 0.5929886475205421,
  "test_sell_q95_threshold": 0.6464895397424695
}