{
  "total_return": 0.07983622865241902,
  "annualized_return": 2.072037620023549,
  "max_drawdown": -0.044557856480786806,
  "sharpe": 4.204286486755844,
  "sortino": 7.144375937683658,
  "calmar": 46.50218353562417,
  "trade_count": 4,
  "win_rate": 0.0,
  "avg_net_return_per_trade": -0.007370293033554933,
  "median_net_return_per_trade": -0.006704968248960493,
  "backtest_mode": "a_share_inventory_t0",
  "trade_direction_mode": "sell_only",
  "buy_threshold": 0.5834246009588241,
  "sell_threshold": 0.8427620708942413,
  "initial_capital": 1000000.0,
  "final_equity": 1077872.0065525002,
  "final_benchmark_equity": 1082604.0,
  "final_alpha_equity": 995268.0065525002,
  "alpha_total_return": -0.00473199344749986,
  "alpha_sharpe": -8.856007233270763,
  "alpha_sortino": -1.5356788079446868,
  "alpha_calmar": -13.993166856933373,
  "alpha_max_drawdown": -0.004785254949900564,
  "base_shares": 10700,
  "ending_shares": 10700,
  "base_position_pct": 0.6,
  "max_t0_trade_pct": 0.3,
  "max_participation_rate": 0.02,
  "commission_rate": 0.0015,
  "slippage_rate": 0.0005,
  "tp": 0.003,
  "sl": 0.002,
  "stop_loss_cooldown_bars": 6,
  "daily_max_trades": 0,
  "daily_max_losses": 2,
  "daily_loss_limit": 0.0,
  "no_overnight": true
}