{
  "total_return": -0.05160270695362579,
  "annualized_return": -0.5841956469358732,
  "max_drawdown": -0.08032752218053318,
  "sharpe": -2.601957969265787,
  "sortino": -2.4686313808117615,
  "calmar": -7.272671073096401,
  "trade_count": 10,
  "win_rate": 0.2,
  "avg_net_return_per_trade": -0.00526428090864349,
  "median_net_return_per_trade": -0.006230599541978184,
  "backtest_mode": "a_share_inventory_t0",
  "trade_direction_mode": "sell_only",
  "buy_threshold": 0.6873311519622802,
  "sell_threshold": 0.8585168212652204,
  "initial_capital": 1000000.0,
  "final_equity": 948025.5213075001,
  "final_benchmark_equity": 953450.0,
  "final_alpha_equity": 994575.5213075001,
  "alpha_total_return": -0.005424478692499957,
  "alpha_sharpe": -5.950935505912786,
  "alpha_sortino": -1.8882986596520894,
  "alpha_calmar": -14.755159656609058,
  "alpha_max_drawdown": -0.00583874116462868,
  "base_shares": 9800,
  "ending_shares": 9800,
  "base_position_pct": 0.6,
  "max_t0_trade_pct": 0.3,
  "max_participation_rate": 0.05,
  "commission_rate": 0.001,
  "slippage_rate": 0.00075,
  "tp": 0.004,
  "sl": 0.002,
  "stop_loss_cooldown_bars": 6,
  "daily_max_trades": 0,
  "daily_max_losses": 2,
  "daily_loss_limit": 0.0,
  "no_overnight": true
}