label_col,split,class,future_return_mean,future_return_median,future_return_std
label_round_trip_net,all,0,-0.0018023601249446447,-0.0009291953168556466,0.00414642608065315
label_round_trip_net,all,1,0.008271744396799521,0.005673088287436512,0.008345990862403604
label_round_trip_net,train,0,-0.0015786625150609247,-0.000800400208112062,0.003772685651304794
label_round_trip_net,train,1,0.007596649362389079,0.005439879947477078,0.0066047354880543335
label_round_trip_net,valid,0,-0.002300408543386973,-0.001109939511715341,0.00490420340531001
label_round_trip_net,valid,1,0.010324364874304517,0.006504791932596898,0.013244006983096673
label_round_trip_net,test,0,-0.002407273351494474,-0.0013630259838012804,0.004903863935081216
label_round_trip_net,test,1,0.008840850913326532,0.006044243447457021,0.00794111385152134
