label_col,split,definition,threshold,sample_count,n_classes,positive_rate,future_return_mean_all,future_return_mean_label_1,future_return_median_label_1
label_cost_net,all,future_return > commission_rate + slippage_rate,0.0015,67705,2,0.2857100657263127,4.521621131556212e-05,0.006092785970188823,0.0039233165413110616
label_cost_net,train,future_return > commission_rate + slippage_rate,0.0015,47393,2,0.27546262106218217,-1.417629807374348e-05,0.005534718877119318,0.0037054191755443444
label_cost_net,valid,future_return > commission_rate + slippage_rate,0.0015,10156,2,0.2922410397794407,0.00020316507449710163,0.00770683243528031,0.00445369223923997
label_cost_net,test,future_return > commission_rate + slippage_rate,0.0015,10156,2,0.3269988184324537,0.0001644226452477839,0.006844088587361621,0.004454865181711787
