split,side,label_col,sample_count,positive_count,positive_rate,gross_return_mean_all,gross_return_mean_positive,gross_return_mean_negative,avg_exit_bar
all,buy,buy_label,67710,16917,0.24984492689410723,-5.079657306345473e-05,0.0038755591177839356,-0.0013586025787352596,2.0471154698254215
all,sell,sell_label,67710,19509,0.28812583074878156,0.0001464638336944676,0.0037103831645409866,-0.0012961260002264145,2.0897704782441733
train,buy,buy_label,47397,11509,0.24282127560816086,-6.184774898396249e-05,0.0038060679131120515,-0.0013022579516997175,2.1073063696014516
train,sell,sell_label,47397,13528,0.28541890836972805,0.00016062472586644646,0.0036559790863540816,-0.0012354942557591324,2.152921070953858
valid,buy,buy_label,10156,2548,0.25088617565970855,-5.911260917428398e-05,0.003993647385261493,-0.0014164249732413659,1.9483064198503348
valid,sell,sell_label,10156,2951,0.2905671524222135,0.00014791564948129308,0.003811150045796614,-0.0013524597430969877,1.976762504923198
test,buy,buy_label,10157,2860,0.28157920645859996,9.11185280534147e-06,0.00404999456150278,-0.0015755480329583604,1.8649660198955973
test,sell,sell_label,10157,3030,0.29831643201732794,7.89046445477838e-05,0.0038551406903255103,-0.0015274403250867114,1.9080074854722742
