label_col,split,class,future_return_mean,future_return_median,future_return_std
label_cost_net,all,0,-0.00237376167201283,-0.0013306719893547703,0.004125919374279598
label_cost_net,all,1,0.006092785970188823,0.0039233165413110616,0.007299855077858611
label_cost_net,train,0,-0.002123816536647493,-0.001205981669078704,0.003730901316205868
label_cost_net,train,1,0.005534718877119318,0.0037054191755443444,0.005829078557240664
label_cost_net,valid,0,-0.002895177263678269,-0.0015122811585359108,0.004919386983134833
label_cost_net,valid,1,0.00770683243528031,0.00445369223923997,0.011555598443701505
label_cost_net,test,0,-0.0030811034108985296,-0.0018584070796459073,0.004896306746866497
label_cost_net,test,1,0.006844088587361621,0.004454865181711787,0.007308503136788491
