label_col,split,class,trade_return_mean,trade_return_median,trade_return_std
label_round_trip_net,all,0,-0.0017632829281702606,-0.0009228048213928419,0.004006693365486271
label_round_trip_net,all,1,0.008129234074740099,0.0056707462159203414,0.007842474936193842
label_round_trip_net,train,0,-0.0015424452518408855,-0.0007848524176388705,0.003654820987677489
label_round_trip_net,train,1,0.007495281393649001,0.005434782608695676,0.0063190575030761375
label_round_trip_net,valid,0,-0.002281417561395954,-0.001090578616544935,0.004853194073392273
label_round_trip_net,valid,1,0.01001299440592399,0.00647737662712633,0.012072625927355154
label_round_trip_net,test,0,-0.002335554641096911,-0.0013540351236727144,0.004579922107893253
label_round_trip_net,test,1,0.008675640538598477,0.006028759299093744,0.007599222536290016
