label_col,split,class,count,ratio
label_cost_net,all,0,48361,0.7142899342736874
label_cost_net,all,1,19344,0.2857100657263127
label_cost_net,train,0,34338,0.7245373789378178
label_cost_net,train,1,13055,0.27546262106218217
label_cost_net,valid,0,7188,0.7077589602205593
label_cost_net,valid,1,2968,0.2922410397794407
label_cost_net,test,0,6835,0.6730011815675463
label_cost_net,test,1,3321,0.3269988184324537
