label_col,split,definition,threshold,round_trip_cost,sample_count,n_classes,sell_rate,hold_rate,buy_rate,trade_return_mean_all,trade_return_mean_sell,trade_return_median_sell,trade_return_mean_hold,trade_return_median_hold,trade_return_mean_buy,trade_return_median_buy
label_t0_action,all,sell if trade_return < -ONE_SIDE_COST; hold otherwise; buy if trade_return > ONE_SIDE_COST,0.0015,0.003,67704,3,0.3359033439678601,0.37737799834574026,0.28671865768639965,5.4377941441650973e-05,-0.004893824831973877,-0.0035380614254325593,-5.296817894479014e-05,0.0,0.005992700672169527,0.0039095590208313435
label_t0_action,train,sell if trade_return < -ONE_SIDE_COST; hold otherwise; buy if trade_return > ONE_SIDE_COST,0.0015,0.003,47392,3,0.32454844699527347,0.39886478730587444,0.2765867656988521,-3.4839497413036636e-06,-0.004602408855377666,-0.003389830508474634,-4.516507599753751e-05,0.0,0.00545302827967695,0.0036900369003689537
label_t0_action,valid,sell if trade_return < -ONE_SIDE_COST; hold otherwise; buy if trade_return > ONE_SIDE_COST,0.0015,0.003,10156,3,0.354273335959039,0.3530917684127609,0.29263489562820005,0.00018811772940088373,-0.005626996117150292,-0.003867935979230297,-8.090362320001588e-05,-0.00011206373131650293,0.007552683742293871,0.004457163673157405
label_t0_action,test,sell if trade_return < -ONE_SIDE_COST; hold otherwise; buy if trade_return > ONE_SIDE_COST,0.0015,0.003,10156,3,0.37051988972036237,0.3013981882630957,0.32808192201654196,0.00019064511950669802,-0.005383944112325084,-0.0039414414414414845,-6.842899302929747e-05,-9.519276534974974e-05,0.0067243201308679465,0.00442846167192501
