split,side,label_col,sample_count,positive_count,positive_rate,gross_return_mean_all,gross_return_mean_positive,gross_return_mean_negative,avg_exit_bar
all,buy,buy_label,67706,16917,0.24985968747230675,-5.079657306345473e-05,0.0038755591177839356,-0.0013586025787352596,2.0471154698254215
all,sell,sell_label,67706,19509,0.2881428529229315,0.0001464638336944676,0.0037103831645409866,-0.0012961260002264145,2.0897704782441733
train,buy,buy_label,47394,11507,0.24279444655441618,-6.197129641176359e-05,0.0038063245915808805,-0.001302322420304297,2.107249862851838
train,sell,sell_label,47394,13528,0.2854369751445331,0.00016076123888770854,0.0036559790863540816,-0.0012354268860908864,2.1529307507279403
valid,buy,buy_label,10156,2550,0.2510831035840882,-5.796354817130504e-05,0.0039923419899339984,-0.0014158756073572797,1.948798739661284
valid,sell,sell_label,10156,2948,0.29027176053564396,0.00014599077270275384,0.0038104283448219334,-0.0013527275905890529,1.9769594328475777
test,buy,buy_label,10156,2860,0.28160693186293817,8.518377464812113e-06,0.00404999456150278,-0.0015757225609053344,1.8648089799133518
test,sell,sell_label,10156,3033,0.29864119732178024,8.021660897049994e-05,0.0038557986535763416,-0.0015274403250867112,1.9078377313903112
