model,target_col,feature_count,lookback,valid_auc,test_auc,sample_count,positive_rate,pred_prob_mean,pred_prob_max,q90_threshold,q90_active_label_mean,q90_active_trade_return_mean,q90_active_trade_return_median
LSTM,buy_label,194,32,0.5722343725113077,0.5279581308644314,10125,0.2811851851851852,0.5769825577735901,0.7220138907432556,0.6399104714393615,0.3109575518262586,-0.0001522056681698438,-0.00028513287669956755
RandomForest,buy_label,194,32,0.5860809014633959,0.5324758622706651,10125,0.2811851851851852,0.5088353887576226,0.6312456095312463,0.5601482987746598,0.3119447186574531,0.0002890392159580327,-3.967939052457181e-05
