model,target_col,feature_count,lookback,valid_auc,test_auc,sample_count,positive_rate,pred_prob_mean,pred_prob_max,signal_count_at_055,q90_threshold,q90_active_label_mean,q90_active_future_return_mean,q90_total_return,q90_sharpe
LSTM,label_round_trip_net,194,32,0.6853285029130906,0.6352231596809339,10124,0.22896088659763336,0.5695546865463257,0.8382236957550049,6467,0.7465929687023163,0.37512338161468506,0.0006506869441208902,,
RandomForest,label_round_trip_net,194,32,0.694959390869169,0.6400592385185441,10124,0.22896088502568154,0.5256226498762163,0.7776854770102404,4901,0.667312072384949,0.3770977295162882,0.0006188258622353607,,
