model,target_col,feature_count,lookback,valid_auc,test_auc,sample_count,positive_rate,pred_prob_mean,pred_prob_max,q90_threshold,q90_active_label_mean,q90_active_trade_return_mean,q90_active_trade_return_median
LSTM,label_round_trip_net,194,32,0.6846798733091203,0.6360080974088425,10124,0.2297510802745819,0.5755975246429443,0.843171238899231,0.7535032868385315,0.38005924224853516,0.0010030728411678602,0.00017562346329480505
RandomForest,label_round_trip_net,194,32,0.6967892718407924,0.6393586048586657,10124,0.2297510865270644,0.5252546652429789,0.7773719345191625,0.6646243827266717,0.3721618953603159,0.0004396220247818375,-0.00044943820224718767
