model,target_col,feature_count,lookback,valid_auc,test_auc,sample_count,positive_rate,pred_prob_mean,pred_prob_max,q90_threshold,q90_active_label_mean,q90_active_trade_return_mean,q90_active_trade_return_median
LSTM,label_round_trip_net,194,32,0.6869289849960842,0.6344462235063911,10124,0.2297510802745819,0.5861124992370605,0.8507240414619446,0.7536896586418151,0.3593287169933319,0.0007666045626413439,-0.000175438596491162
RandomForest,label_round_trip_net,194,32,0.6967892718407924,0.6393586048586657,10124,0.2297510865270644,0.5252546652429789,0.7773719345191624,0.6646243827266717,0.3721618953603159,0.0004396220247818375,-0.00044943820224718767
