model,target_col,feature_count,lookback,valid_auc,test_auc,sample_count,positive_rate,pred_prob_mean,pred_prob_max,q90_threshold,q90_active_label_mean,q90_active_future_return_mean,q90_total_return,q90_sharpe
LSTM,label_round_trip_net,194,32,0.6875402619321064,0.6362534366794228,10124,0.2297510802745819,0.5795825123786926,0.8444871306419373,0.7531500518321992,0.3583415448665619,,,
RandomForest,label_round_trip_net,194,32,0.6967892718407924,0.6393586048586657,10124,0.2297510865270644,0.5252546652429789,0.7773719345191625,0.6646243827266717,0.3721618953603159,0.0004621594342863388,,
