model,target_col,feature_count,lookback,valid_auc,test_auc,sample_count,positive_rate,pred_prob_mean,pred_prob_max,q90_threshold,q90_active_label_mean,q90_active_trade_return_mean,q90_active_trade_return_median
LSTM,buy_label,194,32,0.5691010127717703,0.5259130033865379,10124,0.2813117344922955,0.579969048500061,0.73902827501297,0.6470193564891815,0.315893385982231,-0.00019280640581214583,-0.00032629976071352207
RandomForest,buy_label,194,32,0.585130088841413,0.5293692013453496,10124,0.2813117344922955,0.5106449359986581,0.6391704264814234,0.5622513981263424,0.3079960513326752,0.000454448541383628,6.97641970139884e-05
