model,target_col,feature_count,lookback,valid_auc,test_auc,sample_count,positive_rate,pred_prob_mean,pred_prob_max,q90_threshold,q90_active_label_mean,q90_active_trade_return_mean,q90_active_trade_return_median
LSTM,label_round_trip_net,194,32,0.6877736961206687,0.6366783698093101,10124,0.2297510802745819,0.5855572819709778,0.8397176265716553,0.7557562708854676,0.36525171995162964,0.0008080000835861689,0.0
RandomForest,label_round_trip_net,194,32,0.6967892718407924,0.6393586048586657,10124,0.2297510865270644,0.5252546652429789,0.7773719345191624,0.6646243827266717,0.3721618953603159,0.0004396220247818375,-0.00044943820224718767
