model,target_col,feature_count,lookback,valid_auc,test_auc,sample_count,positive_rate,pred_prob_mean,pred_prob_max,signal_count_at_055,q90_threshold,q90_active_label_mean,q90_active_future_return_mean,q90_total_return,q90_sharpe
LSTM,label_dynamic_binary,194,32,0.6438299967118801,0.6407254251372696,10124,0.1550770401954651,0.5314030647277832,0.8332085609436035,4586,0.7015786707401276,0.31589338183403015,0.0004245145334727975,-0.2165361297866656,-0.4632802463059661
RandomForest,label_dynamic_binary,194,32,0.6624516128837146,0.66240385173845,10124,0.15507704464638483,0.44021365464324186,0.7887728135686176,1770,0.5903861567379954,0.3474827245804541,0.00032164654057594954,-0.49339700835847355,-1.2510989604498555
