model,target_col,feature_count,lookback,valid_auc,test_auc,sample_count,positive_rate,pred_prob_mean,pred_prob_max,signal_count_at_055,q90_threshold,q90_active_label_mean,q90_active_future_return_mean,q90_total_return,q90_sharpe
LSTM,label_cost_net,194,32,0.6072020332777783,0.5685041152578164,10124,0.326847106218338,0.6021279692649841,0.7505581378936768,8124,0.6799592852592469,0.399802565574646,-0.00011068497892886517,-0.6486963165524562,-2.243810641227833
RandomForest,label_cost_net,194,32,0.62040338687817,0.5709894999453458,10124,0.3268470960094824,0.5244924047442721,0.7196283132596928,4072,0.6079105074984789,0.42645607107601186,0.0001296378720842461,-0.6597779163363777,-2.797385964026137
