model,target_col,feature_count,lookback,valid_auc,test_auc,sample_count,positive_rate,pred_prob_mean,pred_prob_max,q90_threshold,q90_active_label_mean,q90_active_trade_return_mean,q90_active_trade_return_median
LSTM,label_t0_action,194,32,0.6131960572539329,0.5673285290515374,10124,0.9571315685499803,0.39959752559661865,0.5858498215675354,0.49758689403533934,0.4165844027640671,0.0006448326623768474,-0.0002647136680490325
RandomForest,label_t0_action,194,32,0.624466126931074,0.5729011099704804,10124,0.3280323982615567,0.363032534008809,0.5624679914405281,0.43571614738078396,0.4067127344521224,0.00016709177129471897,-0.00017655367231639296
