{
  "lookback": 32,
  "horizon": 3,
  "target_col": "label_dynamic_binary",
  "sequence_mode": "continuous",
  "feature_count": 194,
  "train_seq_count": 47361,
  "valid_seq_count": 10124,
  "test_seq_count": 10124,
  "train_positive_rate": 0.1504191212178797,
  "pos_weight": 5.6480909601347555,
  "best_valid_auc": 0.6491598660648703,
  "test_auc": 0.6412329539277636,
  "sample_count": 10124,
  "positive_rate": 0.1550770401954651,
  "pred_prob_mean": 0.537212610244751,
  "pred_prob_std": 0.12888029217720032,
  "pred_prob_min": 0.018676605075597763,
  "pred_prob_max": 0.8555377125740051,
  "signal_count_at_055": 4653,
  "q80_threshold": 0.6455166697502136,
  "q90_threshold": 0.7093815922737122,
  "best_q90_active_future_return_mean": 0.0007565033236955494
}