threshold,signal_count,signal_ratio,active_label_mean,active_future_return_mean
0.3,4130,0.4079415250888977,0.3612590730190277,0.00036965858326750355
0.35,1552,0.1532990912682734,0.38530927896499634,0.00042622872842999445
0.4,224,0.022125642038719872,0.4419642984867096,0.0007800366515747077
0.45,5,0.0004938759383642829,0.800000011920929,0.006872691575702495
0.5,0,0.0,,
0.55,0,0.0,,
