threshold,signal_count,signal_ratio,active_label_mean,active_future_return_mean
0.3,9508,0.9391544843935203,0.16133782267570496,0.00015310913614444423
0.35,9014,0.8903595416831293,0.16707344353199005,0.00015570256288671114
0.4,8304,0.820229158435401,0.175096333026886,0.00015894309626399502
0.45,7276,0.7186882655077045,0.18389225006103516,0.0001912009120385892
0.5,5893,0.5820821809561438,0.19429832696914673,0.00014079676946775118
0.55,4287,0.42344922955353614,0.21623513102531433,0.00013387011280272565
