threshold,signal_count,signal_ratio,active_label_mean,active_future_return_mean
0.3,9065,0.8953970762544449,0.24401544034481049,0.0001767435723233402
0.35,8708,0.8601343342552351,0.24816261231899261,0.00017592665289180537
0.4,8284,0.8182536546819439,0.2536214292049408,0.00016955941040277864
0.45,7796,0.7700513630975899,0.2593637704849243,0.0001726495609052383
0.5,7225,0.7136507309363888,0.26671281456947327,0.00018583627295657833
0.55,6467,0.6387791386803635,0.27802690863609314,0.00021440418387537883
