quantile,threshold,signal_count,signal_ratio,trade_count,active_label_mean,active_future_return_mean,active_future_return_median,total_return,max_drawdown,sharpe
0.5,0.6153323948383331,5062,0.5,951.0,0.37198734283447266,0.00028394025803081925,-0.00027979874218958534,-0.202756035906261,-0.8853393429510334,0.016766001806973574
0.6,0.6301978707313538,4050,0.40003951007506916,1003.0,0.37604936957359314,0.0002738018062877175,-0.00034976777503548107,-0.4598051350166472,-0.8878312652503144,-0.6373354664423166
0.7,0.6437884926795959,3037,0.29998024496246545,925.0,0.38426077365875244,0.000293005110026333,-0.00035066187428767215,-0.49952594114739024,-0.8470617942125215,-0.8530662324613397
0.75,0.6518936455249786,2531,0.25,843.0,0.39233505725860596,0.0003596101262548361,-0.0003245348334054432,-0.4127397398794055,-0.797704007773845,-0.6351330550262357
0.8,0.6600797295570374,2025,0.20001975503753458,767.0,0.39259257912635803,0.0003115299534152637,-0.0004037793749495089,-0.4916647860143001,-0.7765384169831149,-0.9922730450196983
0.85,0.669297632575035,1519,0.15003951007506913,697.0,0.40026333928108215,0.00022998908145400353,-0.00033470936070512103,-0.562871978512852,-0.763292492718869,-1.4518046104551439
0.9,0.6799592852592469,1013,0.10005926511260371,555.0,0.399802565574646,-0.00011068497892886517,-0.00047288776796972076,-0.6486963165524562,-0.7594601605091824,-2.243810641227833
0.95,0.6933349281549454,507,0.050079020150138286,352.0,0.4043392539024353,-0.00027413169541298663,-0.0007672388990122014,-0.5179250453790303,-0.6931090457919566,-2.013711487999826
