quantile,threshold,signal_count,signal_ratio,active_label_mean,active_future_return_mean,active_future_return_median
0.5,0.6230406761169434,5062,0.5,0.3065981864929199,0.0003411495935068946,-0.00025862629424994177
0.6,0.6613860964775086,4050,0.40003951007506916,0.31703704595565796,0.00031531510060796655,-0.0003453041247298283
0.7,0.6933611571788787,3037,0.29998024496246545,0.3259795904159546,0.00026926108197747957,-0.00040080160320643543
0.75,0.7073510587215424,2531,0.25,0.3366258442401886,0.00038297422191631514,-0.00020281918669506904
0.8,0.7197511076927186,2025,0.20001975503753458,0.34074074029922485,0.00035509341159748793,-0.0003079765937787915
0.85,0.7328582584857941,1519,0.15003951007506913,0.349572092294693,0.0002889224335722505,-0.00020406775049319759
0.9,0.7465929687023163,1013,0.10005926511260371,0.37512338161468506,0.0006506869441208902,0.0
0.95,0.7638071417808533,507,0.050079020150138286,0.37278106808662415,0.0004895819962328768,-0.0004863813229571967
