quantile,threshold,signal_count,signal_ratio,active_label_mean,active_trade_return_mean,active_trade_return_median
0.5,0.5861256718635559,5063,0.5000493827160494,0.2958720126407268,0.0002740375259769035,-0.000333882573774702
0.6,0.5985299348831177,4050,0.4,0.2962962962962963,0.00022206542868843273,-0.0003667033370002848
0.7,0.610077440738678,3038,0.30004938271604936,0.3015141540487163,0.0002753644952165151,-0.0003389003169229077
0.75,0.616144597530365,2532,0.25007407407407406,0.30450236966824645,0.00018308529408516628,-0.0004009117225977632
0.8,0.6233361840248108,2025,0.2,0.30419753086419754,9.148616859037892e-05,-0.0003454231433505095
0.85,0.6303922653198242,1519,0.15002469135802468,0.31336405529953915,-6.546965587396395e-06,-0.00024036535534011083
0.9,0.6399104714393615,1013,0.10004938271604938,0.3109575518262586,-0.0001522056681698438,-0.00028513287669956755
0.95,0.6527902245521545,507,0.050074074074074076,0.3037475345167653,-0.00045108779067765586,-0.0001710717646051796
