threshold,signal_count,signal_ratio,active_label_mean,active_future_return_mean
0.3,10120,0.9996048992493086,0.32697629928588867,0.00016325990905099698
0.35,10081,0.9957526669300671,0.3278444707393646,0.00016710692943580386
0.4,9995,0.9872580007902015,0.32976487278938293,0.00017210665576194008
0.45,9747,0.9627617542473331,0.33189699053764343,0.00017600333726693757
0.5,9200,0.9087317265902806,0.3352173864841461,0.00015796842583346084
0.55,8124,0.8024496246542868,0.3452732563018799,0.00018278679050829177
