quantile,threshold,signal_count,signal_ratio,active_label_mean,active_trade_return_mean,active_trade_return_median
0.5,0.6170982420444489,5062,0.5,0.3032398223876953,0.0003118639136312898,-0.00030577578984947174
0.6,0.6564148187637329,4050,0.40003951007506916,0.3202469050884247,0.00037886591452311765,-0.000327840262438428
0.7,0.6936405718326568,3037,0.29998024496246545,0.3338821232318878,0.0004829113687386612,-0.00032629976071352207
0.75,0.7086694836616516,2531,0.25,0.3409719467163086,0.0005744682564050664,-0.00017432232197345243
0.8,0.723669421672821,2025,0.20001975503753458,0.34962964057922363,0.0006918042957624863,-0.00011431184270693784
0.85,0.738117715716362,1519,0.15003951007506913,0.3489137589931488,0.000527036406142479,-0.0001710717646051796
0.9,0.7535032868385315,1013,0.10005926511260371,0.38005924224853516,0.0010030728411678602,0.00017562346329480505
0.95,0.7709255903959275,507,0.050079020150138286,0.3964497148990631,0.0012761081681030549,0.00026341206427260566
