quantile,threshold,signal_count,signal_ratio,active_label_mean,active_trade_return_mean,active_trade_return_median
0.5,0.6209073066711426,5062,0.5,0.3060055375099182,0.0003361865519052381,-0.0003131650620847859
0.6,0.6598365783691407,4050,0.40003951007506916,0.3217284083366394,0.00039545656682679414,-0.00033114620470636735
0.7,0.6952889144420624,3037,0.29998024496246545,0.32993084192276,0.00040516529236639924,-0.00039666798889326227
0.75,0.7104285806417465,2531,0.25,0.33741605281829834,0.0005002175493812513,-0.00038838722206036014
0.8,0.7249458551406861,2025,0.20001975503753458,0.3367901146411896,0.0003014193861442396,-0.000502260170768376
0.85,0.7384923905134201,1519,0.15003951007506913,0.34496378898620605,0.0003820906436283647,-0.00048520135856378044
0.9,0.7531500518321992,1013,0.10005926511260371,0.3583415448665619,0.0007100659146820334,-0.000502260170768376
0.95,0.7719128578901291,507,0.050079020150138286,0.38067060708999634,0.0008506503562690436,-0.000175438596491162
