threshold,signal_count,signal_ratio,active_label_mean,active_future_return_mean
0.3,9756,0.9636507309363888,0.15928658843040466,0.00014522155705331446
0.35,9331,0.9216712761754248,0.16311220824718475,0.00012888794991252172
0.4,8674,0.856775977874358,0.17120128870010376,0.0001538312010145859
0.45,7621,0.75276570525484,0.17924156785011292,0.00015474427791161425
0.5,6263,0.6186290003951007,0.19176113605499268,0.0001990238143477728
0.55,4653,0.45960094824180164,0.20653341710567474,5.4267701967920403e-05
