quantile,threshold,signal_count,signal_ratio,trade_count,active_label_mean,active_future_return_mean,active_future_return_median,total_return,max_drawdown,sharpe
0.5,0.5352506637573242,5070,0.5,967.0,0.20118343830108643,0.00010659010364284544,-0.00034949250782850827,-0.668976699707571,-0.8734615381065327,-1.5558921846176466
0.6,0.5672786593437195,4056,0.4,963.0,0.2164694219827652,0.00010071022321660148,-0.00033109367538119994,-0.7025798624904794,-0.877969426149068,-1.8638995177328455
0.7,0.6014139950275421,3042,0.3,881.0,0.2442472130060196,0.0002658586265326662,-0.0002010373474588545,-0.4902149447358436,-0.7962496897628981,-0.9659519075089067
0.75,0.6221782118082047,2535,0.25,807.0,0.2556213140487671,0.00016069371720925352,-0.0002556237218813706,-0.6139394743990625,-0.7981078008226019,-1.5754106129497107
0.8,0.6436036705970765,2028,0.2,715.0,0.27317553758621216,0.0002868653311420005,-0.0002469418864443629,-0.46447301050349576,-0.7177631188671213,-1.0145674233666366
0.85,0.6705551505088806,1521,0.15,571.0,0.29388558864593506,0.00034610558211158033,-0.00017274140611500677,-0.3618821747676896,-0.6636200130019123,-0.7232218423375806
0.9,0.7061805307865143,1014,0.1,437.0,0.3254437744617462,0.0005215889078270916,-3.896508728173931e-05,-0.1969530401634747,-0.5730768954872232,-0.31449972551618693
0.95,0.7528646767139434,507,0.05,324.0,0.33925050497055054,0.00018150570300646212,-0.00023068050749708302,-0.35214909409039186,-0.4494191294982096,-1.4881435078151475
