quantile,threshold,signal_count,signal_ratio,active_label_mean,active_trade_return_mean,active_trade_return_median
0.5,0.6289077997207642,5062,0.5,0.30561041831970215,0.00032908659964408734,-0.000341793264228174
0.6,0.6673152327537537,4050,0.40003951007506916,0.31827160716056824,0.0003591211540568252,-0.0003507079978243288
0.7,0.7013287007808685,3037,0.29998024496246545,0.33223575353622437,0.0004388419090089334,-0.0003459808557257915
0.75,0.7155571281909943,2531,0.25,0.3382062315940857,0.00047386521629988763,-0.0003654970760232912
0.8,0.7283200621604919,2025,0.20001975503753458,0.3471604883670807,0.0005568406539257613,-0.000175438596491162
0.85,0.7419298619031905,1519,0.15003951007506913,0.35483869910240173,0.0005695818760673966,-0.0003413551800649506
0.9,0.7557562708854676,1013,0.10005926511260371,0.36525171995162964,0.0008080000835861689,0.0
0.95,0.7727851033210754,507,0.050079020150138286,0.40631163120269775,0.0010262195661788034,0.0004057124310290483
