quantile,threshold,signal_count,signal_ratio,active_label_mean,active_trade_return_mean,active_trade_return_median
0.5,0.5871529281139374,5062,0.5,0.2927696562623469,5.56360350574524e-05,-0.0003457019995381505
0.6,0.6004372119903565,4050,0.40003951007506916,0.291358024691358,0.0003145085385746735,-0.0003290699069040115
0.7,0.6134203314781189,3037,0.29998024496246545,0.29897925584458346,0.0003296716786167509,-0.00031725888324862783
0.75,0.6201149374246597,2531,0.25,0.30264717502963256,0.00021804685089287464,-0.0003524539607012711
0.8,0.627879011631012,2025,0.20001975503753458,0.30617283950617286,0.0002028851251329535,-0.00032629976071352207
0.85,0.6365419685840606,1519,0.15003951007506913,0.3120473996050033,0.00013346709185170898,-0.00032629976071352207
0.9,0.6470193564891815,1013,0.10005926511260371,0.315893385982231,-0.00019280640581214583,-0.00032629976071352207
0.95,0.6607964128255844,507,0.050079020150138286,0.2978303747534517,-0.0006842808141660534,-0.0006767426122264997
