threshold,signal_count,signal_ratio,active_label_mean,active_future_return_mean
0.3,4272,0.4219676017384433,0.35533708333969116,0.00034833694822108697
0.35,2020,0.1995258790991703,0.3856435716152191,0.0005814155319078223
0.4,410,0.040497826945871195,0.3926829397678375,-0.0005995047910508601
0.45,9,0.0008889766890557092,0.2222222238779068,-0.0035607222161830013
0.5,0,0.0,,
0.55,0,0.0,,
