quantile,threshold,signal_count,signal_ratio,active_label_mean,active_trade_return_mean,active_trade_return_median
0.5,0.40404094755649567,5062,0.5,0.37277755827736075,0.00032793321778317553,-0.00024318259816752397
0.6,0.42449376583099363,4050,0.40003951007506916,0.38395061728395063,0.0004243539755547955,-0.00020534795436061293
0.7,0.4450263261795044,3037,0.29998024496246545,0.39117550214027,0.0004949155632736596,-0.00021853146853145766
0.75,0.45650196075439453,2531,0.25,0.39075464243382063,0.0005140749778936007,-0.0002677854146211356
0.8,0.4691548109054565,2025,0.20001975503753458,0.3925925925925926,0.00045666845332949257,-0.00032629976071352207
0.85,0.4820722877979278,1519,0.15003951007506913,0.40421329822251484,0.00040613781061026873,-0.00024036535534011083
0.9,0.49758689403533934,1013,0.10005926511260371,0.4165844027640671,0.0006448326623768474,-0.0002647136680490325
0.95,0.5177187979221344,507,0.050079020150138286,0.39447731755424065,-0.00029742979347935567,-0.0009168194699116228
