quantile,threshold,signal_count,signal_ratio,trade_count,active_label_mean,active_future_return_mean,active_future_return_median,total_return,max_drawdown,sharpe
0.5,0.2803509384393692,5062,0.5,711.0,0.34946662187576294,0.00029898642628605843,-0.00031830611429972677,0.2267827361979866,-0.8586163230704057,0.6860748095303388
0.6,0.30158381462097167,4050,0.40003951007506916,723.0,0.36271604895591736,0.0003833122055022082,-0.00026260387944032626,0.2699304534913558,-0.8231939608353345,0.739282755261258
0.7,0.3204999536275864,3037,0.29998024496246545,711.0,0.37141916155815125,0.0004512724409923074,-0.0003003604325190201,0.10371068009325857,-0.7983391579728263,0.5072567355168255
0.75,0.33033738285303116,2531,0.25,723.0,0.376135915517807,0.00042038103232823704,-0.00033470936070512103,-0.18949318446023244,-0.8360298543991989,-0.03563007184520985
0.8,0.34048356413841246,2025,0.20001975503753458,697.0,0.38419753313064575,0.0004897013819055815,-0.00025742234425951693,-0.2017827487160545,-0.8263560162675468,-0.09833964557225147
0.85,0.35068133771419524,1519,0.15003951007506913,643.0,0.3870967626571655,0.00041540832861458176,-0.0004863813229571967,-0.3785069415370518,-0.8188158801565433,-0.6684289014953447
0.9,0.36302471458911906,1013,0.10005926511260371,515.0,0.3810463845729828,0.00020296029615461363,-0.0007672388990122014,-0.49264254758725523,-0.7630712669422484,-1.2821704310222573
0.95,0.3820881694555283,507,0.050079020150138286,310.0,0.39053255319595337,0.0007132519556582419,-0.0005194467891694865,-0.15515632913008492,-0.6081960419707898,-0.3052032131746144
