quantile,threshold,signal_count,signal_ratio,trade_count,active_label_mean,active_future_return_mean,active_future_return_median,total_return,max_drawdown,sharpe
0.5,0.5332280695438385,5062,0.5,903.0,0.2007111757993698,9.677581361604084e-05,-0.0003341325322538391,-0.6507492702453195,-0.854187228268585,-1.5112429925547268
0.6,0.5669312834739685,4050,0.40003951007506916,869.0,0.21975308656692505,0.00012128158072021416,-0.00033109367538119994,-0.6257406677648096,-0.8395692944558483,-1.4883647893630767
0.7,0.6027876436710358,3037,0.29998024496246545,783.0,0.2423444241285324,0.000275005988473473,-0.00022261798753353546,-0.3891662984148696,-0.7571555273785147,-0.6548325626181838
0.75,0.6228886097669601,2531,0.25,717.0,0.2504938840866089,0.00022303557050282929,-0.00022626994003838163,-0.4776749306335508,-0.749767322115275,-1.0391473840369139
0.8,0.6434393286705017,2025,0.20001975503753458,607.0,0.26370370388031006,0.0002594269549326471,-0.00022578460149014212,-0.39731831044842525,-0.6371427579254908,-0.8371890458493957
0.85,0.671465417742729,1519,0.15003951007506913,509.0,0.28308096528053284,0.00030616804016704954,-0.0002397123451858274,-0.33060676768056385,-0.6332059172145947,-0.7039550750438828
0.9,0.7015786707401276,1013,0.10005926511260371,399.0,0.31589338183403015,0.0004245145334727975,-0.00021853146853145766,-0.2165361297866656,-0.5694112411592707,-0.4632802463059661
0.95,0.7465224534273148,507,0.050079020150138286,280.0,0.35108479857444763,0.0006957943812409571,0.0001151941020618441,-0.1014800943482107,-0.44184755830782596,-0.2545592085537073
