threshold,signal_count,signal_ratio,active_label_mean,active_future_return_mean
0.3,9764,0.9644409324377716,0.1594633311033249,0.00017050984760299693
0.35,9271,0.9157447649150533,0.16405996680259705,0.00015616078752968407
0.4,8489,0.8385025681548794,0.17281188070774078,0.00018506768348049388
0.45,7389,0.7298498617147372,0.18229800462722778,0.00020835851605108615
0.5,6058,0.5983800869221652,0.19098712503910065,0.0001094264830758495
0.55,4586,0.4529830106677203,0.20780636370182037,0.00011209134871305642
