threshold,signal_count,signal_ratio,active_label_mean,active_future_return_mean
0.3,9600,0.9467455621301775,0.16104166209697723,0.00015281032355122083
0.35,9201,0.907396449704142,0.16552548110485077,0.0001500114332583767
0.4,8559,0.8440828402366863,0.17303423583507538,0.00017567519970623227
0.45,7538,0.7433925049309664,0.18293976783752441,0.0002029391928344411
0.5,6185,0.6099605522682445,0.1924009770154953,0.00017739100606129125
0.55,4615,0.4551282051282051,0.2075839638710022,8.358249537781294e-05
