quantile,threshold,signal_count,signal_ratio,trade_count,active_label_mean,active_future_return_mean,active_future_return_median,total_return,max_drawdown,sharpe
0.5,0.5261386632919312,5062,0.5,927.0,0.2022915780544281,7.396980383225965e-05,-0.0003435278456991875,-0.700482016811968,-0.8720909441676212,-1.7658770818040364
0.6,0.5573073148727417,4050,0.40003951007506916,945.0,0.22074073553085327,0.00013486229184547113,-0.0003333333333332966,-0.6488058558508848,-0.8499830670395646,-1.5753476221876392
0.7,0.5908279597759247,3037,0.29998024496246545,857.0,0.2416858673095703,0.00022478632615157508,-0.00021990104452995762,-0.5319927114908672,-0.8068717408606062,-1.1530056304877423
0.75,0.6104164719581604,2531,0.25,747.0,0.2556301951408386,0.00020570929737368453,-0.00023068050749708302,-0.5253796067996916,-0.7674566154385629,-1.1904654825173824
0.8,0.6328121423721313,2025,0.20001975503753458,655.0,0.2716049253940582,0.00022982575993285578,-0.0002556237218813706,-0.4778695024072155,-0.709216856099858,-1.0742671955837733
0.85,0.6620075315237044,1519,0.15003951007506913,549.0,0.28966423869132996,0.0003634889086565159,-0.0002397123451858274,-0.318515638951654,-0.6272942845730376,-0.6131898579354074
0.9,0.6997923910617831,1013,0.10005926511260371,412.0,0.32971373200416565,0.0007021469231083273,7.908889591901058e-05,0.010833955207486978,-0.5240922295918136,0.2452201874861949
0.95,0.7532133817672729,507,0.050079020150138286,304.0,0.3589743673801422,0.0006311590173674769,0.00023028209556708035,-0.16393882127878934,-0.4366459778431313,-0.49522112618589104
