quantile,threshold,signal_count,signal_ratio,active_label_mean,active_trade_return_mean,active_trade_return_median
0.5,0.6270637512207031,5062,0.5,0.3026471734046936,0.0002951107382571075,-0.00034385062375758
0.6,0.6641496181488037,4050,0.40003951007506916,0.31555554270744324,0.00033973380140722996,-0.0003546072871647987
0.7,0.6975604176521301,3037,0.29998024496246545,0.3305893838405609,0.0004950221910310073,-0.0003897723729342495
0.75,0.7124179750680923,2531,0.25,0.3370209336280823,0.0006034846868060241,-0.00038838722206036014
0.8,0.7256338477134705,2025,0.20001975503753458,0.34469136595726013,0.000655691790806253,-0.000381242851696606
0.85,0.7397689640522003,1519,0.15003951007506913,0.35352206230163574,0.0006934747689212919,-0.000175438596491162
0.9,0.7536896586418151,1013,0.10005926511260371,0.3593287169933319,0.0007666045626413439,-0.000175438596491162
0.95,0.7701773583889008,507,0.050079020150138286,0.3964497148990631,0.0011775792488409023,0.0002989536621822442
