quantile,threshold,signal_count,signal_ratio,trade_count,active_label_mean,active_future_return_mean,active_future_return_median,total_return,max_drawdown,sharpe
0.5,0.28385719656944275,5062,0.5,891.0,0.3470959961414337,0.00031640543659949247,-0.00032963430114918424,0.023832276795031193,-0.8721937397387038,0.407819494337365
0.6,0.3045535385608673,4050,0.40003951007506916,891.0,0.3614814877510071,0.00039200438591947015,-0.0002899621564328436,0.024801344197308284,-0.8482977433260852,0.39879844599788966
0.7,0.32711868584156034,3037,0.29998024496246545,805.0,0.3730655312538147,0.0005250344843464888,-0.00020397756246803844,0.20155745253724744,-0.8011125663537242,0.6487878677302215
0.75,0.33877161145210266,2531,0.25,789.0,0.376135915517807,0.0005242735536980784,-0.00025603823504305456,-0.03843437129545757,-0.8138016306513267,0.25353700714501176
0.8,0.3498437881469727,2025,0.20001975503753458,751.0,0.3866666555404663,0.0005979614098546255,-0.00015587249629811506,-0.07456980956390302,-0.7805128110339711,0.1584195469183678
0.85,0.36226482093334195,1519,0.15003951007506913,687.0,0.3890717625617981,0.00035976627402003683,-0.00019657951641438576,-0.4628598082595847,-0.7675867646134535,-0.9868250244231047
0.9,0.3757027715444565,1013,0.10005926511260371,556.0,0.3919052183628082,0.00030649454165454065,-0.00044943820224718767,-0.46720402454894705,-0.7428748266190719,-1.2158147793957996
0.95,0.3950516626238823,507,0.050079020150138286,334.0,0.3964497148990631,-0.00024547108239238684,-0.0008190008190007703,-0.49678331742952087,-0.6526442000132147,-1.9104424051879463
