{
  "total_return": -0.09392084968079639,
  "annualized_return": -0.8051747136337573,
  "max_drawdown": -0.11410432546739224,
  "sharpe": -6.097063929704318,
  "sortino": -9.724129118191765,
  "calmar": -7.056478449310435,
  "trade_count": 12,
  "win_rate": 0.4166666666666667,
  "avg_net_return_per_trade": -0.003451219810635136,
  "median_net_return_per_trade": -0.004168588589570252,
  "backtest_mode": "a_share_inventory_t0",
  "trade_direction_mode": "sell_only",
  "buy_threshold": 0.653843879699707,
  "sell_threshold": 0.9510090947151184,
  "initial_capital": 1000000.0,
  "final_equity": 910469.1038025002,
  "final_benchmark_equity": 913740.0,
  "final_alpha_equity": 996729.1038025002,
  "alpha_total_return": -0.003270896197499873,
  "alpha_sharpe": -4.090222321261165,
  "alpha_sortino": -1.7814225621651394,
  "alpha_calmar": -9.739492272331505,
  "alpha_max_drawdown": -0.0054298117936840695,
  "base_shares": 9500,
  "ending_shares": 9500,
  "base_position_pct": 0.6,
  "max_t0_trade_pct": 0.3,
  "max_participation_rate": 0.05,
  "commission_rate": 0.001,
  "slippage_rate": 0.0005,
  "tp": 0.004,
  "sl": 0.003,
  "stop_loss_cooldown_bars": 6,
  "daily_max_trades": 0,
  "daily_max_losses": 2,
  "daily_loss_limit": 0.0,
  "no_overnight": true
}