{
  "total_return": 0.0741864386134583,
  "annualized_return": 1.82815267418294,
  "max_drawdown": -0.04624045042075442,
  "sharpe": 3.9510587892806623,
  "sortino": 6.673188015104488,
  "calmar": 39.535788634152176,
  "trade_count": 17,
  "win_rate": 0.47058823529411764,
  "avg_net_return_per_trade": -0.003043594472486683,
  "median_net_return_per_trade": -0.004659451034185522,
  "backtest_mode": "a_share_inventory_t0",
  "trade_direction_mode": "sell_only",
  "buy_threshold": 0.6860697031021118,
  "sell_threshold": 0.9143876522779464,
  "initial_capital": 1000000.0,
  "final_equity": 1073503.2560385002,
  "final_benchmark_equity": 1079076.0,
  "final_alpha_equity": 994427.2560385002,
  "alpha_total_return": -0.00557274396149976,
  "alpha_sharpe": -6.8700841949616835,
  "alpha_sortino": -3.3444013598406013,
  "alpha_calmar": -13.992252639900558,
  "alpha_max_drawdown": -0.00557274396149976,
  "base_shares": 10600,
  "ending_shares": 10600,
  "base_position_pct": 0.6,
  "max_t0_trade_pct": 0.3,
  "max_participation_rate": 0.02,
  "commission_rate": 0.001,
  "slippage_rate": 0.0005,
  "tp": 0.003,
  "sl": 0.002,
  "stop_loss_cooldown_bars": 0,
  "daily_max_trades": 0,
  "daily_max_losses": 0,
  "daily_loss_limit": 0.0,
  "no_overnight": true
}