model_label,epoch,train_loss,valid_loss,valid_auc,valid_prob_mean,valid_prob_max
Transformer_LSTM_buy,1,1.1243206874744311,0.9640030860900879,0.5292957746478874,0.4152267873287201,0.604614794254303
Transformer_LSTM_buy,2,0.9431245133683488,0.9616009593009949,0.5205633802816901,0.4685129225254059,0.6829744577407837
Transformer_LSTM_buy,3,0.8847176803124918,0.9880728721618652,0.47943661971830986,0.4789232015609741,0.7259868383407593
