model_label,epoch,train_loss,valid_loss,valid_auc,valid_prob_mean,valid_prob_max
Transformer_LSTM_sell,1,1.0336397564088977,0.9974361062049866,0.5043290043290043,0.5155325531959534,0.7033231258392334
Transformer_LSTM_sell,2,0.9030673036704192,0.9901857972145081,0.5233285233285234,0.5531444549560547,0.7318800091743469
Transformer_LSTM_sell,3,0.8745129962225218,0.9817021489143372,0.5390812890812892,0.5407527089118958,0.7513414025306702
