{
  "model": "Transformer_LSTM",
  "target_col_buy": "buy_label",
  "target_col_sell": "sell_label",
  "feature_count": 194,
  "lookback": 8,
  "params": {
    "d_model": 128,
    "nhead": 4,
    "transformer_layers": 2,
    "transformer_dropout": 0.2,
    "lstm_hidden_dim": 128,
    "lstm_num_layers": 1,
    "output_dim": 1
  },
  "buy_fit": {
    "best_score": 0.5292957746478874,
    "best_valid_auc": 0.5292957746478874,
    "epochs_ran": 3,
    "pos_rate": 0.2905405405405405,
    "pos_weight": 2.441860465116279,
    "device": "cpu"
  },
  "sell_fit": {
    "best_score": 0.5390812890812892,
    "best_valid_auc": 0.5390812890812892,
    "epochs_ran": 3,
    "pos_rate": 0.3158783783783784,
    "pos_weight": 2.1657754010695185,
    "device": "cpu"
  },
  "valid_buy_auc": 0.5292957746478874,
  "valid_buy_positive_rate": 0.2604166666666667,
  "valid_buy_prob_mean": 0.4152267873287201,
  "valid_buy_prob_std": 0.08367685228586197,
  "valid_buy_prob_min": 0.28521305322647095,
  "valid_buy_prob_max": 0.604614794254303,
  "valid_buy_acc_05": 0.6458333333333334,
  "valid_buy_precision_05": 0.25,
  "valid_buy_recall_05": 0.18,
  "valid_buy_f1_05": 0.20930232558139536,
  "valid_buy_q90_threshold": 0.5432097315788269,
  "valid_buy_q95_threshold": 0.5638992786407471,
  "test_buy_auc": 0.48587674247982393,
  "test_buy_positive_rate": 0.3815789473684211,
  "test_buy_prob_mean": 0.3871249258518219,
  "test_buy_prob_std": 0.08637223392724991,
  "test_buy_prob_min": 0.2641035318374634,
  "test_buy_prob_max": 0.6113749146461487,
  "test_buy_acc_05": 0.5328947368421053,
  "test_buy_precision_05": 0.24,
  "test_buy_recall_05": 0.10344827586206896,
  "test_buy_f1_05": 0.14457831325301204,
  "test_buy_q90_threshold": 0.5176214575767517,
  "test_buy_q95_threshold": 0.555851936340332,
  "valid_sell_auc": 0.5390812890812892,
  "valid_sell_positive_rate": 0.34375,
  "valid_sell_prob_mean": 0.5407527089118958,
  "valid_sell_prob_std": 0.1107858195900917,
  "valid_sell_prob_min": 0.2702256739139557,
  "valid_sell_prob_max": 0.7513414025306702,
  "valid_sell_acc_05": 0.453125,
  "valid_sell_precision_05": 0.34146341463414637,
  "valid_sell_recall_05": 0.6363636363636364,
  "valid_sell_f1_05": 0.4444444444444444,
  "valid_sell_q90_threshold": 0.682591438293457,
  "valid_sell_q95_threshold": 0.708185076713562,
  "test_sell_auc": 0.4335016835016835,
  "test_sell_positive_rate": 0.2894736842105263,
  "test_sell_prob_mean": 0.5226107835769653,
  "test_sell_prob_std": 0.13610303401947021,
  "test_sell_prob_min": 0.21604982018470764,
  "test_sell_prob_max": 0.7602005004882812,
  "test_sell_acc_05": 0.39473684210526316,
  "test_sell_precision_05": 0.24468085106382978,
  "test_sell_recall_05": 0.5227272727272727,
  "test_sell_f1_05": 0.3333333333333333,
  "test_sell_q90_threshold": 0.6666040420532227,
  "test_sell_q95_threshold": 0.7077234387397766
}