{
  "total_return": 0.06999551553655636,
  "annualized_return": 1.674926704753514,
  "max_drawdown": -0.05223108966195833,
  "sharpe": 3.697420609722677,
  "sortino": 6.300064914755147,
  "calmar": 32.06761941199591,
  "trade_count": 6,
  "win_rate": 0.16666666666666666,
  "avg_net_return_per_trade": -0.009470136799889074,
  "median_net_return_per_trade": -0.010028565387418694,
  "backtest_mode": "a_share_inventory_t0",
  "trade_direction_mode": "sell_only",
  "buy_threshold": 0.6505905956029889,
  "sell_threshold": 0.6179429918527604,
  "initial_capital": 1000000.0,
  "final_equity": 1068407.6421915002,
  "final_benchmark_equity": 1079288.0,
  "final_alpha_equity": 989119.6421915002,
  "alpha_total_return": -0.01088035780849983,
  "alpha_sharpe": -8.56995866923212,
  "alpha_sortino": -1.7234078988740298,
  "alpha_calmar": -13.519065440834488,
  "alpha_max_drawdown": -0.010880357808500052,
  "base_shares": 10600,
  "ending_shares": 10600,
  "base_position_pct": 0.6,
  "max_t0_trade_pct": 0.3,
  "max_participation_rate": 0.02,
  "commission_rate": 0.0015,
  "slippage_rate": 0.001,
  "tp": 0.003,
  "sl": 0.002,
  "stop_loss_cooldown_bars": 0,
  "daily_max_trades": 0,
  "daily_max_losses": 0,
  "daily_loss_limit": 0.0,
  "no_overnight": true
}