{
  "total_return": 0.012792437031986514,
  "annualized_return": 1.519521061730742,
  "max_drawdown": -0.024202884617398834,
  "sharpe": 3.3040689866737796,
  "sortino": 6.653529510365136,
  "calmar": 62.78264288540206,
  "trade_count": 11,
  "win_rate": 0.2727272727272727,
  "avg_net_return_per_trade": -0.004702811001635859,
  "median_net_return_per_trade": -0.005627125973580946,
  "backtest_mode": "a_share_inventory_t0",
  "trade_direction_mode": "sell_only",
  "buy_threshold": 0.7054184544772757,
  "sell_threshold": 0.5906435729944254,
  "initial_capital": 1000000.0,
  "final_equity": 1010057.8974520001,
  "final_benchmark_equity": 1014040.0,
  "final_alpha_equity": 996017.8974520001,
  "alpha_total_return": -0.003982102547999911,
  "alpha_sharpe": -13.666500133710201,
  "alpha_sortino": -13.223386277628883,
  "alpha_calmar": -57.18050305619839,
  "alpha_max_drawdown": -0.004403315320999912,
  "base_shares": 10800,
  "ending_shares": 10800,
  "base_position_pct": 0.6,
  "max_t0_trade_pct": 0.3,
  "max_participation_rate": 0.05,
  "commission_rate": 0.001,
  "slippage_rate": 0.0005,
  "tp": 0.003,
  "sl": 0.002,
  "no_overnight": true
}