{
  "total_return": -0.047584113912774395,
  "annualized_return": -0.9972275746457099,
  "max_drawdown": -0.06370999527956855,
  "sharpe": -12.224241872256707,
  "sortino": -13.847682840771945,
  "calmar": -15.652607887816236,
  "trade_count": 6,
  "win_rate": 0.16666666666666666,
  "avg_net_return_per_trade": -0.006123478261930972,
  "median_net_return_per_trade": -0.006376154184989433,
  "backtest_mode": "a_share_inventory_t0",
  "trade_direction_mode": "sell_only",
  "buy_threshold": 0.6261110728865316,
  "sell_threshold": 0.5224759862277571,
  "initial_capital": 1000000.0,
  "final_equity": 952095.8743495003,
  "final_benchmark_equity": 957328.0,
  "final_alpha_equity": 994767.8743495003,
  "alpha_total_return": -0.005232125650499686,
  "alpha_sharpe": -24.850409945899884,
  "alpha_sortino": -15.100777517484772,
  "alpha_calmar": -89.55011947842341,
  "alpha_max_drawdown": -0.005240594894798001,
  "base_shares": 8400,
  "ending_shares": 8400,
  "base_position_pct": 0.6,
  "max_t0_trade_pct": 0.3,
  "max_participation_rate": 0.05,
  "commission_rate": 0.001,
  "slippage_rate": 0.0005,
  "tp": 0.003,
  "sl": 0.002,
  "no_overnight": true
}