{
  "total_return": -0.09448174076944205,
  "annualized_return": -0.8075655609044902,
  "max_drawdown": -0.1125418425949527,
  "sharpe": -6.338862676127821,
  "sortino": -10.00366513341524,
  "calmar": -7.175691656400053,
  "trade_count": 13,
  "win_rate": 0.15384615384615385,
  "avg_net_return_per_trade": -0.004475668146286926,
  "median_net_return_per_trade": -0.0009922331059239974,
  "backtest_mode": "a_share_inventory_t0",
  "trade_direction_mode": "sell_only",
  "buy_threshold": 0.6396319121122359,
  "sell_threshold": 0.8835047245025632,
  "initial_capital": 1000000.0,
  "final_equity": 909093.2453180002,
  "final_benchmark_equity": 912204.0,
  "final_alpha_equity": 996889.2453180002,
  "alpha_total_return": -0.003110754681999839,
  "alpha_sharpe": -3.645572444441874,
  "alpha_sortino": -1.314722837236695,
  "alpha_calmar": -10.506244986074726,
  "alpha_max_drawdown": -0.004798938465673364,
  "base_shares": 9400,
  "ending_shares": 9400,
  "base_position_pct": 0.6,
  "max_t0_trade_pct": 0.3,
  "max_participation_rate": 0.02,
  "commission_rate": 0.001,
  "slippage_rate": 0.001,
  "tp": 0.003,
  "sl": 0.002,
  "stop_loss_cooldown_bars": 0,
  "daily_max_trades": 0,
  "daily_max_losses": 0,
  "daily_loss_limit": 0.0,
  "no_overnight": true
}