{
  "total_return": 0.07301185461628568,
  "annualized_return": 1.7835580744761796,
  "max_drawdown": -0.04898511822817819,
  "sharpe": 3.885231214008303,
  "sortino": 6.576764203468365,
  "calmar": 36.41020250616045,
  "trade_count": 4,
  "win_rate": 0.0,
  "avg_net_return_per_trade": -0.00848833924303854,
  "median_net_return_per_trade": -0.008876868509774202,
  "backtest_mode": "a_share_inventory_t0",
  "trade_direction_mode": "sell_only",
  "buy_threshold": 0.6654055744409558,
  "sell_threshold": 0.6038862615823746,
  "initial_capital": 1000000.0,
  "final_equity": 1072329.4190767498,
  "final_benchmark_equity": 1079076.0,
  "final_alpha_equity": 993253.4190767498,
  "alpha_total_return": -0.0067465809232502005,
  "alpha_sharpe": -6.531265378809919,
  "alpha_sortino": -1.1903818201274607,
  "alpha_calmar": -13.882692215215362,
  "alpha_max_drawdown": -0.006746580923250423,
  "base_shares": 10600,
  "ending_shares": 10600,
  "base_position_pct": 0.6,
  "max_t0_trade_pct": 0.3,
  "max_participation_rate": 0.02,
  "commission_rate": 0.0015,
  "slippage_rate": 0.00075,
  "tp": 0.003,
  "sl": 0.002,
  "stop_loss_cooldown_bars": 6,
  "daily_max_trades": 0,
  "daily_max_losses": 2,
  "daily_loss_limit": 0.0,
  "no_overnight": true
}