{
  "total_return": -0.0992321429690245,
  "annualized_return": -0.8228870270726869,
  "max_drawdown": -0.11135568987360522,
  "sharpe": -6.5009699635124925,
  "sortino": -10.233162254816309,
  "calmar": -7.389716933249738,
  "trade_count": 4,
  "win_rate": 0.5,
  "avg_net_return_per_trade": -0.004154811193252363,
  "median_net_return_per_trade": -0.0041353899707762785,
  "backtest_mode": "a_share_inventory_t0",
  "trade_direction_mode": "sell_only",
  "buy_threshold": 0.667204812169075,
  "sell_threshold": 0.9550599306821823,
  "initial_capital": 1000000.0,
  "final_equity": 903448.5421734997,
  "final_benchmark_equity": 906349.0,
  "final_alpha_equity": 997099.5421734997,
  "alpha_total_return": -0.00290045782650028,
  "alpha_sharpe": -3.890704617082213,
  "alpha_sortino": -1.1365690945211542,
  "alpha_calmar": -11.216676952354382,
  "alpha_max_drawdown": -0.004187630975500123,
  "base_shares": 9300,
  "ending_shares": 9300,
  "base_position_pct": 0.6,
  "max_t0_trade_pct": 0.3,
  "max_participation_rate": 0.02,
  "commission_rate": 0.0015,
  "slippage_rate": 0.00075,
  "tp": 0.004,
  "sl": 0.002,
  "stop_loss_cooldown_bars": 0,
  "daily_max_trades": 0,
  "daily_max_losses": 0,
  "daily_loss_limit": 0.0,
  "no_overnight": true
}