{
  "total_return": -0.050098353182714606,
  "annualized_return": -0.9761596427696406,
  "max_drawdown": -0.0530155819564192,
  "sharpe": -10.917632916859366,
  "sortino": -9.239238539678983,
  "calmar": -18.412693150705778,
  "trade_count": 6,
  "win_rate": 0.16666666666666666,
  "avg_net_return_per_trade": -0.0049298425571779655,
  "median_net_return_per_trade": -0.007193554508531037,
  "backtest_mode": "a_share_inventory_t0",
  "trade_direction_mode": "sell_only",
  "buy_threshold": 0.40356216017206964,
  "sell_threshold": 0.5443313121795654,
  "initial_capital": 1000000.0,
  "final_equity": 952643.0629700001,
  "final_benchmark_equity": 955045.0,
  "final_alpha_equity": 997598.0629700001,
  "alpha_total_return": -0.002401937029999912,
  "alpha_sharpe": -11.967049013501276,
  "alpha_sortino": -9.146968143228452,
  "alpha_calmar": -54.06497088385654,
  "alpha_max_drawdown": -0.002966692705500096,
  "base_shares": 11100,
  "ending_shares": 11100,
  "base_position_pct": 0.6,
  "max_t0_trade_pct": 0.3,
  "max_participation_rate": 0.05,
  "commission_rate": 0.0015,
  "slippage_rate": 0.001,
  "tp": 0.003,
  "sl": 0.002,
  "no_overnight": true
}