{
  "total_return": -0.006509099631509474,
  "annualized_return": -0.37795089082098743,
  "max_drawdown": -0.015789466842664135,
  "sharpe": -3.370071513385627,
  "sortino": -5.749691309451644,
  "calmar": -23.93690012380534,
  "trade_count": 1,
  "win_rate": 0.0,
  "avg_net_return_per_trade": -0.002697590958179948,
  "median_net_return_per_trade": -0.002697590958179948,
  "backtest_mode": "a_share_inventory_t0",
  "trade_direction_mode": "sell_only",
  "buy_threshold": 0.5368165940785212,
  "sell_threshold": 0.46066038028567957,
  "initial_capital": 1000000.0,
  "final_equity": 993246.5016069999,
  "final_benchmark_equity": 993604.0,
  "final_alpha_equity": 999642.5016069999,
  "alpha_total_return": -0.0003574983930001441,
  "alpha_sharpe": -3.0396737737891444,
  "alpha_sortino": -0.959667144328987,
  "alpha_calmar": -30.7812479418519,
  "alpha_max_drawdown": -0.000833580387676891,
  "base_shares": 8200,
  "ending_shares": 8200,
  "base_position_pct": 0.6,
  "max_t0_trade_pct": 0.3,
  "max_participation_rate": 0.05,
  "commission_rate": 0.0015,
  "slippage_rate": 0.00075,
  "tp": 0.003,
  "sl": 0.002,
  "no_overnight": true
}