{
  "total_return": -0.05714642363454858,
  "annualized_return": -0.6222094293248834,
  "max_drawdown": -0.07886125233088881,
  "sharpe": -2.868733859779383,
  "sortino": -2.7335749800026043,
  "calmar": -7.889925799227678,
  "trade_count": 11,
  "win_rate": 0.18181818181818182,
  "avg_net_return_per_trade": -0.005380603244507769,
  "median_net_return_per_trade": -0.005829171494838523,
  "backtest_mode": "a_share_inventory_t0",
  "trade_direction_mode": "sell_only",
  "buy_threshold": 0.7839341640472411,
  "sell_threshold": 0.859203404188156,
  "initial_capital": 1000000.0,
  "final_equity": 942576.377414,
  "final_benchmark_equity": 950804.0,
  "final_alpha_equity": 991772.377414,
  "alpha_total_return": -0.00822762258599996,
  "alpha_sharpe": -10.436238089126563,
  "alpha_sortino": -2.7411430702645223,
  "alpha_calmar": -15.455188364880778,
  "alpha_max_drawdown": -0.008265097042695513,
  "base_shares": 9800,
  "ending_shares": 9800,
  "base_position_pct": 0.6,
  "max_t0_trade_pct": 0.3,
  "max_participation_rate": 0.05,
  "commission_rate": 0.001,
  "slippage_rate": 0.0005,
  "tp": 0.003,
  "sl": 0.002,
  "stop_loss_cooldown_bars": 0,
  "daily_max_trades": 0,
  "daily_max_losses": 0,
  "daily_loss_limit": 0.0,
  "no_overnight": true
}