{
  "total_return": -0.048312537921865406,
  "annualized_return": -0.5596473930762562,
  "max_drawdown": -0.07845173129631033,
  "sharpe": -2.4184653215671847,
  "sortino": -2.298553289230372,
  "calmar": -7.133652550795612,
  "trade_count": 2,
  "win_rate": 0.0,
  "avg_net_return_per_trade": -0.005851964327753642,
  "median_net_return_per_trade": -0.005851964327753642,
  "backtest_mode": "a_share_inventory_t0",
  "trade_direction_mode": "sell_only",
  "buy_threshold": 0.7298367828130722,
  "sell_threshold": 0.933867600560188,
  "initial_capital": 1000000.0,
  "final_equity": 951314.400593,
  "final_benchmark_equity": 953450.0,
  "final_alpha_equity": 997864.400593,
  "alpha_total_return": -0.002135599407000033,
  "alpha_sharpe": -5.878420764047593,
  "alpha_sortino": -0.5739275140093151,
  "alpha_calmar": -16.29064508758813,
  "alpha_max_drawdown": -0.002135599407000033,
  "base_shares": 9800,
  "ending_shares": 9800,
  "base_position_pct": 0.6,
  "max_t0_trade_pct": 0.3,
  "max_participation_rate": 0.02,
  "commission_rate": 0.001,
  "slippage_rate": 0.0005,
  "tp": 0.003,
  "sl": 0.002,
  "stop_loss_cooldown_bars": 6,
  "daily_max_trades": 0,
  "daily_max_losses": 2,
  "daily_loss_limit": 0.0,
  "no_overnight": true
}