{
  "scenario_count": 12,
  "all_alpha_positive": false,
  "min_alpha_total_return": -0.009121972849625348,
  "worst_alpha_max_drawdown": -0.00937970682171041,
  "min_trade_count": 12
}