{
  "total_return": 0.07333787557286464,
  "annualized_return": 1.7958697782803958,
  "max_drawdown": -0.04595089069813352,
  "sharpe": 3.911244458057152,
  "sortino": 6.611228682206843,
  "calmar": 39.08237144037216,
  "trade_count": 20,
  "win_rate": 0.45,
  "avg_net_return_per_trade": -0.0028761485870228455,
  "median_net_return_per_trade": -0.004873988995818476,
  "backtest_mode": "a_share_inventory_t0",
  "trade_direction_mode": "sell_only",
  "buy_threshold": 0.6860697031021118,
  "sell_threshold": 0.9028823864459992,
  "initial_capital": 1000000.0,
  "final_equity": 1072655.2326840004,
  "final_benchmark_equity": 1079076.0,
  "final_alpha_equity": 993579.2326840004,
  "alpha_total_return": -0.006420767315999609,
  "alpha_sharpe": -7.452717050268147,
  "alpha_sortino": -3.7245579739718884,
  "alpha_calmar": -13.912994725118523,
  "alpha_max_drawdown": -0.006420767315999609,
  "base_shares": 10600,
  "ending_shares": 10600,
  "base_position_pct": 0.6,
  "max_t0_trade_pct": 0.3,
  "max_participation_rate": 0.05,
  "commission_rate": 0.001,
  "slippage_rate": 0.0005,
  "tp": 0.003,
  "sl": 0.002,
  "stop_loss_cooldown_bars": 0,
  "daily_max_trades": 0,
  "daily_max_losses": 0,
  "daily_loss_limit": 0.0,
  "no_overnight": true
}