model_label,epoch,train_loss,valid_loss,valid_auc,valid_prob_mean,valid_prob_max
MLP_buy,1,1.1146290560026426,0.9303190112113953,0.474538415723645,0.35437294840812683,0.6089512705802917
MLP_buy,2,0.9290222880002614,0.9317205548286438,0.4651578320428827,0.3725166320800781,0.6917333602905273
MLP_buy,3,0.8010176194680704,0.9396650195121765,0.4429720071471114,0.4077628552913666,0.7529268264770508
