model_label,epoch,train_loss,valid_loss,valid_auc,valid_prob_mean,valid_prob_max
MLP_sell,1,1.1741936851192165,1.047479510307312,0.5068238213399504,0.5656404495239258,0.9009323120117188
MLP_sell,2,0.8968652535129238,1.039841651916504,0.543424317617866,0.4381610155105591,0.8950921893119812
MLP_sell,3,0.8709139469507579,1.091235876083374,0.5470223325062035,0.37708282470703125,0.8747748732566833
