{
  "model": "MLP",
  "target_col_buy": "buy_label",
  "target_col_sell": "sell_label",
  "feature_count": 194,
  "lookback": 8,
  "params": {
    "lookback": 8,
    "hidden_dim": 256,
    "dropout": 0.3,
    "output_dim": 1
  },
  "buy_fit": {
    "best_score": 0.474538415723645,
    "best_valid_auc": 0.474538415723645,
    "epochs_ran": 3,
    "pos_rate": 0.3125,
    "pos_weight": 2.2,
    "device": "cpu"
  },
  "sell_fit": {
    "best_score": 0.5470223325062035,
    "best_valid_auc": 0.5470223325062035,
    "epochs_ran": 3,
    "pos_rate": 0.30574324324324326,
    "pos_weight": 2.270718232044199,
    "device": "cpu"
  },
  "valid_buy_auc": 0.474538415723645,
  "valid_buy_positive_rate": 0.23958333333333334,
  "valid_buy_prob_mean": 0.35437294840812683,
  "valid_buy_prob_std": 0.10545776784420013,
  "valid_buy_prob_min": 0.1324169635772705,
  "valid_buy_prob_max": 0.6089512705802917,
  "valid_buy_acc_05": 0.6614583333333334,
  "valid_buy_precision_05": 0.047619047619047616,
  "valid_buy_recall_05": 0.021739130434782608,
  "valid_buy_f1_05": 0.029850746268656716,
  "valid_buy_q90_threshold": 0.5027515888214111,
  "valid_buy_q95_threshold": 0.5425586104393005,
  "test_buy_auc": 0.4851031321619556,
  "test_buy_positive_rate": 0.21710526315789475,
  "test_buy_prob_mean": 0.421464204788208,
  "test_buy_prob_std": 0.12355725467205048,
  "test_buy_prob_min": 0.1365710198879242,
  "test_buy_prob_max": 0.7034103870391846,
  "test_buy_acc_05": 0.6578947368421053,
  "test_buy_precision_05": 0.22857142857142856,
  "test_buy_recall_05": 0.24242424242424243,
  "test_buy_f1_05": 0.23529411764705882,
  "test_buy_q90_threshold": 0.5702441930770874,
  "test_buy_q95_threshold": 0.6630688309669495,
  "valid_sell_auc": 0.5470223325062035,
  "valid_sell_positive_rate": 0.3229166666666667,
  "valid_sell_prob_mean": 0.37708282470703125,
  "valid_sell_prob_std": 0.15298016369342804,
  "valid_sell_prob_min": 0.09333305805921555,
  "valid_sell_prob_max": 0.8747748732566833,
  "valid_sell_acc_05": 0.5989583333333334,
  "valid_sell_precision_05": 0.3170731707317073,
  "valid_sell_recall_05": 0.20967741935483872,
  "valid_sell_f1_05": 0.2524271844660194,
  "valid_sell_q90_threshold": 0.5923154354095459,
  "valid_sell_q95_threshold": 0.6481513977050781,
  "test_sell_auc": 0.5748828491096533,
  "test_sell_positive_rate": 0.3618421052631579,
  "test_sell_prob_mean": 0.3625037670135498,
  "test_sell_prob_std": 0.16653072834014893,
  "test_sell_prob_min": 0.06674716621637344,
  "test_sell_prob_max": 0.7898213267326355,
  "test_sell_acc_05": 0.6513157894736842,
  "test_sell_precision_05": 0.53125,
  "test_sell_recall_05": 0.3090909090909091,
  "test_sell_f1_05": 0.39080459770114945,
  "test_sell_q90_threshold": 0.6357644200325012,
  "test_sell_q95_threshold": 0.6863746643066406
}