side,label_col,sample_count,positive_count,positive_rate,gross_return_mean_all,gross_return_mean_positive,gross_return_mean_negative,avg_exit_bar
buy,buy_label,67725,16919,0.24981912144702842,-5.1634284577738674e-05,0.0038759506376783975,-0.0013595666016200478,2.046127722406792
sell,sell_label,67725,19521,0.28823920265780734,0.00014667824734864056,0.0037111675475578684,-0.0012968201268398984,2.0889331856773716
