model,side,valid_auc,raw_weight,weight,weight_method
transformer_lstm,buy,0.526950565812984,0.02695056581298405,0.4986225895316812,valid_auc_edge_over_0p5
lstm,buy,0.5270994639666469,0.027099463966646864,0.5013774104683189,valid_auc_edge_over_0p5
cnn,buy,0.4198927933293627,0.0,0.0,valid_auc_edge_over_0p5
mlp,buy,0.47915425848719473,0.0,0.0,valid_auc_edge_over_0p5
