model,side,valid_auc,raw_weight,weight,weight_method
transformer_lstm,sell,0.5362282878411909,0.03622828784119092,0.16267409470752034,valid_auc_edge_over_0p5
lstm,sell,0.5586848635235733,0.05868486352357327,0.26350974930362164,valid_auc_edge_over_0p5
cnn,sell,0.5663771712158808,0.06637717121588083,0.2980501392757659,valid_auc_edge_over_0p5
mlp,sell,0.5614143920595533,0.06141439205955335,0.2757660167130921,valid_auc_edge_over_0p5
