{
  "model": "auc_weighted_ensemble",
  "member_models": [
    "transformer_lstm",
    "lstm",
    "cnn",
    "mlp"
  ],
  "buy_weight_method": "valid_auc_edge_over_0p5",
  "sell_weight_method": "valid_auc_edge_over_0p5",
  "feature_count": 194,
  "lookback": 8,
  "valid_buy_auc": 0.525610482430018,
  "valid_buy_positive_rate": 0.23958333333333334,
  "valid_buy_prob_mean": 0.40888667636451764,
  "valid_buy_prob_std": 0.07379408503056345,
  "valid_buy_prob_min": 0.27296236461187523,
  "valid_buy_prob_max": 0.562571154645652,
  "valid_buy_acc_05": 0.6927083333333334,
  "valid_buy_precision_05": 0.30303030303030304,
  "valid_buy_recall_05": 0.21739130434782608,
  "valid_buy_f1_05": 0.25316455696202533,
  "valid_buy_q90_threshold": 0.5225999799149097,
  "valid_buy_q95_threshold": 0.5368165940785212,
  "test_buy_auc": 0.4823020117137764,
  "test_buy_positive_rate": 0.21710526315789475,
  "test_buy_prob_mean": 0.4719188876822214,
  "test_buy_prob_std": 0.0720445725109914,
  "test_buy_prob_min": 0.2866851469045171,
  "test_buy_prob_max": 0.5993747860603755,
  "test_buy_acc_05": 0.5592105263157895,
  "test_buy_precision_05": 0.19642857142857142,
  "test_buy_recall_05": 0.3333333333333333,
  "test_buy_f1_05": 0.24719101123595505,
  "test_buy_q90_threshold": 0.5709169548569304,
  "test_buy_q95_threshold": 0.5813756540294523,
  "valid_sell_auc": 0.5799007444168733,
  "valid_sell_positive_rate": 0.3229166666666667,
  "valid_sell_prob_mean": 0.36800956224085296,
  "valid_sell_prob_std": 0.059152579270923746,
  "valid_sell_prob_min": 0.2192735709395249,
  "valid_sell_prob_max": 0.5452938765038355,
  "valid_sell_acc_05": 0.6614583333333334,
  "valid_sell_precision_05": 0.0,
  "valid_sell_recall_05": 0.0,
  "valid_sell_f1_05": 0.0,
  "valid_sell_q90_threshold": 0.443712668417224,
  "valid_sell_q95_threshold": 0.46066038028567957,
  "test_sell_auc": 0.5979381443298969,
  "test_sell_positive_rate": 0.3618421052631579,
  "test_sell_prob_mean": 0.3253105566308083,
  "test_sell_prob_std": 0.05354644221461784,
  "test_sell_prob_min": 0.19472647831674067,
  "test_sell_prob_max": 0.46815473480476977,
  "test_sell_acc_05": 0.6381578947368421,
  "test_sell_precision_05": 0.0,
  "test_sell_recall_05": 0.0,
  "test_sell_f1_05": 0.0,
  "test_sell_q90_threshold": 0.39505414180768894,
  "test_sell_q95_threshold": 0.4064530340492891
}