{
  "total_return": -0.023944223699999823,
  "annualized_return": -0.9464405989134896,
  "max_drawdown": -0.03707764377554068,
  "sharpe": -8.284576006944116,
  "sortino": -10.724182847235477,
  "calmar": -25.52591002392218,
  "trade_count": 3,
  "win_rate": 0.3333333333333333,
  "avg_net_return_per_trade": -0.0038845744502414826,
  "median_net_return_per_trade": -0.005718062953728562,
  "backtest_mode": "a_share_inventory_t0",
  "trade_direction_mode": "sell_only",
  "buy_threshold": 0.7559412996219077,
  "sell_threshold": 0.591241996119918,
  "initial_capital": 1000000.0,
  "final_equity": 976055.7763000001,
  "final_benchmark_equity": 977200.0,
  "final_alpha_equity": 998855.7763000001,
  "alpha_total_return": -0.0011442236999998912,
  "alpha_sharpe": -10.435222217345585,
  "alpha_sortino": -6.99077324661758,
  "alpha_calmar": -88.28300824950709,
  "alpha_max_drawdown": -0.0014627435007714684,
  "base_shares": 10000,
  "ending_shares": 10000,
  "base_position_pct": 0.6,
  "max_t0_trade_pct": 0.3,
  "max_participation_rate": 0.05,
  "commission_rate": 0.001,
  "slippage_rate": 0.0005,
  "tp": 0.003,
  "sl": 0.002,
  "no_overnight": true
}