{
  "total_return": -0.052251847980919086,
  "annualized_return": -0.5893451393993079,
  "max_drawdown": -0.08081802043588027,
  "sharpe": -2.6739169508012517,
  "sortino": -2.5512116316704705,
  "calmar": -7.292249132319258,
  "trade_count": 12,
  "win_rate": 0.25,
  "avg_net_return_per_trade": -0.006639354232137451,
  "median_net_return_per_trade": -0.008296411502005604,
  "backtest_mode": "a_share_inventory_t0",
  "trade_direction_mode": "sell_only",
  "buy_threshold": 0.6666267216205597,
  "sell_threshold": 0.7634641826152802,
  "initial_capital": 1000000.0,
  "final_equity": 946912.2381490001,
  "final_benchmark_equity": 953940.0,
  "final_alpha_equity": 992972.2381490001,
  "alpha_total_return": -0.007027761850999847,
  "alpha_sharpe": -8.83276338032334,
  "alpha_sortino": -3.487413017008725,
  "alpha_calmar": -14.700509683014586,
  "alpha_max_drawdown": -0.007508501381999766,
  "base_shares": 9800,
  "ending_shares": 9800,
  "base_position_pct": 0.6,
  "max_t0_trade_pct": 0.3,
  "max_participation_rate": 0.02,
  "commission_rate": 0.001,
  "slippage_rate": 0.001,
  "tp": 0.004,
  "sl": 0.003,
  "stop_loss_cooldown_bars": 0,
  "daily_max_trades": 0,
  "daily_max_losses": 0,
  "daily_loss_limit": 0.0,
  "no_overnight": true
}