{
  "total_return": -0.002330285322648118,
  "annualized_return": -0.1559989486389448,
  "max_drawdown": -0.027261978131600917,
  "sharpe": 0.6162035033597449,
  "sortino": 1.0676867598760231,
  "calmar": -5.722216777003336,
  "trade_count": 1,
  "win_rate": 0.0,
  "avg_net_return_per_trade": -0.0058606927981986155,
  "median_net_return_per_trade": -0.0058606927981986155,
  "backtest_mode": "a_share_inventory_t0",
  "trade_direction_mode": "sell_only",
  "buy_threshold": 0.6109327335007458,
  "sell_threshold": 0.7023395873606205,
  "initial_capital": 1000000.0,
  "final_equity": 1001231.39555875,
  "final_benchmark_equity": 1002520.0,
  "final_alpha_equity": 998711.39555875,
  "alpha_total_return": -0.0012886044412500075,
  "alpha_sharpe": -13.084706790802132,
  "alpha_sortino": -2.935772323702196,
  "alpha_calmar": -69.43817205711387,
  "alpha_max_drawdown": -0.0012886044412500075,
  "base_shares": 10500,
  "ending_shares": 10500,
  "base_position_pct": 0.6,
  "max_t0_trade_pct": 0.3,
  "max_participation_rate": 0.05,
  "commission_rate": 0.001,
  "slippage_rate": 0.00075,
  "tp": 0.003,
  "sl": 0.002,
  "no_overnight": true
}