{
  "total_return": -0.04917825427967759,
  "annualized_return": -0.5662353531041222,
  "max_drawdown": -0.07851930260910045,
  "sharpe": -2.4635403513477643,
  "sortino": -2.3428750338659112,
  "calmar": -7.211415974019299,
  "trade_count": 3,
  "win_rate": 0.3333333333333333,
  "avg_net_return_per_trade": -0.004123108727406212,
  "median_net_return_per_trade": -0.005829171494838523,
  "backtest_mode": "a_share_inventory_t0",
  "trade_direction_mode": "sell_only",
  "buy_threshold": 0.7298367828130722,
  "sell_threshold": 0.9096292757987976,
  "initial_capital": 1000000.0,
  "final_equity": 950449.023596,
  "final_benchmark_equity": 953450.0,
  "final_alpha_equity": 996999.023596,
  "alpha_total_return": -0.0030009764039999887,
  "alpha_sharpe": -6.508062989416924,
  "alpha_sortino": -0.9399218128403908,
  "alpha_calmar": -13.87596463146934,
  "alpha_max_drawdown": -0.003499674867150082,
  "base_shares": 9800,
  "ending_shares": 9800,
  "base_position_pct": 0.6,
  "max_t0_trade_pct": 0.3,
  "max_participation_rate": 0.05,
  "commission_rate": 0.001,
  "slippage_rate": 0.0005,
  "tp": 0.003,
  "sl": 0.002,
  "stop_loss_cooldown_bars": 6,
  "daily_max_trades": 0,
  "daily_max_losses": 2,
  "daily_loss_limit": 0.0,
  "no_overnight": true
}