{
  "scenario_count": 12,
  "all_alpha_positive": false,
  "min_alpha_total_return": -0.018108536479000015,
  "worst_alpha_max_drawdown": -0.019134434635037945,
  "min_trade_count": 21
}