{
  "total_return": 0.07272427531510073,
  "annualized_return": 1.7727399876239174,
  "max_drawdown": -0.046316907531237295,
  "sharpe": 3.872006948536552,
  "sortino": 6.544029710994643,
  "calmar": 38.27414398140326,
  "trade_count": 12,
  "win_rate": 0.3333333333333333,
  "avg_net_return_per_trade": -0.004475690030423379,
  "median_net_return_per_trade": -0.005093778029626348,
  "backtest_mode": "a_share_inventory_t0",
  "trade_direction_mode": "sell_only",
  "buy_threshold": 0.6860697031021118,
  "sell_threshold": 0.9406066167354583,
  "initial_capital": 1000000.0,
  "final_equity": 1072042.0226760004,
  "final_benchmark_equity": 1079076.0,
  "final_alpha_equity": 992966.0226760004,
  "alpha_total_return": -0.007033977323999574,
  "alpha_sharpe": -9.060874016599637,
  "alpha_sortino": -3.0531321993914675,
  "alpha_calmar": -13.85603093941392,
  "alpha_max_drawdown": -0.007033977323999574,
  "base_shares": 10600,
  "ending_shares": 10600,
  "base_position_pct": 0.6,
  "max_t0_trade_pct": 0.3,
  "max_participation_rate": 0.05,
  "commission_rate": 0.001,
  "slippage_rate": 0.0005,
  "tp": 0.003,
  "sl": 0.002,
  "stop_loss_cooldown_bars": 0,
  "daily_max_trades": 0,
  "daily_max_losses": 0,
  "daily_loss_limit": 0.0,
  "no_overnight": true
}