{
  "total_return": -0.048851618796915686,
  "annualized_return": -0.9976394634579583,
  "max_drawdown": -0.06286319491627035,
  "sharpe": -12.654960987133153,
  "sortino": -14.326002426926102,
  "calmar": -15.870008910408524,
  "trade_count": 7,
  "win_rate": 0.14285714285714285,
  "avg_net_return_per_trade": -0.0070095222644688555,
  "median_net_return_per_trade": -0.006656416472614832,
  "backtest_mode": "a_share_inventory_t0",
  "trade_direction_mode": "sell_only",
  "buy_threshold": 0.4654643074304277,
  "sell_threshold": 0.5050962054920644,
  "initial_capital": 1000000.0,
  "final_equity": 950828.7953470001,
  "final_benchmark_equity": 957328.0,
  "final_alpha_equity": 993500.7953470001,
  "alpha_total_return": -0.006499204652999913,
  "alpha_sharpe": -19.63209099107743,
  "alpha_sortino": -7.697362066738953,
  "alpha_calmar": -81.81266357012035,
  "alpha_max_drawdown": -0.006661687146444106,
  "base_shares": 8400,
  "ending_shares": 8400,
  "base_position_pct": 0.6,
  "max_t0_trade_pct": 0.3,
  "max_participation_rate": 0.05,
  "commission_rate": 0.001,
  "slippage_rate": 0.0005,
  "tp": 0.003,
  "sl": 0.002,
  "no_overnight": true
}