{
  "total_return": -0.09885486951768618,
  "annualized_return": -0.8220417215226222,
  "max_drawdown": -0.11881615610439333,
  "sharpe": -6.527707469466394,
  "sortino": -10.328870295480357,
  "calmar": -6.918602221068036,
  "trade_count": 24,
  "win_rate": 0.4166666666666667,
  "avg_net_return_per_trade": -0.003935892295899336,
  "median_net_return_per_trade": -0.005313945720410493,
  "backtest_mode": "a_share_inventory_t0",
  "trade_direction_mode": "sell_only",
  "buy_threshold": 0.6601430773735046,
  "sell_threshold": 0.8120558857917786,
  "initial_capital": 1000000.0,
  "final_equity": 905511.1786395006,
  "final_benchmark_equity": 913740.0,
  "final_alpha_equity": 991771.1786395006,
  "alpha_total_return": -0.008228821360499405,
  "alpha_sharpe": -6.770728566969762,
  "alpha_sortino": -3.320176890883199,
  "alpha_calmar": -11.803488999769003,
  "alpha_max_drawdown": -0.010849059804369121,
  "base_shares": 9500,
  "ending_shares": 9500,
  "base_position_pct": 0.6,
  "max_t0_trade_pct": 0.3,
  "max_participation_rate": 0.05,
  "commission_rate": 0.001,
  "slippage_rate": 0.0005,
  "tp": 0.003,
  "sl": 0.002,
  "stop_loss_cooldown_bars": 0,
  "daily_max_trades": 0,
  "daily_max_losses": 0,
  "daily_loss_limit": 0.0,
  "no_overnight": true
}