{
  "total_return": -0.10046931997436659,
  "annualized_return": -0.8276385050148936,
  "max_drawdown": -0.11785055966012747,
  "sharpe": -6.728425595556037,
  "sortino": -10.6747817184647,
  "calmar": -7.022779589691754,
  "trade_count": 12,
  "win_rate": 0.0,
  "avg_net_return_per_trade": -0.005884537088872114,
  "median_net_return_per_trade": -0.0070135082204238995,
  "backtest_mode": "a_share_inventory_t0",
  "trade_direction_mode": "sell_only",
  "buy_threshold": 0.6345955163240432,
  "sell_threshold": 0.8987929791212081,
  "initial_capital": 1000000.0,
  "final_equity": 903082.0271503746,
  "final_benchmark_equity": 912204.0,
  "final_alpha_equity": 990878.0271503746,
  "alpha_total_return": -0.009121972849625348,
  "alpha_sharpe": -12.170079268705301,
  "alpha_sortino": -3.8777706992919,
  "alpha_calmar": -15.048762799922892,
  "alpha_max_drawdown": -0.00937970682171041,
  "base_shares": 9400,
  "ending_shares": 9400,
  "base_position_pct": 0.6,
  "max_t0_trade_pct": 0.3,
  "max_participation_rate": 0.05,
  "commission_rate": 0.0015,
  "slippage_rate": 0.00075,
  "tp": 0.003,
  "sl": 0.002,
  "stop_loss_cooldown_bars": 6,
  "daily_max_trades": 0,
  "daily_max_losses": 2,
  "daily_loss_limit": 0.0,
  "no_overnight": true
}