{
  "total_return": -0.09575570415375045,
  "annualized_return": -0.8116153599486898,
  "max_drawdown": -0.11567438080006942,
  "sharpe": -6.228491609178142,
  "sortino": -9.941193964581633,
  "calmar": -7.016379550381848,
  "trade_count": 12,
  "win_rate": 0.25,
  "avg_net_return_per_trade": -0.004491364333693049,
  "median_net_return_per_trade": -0.00673674085097958,
  "backtest_mode": "a_share_inventory_t0",
  "trade_direction_mode": "sell_only",
  "buy_threshold": 0.6520390957593918,
  "sell_threshold": 0.933201789855957,
  "initial_capital": 1000000.0,
  "final_equity": 908625.3594596246,
  "final_benchmark_equity": 913740.0,
  "final_alpha_equity": 994885.3594596246,
  "alpha_total_return": -0.005114640540375359,
  "alpha_sharpe": -6.642996406960157,
  "alpha_sortino": -3.22603334336558,
  "alpha_calmar": -12.18702995275481,
  "alpha_max_drawdown": -0.006689338864953265,
  "base_shares": 9500,
  "ending_shares": 9500,
  "base_position_pct": 0.6,
  "max_t0_trade_pct": 0.3,
  "max_participation_rate": 0.02,
  "commission_rate": 0.0015,
  "slippage_rate": 0.00075,
  "tp": 0.004,
  "sl": 0.003,
  "stop_loss_cooldown_bars": 0,
  "daily_max_trades": 0,
  "daily_max_losses": 0,
  "daily_loss_limit": 0.0,
  "no_overnight": true
}