{
  "total_return": -0.08898099152406547,
  "annualized_return": -0.7867912453885082,
  "max_drawdown": -0.11028223066360932,
  "sharpe": -5.760584708904358,
  "sortino": -9.156722661440556,
  "calmar": -7.134342864250132,
  "trade_count": 17,
  "win_rate": 0.6470588235294118,
  "avg_net_return_per_trade": -0.0006180408834263027,
  "median_net_return_per_trade": 0.0013002371493301438,
  "backtest_mode": "a_share_inventory_t0",
  "trade_direction_mode": "sell_only",
  "buy_threshold": 0.6520390957593918,
  "sell_threshold": 0.8790596723556519,
  "initial_capital": 1000000.0,
  "final_equity": 915432.8955720004,
  "final_benchmark_equity": 913740.0,
  "final_alpha_equity": 1001692.8955720004,
  "alpha_total_return": 0.0016928955720003636,
  "alpha_sharpe": 1.715800598695209,
  "alpha_sortino": 1.1253133401791293,
  "alpha_calmar": 7.953146193398286,
  "alpha_max_drawdown": -0.00357698670926887,
  "base_shares": 9500,
  "ending_shares": 9500,
  "base_position_pct": 0.6,
  "max_t0_trade_pct": 0.3,
  "max_participation_rate": 0.05,
  "commission_rate": 0.001,
  "slippage_rate": 0.0005,
  "tp": 0.004,
  "sl": 0.003,
  "stop_loss_cooldown_bars": 0,
  "daily_max_trades": 0,
  "daily_max_losses": 0,
  "daily_loss_limit": 0.0,
  "no_overnight": true
}