{
  "total_return": -0.12123911056741066,
  "annualized_return": -0.4538156664151669,
  "max_drawdown": -0.1601956908733626,
  "sharpe": -2.7487476378860083,
  "sortino": -3.8426476426311225,
  "calmar": -2.8328831065369657,
  "trade_count": 42,
  "win_rate": 0.4523809523809524,
  "avg_net_return_per_trade": -0.00297138593882919,
  "median_net_return_per_trade": -0.003816657738209936,
  "backtest_mode": "a_share_inventory_t0",
  "trade_direction_mode": "sell_only",
  "buy_threshold": 0.6868722345201278,
  "sell_threshold": 0.6121097402819727,
  "initial_capital": 1000000.0,
  "final_equity": 882119.5135520007,
  "final_benchmark_equity": 896351.0,
  "final_alpha_equity": 985768.5135520007,
  "alpha_total_return": -0.014231486447999209,
  "alpha_sharpe": -5.795715347545382,
  "alpha_sortino": -1.9709952570882345,
  "alpha_calmar": -3.890141461625318,
  "alpha_max_drawdown": -0.016676907796163598,
  "base_shares": 9100,
  "ending_shares": 9100,
  "base_position_pct": 0.6,
  "max_t0_trade_pct": 0.3,
  "max_participation_rate": 0.05,
  "commission_rate": 0.001,
  "slippage_rate": 0.0005,
  "tp": 0.003,
  "sl": 0.002,
  "no_overnight": true
}