{
  "total_return": -0.04786506445765781,
  "annualized_return": -0.9973246206061447,
  "max_drawdown": -0.0635732383398151,
  "sharpe": -12.27588340458783,
  "sortino": -14.004569037439381,
  "calmar": -15.687805854331211,
  "trade_count": 6,
  "win_rate": 0.0,
  "avg_net_return_per_trade": -0.007794123333360194,
  "median_net_return_per_trade": -0.008218065805101257,
  "backtest_mode": "a_share_inventory_t0",
  "trade_direction_mode": "sell_only",
  "buy_threshold": 0.6261110728865316,
  "sell_threshold": 0.5253765133082089,
  "initial_capital": 1000000.0,
  "final_equity": 951815.018204,
  "final_benchmark_equity": 957328.0,
  "final_alpha_equity": 994487.018204,
  "alpha_total_return": -0.005512981796000016,
  "alpha_sharpe": -27.58186550329507,
  "alpha_sortino": -15.806662354299858,
  "alpha_calmar": -88.35312840220192,
  "alpha_max_drawdown": -0.005512981796000016,
  "base_shares": 8400,
  "ending_shares": 8400,
  "base_position_pct": 0.6,
  "max_t0_trade_pct": 0.3,
  "max_participation_rate": 0.05,
  "commission_rate": 0.001,
  "slippage_rate": 0.001,
  "tp": 0.003,
  "sl": 0.002,
  "no_overnight": true
}