{
  "total_return": -0.026966646238188008,
  "annualized_return": -0.9631729017588246,
  "max_drawdown": -0.0565258981260669,
  "sharpe": -9.33080880475012,
  "sortino": -12.765044020905357,
  "calmar": -17.039497534576242,
  "trade_count": 2,
  "win_rate": 1.0,
  "avg_net_return_per_trade": 0.0012189028053556398,
  "median_net_return_per_trade": 0.0012189028053556398,
  "backtest_mode": "a_share_inventory_t0",
  "trade_direction_mode": "sell_only",
  "buy_threshold": 0.36078413022845357,
  "sell_threshold": 0.560302009835013,
  "initial_capital": 1000000.0,
  "final_equity": 971129.1274885001,
  "final_benchmark_equity": 970336.0,
  "final_alpha_equity": 1000793.1274885001,
  "alpha_total_return": 0.0007931274885000228,
  "alpha_sharpe": 6.551357222010187,
  "alpha_sortino": 5.963642780085561,
  "alpha_calmar": 185.01613086133872,
  "alpha_max_drawdown": -0.0005431044592020262,
  "base_shares": 10300,
  "ending_shares": 10300,
  "base_position_pct": 0.6,
  "max_t0_trade_pct": 0.3,
  "max_participation_rate": 0.05,
  "commission_rate": 0.001,
  "slippage_rate": 0.0005,
  "tp": 0.003,
  "sl": 0.002,
  "no_overnight": true
}