{
  "total_return": -0.11358932687621603,
  "annualized_return": -0.8642702878897253,
  "max_drawdown": -0.12633999871129642,
  "sharpe": -7.65305863243716,
  "sortino": -11.903475438927426,
  "calmar": -6.840828690086479,
  "trade_count": 12,
  "win_rate": 0.08333333333333333,
  "avg_net_return_per_trade": -0.008931352378597913,
  "median_net_return_per_trade": -0.007581121297025924,
  "backtest_mode": "a_share_inventory_t0",
  "trade_direction_mode": "sell_only",
  "buy_threshold": 0.6604762256145478,
  "sell_threshold": 0.8768073558807371,
  "initial_capital": 1000000.0,
  "final_equity": 889048.6312870004,
  "final_benchmark_equity": 906349.0,
  "final_alpha_equity": 982699.6312870004,
  "alpha_total_return": -0.01730036871299967,
  "alpha_sharpe": -11.589667221633546,
  "alpha_sortino": -3.178765226612115,
  "alpha_calmar": -13.433212643502646,
  "alpha_max_drawdown": -0.01868717326708802,
  "base_shares": 9300,
  "ending_shares": 9300,
  "base_position_pct": 0.6,
  "max_t0_trade_pct": 0.3,
  "max_participation_rate": 0.05,
  "commission_rate": 0.001,
  "slippage_rate": 0.001,
  "tp": 0.003,
  "sl": 0.002,
  "stop_loss_cooldown_bars": 6,
  "daily_max_trades": 0,
  "daily_max_losses": 2,
  "daily_loss_limit": 0.0,
  "no_overnight": true
}