model_label,epoch,train_loss,valid_loss,valid_auc,valid_prob_mean,valid_prob_max
CNN_buy,1,1.5397276685044572,1.112357497215271,0.5786182251340083,0.29503336548805237,0.45921453833580017
CNN_buy,2,1.345709143458186,1.1179178953170776,0.5640262060750447,0.291199266910553,0.4807360768318176
CNN_buy,3,1.2211126830126788,1.1220391988754272,0.5659618820726623,0.2926676571369171,0.48927009105682373
