model_label,epoch,train_loss,valid_loss,valid_auc,valid_prob_mean,valid_prob_max
CNN_sell,1,1.199892240601617,1.2441859245300293,0.4838131511145961,0.25044140219688416,0.377701073884964
CNN_sell,2,1.077544843828356,1.3197500705718994,0.4946790635151787,0.22666536271572113,0.39063572883605957
CNN_sell,3,1.0099107252584922,1.379325032234192,0.4925506889212501,0.21023587882518768,0.4090305268764496
