{
  "model": "CNN",
  "target_col_buy": "buy_label",
  "target_col_sell": "sell_label",
  "feature_count": 194,
  "lookback": 8,
  "params": {
    "channels": 64,
    "kernel_size": 3,
    "dropout": 0.3,
    "output_dim": 1
  },
  "buy_fit": {
    "best_score": 0.5786182251340083,
    "best_valid_auc": 0.5786182251340083,
    "epochs_ran": 3,
    "pos_rate": 0.25506756756756754,
    "pos_weight": 2.920529801324504,
    "device": "cpu"
  },
  "sell_fit": {
    "best_score": 0.4946790635151787,
    "best_valid_auc": 0.4946790635151787,
    "epochs_ran": 3,
    "pos_rate": 0.35135135135135137,
    "pos_weight": 1.8461538461538463,
    "device": "cpu"
  },
  "valid_buy_auc": 0.5786182251340083,
  "valid_buy_positive_rate": 0.23958333333333334,
  "valid_buy_prob_mean": 0.29503336548805237,
  "valid_buy_prob_std": 0.05078649893403053,
  "valid_buy_prob_min": 0.17588594555854797,
  "valid_buy_prob_max": 0.45921453833580017,
  "valid_buy_acc_05": 0.7604166666666666,
  "valid_buy_precision_05": 0.0,
  "valid_buy_recall_05": 0.0,
  "valid_buy_f1_05": 0.0,
  "valid_buy_q90_threshold": 0.35106807947158813,
  "valid_buy_q95_threshold": 0.369701623916626,
  "test_buy_auc": 0.39921875,
  "test_buy_positive_rate": 0.21052631578947367,
  "test_buy_prob_mean": 0.2715655267238617,
  "test_buy_prob_std": 0.047574952244758606,
  "test_buy_prob_min": 0.1671096384525299,
  "test_buy_prob_max": 0.3976776599884033,
  "test_buy_acc_05": 0.7894736842105263,
  "test_buy_precision_05": 0.0,
  "test_buy_recall_05": 0.0,
  "test_buy_f1_05": 0.0,
  "test_buy_q90_threshold": 0.3348466455936432,
  "test_buy_q95_threshold": 0.34501001238822937,
  "valid_sell_auc": 0.4946790635151787,
  "valid_sell_positive_rate": 0.4114583333333333,
  "valid_sell_prob_mean": 0.22666536271572113,
  "valid_sell_prob_std": 0.0683891549706459,
  "valid_sell_prob_min": 0.10832590609788895,
  "valid_sell_prob_max": 0.39063572883605957,
  "valid_sell_acc_05": 0.5885416666666666,
  "valid_sell_precision_05": 0.0,
  "valid_sell_recall_05": 0.0,
  "valid_sell_f1_05": 0.0,
  "valid_sell_q90_threshold": 0.31777849793434143,
  "valid_sell_q95_threshold": 0.3469395339488983,
  "test_sell_auc": 0.531557067271353,
  "test_sell_positive_rate": 0.35526315789473684,
  "test_sell_prob_mean": 0.2602657377719879,
  "test_sell_prob_std": 0.06361014395952225,
  "test_sell_prob_min": 0.16905240714550018,
  "test_sell_prob_max": 0.48682069778442383,
  "test_sell_acc_05": 0.6447368421052632,
  "test_sell_precision_05": 0.0,
  "test_sell_recall_05": 0.0,
  "test_sell_f1_05": 0.0,
  "test_sell_q90_threshold": 0.3654562532901764,
  "test_sell_q95_threshold": 0.38177943229675293
}