{
  "total_return": -0.050886785404878676,
  "annualized_return": -0.5789661766894754,
  "max_drawdown": -0.07913050025378376,
  "sharpe": -2.558216915197796,
  "sortino": -2.4303965813031363,
  "calmar": -7.316599475962382,
  "trade_count": 12,
  "win_rate": 0.4166666666666667,
  "avg_net_return_per_trade": -0.0027696058289693893,
  "median_net_return_per_trade": -0.0048744297485022155,
  "backtest_mode": "a_share_inventory_t0",
  "trade_direction_mode": "sell_only",
  "buy_threshold": 0.7226963907480239,
  "sell_threshold": 0.9022319376468658,
  "initial_capital": 1000000.0,
  "final_equity": 948741.162215,
  "final_benchmark_equity": 953450.0,
  "final_alpha_equity": 995291.162215,
  "alpha_total_return": -0.004708837784999975,
  "alpha_sharpe": -5.274346532447696,
  "alpha_sortino": -2.261795019104039,
  "alpha_calmar": -12.613948726463631,
  "alpha_max_drawdown": -0.0059615949464999485,
  "base_shares": 9800,
  "ending_shares": 9800,
  "base_position_pct": 0.6,
  "max_t0_trade_pct": 0.3,
  "max_participation_rate": 0.02,
  "commission_rate": 0.001,
  "slippage_rate": 0.0005,
  "tp": 0.003,
  "sl": 0.002,
  "stop_loss_cooldown_bars": 0,
  "daily_max_trades": 0,
  "daily_max_losses": 0,
  "daily_loss_limit": 0.0,
  "no_overnight": true
}