{
  "total_return": -0.044484839067056914,
  "annualized_return": -0.5298233721731764,
  "max_drawdown": -0.0784730132667627,
  "sharpe": -2.257251061569744,
  "sortino": -2.145872083269936,
  "calmar": -6.751663407802176,
  "trade_count": 8,
  "win_rate": 0.625,
  "avg_net_return_per_trade": -0.001043790378380702,
  "median_net_return_per_trade": 0.0006161578131679306,
  "backtest_mode": "a_share_inventory_t0",
  "trade_direction_mode": "sell_only",
  "buy_threshold": 0.7795956283807755,
  "sell_threshold": 0.8386483788490295,
  "initial_capital": 1000000.0,
  "final_equity": 954672.3965610003,
  "final_benchmark_equity": 953940.0,
  "final_alpha_equity": 1000732.3965610003,
  "alpha_total_return": 0.0007323965610002148,
  "alpha_sharpe": 1.018095732105175,
  "alpha_sortino": 0.564003767168594,
  "alpha_calmar": 4.901204077276284,
  "alpha_max_drawdown": -0.002492365325986401,
  "base_shares": 9800,
  "ending_shares": 9800,
  "base_position_pct": 0.6,
  "max_t0_trade_pct": 0.3,
  "max_participation_rate": 0.05,
  "commission_rate": 0.001,
  "slippage_rate": 0.0005,
  "tp": 0.003,
  "sl": 0.002,
  "stop_loss_cooldown_bars": 0,
  "daily_max_trades": 0,
  "daily_max_losses": 0,
  "daily_loss_limit": 0.0,
  "no_overnight": true
}