{
  "model": "CNN",
  "target_col_buy": "buy_label",
  "target_col_sell": "sell_label",
  "feature_count": 194,
  "lookback": 32,
  "params": {
    "channels": 64,
    "kernel_size": 3,
    "dropout": 0.3,
    "output_dim": 1
  },
  "buy_fit": {
    "best_score": 0.540184536058726,
    "best_valid_auc": 0.540184536058726,
    "epochs_ran": 24,
    "pos_rate": 0.26536371237458195,
    "pos_weight": 2.7684127609294995,
    "device": "cpu"
  },
  "sell_fit": {
    "best_score": 0.5535839515742074,
    "best_valid_auc": 0.5535839515742074,
    "epochs_ran": 17,
    "pos_rate": 0.32410117056856186,
    "pos_weight": 2.0854563044179297,
    "device": "cpu"
  },
  "valid_buy_auc": 0.540184536058726,
  "valid_buy_positive_rate": 0.24662162162162163,
  "valid_buy_prob_mean": 0.5233803987503052,
  "valid_buy_prob_std": 0.20374085009098053,
  "valid_buy_prob_min": 0.0011728884419426322,
  "valid_buy_prob_max": 0.983135998249054,
  "valid_buy_acc_05": 0.46283783783783783,
  "valid_buy_precision_05": 0.2563739376770538,
  "valid_buy_recall_05": 0.6198630136986302,
  "valid_buy_f1_05": 0.3627254509018036,
  "valid_buy_q90_threshold": 0.7622491121292114,
  "valid_buy_q95_threshold": 0.8102793097496033,
  "test_buy_auc": 0.575382396312119,
  "test_buy_positive_rate": 0.22001689189189189,
  "test_buy_prob_mean": 0.6330259442329407,
  "test_buy_prob_std": 0.20627236366271973,
  "test_buy_prob_min": 0.1144079640507698,
  "test_buy_prob_max": 0.988893449306488,
  "test_buy_acc_05": 0.40371621621621623,
  "test_buy_precision_05": 0.24263431542461006,
  "test_buy_recall_05": 0.8061420345489443,
  "test_buy_f1_05": 0.37300177619893427,
  "test_buy_q90_threshold": 0.9004671573638916,
  "test_buy_q95_threshold": 0.9357737898826599,
  "valid_sell_auc": 0.5535839515742074,
  "valid_sell_positive_rate": 0.30658783783783783,
  "valid_sell_prob_mean": 0.4598725438117981,
  "valid_sell_prob_std": 0.1518852412700653,
  "valid_sell_prob_min": 0.02990303933620453,
  "valid_sell_prob_max": 0.998508870601654,
  "valid_sell_acc_05": 0.566722972972973,
  "valid_sell_precision_05": 0.3275862068965517,
  "valid_sell_recall_05": 0.3925619834710744,
  "valid_sell_f1_05": 0.35714285714285715,
  "valid_sell_q90_threshold": 0.6171329021453857,
  "valid_sell_q95_threshold": 0.7150392532348633,
  "test_sell_auc": 0.522971526509759,
  "test_sell_positive_rate": 0.32136824324324326,
  "test_sell_prob_mean": 0.4251532554626465,
  "test_sell_prob_std": 0.13509288430213928,
  "test_sell_prob_min": 0.042070746421813965,
  "test_sell_prob_max": 0.8087897300720215,
  "test_sell_acc_05": 0.6017736486486487,
  "test_sell_precision_05": 0.36253776435045315,
  "test_sell_recall_05": 0.31537450722733246,
  "test_sell_f1_05": 0.33731553056922,
  "test_sell_q90_threshold": 0.582817792892456,
  "test_sell_q95_threshold": 0.6283111572265625
}