{
  "total_return": 0.07923865054346346,
  "annualized_return": 2.04728969219673,
  "max_drawdown": -0.04501336089910757,
  "sharpe": 4.172462170666173,
  "sortino": 7.091834926883747,
  "calmar": 45.48182253676862,
  "trade_count": 4,
  "win_rate": 0.0,
  "avg_net_return_per_trade": -0.008368483526236533,
  "median_net_return_per_trade": -0.007703491321014274,
  "backtest_mode": "a_share_inventory_t0",
  "trade_direction_mode": "sell_only",
  "buy_threshold": 0.5834246009588241,
  "sell_threshold": 0.8427620708942413,
  "initial_capital": 1000000.0,
  "final_equity": 1077275.515438125,
  "final_benchmark_equity": 1082604.0,
  "final_alpha_equity": 994671.515438125,
  "alpha_total_return": -0.005328484561874958,
  "alpha_sharpe": -8.803838088816567,
  "alpha_sortino": -1.5166072540733215,
  "alpha_calmar": -14.050855661590536,
  "alpha_max_drawdown": -0.005344771192432929,
  "base_shares": 10700,
  "ending_shares": 10700,
  "base_position_pct": 0.6,
  "max_t0_trade_pct": 0.3,
  "max_participation_rate": 0.05,
  "commission_rate": 0.0015,
  "slippage_rate": 0.00075,
  "tp": 0.003,
  "sl": 0.002,
  "stop_loss_cooldown_bars": 6,
  "daily_max_trades": 0,
  "daily_max_losses": 2,
  "daily_loss_limit": 0.0,
  "no_overnight": true
}