model_label,epoch,train_loss,valid_loss,valid_auc,valid_prob_mean,valid_prob_max
CNN_buy,1,1.2695853581299652,1.297567367553711,0.513002745921499,0.23945824801921844,0.34241655468940735
CNN_buy,2,1.140349852072226,1.322954773902893,0.4932967210466807,0.2312580943107605,0.36782434582710266
CNN_buy,3,1.0421136408238798,1.3339004516601562,0.4836052334033274,0.23298870027065277,0.4302738904953003
