model_label,epoch,train_loss,valid_loss,valid_auc,valid_prob_mean,valid_prob_max
CNN_sell,1,1.0875151447347693,1.1026197671890259,0.41982089552238805,0.27727213501930237,0.3772106468677521
CNN_sell,2,0.968601284800349,1.0557514429092407,0.46495522388059707,0.31248465180397034,0.46105125546455383
CNN_sell,3,0.9202548845394237,1.0303466320037842,0.49623880597014924,0.3407036364078522,0.5548264980316162
