{
  "model": "CNN",
  "target_col_buy": "buy_label",
  "target_col_sell": "sell_label",
  "feature_count": 194,
  "lookback": 8,
  "params": {
    "channels": 64,
    "kernel_size": 3,
    "dropout": 0.3,
    "output_dim": 1
  },
  "buy_fit": {
    "best_score": 0.513002745921499,
    "best_valid_auc": 0.513002745921499,
    "epochs_ran": 3,
    "pos_rate": 0.22128378378378377,
    "pos_weight": 3.5190839694656493,
    "device": "cpu"
  },
  "sell_fit": {
    "best_score": 0.49623880597014924,
    "best_valid_auc": 0.49623880597014924,
    "epochs_ran": 3,
    "pos_rate": 0.34628378378378377,
    "pos_weight": 1.8878048780487806,
    "device": "cpu"
  },
  "valid_buy_auc": 0.513002745921499,
  "valid_buy_positive_rate": 0.21354166666666666,
  "valid_buy_prob_mean": 0.23945824801921844,
  "valid_buy_prob_std": 0.04290910065174103,
  "valid_buy_prob_min": 0.1576511561870575,
  "valid_buy_prob_max": 0.34241655468940735,
  "valid_buy_acc_05": 0.7864583333333334,
  "valid_buy_precision_05": 0.0,
  "valid_buy_recall_05": 0.0,
  "valid_buy_f1_05": 0.0,
  "valid_buy_q90_threshold": 0.3013852834701538,
  "valid_buy_q95_threshold": 0.3146483302116394,
  "test_buy_auc": 0.42266851338873496,
  "test_buy_positive_rate": 0.25,
  "test_buy_prob_mean": 0.3412598669528961,
  "test_buy_prob_std": 0.1720263957977295,
  "test_buy_prob_min": 0.12963809072971344,
  "test_buy_prob_max": 0.7888537049293518,
  "test_buy_acc_05": 0.5723684210526315,
  "test_buy_precision_05": 0.11428571428571428,
  "test_buy_recall_05": 0.10526315789473684,
  "test_buy_f1_05": 0.1095890410958904,
  "test_buy_q90_threshold": 0.6215842962265015,
  "test_buy_q95_threshold": 0.6628490686416626,
  "valid_sell_auc": 0.49623880597014924,
  "valid_sell_positive_rate": 0.3489583333333333,
  "valid_sell_prob_mean": 0.3407036364078522,
  "valid_sell_prob_std": 0.10456521064043045,
  "valid_sell_prob_min": 0.12246929854154587,
  "valid_sell_prob_max": 0.5548264980316162,
  "valid_sell_acc_05": 0.65625,
  "valid_sell_precision_05": 0.5714285714285714,
  "valid_sell_recall_05": 0.05970149253731343,
  "valid_sell_f1_05": 0.10810810810810811,
  "valid_sell_q90_threshold": 0.4696817994117737,
  "valid_sell_q95_threshold": 0.4944918751716614,
  "test_sell_auc": 0.5216989843028624,
  "test_sell_positive_rate": 0.375,
  "test_sell_prob_mean": 0.31618958711624146,
  "test_sell_prob_std": 0.13890498876571655,
  "test_sell_prob_min": 0.05513130873441696,
  "test_sell_prob_max": 0.5984748005867004,
  "test_sell_acc_05": 0.625,
  "test_sell_precision_05": 0.5,
  "test_sell_recall_05": 0.14035087719298245,
  "test_sell_f1_05": 0.2191780821917808,
  "test_sell_q90_threshold": 0.5006421208381653,
  "test_sell_q95_threshold": 0.5301728248596191
}