{
  "total_return": -0.09511176443202185,
  "annualized_return": -0.8097767327855994,
  "max_drawdown": -0.11290308304690477,
  "sharpe": -6.36832071882863,
  "sortino": -10.071583021075803,
  "calmar": -7.172317273649502,
  "trade_count": 23,
  "win_rate": 0.5217391304347826,
  "avg_net_return_per_trade": -0.002311804689449927,
  "median_net_return_per_trade": 8.312439373792373e-05,
  "backtest_mode": "a_share_inventory_t0",
  "trade_direction_mode": "sell_only",
  "buy_threshold": 0.6396319121122359,
  "sell_threshold": 0.8271558165550232,
  "initial_capital": 1000000.0,
  "final_equity": 908460.7343220005,
  "final_benchmark_equity": 912204.0,
  "final_alpha_equity": 996256.7343220005,
  "alpha_total_return": -0.00374326567799943,
  "alpha_sharpe": -4.336455745529707,
  "alpha_sortino": -2.6869100784831477,
  "alpha_calmar": -11.736445517964961,
  "alpha_max_drawdown": -0.0051441307290571725,
  "base_shares": 9400,
  "ending_shares": 9400,
  "base_position_pct": 0.6,
  "max_t0_trade_pct": 0.3,
  "max_participation_rate": 0.05,
  "commission_rate": 0.001,
  "slippage_rate": 0.0005,
  "tp": 0.003,
  "sl": 0.002,
  "stop_loss_cooldown_bars": 0,
  "daily_max_trades": 0,
  "daily_max_losses": 0,
  "daily_loss_limit": 0.0,
  "no_overnight": true
}