{
  "total_return": -0.006061823716634107,
  "annualized_return": -0.35726008506688367,
  "max_drawdown": -0.0153441632174246,
  "sharpe": -3.1541452628389965,
  "sortino": -5.430626182780107,
  "calmar": -23.283125968132595,
  "trade_count": 1,
  "win_rate": 0.0,
  "avg_net_return_per_trade": -0.0006965643091113556,
  "median_net_return_per_trade": -0.0006965643091113556,
  "backtest_mode": "a_share_inventory_t0",
  "trade_direction_mode": "sell_only",
  "buy_threshold": 0.5368165940785212,
  "sell_threshold": 0.46066038028567957,
  "initial_capital": 1000000.0,
  "final_equity": 993693.6674920002,
  "final_benchmark_equity": 993604.0,
  "final_alpha_equity": 1000089.6674920002,
  "alpha_total_return": 8.96674920001228e-05,
  "alpha_sharpe": 0.8376574887976899,
  "alpha_sortino": 0.4511367490461002,
  "alpha_calmar": 10.717889210432595,
  "alpha_max_drawdown": -0.0006101500550957928,
  "base_shares": 8200,
  "ending_shares": 8200,
  "base_position_pct": 0.6,
  "max_t0_trade_pct": 0.3,
  "max_participation_rate": 0.05,
  "commission_rate": 0.001,
  "slippage_rate": 0.0005,
  "tp": 0.003,
  "sl": 0.002,
  "no_overnight": true
}