{
  "total_return": -0.10856416022118132,
  "annualized_return": -0.8509475457914868,
  "max_drawdown": -0.12159271191099608,
  "sharpe": -7.2973965019570315,
  "sortino": -11.34968301805462,
  "calmar": -6.99834334161711,
  "trade_count": 12,
  "win_rate": 0.25,
  "avg_net_return_per_trade": -0.006030854129378759,
  "median_net_return_per_trade": -0.005584203460945955,
  "backtest_mode": "a_share_inventory_t0",
  "trade_direction_mode": "sell_only",
  "buy_threshold": 0.6604762256145478,
  "sell_threshold": 0.8768073558807371,
  "initial_capital": 1000000.0,
  "final_equity": 894088.7528380004,
  "final_benchmark_equity": 906349.0,
  "final_alpha_equity": 987739.7528380004,
  "alpha_total_return": -0.012260247161999582,
  "alpha_sharpe": -8.679796083313798,
  "alpha_sortino": -2.190711152174943,
  "alpha_calmar": -13.411864388327887,
  "alpha_max_drawdown": -0.013778876563566689,
  "base_shares": 9300,
  "ending_shares": 9300,
  "base_position_pct": 0.6,
  "max_t0_trade_pct": 0.3,
  "max_participation_rate": 0.02,
  "commission_rate": 0.001,
  "slippage_rate": 0.0005,
  "tp": 0.003,
  "sl": 0.002,
  "stop_loss_cooldown_bars": 6,
  "daily_max_trades": 0,
  "daily_max_losses": 2,
  "daily_loss_limit": 0.0,
  "no_overnight": true
}