{
  "total_return": -0.028654189864243507,
  "annualized_return": -0.879184350636067,
  "max_drawdown": -0.035112392764116374,
  "sharpe": -15.177204376243798,
  "sortino": -19.202895415163304,
  "calmar": -25.03914662103468,
  "trade_count": 9,
  "win_rate": 0.4444444444444444,
  "avg_net_return_per_trade": -0.0027027052350596316,
  "median_net_return_per_trade": -0.0012207634814428961,
  "backtest_mode": "a_share_inventory_t0",
  "buy_threshold": 0.7113386557652472,
  "sell_threshold": 0.5209025421464168,
  "initial_capital": 1000000.0,
  "final_equity": 970655.1832647499,
  "final_benchmark_equity": 972429.0,
  "final_alpha_equity": 998226.1832647499,
  "alpha_total_return": -0.0017738167352500112,
  "alpha_sharpe": -7.001204858082387,
  "alpha_sortino": -6.271990744577044,
  "alpha_calmar": -49.743577170410504,
  "alpha_max_drawdown": -0.002434146250250069,
  "base_shares": 7900,
  "ending_shares": 7900,
  "base_position_pct": 0.6,
  "max_t0_trade_pct": 0.3,
  "max_participation_rate": 0.02,
  "commission_rate": 0.001,
  "slippage_rate": 0.00075,
  "tp": 0.003,
  "sl": 0.002,
  "no_overnight": true
}