{
  "total_return": 0.08126047457652152,
  "annualized_return": 2.1150168035404113,
  "max_drawdown": -0.045485925217269796,
  "sharpe": 4.285025402326755,
  "sortino": 7.272148158893062,
  "calmar": 46.49826937536704,
  "trade_count": 3,
  "win_rate": 0.6666666666666666,
  "avg_net_return_per_trade": -0.0004933021393146225,
  "median_net_return_per_trade": 0.0020861981401736926,
  "backtest_mode": "a_share_inventory_t0",
  "trade_direction_mode": "sell_only",
  "buy_threshold": 0.669258889555931,
  "sell_threshold": 0.6061013400554657,
  "initial_capital": 1000000.0,
  "final_equity": 1079655.88403225,
  "final_benchmark_equity": 1079288.0,
  "final_alpha_equity": 1000367.8840322499,
  "alpha_total_return": 0.00036788403224985444,
  "alpha_sharpe": 0.6369168590068045,
  "alpha_sortino": 0.18136434693696857,
  "alpha_calmar": 2.603711303150342,
  "alpha_max_drawdown": -0.0020599874911224614,
  "base_shares": 10600,
  "ending_shares": 10600,
  "base_position_pct": 0.6,
  "max_t0_trade_pct": 0.3,
  "max_participation_rate": 0.02,
  "commission_rate": 0.001,
  "slippage_rate": 0.00075,
  "tp": 0.004,
  "sl": 0.002,
  "stop_loss_cooldown_bars": 0,
  "daily_max_trades": 0,
  "daily_max_losses": 0,
  "daily_loss_limit": 0.0,
  "no_overnight": true
}