{
  "total_return": -0.005754565296813063,
  "annualized_return": -0.34265463114851846,
  "max_drawdown": -0.015433457281648133,
  "sharpe": -3.0315688946386237,
  "sortino": -5.2841024956535545,
  "calmar": -22.20206560949683,
  "trade_count": 1,
  "win_rate": 0.0,
  "avg_net_return_per_trade": -0.00015648435836096127,
  "median_net_return_per_trade": -0.00015648435836096127,
  "backtest_mode": "a_share_inventory_t0",
  "trade_direction_mode": "sell_only",
  "buy_threshold": 0.4649245523000572,
  "sell_threshold": 0.4885400796045951,
  "initial_capital": 1000000.0,
  "final_equity": 994000.85032625,
  "final_benchmark_equity": 993604.0,
  "final_alpha_equity": 1000396.85032625,
  "alpha_total_return": 0.0003968503262499201,
  "alpha_sharpe": 2.470167331185162,
  "alpha_sortino": 1.4080690251223282,
  "alpha_calmar": 52.39670286747258,
  "alpha_max_drawdown": -0.0005585077996129728,
  "base_shares": 8200,
  "ending_shares": 8200,
  "base_position_pct": 0.6,
  "max_t0_trade_pct": 0.3,
  "max_participation_rate": 0.02,
  "commission_rate": 0.001,
  "slippage_rate": 0.00075,
  "tp": 0.003,
  "sl": 0.002,
  "no_overnight": true
}