{
  "total_return": -0.08935801449012015,
  "annualized_return": -0.7760221107112214,
  "max_drawdown": -0.1125840127880865,
  "sharpe": -6.022363876535216,
  "sortino": -9.525093351449605,
  "calmar": -6.892826889834745,
  "trade_count": 20,
  "win_rate": 0.55,
  "avg_net_return_per_trade": -0.0013368921790595039,
  "median_net_return_per_trade": 0.0001076411253524449,
  "backtest_mode": "a_share_inventory_t0",
  "trade_direction_mode": "sell_only",
  "buy_threshold": 0.6360969454050064,
  "sell_threshold": 0.8684364974498748,
  "initial_capital": 1000000.0,
  "final_equity": 909785.9820435005,
  "final_benchmark_equity": 911922.0,
  "final_alpha_equity": 997863.9820435005,
  "alpha_total_return": -0.0021360179564994253,
  "alpha_sharpe": -2.2800731121739344,
  "alpha_sortino": -1.128736796330673,
  "alpha_calmar": -4.636491466669751,
  "alpha_max_drawdown": -0.007247191761946659,
  "base_shares": 9400,
  "ending_shares": 9400,
  "base_position_pct": 0.6,
  "max_t0_trade_pct": 0.3,
  "max_participation_rate": 0.05,
  "commission_rate": 0.001,
  "slippage_rate": 0.0005,
  "tp": 0.003,
  "sl": 0.002,
  "stop_loss_cooldown_bars": 0,
  "daily_max_trades": 0,
  "daily_max_losses": 0,
  "daily_loss_limit": 0.0,
  "no_overnight": true
}