{
  "total_return": -0.09274546311032361,
  "annualized_return": -0.7889747674514812,
  "max_drawdown": -0.11555475632452528,
  "sharpe": -6.218331669679722,
  "sortino": -9.80564948959892,
  "calmar": -6.8277134801419646,
  "trade_count": 10,
  "win_rate": 0.1,
  "avg_net_return_per_trade": -0.006322323818865291,
  "median_net_return_per_trade": -0.008069482554248383,
  "backtest_mode": "a_share_inventory_t0",
  "trade_direction_mode": "sell_only",
  "buy_threshold": 0.6214971184730529,
  "sell_threshold": 0.9382578879594803,
  "initial_capital": 1000000.0,
  "final_equity": 906401.717625,
  "final_benchmark_equity": 911922.0,
  "final_alpha_equity": 994479.717625,
  "alpha_total_return": -0.0055202823749999075,
  "alpha_sharpe": -8.139176682930293,
  "alpha_sortino": -3.1895936898372836,
  "alpha_calmar": -11.14372872417134,
  "alpha_max_drawdown": -0.007598907579780434,
  "base_shares": 9400,
  "ending_shares": 9400,
  "base_position_pct": 0.6,
  "max_t0_trade_pct": 0.3,
  "max_participation_rate": 0.02,
  "commission_rate": 0.0015,
  "slippage_rate": 0.001,
  "tp": 0.003,
  "sl": 0.002,
  "stop_loss_cooldown_bars": 6,
  "daily_max_trades": 0,
  "daily_max_losses": 2,
  "daily_loss_limit": 0.0,
  "no_overnight": true
}