{
  "total_return": -0.04903616860859461,
  "annualized_return": -0.5651604953027525,
  "max_drawdown": -0.07994273903068783,
  "sharpe": -2.4610702688344603,
  "sortino": -2.3372774811201755,
  "calmar": -7.069566319034964,
  "trade_count": 10,
  "win_rate": 0.3,
  "avg_net_return_per_trade": -0.003279189567116034,
  "median_net_return_per_trade": -0.005231839964819793,
  "backtest_mode": "a_share_inventory_t0",
  "trade_direction_mode": "sell_only",
  "buy_threshold": 0.6873311519622802,
  "sell_threshold": 0.8585168212652204,
  "initial_capital": 1000000.0,
  "final_equity": 950591.0535695,
  "final_benchmark_equity": 953450.0,
  "final_alpha_equity": 997141.0535695,
  "alpha_total_return": -0.002858946430499998,
  "alpha_sharpe": -3.9526597854301313,
  "alpha_sortino": -1.8252486521245948,
  "alpha_calmar": -9.014795904456072,
  "alpha_max_drawdown": -0.0051375455335044284,
  "base_shares": 9800,
  "ending_shares": 9800,
  "base_position_pct": 0.6,
  "max_t0_trade_pct": 0.3,
  "max_participation_rate": 0.02,
  "commission_rate": 0.001,
  "slippage_rate": 0.0005,
  "tp": 0.004,
  "sl": 0.002,
  "stop_loss_cooldown_bars": 6,
  "daily_max_trades": 0,
  "daily_max_losses": 2,
  "daily_loss_limit": 0.0,
  "no_overnight": true
}