{
  "model": "LSTM",
  "target_col_buy": "buy_label",
  "target_col_sell": "sell_label",
  "feature_count": 194,
  "lookback": 32,
  "params": {
    "hidden_dim": 256,
    "num_layers": 2,
    "dropout": 0.3,
    "output_dim": 1
  },
  "buy_fit": {
    "best_score": 0.5645653728079398,
    "best_valid_auc": 0.5645653728079398,
    "epochs_ran": 11,
    "pos_rate": 0.27714646464646464,
    "pos_weight": 2.6082004555808656,
    "device": "cpu"
  },
  "sell_fit": {
    "best_score": 0.5681251700280132,
    "best_valid_auc": 0.5681251700280132,
    "epochs_ran": 19,
    "pos_rate": 0.32228535353535354,
    "pos_weight": 2.1028403525954946,
    "device": "cpu"
  },
  "valid_buy_auc": 0.5645653728079398,
  "valid_buy_positive_rate": 0.2799479166666667,
  "valid_buy_prob_mean": 0.48378434777259827,
  "valid_buy_prob_std": 0.07663867622613907,
  "valid_buy_prob_min": 0.3132534921169281,
  "valid_buy_prob_max": 0.71207594871521,
  "valid_buy_acc_05": 0.6002604166666666,
  "valid_buy_precision_05": 0.3283582089552239,
  "valid_buy_recall_05": 0.40930232558139534,
  "valid_buy_f1_05": 0.36438923395445133,
  "valid_buy_q90_threshold": 0.5966305136680603,
  "valid_buy_q95_threshold": 0.6396319270133972,
  "test_buy_auc": 0.5186795774647887,
  "test_buy_positive_rate": 0.2604166666666667,
  "test_buy_prob_mean": 0.4830828011035919,
  "test_buy_prob_std": 0.06389758735895157,
  "test_buy_prob_min": 0.34412655234336853,
  "test_buy_prob_max": 0.6422631740570068,
  "test_buy_acc_05": 0.5651041666666666,
  "test_buy_precision_05": 0.27364864864864863,
  "test_buy_recall_05": 0.405,
  "test_buy_f1_05": 0.32661290322580644,
  "test_buy_q90_threshold": 0.5765149593353271,
  "test_buy_q95_threshold": 0.5966980457305908,
  "valid_sell_auc": 0.5681251700280132,
  "valid_sell_positive_rate": 0.3606770833333333,
  "valid_sell_prob_mean": 0.5240670442581177,
  "valid_sell_prob_std": 0.2136097252368927,
  "valid_sell_prob_min": 0.07903061807155609,
  "valid_sell_prob_max": 0.9835084080696106,
  "valid_sell_acc_05": 0.5364583333333334,
  "valid_sell_precision_05": 0.4024691358024691,
  "valid_sell_recall_05": 0.5884476534296029,
  "valid_sell_f1_05": 0.4780058651026393,
  "valid_sell_q90_threshold": 0.8271558284759521,
  "valid_sell_q95_threshold": 0.8835047483444214,
  "test_sell_auc": 0.5030685082552303,
  "test_sell_positive_rate": 0.3723958333333333,
  "test_sell_prob_mean": 0.53908771276474,
  "test_sell_prob_std": 0.20255957543849945,
  "test_sell_prob_min": 0.07005053013563156,
  "test_sell_prob_max": 0.9550982713699341,
  "test_sell_acc_05": 0.4973958333333333,
  "test_sell_precision_05": 0.38425925925925924,
  "test_sell_recall_05": 0.5804195804195804,
  "test_sell_f1_05": 0.4623955431754875,
  "test_sell_q90_threshold": 0.80811607837677,
  "test_sell_q95_threshold": 0.8679991364479065
}