{
  "scenario_count": 12,
  "all_alpha_positive": false,
  "min_alpha_total_return": -0.0030613920877499146,
  "worst_alpha_max_drawdown": -0.0035333553525311867,
  "min_trade_count": 3
}