model_label,epoch,train_loss,valid_loss,valid_auc,valid_prob_mean,valid_prob_max
CNN_buy,1,1.1240446631972854,0.9731553196907043,0.4545454545454546,0.4206188917160034,0.5594228506088257
CNN_buy,2,1.00021662261035,0.9787111878395081,0.4637027206370273,0.4451347291469574,0.6102766394615173
CNN_buy,3,0.9498912128242286,0.9948158860206604,0.45879230258792303,0.46405377984046936,0.6685318946838379
