model_label,epoch,train_loss,valid_loss,valid_auc,valid_prob_mean,valid_prob_max
CNN_sell,1,1.1323901318215035,1.015683650970459,0.4954213669542136,0.23941564559936523,0.4008066654205322
CNN_sell,2,1.047763653703638,1.0011402368545532,0.4870603848706039,0.24922287464141846,0.3966231346130371
CNN_sell,3,0.9851358065734038,0.9771468639373779,0.527007299270073,0.26098617911338806,0.420298308134079
