{
  "model": "CNN",
  "target_col_buy": "buy_label",
  "target_col_sell": "sell_label",
  "feature_count": 194,
  "lookback": 8,
  "params": {
    "channels": 64,
    "kernel_size": 3,
    "dropout": 0.3,
    "output_dim": 1
  },
  "buy_fit": {
    "best_score": 0.4637027206370273,
    "best_valid_auc": 0.4637027206370273,
    "epochs_ran": 3,
    "pos_rate": 0.30574324324324326,
    "pos_weight": 2.270718232044199,
    "device": "cpu"
  },
  "sell_fit": {
    "best_score": 0.527007299270073,
    "best_valid_auc": 0.527007299270073,
    "epochs_ran": 3,
    "pos_rate": 0.33783783783783783,
    "pos_weight": 1.9600000000000002,
    "device": "cpu"
  },
  "valid_buy_auc": 0.4637027206370273,
  "valid_buy_positive_rate": 0.2864583333333333,
  "valid_buy_prob_mean": 0.4451347291469574,
  "valid_buy_prob_std": 0.07985993474721909,
  "valid_buy_prob_min": 0.29861292243003845,
  "valid_buy_prob_max": 0.6102766394615173,
  "valid_buy_acc_05": 0.578125,
  "valid_buy_precision_05": 0.25925925925925924,
  "valid_buy_recall_05": 0.2545454545454545,
  "valid_buy_f1_05": 0.25688073394495414,
  "valid_buy_q90_threshold": 0.5562700629234314,
  "valid_buy_q95_threshold": 0.5753785967826843,
  "test_buy_auc": 0.38593750000000004,
  "test_buy_positive_rate": 0.21052631578947367,
  "test_buy_prob_mean": 0.37265560030937195,
  "test_buy_prob_std": 0.06784942746162415,
  "test_buy_prob_min": 0.2809859812259674,
  "test_buy_prob_max": 0.536615252494812,
  "test_buy_acc_05": 0.7631578947368421,
  "test_buy_precision_05": 0.35714285714285715,
  "test_buy_recall_05": 0.15625,
  "test_buy_f1_05": 0.21739130434782608,
  "test_buy_q90_threshold": 0.49725282192230225,
  "test_buy_q95_threshold": 0.5109278559684753,
  "valid_sell_auc": 0.527007299270073,
  "valid_sell_positive_rate": 0.2864583333333333,
  "valid_sell_prob_mean": 0.26098617911338806,
  "valid_sell_prob_std": 0.05642036721110344,
  "valid_sell_prob_min": 0.14840631186962128,
  "valid_sell_prob_max": 0.420298308134079,
  "valid_sell_acc_05": 0.7135416666666666,
  "valid_sell_precision_05": 0.0,
  "valid_sell_recall_05": 0.0,
  "valid_sell_f1_05": 0.0,
  "valid_sell_q90_threshold": 0.36144208908081055,
  "valid_sell_q95_threshold": 0.38981306552886963,
  "test_sell_auc": 0.5562745098039216,
  "test_sell_positive_rate": 0.32894736842105265,
  "test_sell_prob_mean": 0.2722553312778473,
  "test_sell_prob_std": 0.07087402790784836,
  "test_sell_prob_min": 0.10429800301790237,
  "test_sell_prob_max": 0.4258083403110504,
  "test_sell_acc_05": 0.6710526315789473,
  "test_sell_precision_05": 0.0,
  "test_sell_recall_05": 0.0,
  "test_sell_f1_05": 0.0,
  "test_sell_q90_threshold": 0.3575478196144104,
  "test_sell_q95_threshold": 0.39172235131263733
}