{
  "lookback": 6,
  "lookback_minutes": 30,
  "horizon": 2,
  "horizon_minutes": 10,
  "best_valid_auc": 0.6402045990143909,
  "valid_auc": 0.6402045990143909,
  "test_auc": 0.5856434230314891,
  "train_positive_rate": 0.25081776933628785,
  "valid_positive_rate": 0.26780963641738104,
  "test_positive_rate": 0.3031527093596059,
  "valid_action_metrics": {
    "accuracy": 0.45167011528229384,
    "buy_auc": 0.6402045990143909,
    "sell_auc": 0.6313740846149034,
    "buy_positive_rate": 0.26780963641738104,
    "sell_positive_rate": 0.3099812789437383,
    "hold_rate": 0.4222090846388807
  },
  "test_action_metrics": {
    "accuracy": 0.39822660098522167,
    "buy_auc": 0.5856434230314891,
    "sell_auc": 0.5816120272708232,
    "buy_positive_rate": 0.3031527093596059,
    "sell_positive_rate": 0.3351724137931035,
    "hold_rate": 0.36167487684729066
  },
  "test_trade_return_mean_all": 0.0001314939830994275,
  "test_trade_return_mean_label_1": -4.308930180775843e-05,
  "selected_threshold": 0.533665907382965,
  "selected_quantile": 0.95,
  "selected_threshold_test_stats": {
    "threshold": 0.533665907382965,
    "horizon": 2,
    "round_trip_cost": 0.003,
    "trade_count": 208,
    "win_rate": 0.27884615384615385,
    "gross_return_mean": -0.0008041555768109524,
    "net_return_mean": -0.0038041555768109528,
    "gross_return_median": -0.0011493620644961733,
    "net_return_median": -0.004149362064496173,
    "total_return": -0.5510283042350018,
    "max_drawdown": -0.550561192845147,
    "per_trade_sharpe": -0.4338969279034725,
    "trades_per_year": 228.73802728555748,
    "bar_annualized_sharpe": -46.76434727028627,
    "sharpe": -6.562295169261313,
    "avg_pred_prob": 0.5558877137417977,
    "positive_label_rate": 0.5384615384615384,
    "buy_label_rate": 0.3557692307692308,
    "selected_by": "validation_net_return_mean",
    "selected_quantile": 0.95
  },
  "output_dir": "outputs\\diagnostics\\horizon_compare\\lb6_h2",
  "seed": 42
}