{
  "lookback": 6,
  "lookback_minutes": 30,
  "horizon": 2,
  "horizon_minutes": 10,
  "best_valid_auc": 0.7024001295770477,
  "valid_auc": 0.7024001295770477,
  "test_auc": 0.6582842074650406,
  "train_positive_rate": 0.13797615279096762,
  "valid_positive_rate": 0.17282490885801557,
  "test_positive_rate": 0.19330049261083743,
  "test_trade_return_mean_all": 0.0001314939830994275,
  "test_trade_return_mean_label_1": 0.007654023022966299,
  "selected_threshold": 0.790952491760254,
  "selected_quantile": 0.95,
  "selected_threshold_test_stats": {
    "threshold": 0.790952491760254,
    "horizon": 2,
    "round_trip_cost": 0.003,
    "trade_count": 177,
    "win_rate": 0.3220338983050847,
    "gross_return_mean": -6.287948706621911e-05,
    "net_return_mean": -0.003062879487066219,
    "gross_return_median": -0.0003024193548387677,
    "net_return_median": -0.0033024193548387678,
    "total_return": -0.42492590334804714,
    "max_drawdown": -0.43345352813743976,
    "sharpe": -30.596859033688133,
    "avg_pred_prob": 0.8057420236916192,
    "positive_label_rate": 0.3220338983050847,
    "selected_by": "validation_net_return_mean",
    "selected_quantile": 0.95
  },
  "output_dir": "outputs\\diagnostics\\horizon_compare\\lb6_h2"
}