{
  "fold": 2,
  "model_summaries": {
    "lstm": {
      "model": "LSTM",
      "target_col_buy": "buy_label",
      "target_col_sell": "sell_label",
      "feature_count": 194,
      "lookback": 24,
      "params": {
        "hidden_dim": 256,
        "num_layers": 2,
        "dropout": 0.3,
        "output_dim": 1
      },
      "buy_fit": {
        "best_score": 0.564424778761062,
        "best_valid_auc": 0.564424778761062,
        "epochs_ran": 11,
        "pos_rate": 0.31454659949622166,
        "pos_weight": 2.179179179179179,
        "device": "cpu"
      },
      "sell_fit": {
        "best_score": 0.5741275914468685,
        "best_valid_auc": 0.5741275914468685,
        "epochs_ran": 20,
        "pos_rate": 0.3850755667506297,
        "pos_weight": 1.5968928863450533,
        "device": "cpu"
      },
      "valid_buy_auc": 0.564424778761062,
      "valid_buy_positive_rate": 0.2912371134020619,
      "valid_buy_prob_mean": 0.5033462643623352,
      "valid_buy_prob_std": 0.07982490211725235,
      "valid_buy_prob_min": 0.30738601088523865,
      "valid_buy_prob_max": 0.7467884421348572,
      "valid_buy_acc_05": 0.538659793814433,
      "valid_buy_precision_05": 0.32065217391304346,
      "valid_buy_recall_05": 0.5221238938053098,
      "valid_buy_f1_05": 0.39730639730639733,
      "valid_buy_q90_threshold": 0.6174067258834839,
      "valid_buy_q95_threshold": 0.652039110660553,
      "test_buy_auc": 0.5444760182554034,
      "test_buy_positive_rate": 0.30541237113402064,
      "test_buy_prob_mean": 0.5131770968437195,
      "test_buy_prob_std": 0.07941894978284836,
      "test_buy_prob_min": 0.29933035373687744,
      "test_buy_prob_max": 0.7044836282730103,
      "test_buy_acc_05": 0.4896907216494845,
      "test_buy_precision_05": 0.32679738562091504,
      "test_buy_recall_05": 0.6329113924050633,
      "test_buy_f1_05": 0.43103448275862066,
      "test_buy_q90_threshold": 0.6129107475280762,
      "test_buy_q95_threshold": 0.643744707107544,
      "valid_sell_auc": 0.5741275914468685,
      "valid_sell_positive_rate": 0.42783505154639173,
      "valid_sell_prob_mean": 0.3654400408267975,
      "valid_sell_prob_std": 0.321100115776062,
      "valid_sell_prob_min": 0.00012422453437466174,
      "valid_sell_prob_max": 0.9973177313804626,
      "valid_sell_acc_05": 0.5695876288659794,
      "valid_sell_precision_05": 0.49624060150375937,
      "valid_sell_recall_05": 0.39759036144578314,
      "valid_sell_f1_05": 0.4414715719063545,
      "valid_sell_q90_threshold": 0.8790596723556519,
      "valid_sell_q95_threshold": 0.933201789855957,
      "test_sell_auc": 0.5070593830683517,
      "test_sell_positive_rate": 0.4252577319587629,
      "test_sell_prob_mean": 0.34284618496894836,
      "test_sell_prob_std": 0.2945757210254669,
      "test_sell_prob_min": 0.00045747749391011894,
      "test_sell_prob_max": 0.9900729656219482,
      "test_sell_acc_05": 0.5399484536082474,
      "test_sell_precision_05": 0.44664031620553357,
      "test_sell_recall_05": 0.3424242424242424,
      "test_sell_f1_05": 0.3876500857632933,
      "test_sell_q90_threshold": 0.807425856590271,
      "test_sell_q95_threshold": 0.8772148489952087
    }
  },
  "selected_model_summary": {
    "model": "LSTM",
    "target_col_buy": "buy_label",
    "target_col_sell": "sell_label",
    "feature_count": 194,
    "lookback": 24,
    "params": {
      "hidden_dim": 256,
      "num_layers": 2,
      "dropout": 0.3,
      "output_dim": 1
    },
    "buy_fit": {
      "best_score": 0.564424778761062,
      "best_valid_auc": 0.564424778761062,
      "epochs_ran": 11,
      "pos_rate": 0.31454659949622166,
      "pos_weight": 2.179179179179179,
      "device": "cpu"
    },
    "sell_fit": {
      "best_score": 0.5741275914468685,
      "best_valid_auc": 0.5741275914468685,
      "epochs_ran": 20,
      "pos_rate": 0.3850755667506297,
      "pos_weight": 1.5968928863450533,
      "device": "cpu"
    },
    "valid_buy_auc": 0.564424778761062,
    "valid_buy_positive_rate": 0.2912371134020619,
    "valid_buy_prob_mean": 0.5033462643623352,
    "valid_buy_prob_std": 0.07982490211725235,
    "valid_buy_prob_min": 0.30738601088523865,
    "valid_buy_prob_max": 0.7467884421348572,
    "valid_buy_acc_05": 0.538659793814433,
    "valid_buy_precision_05": 0.32065217391304346,
    "valid_buy_recall_05": 0.5221238938053098,
    "valid_buy_f1_05": 0.39730639730639733,
    "valid_buy_q90_threshold": 0.6174067258834839,
    "valid_buy_q95_threshold": 0.652039110660553,
    "test_buy_auc": 0.5444760182554034,
    "test_buy_positive_rate": 0.30541237113402064,
    "test_buy_prob_mean": 0.5131770968437195,
    "test_buy_prob_std": 0.07941894978284836,
    "test_buy_prob_min": 0.29933035373687744,
    "test_buy_prob_max": 0.7044836282730103,
    "test_buy_acc_05": 0.4896907216494845,
    "test_buy_precision_05": 0.32679738562091504,
    "test_buy_recall_05": 0.6329113924050633,
    "test_buy_f1_05": 0.43103448275862066,
    "test_buy_q90_threshold": 0.6129107475280762,
    "test_buy_q95_threshold": 0.643744707107544,
    "valid_sell_auc": 0.5741275914468685,
    "valid_sell_positive_rate": 0.42783505154639173,
    "valid_sell_prob_mean": 0.3654400408267975,
    "valid_sell_prob_std": 0.321100115776062,
    "valid_sell_prob_min": 0.00012422453437466174,
    "valid_sell_prob_max": 0.9973177313804626,
    "valid_sell_acc_05": 0.5695876288659794,
    "valid_sell_precision_05": 0.49624060150375937,
    "valid_sell_recall_05": 0.39759036144578314,
    "valid_sell_f1_05": 0.4414715719063545,
    "valid_sell_q90_threshold": 0.8790596723556519,
    "valid_sell_q95_threshold": 0.933201789855957,
    "test_sell_auc": 0.5070593830683517,
    "test_sell_positive_rate": 0.4252577319587629,
    "test_sell_prob_mean": 0.34284618496894836,
    "test_sell_prob_std": 0.2945757210254669,
    "test_sell_prob_min": 0.00045747749391011894,
    "test_sell_prob_max": 0.9900729656219482,
    "test_sell_acc_05": 0.5399484536082474,
    "test_sell_precision_05": 0.44664031620553357,
    "test_sell_recall_05": 0.3424242424242424,
    "test_sell_f1_05": 0.3876500857632933,
    "test_sell_q90_threshold": 0.807425856590271,
    "test_sell_q95_threshold": 0.8772148489952087
  },
  "t0_stats": {
    "total_return": -0.09355891137289785,
    "annualized_return": -0.8038800587256417,
    "max_drawdown": -0.11375251709626166,
    "sharpe": -6.072209839407831,
    "sortino": -9.675188358056175,
    "calmar": -7.066921060264259,
    "trade_count": 12,
    "win_rate": 0.4166666666666667,
    "avg_net_return_per_trade": -0.0025799059217704195,
    "median_net_return_per_trade": -0.004737734282635406,
    "backtest_mode": "a_share_inventory_t0",
    "trade_direction_mode": "sell_only",
    "buy_threshold": 0.6520390957593918,
    "sell_threshold": 0.933201789855957,
    "initial_capital": 1000000.0,
    "final_equity": 910832.7957015005,
    "final_benchmark_equity": 913740.0,
    "final_alpha_equity": 997092.7957015005,
    "alpha_total_return": -0.002907204298499555,
    "alpha_sharpe": -3.9650637833973588,
    "alpha_sortino": -1.6863328398046988,
    "alpha_calmar": -9.966931271021542,
    "alpha_max_drawdown": -0.0047292446217043205,
    "base_shares": 9500,
    "ending_shares": 9500,
    "base_position_pct": 0.6,
    "max_t0_trade_pct": 0.3,
    "max_participation_rate": 0.05,
    "commission_rate": 0.001,
    "slippage_rate": 0.0005,
    "tp": 0.004,
    "sl": 0.003,
    "stop_loss_cooldown_bars": 0,
    "daily_max_trades": 0,
    "daily_max_losses": 0,
    "daily_loss_limit": 0.0,
    "no_overnight": true
  },
  "stress_stats": {
    "stress_scenario_count": 12,
    "stress_min_alpha_total_return": -0.005764414392999795,
    "stress_worst_alpha_drawdown": -0.007304029476791651,
    "stress_min_trade_count": 12
  },
  "sell_threshold_grid_stats": {
    "sell_grid_best_rule": "sell_only_q90",
    "sell_grid_best_quantile": 0.9,
    "sell_grid_best_alpha_total_return": 0.0016928955720003636,
    "sell_grid_best_trade_count": 17,