{
  "total_return": -0.049815717720846364,
  "annualized_return": -0.571027020649177,
  "max_drawdown": -0.08043183136239518,
  "sharpe": -2.503108618027993,
  "sortino": -2.3800907114305647,
  "calmar": -7.099515340839957,
  "trade_count": 13,
  "win_rate": 0.3076923076923077,
  "avg_net_return_per_trade": -0.003425339503601592,
  "median_net_return_per_trade": -0.004823486145412834,
  "backtest_mode": "a_share_inventory_t0",
  "trade_direction_mode": "sell_only",
  "buy_threshold": 0.7226963907480239,
  "sell_threshold": 0.8939995074272156,
  "initial_capital": 1000000.0,
  "final_equity": 949811.8100405002,
  "final_benchmark_equity": 953450.0,
  "final_alpha_equity": 996361.8100405002,
  "alpha_total_return": -0.003638189959499716,
  "alpha_sharpe": -4.157660714255039,
  "alpha_sortino": -2.141270642504605,
  "alpha_calmar": -11.075640234802785,
  "alpha_max_drawdown": -0.005289385758750487,
  "base_shares": 9800,
  "ending_shares": 9800,
  "base_position_pct": 0.6,
  "max_t0_trade_pct": 0.3,
  "max_participation_rate": 0.05,
  "commission_rate": 0.001,
  "slippage_rate": 0.0005,
  "tp": 0.003,
  "sl": 0.002,
  "stop_loss_cooldown_bars": 0,
  "daily_max_trades": 0,
  "daily_max_losses": 0,
  "daily_loss_limit": 0.0,
  "no_overnight": true
}