{
  "total_return": -0.04639660220064079,
  "annualized_return": -0.5451832593652988,
  "max_drawdown": -0.07845189951965903,
  "sharpe": -2.355700403629896,
  "sortino": -2.2399460463266396,
  "calmar": -6.949267802351719,
  "trade_count": 3,
  "win_rate": 0.0,
  "avg_net_return_per_trade": -0.0044251497633208655,
  "median_net_return_per_trade": -0.0062926642106064775,
  "backtest_mode": "a_share_inventory_t0",
  "trade_direction_mode": "sell_only",
  "buy_threshold": 0.6456784754991531,
  "sell_threshold": 0.8851497173309326,
  "initial_capital": 1000000.0,
  "final_equity": 952762.3196025002,
  "final_benchmark_equity": 953940.0,
  "final_alpha_equity": 998822.3196025002,
  "alpha_total_return": -0.0011776803974997696,
  "alpha_sharpe": -4.188261367431248,
  "alpha_sortino": -1.6374345437018274,
  "alpha_calmar": -16.171820355068633,
  "alpha_max_drawdown": -0.0011966738238320396,
  "base_shares": 9800,
  "ending_shares": 9800,
  "base_position_pct": 0.6,
  "max_t0_trade_pct": 0.3,
  "max_participation_rate": 0.05,
  "commission_rate": 0.001,
  "slippage_rate": 0.0005,
  "tp": 0.004,
  "sl": 0.003,
  "stop_loss_cooldown_bars": 6,
  "daily_max_trades": 0,
  "daily_max_losses": 2,
  "daily_loss_limit": 0.0,
  "no_overnight": true
}