model_label,epoch,train_loss,valid_loss,valid_auc,valid_prob_mean,valid_prob_max
LSTM_buy,1,1.2700106775438464,1.5362529754638672,0.5905375848969725,0.32468387484550476,0.47605225443840027
LSTM_buy,2,1.1066061677159489,1.471670150756836,0.5222746632899735,0.3739190399646759,0.571054220199585
LSTM_buy,3,0.9907423628343118,1.4118536710739136,0.4764590767813975,0.4598356783390045,0.7623820900917053
