model_label,epoch,train_loss,valid_loss,valid_auc,valid_prob_mean,valid_prob_max
LSTM_sell,1,0.9409648679398201,0.8622480034828186,0.3936813186813187,0.4420868456363678,0.6292903423309326
LSTM_sell,2,0.8721569969847396,0.8817862868309021,0.40123626373626375,0.4615565240383148,0.7027953267097473
LSTM_sell,3,0.8343267843529985,0.9138140678405762,0.41387362637362635,0.4775104224681854,0.7921426296234131
