{
  "model": "LSTM",
  "target_col_buy": "buy_label",
  "target_col_sell": "sell_label",
  "feature_count": 194,
  "lookback": 8,
  "params": {
    "hidden_dim": 256,
    "num_layers": 2,
    "dropout": 0.3,
    "output_dim": 1
  },
  "buy_fit": {
    "best_score": 0.5905375848969725,
    "best_valid_auc": 0.5905375848969725,
    "epochs_ran": 3,
    "pos_rate": 0.24493243243243243,
    "pos_weight": 3.0827586206896553,
    "device": "cpu"
  },
  "sell_fit": {
    "best_score": 0.41387362637362635,
    "best_valid_auc": 0.41387362637362635,
    "epochs_ran": 3,
    "pos_rate": 0.3581081081081081,
    "pos_weight": 1.7924528301886793,
    "device": "cpu"
  },
  "valid_buy_auc": 0.5905375848969725,
  "valid_buy_positive_rate": 0.3802083333333333,
  "valid_buy_prob_mean": 0.32468387484550476,
  "valid_buy_prob_std": 0.0695333331823349,
  "valid_buy_prob_min": 0.20709291100502014,
  "valid_buy_prob_max": 0.47605225443840027,
  "valid_buy_acc_05": 0.6197916666666666,
  "valid_buy_precision_05": 0.0,
  "valid_buy_recall_05": 0.0,
  "valid_buy_f1_05": 0.0,
  "valid_buy_q90_threshold": 0.43347296118736267,
  "valid_buy_q95_threshold": 0.4592578113079071,
  "test_buy_auc": 0.49722991689750695,
  "test_buy_positive_rate": 0.25,
  "test_buy_prob_mean": 0.31197285652160645,
  "test_buy_prob_std": 0.05725898593664169,
  "test_buy_prob_min": 0.22215360403060913,
  "test_buy_prob_max": 0.470767080783844,
  "test_buy_acc_05": 0.75,
  "test_buy_precision_05": 0.0,
  "test_buy_recall_05": 0.0,
  "test_buy_f1_05": 0.0,
  "test_buy_q90_threshold": 0.4104764461517334,
  "test_buy_q95_threshold": 0.4409773349761963,
  "valid_sell_auc": 0.41387362637362635,
  "valid_sell_positive_rate": 0.2708333333333333,
  "valid_sell_prob_mean": 0.4775104224681854,
  "valid_sell_prob_std": 0.1347879022359848,
  "valid_sell_prob_min": 0.20693521201610565,
  "valid_sell_prob_max": 0.7921426296234131,
  "valid_sell_acc_05": 0.421875,
  "valid_sell_precision_05": 0.1958762886597938,
  "valid_sell_recall_05": 0.36538461538461536,
  "valid_sell_f1_05": 0.2550335570469799,
  "valid_sell_q90_threshold": 0.6189368367195129,
  "valid_sell_q95_threshold": 0.685467004776001,
  "test_sell_auc": 0.5590608950843727,
  "test_sell_positive_rate": 0.3815789473684211,
  "test_sell_prob_mean": 0.5254079103469849,
  "test_sell_prob_std": 0.09995092451572418,
  "test_sell_prob_min": 0.3347809612751007,
  "test_sell_prob_max": 0.8040339946746826,
  "test_sell_acc_05": 0.5263157894736842,
  "test_sell_precision_05": 0.4186046511627907,
  "test_sell_recall_05": 0.6206896551724138,
  "test_sell_f1_05": 0.5,
  "test_sell_q90_threshold": 0.6525364518165588,
  "test_sell_q95_threshold": 0.7212523221969604
}