{
  "model": "LSTM",
  "target_col_buy": "buy_label",
  "target_col_sell": "sell_label",
  "feature_count": 194,
  "lookback": 16,
  "params": {
    "hidden_dim": 256,
    "num_layers": 2,
    "dropout": 0.3,
    "output_dim": 1
  },
  "buy_fit": {
    "best_score": 0.5430355235042734,
    "best_valid_auc": 0.5430355235042734,
    "epochs_ran": 16,
    "pos_rate": 0.2638190954773869,
    "pos_weight": 2.7904761904761908,
    "device": "cpu"
  },
  "sell_fit": {
    "best_score": 0.5563855514183716,
    "best_valid_auc": 0.5563855514183716,
    "epochs_ran": 12,
    "pos_rate": 0.33699748743718594,
    "pos_weight": 1.9673811742777259,
    "device": "cpu"
  },
  "valid_buy_auc": 0.5430355235042734,
  "valid_buy_positive_rate": 0.2653061224489796,
  "valid_buy_prob_mean": 0.41296565532684326,
  "valid_buy_prob_std": 0.13663999736309052,
  "valid_buy_prob_min": 0.1439036875963211,
  "valid_buy_prob_max": 0.7450622916221619,
  "valid_buy_acc_05": 0.6326530612244898,
  "valid_buy_precision_05": 0.3113207547169811,
  "valid_buy_recall_05": 0.3173076923076923,
  "valid_buy_f1_05": 0.3142857142857143,
  "valid_buy_q90_threshold": 0.5988490581512451,
  "valid_buy_q95_threshold": 0.6333531737327576,
  "test_buy_auc": 0.536230112154408,
  "test_buy_positive_rate": 0.2755102040816326,
  "test_buy_prob_mean": 0.49871817231178284,
  "test_buy_prob_std": 0.13380347192287445,
  "test_buy_prob_min": 0.09654329717159271,
  "test_buy_prob_max": 0.773233950138092,
  "test_buy_acc_05": 0.5038265306122449,
  "test_buy_precision_05": 0.2885085574572127,
  "test_buy_recall_05": 0.5462962962962963,
  "test_buy_f1_05": 0.3776,
  "test_buy_q90_threshold": 0.6803755760192871,
  "test_buy_q95_threshold": 0.7128588557243347,
  "valid_sell_auc": 0.5563855514183716,
  "valid_sell_positive_rate": 0.3048469387755102,
  "valid_sell_prob_mean": 0.48721352219581604,
  "valid_sell_prob_std": 0.0694320946931839,
  "valid_sell_prob_min": 0.2759510278701782,
  "valid_sell_prob_max": 0.7604159712791443,
  "valid_sell_acc_05": 0.5688775510204082,
  "valid_sell_precision_05": 0.3504531722054381,
  "valid_sell_recall_05": 0.48535564853556484,
  "valid_sell_f1_05": 0.4070175438596491,
  "valid_sell_q90_threshold": 0.5728844404220581,
  "valid_sell_q95_threshold": 0.595691442489624,
  "test_sell_auc": 0.5032816901408451,
  "test_sell_positive_rate": 0.3622448979591837,
  "test_sell_prob_mean": 0.46287891268730164,
  "test_sell_prob_std": 0.06793509423732758,
  "test_sell_prob_min": 0.23757681250572205,
  "test_sell_prob_max": 0.6778243184089661,
  "test_sell_acc_05": 0.5586734693877551,
  "test_sell_precision_05": 0.36403508771929827,
  "test_sell_recall_05": 0.29225352112676056,
  "test_sell_f1_05": 0.32421875,
  "test_sell_q90_threshold": 0.5496352314949036,
  "test_sell_q95_threshold": 0.5673409104347229
}