{
  "model": "auc_weighted_ensemble",
  "member_models": [
    "logistic_regression",
    "random_forest"
  ],
  "buy_weight_method": "equal_fallback_no_positive_auc_edge",
  "sell_weight_method": "valid_auc_edge_over_0p5",
  "feature_count": 194,
  "lookback": null,
  "valid_buy_auc": 0.45321831453218314,
  "valid_buy_positive_rate": 0.2864583333333333,
  "valid_buy_prob_mean": 0.5156925508993592,
  "valid_buy_prob_std": 0.13646964727711372,
  "valid_buy_prob_min": 0.18637168750040017,
  "valid_buy_prob_max": 0.7820926592510271,
  "valid_buy_acc_05": 0.4322916666666667,
  "valid_buy_precision_05": 0.24528301886792453,
  "valid_buy_recall_05": 0.4727272727272727,
  "valid_buy_f1_05": 0.32298136645962733,
  "valid_buy_q90_threshold": 0.6939442514674646,
  "valid_buy_q95_threshold": 0.7113386557652472,
  "test_buy_auc": 0.6145833333333334,
  "test_buy_positive_rate": 0.21052631578947367,
  "test_buy_prob_mean": 0.38316889357218126,
  "test_buy_prob_std": 0.17009682001761178,
  "test_buy_prob_min": 0.16599729059263374,
  "test_buy_prob_max": 0.709023801961838,
  "test_buy_acc_05": 0.6644736842105263,
  "test_buy_precision_05": 0.28888888888888886,
  "test_buy_recall_05": 0.40625,
  "test_buy_f1_05": 0.33766233766233766,
  "test_buy_q90_threshold": 0.6485906264752139,
  "test_buy_q95_threshold": 0.6675986492547054,
  "valid_sell_auc": 0.5195753151957532,
  "valid_sell_positive_rate": 0.2864583333333333,
  "valid_sell_prob_mean": 0.4118654748919833,
  "valid_sell_prob_std": 0.06680023142782489,
  "valid_sell_prob_min": 0.23637464492262517,
  "valid_sell_prob_max": 0.5914954593665513,
  "valid_sell_acc_05": 0.6666666666666666,
  "valid_sell_precision_05": 0.2631578947368421,
  "valid_sell_recall_05": 0.09090909090909091,
  "valid_sell_f1_05": 0.13513513513513514,
  "valid_sell_q90_threshold": 0.4976178226700716,
  "valid_sell_q95_threshold": 0.5209025421464168,
  "test_sell_auc": 0.6427450980392156,
  "test_sell_positive_rate": 0.32894736842105265,
  "test_sell_prob_mean": 0.4470208690653655,
  "test_sell_prob_std": 0.05792596595518248,
  "test_sell_prob_min": 0.2829935177614129,
  "test_sell_prob_max": 0.5852612826578046,
  "test_sell_acc_05": 0.6776315789473685,
  "test_sell_precision_05": 0.5185185185185185,
  "test_sell_recall_05": 0.28,
  "test_sell_f1_05": 0.36363636363636365,
  "test_sell_q90_threshold": 0.5270760699818796,
  "test_sell_q95_threshold": 0.5379176266493775
}