{
  "fold": 1,
  "model_summaries": {
    "lstm": {
      "model": "LSTM",
      "target_col_buy": "buy_label",
      "target_col_sell": "sell_label",
      "feature_count": 194,
      "lookback": 24,
      "params": {
        "hidden_dim": 256,
        "num_layers": 2,
        "dropout": 0.3,
        "output_dim": 1
      },
      "buy_fit": {
        "best_score": 0.5269443166129775,
        "best_valid_auc": 0.5269443166129775,
        "epochs_ran": 20,
        "pos_rate": 0.2991183879093199,
        "pos_weight": 2.343157894736842,
        "device": "cpu"
      },
      "sell_fit": {
        "best_score": 0.5631125134498501,
        "best_valid_auc": 0.5631125134498501,
        "epochs_ran": 20,
        "pos_rate": 0.41435768261964734,
        "pos_weight": 1.4133738601823709,
        "device": "cpu"
      },
      "valid_buy_auc": 0.5269443166129775,
      "valid_buy_positive_rate": 0.3170103092783505,
      "valid_buy_prob_mean": 0.3773578107357025,
      "valid_buy_prob_std": 0.3148740828037262,
      "valid_buy_prob_min": 0.0036131797824054956,
      "valid_buy_prob_max": 0.9842124581336975,
      "valid_buy_acc_05": 0.5670103092783505,
      "valid_buy_precision_05": 0.33455882352941174,
      "valid_buy_recall_05": 0.3699186991869919,
      "valid_buy_f1_05": 0.35135135135135137,
      "valid_buy_q90_threshold": 0.8709014654159546,
      "valid_buy_q95_threshold": 0.9164307117462158,
      "test_buy_auc": 0.4198069187449719,
      "test_buy_positive_rate": 0.2912371134020619,
      "test_buy_prob_mean": 0.3860286474227905,
      "test_buy_prob_std": 0.2957742512226105,
      "test_buy_prob_min": 0.0016177893849089742,
      "test_buy_prob_max": 0.9804794788360596,
      "test_buy_acc_05": 0.529639175257732,
      "test_buy_precision_05": 0.256140350877193,
      "test_buy_recall_05": 0.3230088495575221,
      "test_buy_f1_05": 0.2857142857142857,
      "test_buy_q90_threshold": 0.8404444456100464,
      "test_buy_q95_threshold": 0.9158788919448853,
      "valid_sell_auc": 0.5631125134498501,
      "valid_sell_positive_rate": 0.35309278350515466,
      "valid_sell_prob_mean": 0.43346771597862244,
      "valid_sell_prob_std": 0.2992335557937622,
      "valid_sell_prob_min": 0.007945725694298744,
      "valid_sell_prob_max": 0.9718262553215027,
      "valid_sell_acc_05": 0.5708762886597938,
      "valid_sell_precision_05": 0.40923076923076923,
      "valid_sell_recall_05": 0.4854014598540146,
      "valid_sell_f1_05": 0.44407345575959933,
      "valid_sell_q90_threshold": 0.8641753196716309,
      "valid_sell_q95_threshold": 0.9058243632316589,
      "test_sell_auc": 0.5128079887116032,
      "test_sell_positive_rate": 0.42783505154639173,
      "test_sell_prob_mean": 0.389923632144928,
      "test_sell_prob_std": 0.24926146864891052,
      "test_sell_prob_min": 0.012098710052669048,
      "test_sell_prob_max": 0.9620856046676636,
      "test_sell_acc_05": 0.5373711340206185,
      "test_sell_precision_05": 0.4482758620689655,
      "test_sell_recall_05": 0.35240963855421686,
      "test_sell_f1_05": 0.3946037099494098,
      "test_sell_q90_threshold": 0.7591714859008789,
      "test_sell_q95_threshold": 0.8403788805007935
    }
  },
  "selected_model_summary": {
    "model": "LSTM",
    "target_col_buy": "buy_label",
    "target_col_sell": "sell_label",
    "feature_count": 194,
    "lookback": 24,
    "params": {
      "hidden_dim": 256,
      "num_layers": 2,
      "dropout": 0.3,
      "output_dim": 1
    },
    "buy_fit": {
      "best_score": 0.5269443166129775,
      "best_valid_auc": 0.5269443166129775,
      "epochs_ran": 20,
      "pos_rate": 0.2991183879093199,
      "pos_weight": 2.343157894736842,
      "device": "cpu"
    },
    "sell_fit": {
      "best_score": 0.5631125134498501,
      "best_valid_auc": 0.5631125134498501,
      "epochs_ran": 20,
      "pos_rate": 0.41435768261964734,
      "pos_weight": 1.4133738601823709,
      "device": "cpu"
    },
    "valid_buy_auc": 0.5269443166129775,
    "valid_buy_positive_rate": 0.3170103092783505,
    "valid_buy_prob_mean": 0.3773578107357025,
    "valid_buy_prob_std": 0.3148740828037262,
    "valid_buy_prob_min": 0.0036131797824054956,
    "valid_buy_prob_max": 0.9842124581336975,
    "valid_buy_acc_05": 0.5670103092783505,
    "valid_buy_precision_05": 0.33455882352941174,
    "valid_buy_recall_05": 0.3699186991869919,
    "valid_buy_f1_05": 0.35135135135135137,
    "valid_buy_q90_threshold": 0.8709014654159546,
    "valid_buy_q95_threshold": 0.9164307117462158,
    "test_buy_auc": 0.4198069187449719,
    "test_buy_positive_rate": 0.2912371134020619,
    "test_buy_prob_mean": 0.3860286474227905,
    "test_buy_prob_std": 0.2957742512226105,
    "test_buy_prob_min": 0.0016177893849089742,
    "test_buy_prob_max": 0.9804794788360596,
    "test_buy_acc_05": 0.529639175257732,
    "test_buy_precision_05": 0.256140350877193,
    "test_buy_recall_05": 0.3230088495575221,
    "test_buy_f1_05": 0.2857142857142857,
    "test_buy_q90_threshold": 0.8404444456100464,
    "test_buy_q95_threshold": 0.9158788919448853,
    "valid_sell_auc": 0.5631125134498501,
    "valid_sell_positive_rate": 0.35309278350515466,
    "valid_sell_prob_mean": 0.43346771597862244,
    "valid_sell_prob_std": 0.2992335557937622,
    "valid_sell_prob_min": 0.007945725694298744,
    "valid_sell_prob_max": 0.9718262553215027,
    "valid_sell_acc_05": 0.5708762886597938,
    "valid_sell_precision_05": 0.40923076923076923,
    "valid_sell_recall_05": 0.4854014598540146,
    "valid_sell_f1_05": 0.44407345575959933,
    "valid_sell_q90_threshold": 0.8641753196716309,
    "valid_sell_q95_threshold": 0.9058243632316589,
    "test_sell_auc": 0.5128079887116032,
    "test_sell_positive_rate": 0.42783505154639173,
    "test_sell_prob_mean": 0.389923632144928,
    "test_sell_prob_std": 0.24926146864891052,
    "test_sell_prob_min": 0.012098710052669048,
    "test_sell_prob_max": 0.9620856046676636,
    "test_sell_acc_05": 0.5373711340206185,
    "test_sell_precision_05": 0.4482758620689655,
    "test_sell_recall_05": 0.35240963855421686,
    "test_sell_f1_05": 0.3946037099494098,
    "test_sell_q90_threshold": 0.7591714859008789,
    "test_sell_q95_threshold": 0.8403788805007935
  },
  "t0_stats": {
    "total_return": 0.0780848932177245,
    "annualized_return": 1.9963765878700426,
    "max_drawdown": -0.04293728996494495,
    "sharpe": 4.202291740898463,
    "sortino": 7.146923532085535,
    "calmar": 46.495169804613504,
    "trade_count": 4,
    "win_rate": 0.75,
    "avg_net_return_per_trade": -0.0008001270716858882,
    "median_net_return_per_trade": 0.0020634623080336726,
    "backtest_mode": "a_share_inventory_t0",
    "trade_direction_mode": "sell_only",
    "buy_threshold": 0.9164306968450546,
    "sell_threshold": 0.9058243632316589,
    "initial_capital": 1000000.0,
    "final_equity": 1077627.7852230002,
    "final_benchmark_equity": 1078122.0,
    "final_alpha_equity": 999505.7852230002,
    "alpha_total_return": -0.0004942147769997352,
    "alpha_sharpe": -0.7136817136811304,
    "alpha_sortino": -0.20015682970941556,
    "alpha_calmar": -1.8327028000935803,
    "alpha_max_drawdown": -0.003922774865094181,
    "base_shares": 10600,
    "ending_shares": 10600,
    "base_position_pct": 0.6,
    "max_t0_trade_pct": 0.3,
    "max_participation_rate": 0.05,
    "commission_rate": 0.001,
    "slippage_rate": 0.0005,
    "tp": 0.004,
    "sl": 0.003,
    "stop_loss_cooldown_bars": 0,
    "daily_max_trades": 0,
    "daily_max_losses": 0,
    "daily_loss_limit": 0.0,
    "no_overnight": true
  },
  "stress_stats": {
    "stress_scenario_count": 12,
    "stress_min_alpha_total_return": -0.004424779852500005,
    "stress_worst_alpha_drawdown": -0.005898902225268565,
    "stress_min_trade_count": 4
  },
  "sell_threshold_grid_stats": {
    "sell_grid_best_rule": "sell_only_q95",
    "sell_grid_best_quantile": 0.95,
    "sell_grid_best_alpha_total_return": -0.0004942147769997352,
    "sell_grid_best_trade_count": 4,