{
  "total_return": 0.0754842965088498,
  "annualized_return": 1.8960073024706197,
  "max_drawdown": -0.045376677369328045,
  "sharpe": 3.9900006016794474,
  "sortino": 6.746011383578888,
  "calmar": 41.78374029104671,
  "trade_count": 17,
  "win_rate": 0.35294117647058826,
  "avg_net_return_per_trade": -0.004640549486959411,
  "median_net_return_per_trade": -0.005711094481314347,
  "backtest_mode": "a_share_inventory_t0",
  "trade_direction_mode": "sell_only",
  "buy_threshold": 0.5834246009588241,
  "sell_threshold": 0.7421915411949159,
  "initial_capital": 1000000.0,
  "final_equity": 1073527.9905735003,
  "final_benchmark_equity": 1082604.0,
  "final_alpha_equity": 990923.9905735003,
  "alpha_total_return": -0.009076009426499665,
  "alpha_sharpe": -11.825614113585784,
  "alpha_sortino": -4.184110850151376,
  "alpha_calmar": -13.074405362331193,
  "alpha_max_drawdown": -0.009540116309499802,
  "base_shares": 10700,
  "ending_shares": 10700,
  "base_position_pct": 0.6,
  "max_t0_trade_pct": 0.3,
  "max_participation_rate": 0.05,
  "commission_rate": 0.001,
  "slippage_rate": 0.0005,
  "tp": 0.003,
  "sl": 0.002,
  "stop_loss_cooldown_bars": 6,
  "daily_max_trades": 0,
  "daily_max_losses": 2,
  "daily_loss_limit": 0.0,
  "no_overnight": true
}