{
  "total_return": -0.10072129930934548,
  "annualized_return": -0.8280566196870831,
  "max_drawdown": -0.1207675994423002,
  "sharpe": -6.700017005701525,
  "sortino": -10.561174301668597,
  "calmar": -6.856612398615312,
  "trade_count": 31,
  "win_rate": 0.45161290322580644,
  "avg_net_return_per_trade": -0.0037510221409979604,
  "median_net_return_per_trade": -0.005278162436426645,
  "backtest_mode": "a_share_inventory_t0",
  "trade_direction_mode": "sell_only",
  "buy_threshold": 0.6601430773735046,
  "sell_threshold": 0.7873047292232513,
  "initial_capital": 1000000.0,
  "final_equity": 903635.7059955008,
  "final_benchmark_equity": 913740.0,
  "final_alpha_equity": 989895.7059955008,
  "alpha_total_return": -0.010104294004499192,
  "alpha_sharpe": -7.420252529845831,
  "alpha_sortino": -3.6286289559988516,
  "alpha_calmar": -12.395024417915,
  "alpha_max_drawdown": -0.012505208144373503,
  "base_shares": 9500,
  "ending_shares": 9500,
  "base_position_pct": 0.6,
  "max_t0_trade_pct": 0.3,
  "max_participation_rate": 0.05,
  "commission_rate": 0.001,
  "slippage_rate": 0.0005,
  "tp": 0.003,
  "sl": 0.002,
  "stop_loss_cooldown_bars": 0,
  "daily_max_trades": 0,
  "daily_max_losses": 0,
  "daily_loss_limit": 0.0,
  "no_overnight": true
}