{
  "total_return": 0.03409750005278722,
  "annualized_return": 10.443816449603867,
  "max_drawdown": -0.04663452389208833,
  "sharpe": 7.930581928510639,
  "sortino": 12.144052106571166,
  "calmar": 223.95031787545895,
  "trade_count": 10,
  "win_rate": 0.1,
  "avg_net_return_per_trade": -0.005520772146422934,
  "median_net_return_per_trade": -0.00640614418177687,
  "backtest_mode": "a_share_inventory_t0",
  "trade_direction_mode": "sell_only",
  "buy_threshold": 0.4595914352082699,
  "sell_threshold": 0.5900460568882486,
  "initial_capital": 1000000.0,
  "final_equity": 1033366.39312025,
  "final_benchmark_equity": 1040804.0,
  "final_alpha_equity": 992562.39312025,
  "alpha_total_return": -0.007437606879750036,
  "alpha_sharpe": -20.100861228876244,
  "alpha_sortino": -11.749518935093437,
  "alpha_calmar": -55.98517229141144,
  "alpha_max_drawdown": -0.00748106317375008,
  "base_shares": 10100,
  "ending_shares": 10100,
  "base_position_pct": 0.6,
  "max_t0_trade_pct": 0.3,
  "max_participation_rate": 0.05,
  "commission_rate": 0.0015,
  "slippage_rate": 0.0005,
  "tp": 0.003,
  "sl": 0.002,
  "no_overnight": true
}