{
  "total_return": -0.05349374197589096,
  "annualized_return": -0.597255676470287,
  "max_drawdown": -0.07885554563597075,
  "sharpe": -2.67733601590384,
  "sortino": -2.5500370800916183,
  "calmar": -7.574047857426058,
  "trade_count": 11,
  "win_rate": 0.18181818181818182,
  "avg_net_return_per_trade": -0.0056655341507465765,
  "median_net_return_per_trade": -0.006420482711467054,
  "backtest_mode": "a_share_inventory_t0",
  "trade_direction_mode": "sell_only",
  "buy_threshold": 0.7211705774068828,
  "sell_threshold": 0.8075392246246337,
  "initial_capital": 1000000.0,
  "final_equity": 946227.9851842499,
  "final_benchmark_equity": 950804.0,
  "final_alpha_equity": 995423.9851842499,
  "alpha_total_return": -0.004576014815750096,
  "alpha_sharpe": -6.890228904951592,
  "alpha_sortino": -2.363439983576453,
  "alpha_calmar": -15.966818865484752,
  "alpha_max_drawdown": -0.004576014815750096,
  "base_shares": 9800,
  "ending_shares": 9800,
  "base_position_pct": 0.6,
  "max_t0_trade_pct": 0.3,
  "max_participation_rate": 0.02,
  "commission_rate": 0.001,
  "slippage_rate": 0.00075,
  "tp": 0.003,
  "sl": 0.002,
  "stop_loss_cooldown_bars": 6,
  "daily_max_trades": 0,
  "daily_max_losses": 2,
  "daily_loss_limit": 0.0,
  "no_overnight": true
}