{
  "lookback": 16,
  "lookback_minutes": 80,
  "horizon": 1,
  "horizon_minutes": 5,
  "best_valid_auc": 0.6712530013324506,
  "valid_auc": 0.6712530013324506,
  "test_auc": 0.6204860132615002,
  "train_positive_rate": 0.1969773725092874,
  "valid_positive_rate": 0.22773449058092515,
  "test_positive_rate": 0.2504930966469428,
  "valid_action_metrics": {
    "accuracy": 0.45931551435052764,
    "buy_auc": 0.6712530013324506,
    "sell_auc": 0.6708904211252837,
    "buy_positive_rate": 0.22773449058092515,
    "sell_positive_rate": 0.24213433277443536,
    "hold_rate": 0.5301311766446395
  },
  "test_action_metrics": {
    "accuracy": 0.37948717948717947,
    "buy_auc": 0.6204860132615002,
    "sell_auc": 0.6188977100605728,
    "buy_positive_rate": 0.2504930966469428,
    "sell_positive_rate": 0.2641025641025641,
    "hold_rate": 0.4854043392504931
  },
  "test_trade_return_mean_all": 7.939584201579466e-05,
  "test_trade_return_mean_label_1": -5.7161033957417116e-05,
  "selected_threshold": 0.5127689182758332,
  "selected_quantile": 0.95,
  "selected_threshold_test_stats": {
    "threshold": 0.5127689182758332,
    "horizon": 1,
    "round_trip_cost": 0.003,
    "trade_count": 344,
    "win_rate": 0.2441860465116279,
    "gross_return_mean": 0.00014944021754432883,
    "net_return_mean": -0.0028505597824556713,
    "gross_return_median": -0.00017501836312766583,
    "net_return_median": -0.003175018363127666,
    "total_return": -0.6282438721329883,
    "max_drawdown": -0.627519015239071,
    "per_trade_sharpe": -0.4310195795252026,
    "trades_per_year": 387.7838289664041,
    "bar_annualized_sharpe": -46.45423371537089,
    "sharpe": -8.487735672282197,
    "avg_pred_prob": 0.5337044967468395,
    "positive_label_rate": 0.6366279069767442,
    "buy_label_rate": 0.34011627906976744,
    "selected_by": "validation_net_return_mean",
    "selected_quantile": 0.95
  },
  "output_dir": "outputs\\diagnostics\\horizon_compare\\lb16_h1",
  "seed": 42
}