model,side,valid_auc,raw_weight,weight,weight_method
transformer_lstm,sell,0.5264966740576498,0.02649667405764977,0.2481827622014544,valid_auc_edge_over_0p5
lstm,sell,0.5436807095343681,0.04368070953436809,0.4091381100726891,valid_auc_edge_over_0p5
cnn,sell,0.49656319290465634,0.0,0.0,valid_auc_edge_over_0p5
mlp,sell,0.5365853658536586,0.03658536585365857,0.3426791277258565,valid_auc_edge_over_0p5
