{
  "model": "auc_weighted_ensemble",
  "member_models": [
    "transformer_lstm",
    "lstm",
    "cnn",
    "mlp"
  ],
  "buy_weight_method": "valid_auc_edge_over_0p5",
  "sell_weight_method": "valid_auc_edge_over_0p5",
  "feature_count": 194,
  "lookback": 8,
  "valid_buy_auc": 0.6455078125,
  "valid_buy_positive_rate": 0.16666666666666666,
  "valid_buy_prob_mean": 0.36348333796905563,
  "valid_buy_prob_std": 0.0672301745711356,
  "valid_buy_prob_min": 0.23853754626763252,
  "valid_buy_prob_max": 0.5337707724675618,
  "valid_buy_acc_05": 0.8177083333333334,
  "valid_buy_precision_05": 0.2857142857142857,
  "valid_buy_recall_05": 0.0625,
  "valid_buy_f1_05": 0.10256410256410256,
  "valid_buy_q90_threshold": 0.4762031809206211,
  "valid_buy_q95_threshold": 0.4912304569405676,
  "test_buy_auc": 0.5963541666666666,
  "test_buy_positive_rate": 0.21052631578947367,
  "test_buy_prob_mean": 0.3145116835561719,
  "test_buy_prob_std": 0.03622884845636657,
  "test_buy_prob_min": 0.24170707956107915,
  "test_buy_prob_max": 0.44266196188281726,
  "test_buy_acc_05": 0.7894736842105263,
  "test_buy_precision_05": 0.0,
  "test_buy_recall_05": 0.0,
  "test_buy_f1_05": 0.0,
  "test_buy_q90_threshold": 0.3668954251705436,
  "test_buy_q95_threshold": 0.383497848893582,
  "valid_sell_auc": 0.5484478935698448,
  "valid_sell_positive_rate": 0.4270833333333333,
  "valid_sell_prob_mean": 0.4713885037060188,
  "valid_sell_prob_std": 0.12638673547988155,
  "valid_sell_prob_min": 0.24268409424110368,
  "valid_sell_prob_max": 0.759857839203574,
  "valid_sell_acc_05": 0.5208333333333334,
  "valid_sell_precision_05": 0.4358974358974359,
  "valid_sell_recall_05": 0.4146341463414634,
  "valid_sell_f1_05": 0.425,
  "valid_sell_q90_threshold": 0.6433917120331171,
  "valid_sell_q95_threshold": 0.6888126702694877,
  "test_sell_auc": 0.5540308747855918,
  "test_sell_positive_rate": 0.34868421052631576,
  "test_sell_prob_mean": 0.3900418611807444,
  "test_sell_prob_std": 0.10405101800140591,
  "test_sell_prob_min": 0.21059884528628517,
  "test_sell_prob_max": 0.7346864792045402,
  "test_sell_acc_05": 0.5855263157894737,
  "test_sell_precision_05": 0.2727272727272727,
  "test_sell_recall_05": 0.11320754716981132,
  "test_sell_f1_05": 0.16,
  "test_sell_q90_threshold": 0.515931635067594,
  "test_sell_q95_threshold": 0.5824504668158036
}