{
  "total_return": 0.07767900447039544,
  "annualized_return": 1.9799530218431323,
  "max_drawdown": -0.04315256151708324,
  "sharpe": 4.17987365306627,
  "sortino": 7.126513958113735,
  "calmar": 45.88263019008288,
  "trade_count": 5,
  "win_rate": 0.6,
  "avg_net_return_per_trade": -0.0018395178813382783,
  "median_net_return_per_trade": 0.000768044840956664,
  "backtest_mode": "a_share_inventory_t0",
  "trade_direction_mode": "sell_only",
  "buy_threshold": 0.9164306968450546,
  "sell_threshold": 0.9058243632316589,
  "initial_capital": 1000000.0,
  "final_equity": 1077222.0685725,
  "final_benchmark_equity": 1078122.0,
  "final_alpha_equity": 999100.0685725,
  "alpha_total_return": -0.0008999314275000003,
  "alpha_sharpe": -1.4375153261345734,
  "alpha_sortino": -0.436964590279523,
  "alpha_calmar": -3.164432272813414,
  "alpha_max_drawdown": -0.00412559751671393,
  "base_shares": 10600,
  "ending_shares": 10600,
  "base_position_pct": 0.6,
  "max_t0_trade_pct": 0.3,
  "max_participation_rate": 0.02,
  "commission_rate": 0.001,
  "slippage_rate": 0.00075,
  "tp": 0.004,
  "sl": 0.003,
  "stop_loss_cooldown_bars": 0,
  "daily_max_trades": 0,
  "daily_max_losses": 0,
  "daily_loss_limit": 0.0,
  "no_overnight": true
}