{
  "lookback": 16,
  "lookback_minutes": 80,
  "horizon": 2,
  "horizon_minutes": 10,
  "best_valid_auc": 0.7040585995108548,
  "valid_auc": 0.7040585995108548,
  "test_auc": 0.6531469287491959,
  "train_positive_rate": 0.13798416886543535,
  "valid_positive_rate": 0.17299536443436236,
  "test_positive_rate": 0.19339250493096646,
  "test_trade_return_mean_all": 0.00013239562975341987,
  "test_trade_return_mean_label_1": 0.007656368881850286,
  "selected_threshold": 0.7924020111560821,
  "selected_quantile": 0.95,
  "selected_threshold_test_stats": {
    "threshold": 0.7924020111560821,
    "horizon": 2,
    "round_trip_cost": 0.003,
    "trade_count": 215,
    "win_rate": 0.2930232558139535,
    "gross_return_mean": -0.00021876346586764458,
    "net_return_mean": -0.003218763465867645,
    "gross_return_median": -0.00036873156342187574,
    "net_return_median": -0.003368731563421876,
    "total_return": -0.5052180319430335,
    "max_drawdown": -0.5184683428298672,
    "sharpe": -35.13114517201444,
    "avg_pred_prob": 0.8054064501163571,
    "positive_label_rate": 0.2930232558139535,
    "selected_by": "validation_net_return_mean",
    "selected_quantile": 0.95
  },
  "output_dir": "outputs\\diagnostics\\horizon_compare\\lb16_h2"
}