{
  "lookback": 16,
  "lookback_minutes": 80,
  "horizon": 2,
  "horizon_minutes": 10,
  "best_valid_auc": 0.6395597770144765,
  "valid_auc": 0.6395597770144765,
  "test_auc": 0.583078940528138,
  "train_positive_rate": 0.2508496042216359,
  "valid_positive_rate": 0.2680737745339777,
  "test_positive_rate": 0.303353057199211,
  "valid_action_metrics": {
    "accuracy": 0.44728276950389584,
    "buy_auc": 0.6395597770144765,
    "sell_auc": 0.6325109507600998,
    "buy_positive_rate": 0.2680737745339777,
    "sell_positive_rate": 0.3099911233849492,
    "hold_rate": 0.4219351020810731
  },
  "test_action_metrics": {
    "accuracy": 0.3998027613412229,
    "buy_auc": 0.583078940528138,
    "sell_auc": 0.5802193009251178,
    "buy_positive_rate": 0.303353057199211,
    "sell_positive_rate": 0.33530571992110453,
    "hold_rate": 0.3613412228796844
  },
  "test_trade_return_mean_all": 0.00013239562975341987,
  "test_trade_return_mean_label_1": -4.288306900410721e-05,
  "selected_threshold": 0.5386936783790589,
  "selected_quantile": 0.95,
  "selected_threshold_test_stats": {
    "threshold": 0.5386936783790589,
    "horizon": 2,
    "round_trip_cost": 0.003,
    "trade_count": 213,
    "win_rate": 0.29107981220657275,
    "gross_return_mean": -0.0010842244831025865,
    "net_return_mean": -0.0040842244831025875,
    "gross_return_median": -0.0011112875059533511,
    "net_return_median": -0.004111287505953351,
    "total_return": -0.5855775528838674,
    "max_drawdown": -0.5878619547401474,
    "per_trade_sharpe": -0.44176159522749203,
    "trades_per_year": 241.60947204968943,
    "bar_annualized_sharpe": -47.61198183567214,
    "sharpe": -6.866650382635996,
    "avg_pred_prob": 0.5598411733555682,
    "positive_label_rate": 0.5258215962441315,
    "buy_label_rate": 0.3286384976525822,
    "selected_by": "validation_net_return_mean",
    "selected_quantile": 0.95
  },
  "output_dir": "outputs\\diagnostics\\horizon_compare\\lb16_h2",
  "seed": 42
}