{
  "scenario_count": 12,
  "all_alpha_positive": false,
  "min_alpha_total_return": -0.012658788028999668,
  "worst_alpha_max_drawdown": -0.014248011618020029,
  "min_trade_count": 10
}