{
  "total_return": 0.07752469704441411,
  "annualized_return": 1.9621044809491042,
  "max_drawdown": -0.04598066860228156,
  "sharpe": 4.095925705125048,
  "sortino": 6.943884258581441,
  "calmar": 42.67237821008424,
  "trade_count": 6,
  "win_rate": 0.3333333333333333,
  "avg_net_return_per_trade": -0.005296313956222188,
  "median_net_return_per_trade": -0.005431982048404946,
  "backtest_mode": "a_share_inventory_t0",
  "trade_direction_mode": "sell_only",
  "buy_threshold": 0.6333531647920608,
  "sell_threshold": 0.5728844523429871,
  "initial_capital": 1000000.0,
  "final_equity": 1075925.650394,
  "final_benchmark_equity": 1079288.0,
  "final_alpha_equity": 996637.6503940001,
  "alpha_total_return": -0.0033623496059999036,
  "alpha_sharpe": -6.305459741819046,
  "alpha_sortino": -1.1519419978540673,
  "alpha_calmar": -14.2168199478916,
  "alpha_max_drawdown": -0.0033623496059999036,
  "base_shares": 10600,
  "ending_shares": 10600,
  "base_position_pct": 0.6,
  "max_t0_trade_pct": 0.3,
  "max_participation_rate": 0.05,
  "commission_rate": 0.001,
  "slippage_rate": 0.0005,
  "tp": 0.003,
  "sl": 0.002,
  "stop_loss_cooldown_bars": 6,
  "daily_max_trades": 0,
  "daily_max_losses": 2,
  "daily_loss_limit": 0.0,
  "no_overnight": true
}