{
  "total_return": -0.1168884829043394,
  "annualized_return": -0.44104594548663756,
  "max_drawdown": -0.15610168302495409,
  "sharpe": -2.6269407375811955,
  "sortino": -3.687463935877471,
  "calmar": -2.825375978913263,
  "trade_count": 11,
  "win_rate": 0.2727272727272727,
  "avg_net_return_per_trade": -0.00507975697859157,
  "median_net_return_per_trade": -0.006532645925503063,
  "backtest_mode": "a_share_inventory_t0",
  "trade_direction_mode": "sell_only",
  "buy_threshold": 0.6868722345201278,
  "sell_threshold": 0.6760560954993466,
  "initial_capital": 1000000.0,
  "final_equity": 886486.7693140003,
  "final_benchmark_equity": 896351.0,
  "final_alpha_equity": 990135.7693140003,
  "alpha_total_return": -0.00986423068599973,
  "alpha_sharpe": -5.561118332471866,
  "alpha_sortino": -1.3586232121297936,
  "alpha_calmar": -3.90644124013019,
  "alpha_max_drawdown": -0.011603902801933352,
  "base_shares": 9100,
  "ending_shares": 9100,
  "base_position_pct": 0.6,
  "max_t0_trade_pct": 0.3,
  "max_participation_rate": 0.05,
  "commission_rate": 0.001,
  "slippage_rate": 0.001,
  "tp": 0.003,
  "sl": 0.002,
  "no_overnight": true
}