model_label,epoch,train_loss,valid_loss,valid_auc,valid_prob_mean,valid_prob_max
CNN_buy,1,1.0108094859767605,0.9240841269493103,0.4198927933293627,0.3544994294643402,0.5912257432937622
CNN_buy,2,0.9431103500160011,0.9479550719261169,0.4050029779630732,0.34310397505760193,0.6418321132659912
CNN_buy,3,0.9012725047163062,0.9586254954338074,0.38311494937462776,0.34448036551475525,0.6620564460754395
