model_label,epoch,train_loss,valid_loss,valid_auc,valid_prob_mean,valid_prob_max
CNN_sell,1,1.3315933781701166,1.1117080450057983,0.5663771712158808,0.30571869015693665,0.4046890437602997
CNN_sell,2,1.2098919926462948,1.118607759475708,0.5635235732009926,0.29818469285964966,0.40462738275527954
CNN_sell,3,1.1297733558190834,1.1359049081802368,0.5585607940446651,0.2885827422142029,0.41145241260528564
