{
  "model": "CNN",
  "target_col_buy": "buy_label",
  "target_col_sell": "sell_label",
  "feature_count": 194,
  "lookback": 8,
  "params": {
    "channels": 64,
    "kernel_size": 3,
    "dropout": 0.3,
    "output_dim": 1
  },
  "buy_fit": {
    "best_score": 0.4198927933293627,
    "best_valid_auc": 0.4198927933293627,
    "epochs_ran": 3,
    "pos_rate": 0.3125,
    "pos_weight": 2.2,
    "device": "cpu"
  },
  "sell_fit": {
    "best_score": 0.5663771712158808,
    "best_valid_auc": 0.5663771712158808,
    "epochs_ran": 3,
    "pos_rate": 0.30574324324324326,
    "pos_weight": 2.270718232044199,
    "device": "cpu"
  },
  "valid_buy_auc": 0.4198927933293627,
  "valid_buy_positive_rate": 0.23958333333333334,
  "valid_buy_prob_mean": 0.3544994294643402,
  "valid_buy_prob_std": 0.07264292985200882,
  "valid_buy_prob_min": 0.21952174603939056,
  "valid_buy_prob_max": 0.5912257432937622,
  "valid_buy_acc_05": 0.7239583333333334,
  "valid_buy_precision_05": 0.0,
  "valid_buy_recall_05": 0.0,
  "valid_buy_f1_05": 0.0,
  "valid_buy_q90_threshold": 0.446012407541275,
  "valid_buy_q95_threshold": 0.4788660407066345,
  "test_buy_auc": 0.43875732111026233,
  "test_buy_positive_rate": 0.21710526315789475,
  "test_buy_prob_mean": 0.3525000512599945,
  "test_buy_prob_std": 0.06324423104524612,
  "test_buy_prob_min": 0.2272731214761734,
  "test_buy_prob_max": 0.5362517833709717,
  "test_buy_acc_05": 0.7368421052631579,
  "test_buy_precision_05": 0.0,
  "test_buy_recall_05": 0.0,
  "test_buy_f1_05": 0.0,
  "test_buy_q90_threshold": 0.44987979531288147,
  "test_buy_q95_threshold": 0.4886256158351898,
  "valid_sell_auc": 0.5663771712158808,
  "valid_sell_positive_rate": 0.3229166666666667,
  "valid_sell_prob_mean": 0.30571869015693665,
  "valid_sell_prob_std": 0.04805298149585724,
  "valid_sell_prob_min": 0.15594299137592316,
  "valid_sell_prob_max": 0.4046890437602997,
  "valid_sell_acc_05": 0.6770833333333334,
  "valid_sell_precision_05": 0.0,
  "valid_sell_recall_05": 0.0,
  "valid_sell_f1_05": 0.0,
  "valid_sell_q90_threshold": 0.35154110193252563,
  "valid_sell_q95_threshold": 0.3620631694793701,
  "test_sell_auc": 0.5626991565135895,
  "test_sell_positive_rate": 0.3618421052631579,
  "test_sell_prob_mean": 0.2760363519191742,
  "test_sell_prob_std": 0.049666184931993484,
  "test_sell_prob_min": 0.14384648203849792,
  "test_sell_prob_max": 0.3865521252155304,
  "test_sell_acc_05": 0.6381578947368421,
  "test_sell_precision_05": 0.0,
  "test_sell_recall_05": 0.0,
  "test_sell_f1_05": 0.0,
  "test_sell_q90_threshold": 0.3385157287120819,
  "test_sell_q95_threshold": 0.3530261218547821
}