{
  "total_return": 0.011861543562619481,
  "annualized_return": 1.3566003833334697,
  "max_drawdown": -0.023886224981223392,
  "sharpe": 3.0310450055524565,
  "sortino": 6.129917822996406,
  "calmar": 56.794256287876095,
  "trade_count": 13,
  "win_rate": 0.3076923076923077,
  "avg_net_return_per_trade": -0.004738032872294827,
  "median_net_return_per_trade": -0.005627125973580946,
  "backtest_mode": "a_share_inventory_t0",
  "trade_direction_mode": "sell_only",
  "buy_threshold": 0.7054184544772757,
  "sell_threshold": 0.573507728933785,
  "initial_capital": 1000000.0,
  "final_equity": 1009129.5173950004,
  "final_benchmark_equity": 1014040.0,
  "final_alpha_equity": 995089.5173950004,
  "alpha_total_return": -0.0049104826049996,
  "alpha_sharpe": -14.896049441020468,
  "alpha_sortino": -13.382370979436887,
  "alpha_calmar": -56.18217454217197,
  "alpha_max_drawdown": -0.005354463635999562,
  "base_shares": 10800,
  "ending_shares": 10800,
  "base_position_pct": 0.6,
  "max_t0_trade_pct": 0.3,
  "max_participation_rate": 0.05,
  "commission_rate": 0.001,
  "slippage_rate": 0.0005,
  "tp": 0.003,
  "sl": 0.002,
  "no_overnight": true
}