{
  "total_return": -0.04919395024949769,
  "annualized_return": -0.5663539376282042,
  "max_drawdown": -0.07847366116073373,
  "sharpe": -2.464333194543551,
  "sortino": -2.3443831988848944,
  "calmar": -7.217121378702713,
  "trade_count": 2,
  "win_rate": 0.0,
  "avg_net_return_per_trade": -0.008848614536646478,
  "median_net_return_per_trade": -0.008848614536646478,
  "backtest_mode": "a_share_inventory_t0",
  "trade_direction_mode": "sell_only",
  "buy_threshold": 0.7298367828130722,
  "sell_threshold": 0.933867600560188,
  "initial_capital": 1000000.0,
  "final_equity": 950433.3337790001,
  "final_benchmark_equity": 953450.0,
  "final_alpha_equity": 996983.3337790001,
  "alpha_total_return": -0.0030166662209999417,
  "alpha_sharpe": -6.555378114988093,
  "alpha_sortino": -0.7205009353423928,
  "alpha_calmar": -16.179890863280125,
  "alpha_max_drawdown": -0.0030166662209999417,
  "base_shares": 9800,
  "ending_shares": 9800,
  "base_position_pct": 0.6,
  "max_t0_trade_pct": 0.3,
  "max_participation_rate": 0.02,
  "commission_rate": 0.0015,
  "slippage_rate": 0.001,
  "tp": 0.003,
  "sl": 0.002,
  "stop_loss_cooldown_bars": 6,
  "daily_max_trades": 0,
  "daily_max_losses": 2,
  "daily_loss_limit": 0.0,
  "no_overnight": true
}