{
  "scenario_count": 12,
  "all_alpha_positive": false,
  "min_alpha_total_return": -0.004261223211499909,
  "worst_alpha_max_drawdown": -0.005152250271237557,
  "min_trade_count": 8
}