{
  "model": "LSTM",
  "target_col_buy": "buy_label",
  "target_col_sell": "sell_label",
  "feature_count": 194,
  "lookback": 32,
  "params": {
    "hidden_dim": 256,
    "num_layers": 2,
    "dropout": 0.3,
    "output_dim": 1
  },
  "buy_fit": {
    "best_score": 0.5656223143407321,
    "best_valid_auc": 0.5656223143407321,
    "epochs_ran": 12,
    "pos_rate": 0.26306438127090304,
    "pos_weight": 2.80135081446166,
    "device": "cpu"
  },
  "sell_fit": {
    "best_score": 0.5551516975256904,
    "best_valid_auc": 0.5551516975256904,
    "epochs_ran": 28,
    "pos_rate": 0.31406772575250835,
    "pos_weight": 2.184026622296173,
    "device": "cpu"
  },
  "valid_buy_auc": 0.5656223143407321,
  "valid_buy_positive_rate": 0.22001689189189189,
  "valid_buy_prob_mean": 0.4769410192966461,
  "valid_buy_prob_std": 0.07045615464448929,
  "valid_buy_prob_min": 0.2657589614391327,
  "valid_buy_prob_max": 0.6526854038238525,
  "valid_buy_acc_05": 0.5950168918918919,
  "valid_buy_precision_05": 0.26143790849673204,
  "valid_buy_recall_05": 0.46065259117082535,
  "valid_buy_f1_05": 0.33356497567755383,
  "valid_buy_q90_threshold": 0.5726285576820374,
  "valid_buy_q95_threshold": 0.5895264148712158,
  "test_buy_auc": 0.5812831519982158,
  "test_buy_positive_rate": 0.19721283783783783,
  "test_buy_prob_mean": 0.40966182947158813,
  "test_buy_prob_std": 0.06535588204860687,
  "test_buy_prob_min": 0.25142902135849,
  "test_buy_prob_max": 0.6007041931152344,
  "test_buy_acc_05": 0.7652027027027027,
  "test_buy_precision_05": 0.2968036529680365,
  "test_buy_recall_05": 0.139186295503212,
  "test_buy_f1_05": 0.18950437317784258,
  "test_buy_q90_threshold": 0.4973708391189575,
  "test_buy_q95_threshold": 0.5214932560920715,
  "valid_sell_auc": 0.5551516975256904,
  "valid_sell_positive_rate": 0.32136824324324326,
  "valid_sell_prob_mean": 0.3808797001838684,
  "valid_sell_prob_std": 0.3164101243019104,
  "valid_sell_prob_min": 9.308459993917495e-06,
  "valid_sell_prob_max": 0.9925693869590759,
  "valid_sell_acc_05": 0.5793918918918919,
  "valid_sell_precision_05": 0.3638470451911935,
  "valid_sell_recall_05": 0.4126149802890933,
  "valid_sell_f1_05": 0.3866995073891626,
  "valid_sell_q90_threshold": 0.874370276927948,
  "valid_sell_q95_threshold": 0.9307007193565369,
  "test_sell_auc": 0.5625229189585625,
  "test_sell_positive_rate": 0.21326013513513514,
  "test_sell_prob_mean": 0.27309319376945496,
  "test_sell_prob_std": 0.2960169017314911,
  "test_sell_prob_min": 3.0085848266026005e-05,
  "test_sell_prob_max": 0.980798065662384,
  "test_sell_acc_05": 0.6638513513513513,
  "test_sell_precision_05": 0.24695652173913044,
  "test_sell_recall_05": 0.2811881188118812,
  "test_sell_f1_05": 0.26296296296296295,
  "test_sell_q90_threshold": 0.7764089107513428,
  "test_sell_q95_threshold": 0.8720911145210266
}