{
  "total_return": -0.049497517723350315,
  "annualized_return": -0.9750381756150017,
  "max_drawdown": -0.05242822757653809,
  "sharpe": -10.864592324069934,
  "sortino": -9.011648041298235,
  "calmar": -18.597580362440794,
  "trade_count": 7,
  "win_rate": 0.2857142857142857,
  "avg_net_return_per_trade": -0.003898744172183694,
  "median_net_return_per_trade": -0.00023276069201088852,
  "backtest_mode": "a_share_inventory_t0",
  "trade_direction_mode": "sell_only",
  "buy_threshold": 0.40356216017206964,
  "sell_threshold": 0.5443313121795654,
  "initial_capital": 1000000.0,
  "final_equity": 953245.6324405001,
  "final_benchmark_equity": 955045.0,
  "final_alpha_equity": 998200.6324405001,
  "alpha_total_return": -0.0017993675594999425,
  "alpha_sharpe": -7.197026704430608,
  "alpha_sortino": -4.63469104462589,
  "alpha_calmar": -41.956237102296974,
  "alpha_max_drawdown": -0.002924883236836817,
  "base_shares": 11100,
  "ending_shares": 11100,
  "base_position_pct": 0.6,
  "max_t0_trade_pct": 0.3,
  "max_participation_rate": 0.02,
  "commission_rate": 0.001,
  "slippage_rate": 0.00075,
  "tp": 0.003,
  "sl": 0.002,
  "no_overnight": true
}