{
  "total_return": -0.02642979629566622,
  "annualized_return": -0.8573275251836497,
  "max_drawdown": -0.0342987216018974,
  "sharpe": -13.544100366194062,
  "sortino": -16.579655572452925,
  "calmar": -24.99590320404894,
  "trade_count": 2,
  "win_rate": 0.5,
  "avg_net_return_per_trade": -0.001982230452136133,
  "median_net_return_per_trade": -0.001982230452136133,
  "backtest_mode": "a_share_inventory_t0",
  "trade_direction_mode": "sell_only",
  "buy_threshold": 0.4095080417989358,
  "sell_threshold": 0.42948391956639015,
  "initial_capital": 1000000.0,
  "final_equity": 972877.9952895,
  "final_benchmark_equity": 972429.0,
  "final_alpha_equity": 1000448.9952895,
  "alpha_total_return": 0.0004489952894999316,
  "alpha_sharpe": 2.5214317015090697,
  "alpha_sortino": 1.6832096034565776,
  "alpha_calmar": 29.45577093598492,
  "alpha_max_drawdown": -0.0011261430284974505,
  "base_shares": 7900,
  "ending_shares": 7900,
  "base_position_pct": 0.6,
  "max_t0_trade_pct": 0.3,
  "max_participation_rate": 0.05,
  "commission_rate": 0.001,
  "slippage_rate": 0.0005,
  "tp": 0.003,
  "sl": 0.002,
  "no_overnight": true
}