{
  "model": "LogisticRegression",
  "target_col_buy": "buy_label",
  "target_col_sell": "sell_label",
  "feature_count": 194,
  "lookback_aligned_to_sequence_models": 8,
  "params": {
    "max_iter": 500,
    "C": 1.0,
    "class_weight": "balanced",
    "random_state": 42
  },
  "valid_buy_auc": 0.45388188453881884,
  "valid_buy_positive_rate": 0.2864583333333333,
  "valid_buy_prob_mean": 0.5905088245891422,
  "valid_buy_prob_std": 0.25637405661207513,
  "valid_buy_prob_min": 0.027200493471214667,
  "valid_buy_prob_max": 0.979527622119493,
  "valid_buy_acc_05": 0.421875,
  "valid_buy_precision_05": 0.26666666666666666,
  "valid_buy_recall_05": 0.5818181818181818,
  "valid_buy_f1_05": 0.3657142857142857,
  "valid_buy_q90_threshold": 0.9108638928341986,
  "valid_buy_q95_threshold": 0.9534753371468295,
  "test_buy_auc": 0.6124999999999999,
  "test_buy_positive_rate": 0.21052631578947367,
  "test_buy_prob_mean": 0.392099528065178,
  "test_buy_prob_std": 0.3270254137155245,
  "test_buy_prob_min": 0.016465932110577956,
  "test_buy_prob_max": 0.9979389619669903,
  "test_buy_acc_05": 0.6776315789473685,
  "test_buy_precision_05": 0.34545454545454546,
  "test_buy_recall_05": 0.59375,
  "test_buy_f1_05": 0.4367816091954023,
  "test_buy_q90_threshold": 0.8752529482048232,
  "test_buy_q95_threshold": 0.9742167876034658,
  "valid_sell_auc": 0.3885865958858659,
  "valid_sell_positive_rate": 0.2864583333333333,
  "valid_sell_prob_mean": 0.2708288708889089,
  "valid_sell_prob_std": 0.24264515918735846,
  "valid_sell_prob_min": 0.003818657179551808,
  "valid_sell_prob_max": 0.8947126163714751,
  "valid_sell_acc_05": 0.5833333333333334,
  "valid_sell_precision_05": 0.16216216216216217,
  "valid_sell_recall_05": 0.10909090909090909,
  "valid_sell_f1_05": 0.13043478260869565,
  "valid_sell_q90_threshold": 0.6410724836741265,
  "valid_sell_q95_threshold": 0.7406333042473517,
  "test_sell_auc": 0.5774509803921568,
  "test_sell_positive_rate": 0.32894736842105265,
  "test_sell_prob_mean": 0.4299734948016334,
  "test_sell_prob_std": 0.2693983948767901,
  "test_sell_prob_min": 0.002314419656769552,
  "test_sell_prob_max": 0.9615279834218208,
  "test_sell_acc_05": 0.6118421052631579,
  "test_sell_precision_05": 0.4307692307692308,
  "test_sell_recall_05": 0.56,
  "test_sell_f1_05": 0.48695652173913045,
  "test_sell_q90_threshold": 0.8203730354516566,
  "test_sell_q95_threshold": 0.8428645207565826
}