{
  "scenario_count": 12,
  "all_alpha_positive": true,
  "min_alpha_total_return": 0.00010023636437495043,
  "worst_alpha_max_drawdown": -0.0007787325906725151,
  "min_trade_count": 1
}