{
  "fold": 1,
  "model_summaries": {
    "lstm": {
      "model": "LSTM",
      "target_col_buy": "buy_label",
      "target_col_sell": "sell_label",
      "feature_count": 194,
      "lookback": 16,
      "params": {
        "hidden_dim": 256,
        "num_layers": 2,
        "dropout": 0.3,
        "output_dim": 1
      },
      "buy_fit": {
        "best_score": 0.5556390224358975,
        "best_valid_auc": 0.5556390224358975,
        "epochs_ran": 17,
        "pos_rate": 0.2638190954773869,
        "pos_weight": 2.7904761904761908,
        "device": "cpu"
      },
      "sell_fit": {
        "best_score": 0.5589881386511074,
        "best_valid_auc": 0.5589881386511074,
        "epochs_ran": 12,
        "pos_rate": 0.33699748743718594,
        "pos_weight": 1.9673811742777259,
        "device": "cpu"
      },
      "valid_buy_auc": 0.5556390224358975,
      "valid_buy_positive_rate": 0.2653061224489796,
      "valid_buy_prob_mean": 0.35494089126586914,
      "valid_buy_prob_std": 0.16563764214515686,
      "valid_buy_prob_min": 0.047401655465364456,
      "valid_buy_prob_max": 0.7737067341804504,
      "valid_buy_acc_05": 0.6441326530612245,
      "valid_buy_precision_05": 0.29714285714285715,
      "valid_buy_recall_05": 0.25,
      "valid_buy_f1_05": 0.27154046997389036,
      "valid_buy_q90_threshold": 0.6085138320922852,
      "valid_buy_q95_threshold": 0.6505905985832214,
      "test_buy_auc": 0.5254303599374022,
      "test_buy_positive_rate": 0.2755102040816326,
      "test_buy_prob_mean": 0.4260849356651306,
      "test_buy_prob_std": 0.1662023663520813,
      "test_buy_prob_min": 0.03770480677485466,
      "test_buy_prob_max": 0.8024656176567078,
      "test_buy_acc_05": 0.5739795918367347,
      "test_buy_precision_05": 0.286231884057971,
      "test_buy_recall_05": 0.36574074074074076,
      "test_buy_f1_05": 0.32113821138211385,
      "test_buy_q90_threshold": 0.6548182368278503,
      "test_buy_q95_threshold": 0.6920856833457947,
      "valid_sell_auc": 0.5589881386511074,
      "valid_sell_positive_rate": 0.3048469387755102,
      "valid_sell_prob_mean": 0.4928703308105469,
      "valid_sell_prob_std": 0.07188807427883148,
      "valid_sell_prob_min": 0.2992657721042633,
      "valid_sell_prob_max": 0.761046826839447,
      "valid_sell_acc_05": 0.5650510204081632,
      "valid_sell_precision_05": 0.34911242603550297,
      "valid_sell_recall_05": 0.49372384937238495,
      "valid_sell_f1_05": 0.4090121317157712,
      "valid_sell_q90_threshold": 0.5846797227859497,
      "valid_sell_q95_threshold": 0.6179429888725281,
      "test_sell_auc": 0.4993732394366197,
      "test_sell_positive_rate": 0.3622448979591837,
      "test_sell_prob_mean": 0.47132250666618347,
      "test_sell_prob_std": 0.0721878856420517,
      "test_sell_prob_min": 0.2262059599161148,
      "test_sell_prob_max": 0.6819136142730713,
      "test_sell_acc_05": 0.548469387755102,
      "test_sell_precision_05": 0.3684210526315789,
      "test_sell_recall_05": 0.34507042253521125,
      "test_sell_f1_05": 0.3563636363636364,
      "test_sell_q90_threshold": 0.5620926022529602,
      "test_sell_q95_threshold": 0.5847963094711304
    }
  },
  "selected_model_summary": {
    "model": "LSTM",
    "target_col_buy": "buy_label",
    "target_col_sell": "sell_label",
    "feature_count": 194,
    "lookback": 16,
    "params": {
      "hidden_dim": 256,
      "num_layers": 2,
      "dropout": 0.3,
      "output_dim": 1
    },
    "buy_fit": {
      "best_score": 0.5556390224358975,
      "best_valid_auc": 0.5556390224358975,
      "epochs_ran": 17,
      "pos_rate": 0.2638190954773869,
      "pos_weight": 2.7904761904761908,
      "device": "cpu"
    },
    "sell_fit": {
      "best_score": 0.5589881386511074,
      "best_valid_auc": 0.5589881386511074,
      "epochs_ran": 12,
      "pos_rate": 0.33699748743718594,
      "pos_weight": 1.9673811742777259,
      "device": "cpu"
    },
    "valid_buy_auc": 0.5556390224358975,
    "valid_buy_positive_rate": 0.2653061224489796,
    "valid_buy_prob_mean": 0.35494089126586914,
    "valid_buy_prob_std": 0.16563764214515686,
    "valid_buy_prob_min": 0.047401655465364456,
    "valid_buy_prob_max": 0.7737067341804504,
    "valid_buy_acc_05": 0.6441326530612245,
    "valid_buy_precision_05": 0.29714285714285715,
    "valid_buy_recall_05": 0.25,
    "valid_buy_f1_05": 0.27154046997389036,
    "valid_buy_q90_threshold": 0.6085138320922852,
    "valid_buy_q95_threshold": 0.6505905985832214,
    "test_buy_auc": 0.5254303599374022,
    "test_buy_positive_rate": 0.2755102040816326,
    "test_buy_prob_mean": 0.4260849356651306,
    "test_buy_prob_std": 0.1662023663520813,
    "test_buy_prob_min": 0.03770480677485466,
    "test_buy_prob_max": 0.8024656176567078,
    "test_buy_acc_05": 0.5739795918367347,
    "test_buy_precision_05": 0.286231884057971,
    "test_buy_recall_05": 0.36574074074074076,
    "test_buy_f1_05": 0.32113821138211385,
    "test_buy_q90_threshold": 0.6548182368278503,
    "test_buy_q95_threshold": 0.6920856833457947,
    "valid_sell_auc": 0.5589881386511074,
    "valid_sell_positive_rate": 0.3048469387755102,
    "valid_sell_prob_mean": 0.4928703308105469,
    "valid_sell_prob_std": 0.07188807427883148,
    "valid_sell_prob_min": 0.2992657721042633,
    "valid_sell_prob_max": 0.761046826839447,
    "valid_sell_acc_05": 0.5650510204081632,
    "valid_sell_precision_05": 0.34911242603550297,
    "valid_sell_recall_05": 0.49372384937238495,
    "valid_sell_f1_05": 0.4090121317157712,
    "valid_sell_q90_threshold": 0.5846797227859497,
    "valid_sell_q95_threshold": 0.6179429888725281,
    "test_sell_auc": 0.4993732394366197,
    "test_sell_positive_rate": 0.3622448979591837,
    "test_sell_prob_mean": 0.47132250666618347,
    "test_sell_prob_std": 0.0721878856420517,
    "test_sell_prob_min": 0.2262059599161148,
    "test_sell_prob_max": 0.6819136142730713,
    "test_sell_acc_05": 0.548469387755102,
    "test_sell_precision_05": 0.3684210526315789,
    "test_sell_recall_05": 0.34507042253521125,
    "test_sell_f1_05": 0.3563636363636364,
    "test_sell_q90_threshold": 0.5620926022529602,
    "test_sell_q95_threshold": 0.5847963094711304
  },
  "t0_stats": {
    "total_return": 0.07224536500767154,
    "annualized_return": 1.7579006421367631,
    "max_drawdown": -0.05117406087896825,
    "sharpe": 3.8169024746744484,
    "sortino": 6.489043094229306,
    "calmar": 34.35140014184868,
    "trade_count": 6,
    "win_rate": 0.16666666666666666,
    "avg_net_return_per_trade": -0.006869726032041184,
    "median_net_return_per_trade": -0.007033095720237578,
    "backtest_mode": "a_share_inventory_t0",
    "trade_direction_mode": "sell_only",
    "buy_threshold": 0.6505905956029889,
    "sell_threshold": 0.6179429918527604,
    "initial_capital": 1000000.0,
    "final_equity": 1070654.1528860002,
    "final_benchmark_equity": 1079288.0,
    "final_alpha_equity": 991366.1528860002,
    "alpha_total_return": -0.008633847113999726,
    "alpha_sharpe": -7.670840905494911,
    "alpha_sortino": -1.380644811375699,
    "alpha_calmar": -13.723001554270946,
    "alpha_max_drawdown": -0.008633847113999948,
    "base_shares": 10600,
    "ending_shares": 10600,
    "base_position_pct": 0.6,
    "max_t0_trade_pct": 0.3,
    "max_participation_rate": 0.05,
    "commission_rate": 0.001,
    "slippage_rate": 0.0005,
    "tp": 0.003,
    "sl": 0.002,
    "stop_loss_cooldown_bars": 0,
    "daily_max_trades": 0,
    "daily_max_losses": 0,
    "daily_loss_limit": 0.0,
    "no_overnight": true
  },
  "stress_stats": {
    "stress_scenario_count": 12,
    "stress_min_alpha_total_return": -0.01088035780849983,
    "stress_worst_alpha_drawdown": -0.010880357808500052,
    "stress_min_trade_count": 6
  },
  "sell_threshold_grid_stats": {
    "sell_grid_best_rule": "sell_only_q96",
    "sell_grid_best_quantile": 0.96,
    "sell_grid_best_alpha_total_return": -0.006785909140500035,
    "sell_grid_best_trade_count": 4,
    "sell_grid_result_count": 6
  },