model_label,epoch,train_loss,valid_loss,valid_auc,valid_prob_mean,valid_prob_max
MLP_buy,1,2.0220216416023873,4.756119728088379,0.4923306637708701,0.044513050466775894,0.19158075749874115
MLP_buy,2,1.4001913650615796,4.093954086303711,0.506990633907968,0.07575171440839767,0.299301415681839
MLP_buy,3,1.1295119942845524,3.6969127655029297,0.506990633907968,0.10483306646347046,0.3945690393447876
