model_label,epoch,train_loss,valid_loss,valid_auc,valid_prob_mean,valid_prob_max
MLP_sell,1,0.975982218175321,1.1856778860092163,0.44633838383838387,0.44322720170021057,0.9851642847061157
MLP_sell,2,0.809408547105016,1.2258867025375366,0.4188131313131313,0.4477524757385254,0.9907846450805664
MLP_sell,3,0.6920237798948545,1.1898131370544434,0.4111111111111111,0.46246978640556335,0.985745906829834
