{
  "model": "MLP",
  "target_col_buy": "buy_label",
  "target_col_sell": "sell_label",
  "feature_count": 194,
  "lookback": 8,
  "params": {
    "lookback": 8,
    "hidden_dim": 256,
    "dropout": 0.3,
    "output_dim": 1
  },
  "buy_fit": {
    "best_score": 0.506990633907968,
    "best_valid_auc": 0.506990633907968,
    "epochs_ran": 3,
    "pos_rate": 0.20945945945945946,
    "pos_weight": 3.774193548387097,
    "device": "cpu"
  },
  "sell_fit": {
    "best_score": 0.44633838383838387,
    "best_valid_auc": 0.44633838383838387,
    "epochs_ran": 3,
    "pos_rate": 0.3952702702702703,
    "pos_weight": 1.5299145299145298,
    "device": "cpu"
  },
  "valid_buy_auc": 0.506990633907968,
  "valid_buy_positive_rate": 0.2760416666666667,
  "valid_buy_prob_mean": 0.07575171440839767,
  "valid_buy_prob_std": 0.07322338968515396,
  "valid_buy_prob_min": 8.127537512336858e-06,
  "valid_buy_prob_max": 0.299301415681839,
  "valid_buy_acc_05": 0.7239583333333334,
  "valid_buy_precision_05": 0.0,
  "valid_buy_recall_05": 0.0,
  "valid_buy_f1_05": 0.0,
  "valid_buy_q90_threshold": 0.17647551000118256,
  "valid_buy_q95_threshold": 0.21690960228443146,
  "test_buy_auc": 0.4895119418483904,
  "test_buy_positive_rate": 0.29605263157894735,
  "test_buy_prob_mean": 0.07126543670892715,
  "test_buy_prob_std": 0.06242705136537552,
  "test_buy_prob_min": 0.0005319835618138313,
  "test_buy_prob_max": 0.3564736545085907,
  "test_buy_acc_05": 0.7039473684210527,
  "test_buy_precision_05": 0.0,
  "test_buy_recall_05": 0.0,
  "test_buy_f1_05": 0.0,
  "test_buy_q90_threshold": 0.15195193886756897,
  "test_buy_q95_threshold": 0.2110706865787506,
  "valid_sell_auc": 0.44633838383838387,
  "valid_sell_positive_rate": 0.3125,
  "valid_sell_prob_mean": 0.44322720170021057,
  "valid_sell_prob_std": 0.2934698164463043,
  "valid_sell_prob_min": 0.036879319697618484,
  "valid_sell_prob_max": 0.9851642847061157,
  "valid_sell_acc_05": 0.5260416666666666,
  "valid_sell_precision_05": 0.26865671641791045,
  "valid_sell_recall_05": 0.3,
  "valid_sell_f1_05": 0.28346456692913385,
  "valid_sell_q90_threshold": 0.9371006488800049,
  "valid_sell_q95_threshold": 0.9606683850288391,
  "test_sell_auc": 0.48815873693193934,
  "test_sell_positive_rate": 0.28289473684210525,
  "test_sell_prob_mean": 0.45675432682037354,
  "test_sell_prob_std": 0.2007409781217575,
  "test_sell_prob_min": 0.12879140675067902,
  "test_sell_prob_max": 0.9649256467819214,
  "test_sell_acc_05": 0.5197368421052632,
  "test_sell_precision_05": 0.25,
  "test_sell_recall_05": 0.3488372093023256,
  "test_sell_f1_05": 0.2912621359223301,
  "test_sell_q90_threshold": 0.7462407946586609,
  "test_sell_q95_threshold": 0.8367792367935181
}