{
  "total_return": -0.0988925452218995,
  "annualized_return": -0.8221650693089514,
  "max_drawdown": -0.11795067741902054,
  "sharpe": -6.5000474417121605,
  "sortino": -10.24879835128819,
  "calmar": -6.970414136649717,
  "trade_count": 11,
  "win_rate": 0.0,
  "avg_net_return_per_trade": -0.006403929421915363,
  "median_net_return_per_trade": -0.0018584786000513899,
  "backtest_mode": "a_share_inventory_t0",
  "trade_direction_mode": "sell_only",
  "buy_threshold": 0.6491788774728775,
  "sell_threshold": 0.8673499226570129,
  "initial_capital": 1000000.0,
  "final_equity": 905473.3203965004,
  "final_benchmark_equity": 913740.0,
  "final_alpha_equity": 991733.3203965004,
  "alpha_total_return": -0.008266679603499583,
  "alpha_sharpe": -6.792566282482542,
  "alpha_sortino": -1.7828613379345761,
  "alpha_calmar": -13.917075860577443,
  "alpha_max_drawdown": -0.0092410631042944,
  "base_shares": 9500,
  "ending_shares": 9500,
  "base_position_pct": 0.6,
  "max_t0_trade_pct": 0.3,
  "max_participation_rate": 0.02,
  "commission_rate": 0.0015,
  "slippage_rate": 0.001,
  "tp": 0.003,
  "sl": 0.002,
  "stop_loss_cooldown_bars": 6,
  "daily_max_trades": 0,
  "daily_max_losses": 2,
  "daily_loss_limit": 0.0,
  "no_overnight": true
}