{
  "total_return": -0.0967027682268834,
  "annualized_return": -0.803216409819717,
  "max_drawdown": -0.11872202247729469,
  "sharpe": -6.505156992723066,
  "sortino": -10.234715514869889,
  "calmar": -6.765521619826939,
  "trade_count": 13,
  "win_rate": 0.07692307692307693,
  "avg_net_return_per_trade": -0.005111572991451161,
  "median_net_return_per_trade": -0.007227692275800276,
  "backtest_mode": "a_share_inventory_t0",
  "trade_direction_mode": "sell_only",
  "buy_threshold": 0.6360969454050064,
  "sell_threshold": 0.9222695231437683,
  "initial_capital": 1000000.0,
  "final_equity": 902448.1323752499,
  "final_benchmark_equity": 911922.0,
  "final_alpha_equity": 990526.1323752499,
  "alpha_total_return": -0.00947386762475011,
  "alpha_sharpe": -9.114124658343819,
  "alpha_sortino": -2.809261774613101,
  "alpha_calmar": -13.66764655259269,
  "alpha_max_drawdown": -0.01032687216487771,
  "base_shares": 9400,
  "ending_shares": 9400,
  "base_position_pct": 0.6,
  "max_t0_trade_pct": 0.3,
  "max_participation_rate": 0.02,
  "commission_rate": 0.0015,
  "slippage_rate": 0.00075,
  "tp": 0.003,
  "sl": 0.002,
  "stop_loss_cooldown_bars": 0,
  "daily_max_trades": 0,
  "daily_max_losses": 0,
  "daily_loss_limit": 0.0,
  "no_overnight": true
}