{
  "lookback": 24,
  "lookback_minutes": 120,
  "horizon": 9,
  "horizon_minutes": 45,
  "best_valid_auc": 0.6131023086581572,
  "valid_auc": 0.6131023086581572,
  "test_auc": 0.5525907109992533,
  "train_positive_rate": 0.26261559900342046,
  "valid_positive_rate": 0.2781836130306022,
  "test_positive_rate": 0.3126048761227914,
  "test_trade_return_mean_all": 0.0005102722374670494,
  "test_trade_return_mean_label_1": 0.013227923765525717,
  "selected_threshold": 0.7031670093536374,
  "selected_quantile": 0.95,
  "selected_threshold_test_stats": {
    "threshold": 0.7031670093536374,
    "horizon": 9,
    "round_trip_cost": 0.003,
    "trade_count": 51,
    "win_rate": 0.35294117647058826,
    "gross_return_mean": 0.0027486961904120786,
    "net_return_mean": -0.00025130380958792147,
    "gross_return_median": -0.0011811739051426073,
    "net_return_median": -0.004181173905142607,
    "total_return": -0.022061835221017456,
    "max_drawdown": -0.15445282958196627,
    "sharpe": -1.3778275381946545,
    "avg_pred_prob": 0.7162935488364276,
    "positive_label_rate": 0.35294117647058826,
    "selected_by": "validation_net_return_mean",
    "selected_quantile": 0.95
  },
  "output_dir": "outputs\\diagnostics\\horizon_compare\\lb24_h9"
}