{
  "lookback": 24,
  "lookback_minutes": 120,
  "horizon": 9,
  "horizon_minutes": 45,
  "best_valid_auc": 0.5725880396795227,
  "valid_auc": 0.5725880396795227,
  "test_auc": 0.5280217840951207,
  "train_positive_rate": 0.34696592204721083,
  "valid_positive_rate": 0.34481737413622904,
  "test_positive_rate": 0.38653637350705755,
  "valid_action_metrics": {
    "accuracy": 0.4194471865745311,
    "buy_auc": 0.5725880396795227,
    "sell_auc": 0.5561081928206102,
    "buy_positive_rate": 0.34481737413622904,
    "sell_positive_rate": 0.4412635735439289,
    "hold_rate": 0.21391905231984204
  },
  "test_action_metrics": {
    "accuracy": 0.4055868127529365,
    "buy_auc": 0.5280217840951207,
    "sell_auc": 0.5313298498254633,
    "buy_positive_rate": 0.38653637350705755,
    "sell_positive_rate": 0.4466488994176291,
    "hold_rate": 0.1668147270753134
  },
  "test_trade_return_mean_all": 0.0005102722374670494,
  "test_trade_return_mean_label_1": -1.250535150234623e-06,
  "selected_threshold": 0.49403302371501917,
  "selected_quantile": 0.95,
  "selected_threshold_test_stats": {
    "threshold": 0.49403302371501917,
    "horizon": 9,
    "round_trip_cost": 0.003,
    "trade_count": 86,
    "win_rate": 0.4069767441860465,
    "gross_return_mean": 0.0009172523440496908,
    "net_return_mean": -0.00208274765595031,
    "gross_return_median": 0.0006482484464518379,
    "net_return_median": -0.002351751553548162,
    "total_return": -0.17583100482802716,
    "max_drawdown": -0.27816427931692556,
    "per_trade_sharpe": -0.11397438993297164,
    "trades_per_year": 107.96004534876784,
    "bar_annualized_sharpe": -12.28388035955451,
    "sharpe": -1.184237489344704,
    "avg_pred_prob": 0.5050662953493207,
    "positive_label_rate": 0.5813953488372093,
    "buy_label_rate": 0.46511627906976744,
    "selected_by": "validation_net_return_mean",
    "selected_quantile": 0.95
  },
  "output_dir": "outputs\\diagnostics\\horizon_compare\\lb24_h9",
  "seed": 42
}