{
  "total_return": -0.026981320471161974,
  "annualized_return": -0.9632399160721692,
  "max_drawdown": -0.05654045070877367,
  "sharpe": -9.333336167415428,
  "sortino": -12.768224720605595,
  "calmar": -17.036297093448855,
  "trade_count": 2,
  "win_rate": 1.0,
  "avg_net_return_per_trade": 0.0012189028053556398,
  "median_net_return_per_trade": 0.0012189028053556398,
  "backtest_mode": "a_share_inventory_t0",
  "trade_direction_mode": "sell_only",
  "buy_threshold": 0.36078413022845357,
  "sell_threshold": 0.5629415590088706,
  "initial_capital": 1000000.0,
  "final_equity": 971114.4819730001,
  "final_benchmark_equity": 970336.0,
  "final_alpha_equity": 1000778.4819730001,
  "alpha_total_return": 0.0007784819730001225,
  "alpha_sharpe": 6.645063641012339,
  "alpha_sortino": 6.008687779486499,
  "alpha_calmar": 185.953484447293,
  "alpha_max_drawdown": -0.0005299166090605434,
  "base_shares": 10300,
  "ending_shares": 10300,
  "base_position_pct": 0.6,
  "max_t0_trade_pct": 0.3,
  "max_participation_rate": 0.02,
  "commission_rate": 0.001,
  "slippage_rate": 0.0005,
  "tp": 0.003,
  "sl": 0.002,
  "no_overnight": true
}