{
  "lookback": 12,
  "lookback_minutes": 60,
  "horizon": 12,
  "horizon_minutes": 60,
  "best_valid_auc": 0.5637374468041956,
  "valid_auc": 0.5637374468041956,
  "test_auc": 0.5140988085292114,
  "train_positive_rate": 0.3599594697289538,
  "valid_positive_rate": 0.3589035693157168,
  "test_positive_rate": 0.39469532636560833,
  "valid_action_metrics": {
    "accuracy": 0.418063498323802,
    "buy_auc": 0.5637374468041956,
    "sell_auc": 0.546716617925846,
    "buy_positive_rate": 0.3589035693157168,
    "sell_positive_rate": 0.4564188522973772,
    "hold_rate": 0.18467757838690593
  },
  "test_action_metrics": {
    "accuracy": 0.3990337211595346,
    "buy_auc": 0.5140988085292114,
    "sell_auc": 0.5152648254588702,
    "buy_positive_rate": 0.39469532636560833,
    "sell_positive_rate": 0.4593768487477815,
    "hold_rate": 0.14592782488661013
  },
  "test_trade_return_mean_all": 0.0006739980318219554,
  "test_trade_return_mean_label_1": -4.1797926702577834e-05,
  "selected_threshold": 0.4721840873360634,
  "selected_quantile": 0.95,
  "selected_threshold_test_stats": {
    "threshold": 0.4721840873360634,
    "horizon": 12,
    "round_trip_cost": 0.003,
    "trade_count": 49,
    "win_rate": 0.42857142857142855,
    "gross_return_mean": 0.0023434138891931266,
    "net_return_mean": -0.000656586110806874,
    "gross_return_median": -0.000674157303370837,
    "net_return_median": -0.003674157303370837,
    "total_return": -0.044396998186273184,
    "max_drawdown": -0.08670626217945243,
    "per_trade_sharpe": -0.027798243344816734,
    "trades_per_year": 63.89101952277657,
    "bar_annualized_sharpe": -2.9960265253828506,
    "sharpe": -0.2221965244720585,
    "avg_pred_prob": 0.4891650536838843,
    "positive_label_rate": 0.5102040816326531,
    "buy_label_rate": 0.42857142857142855,
    "selected_by": "validation_net_return_mean",
    "selected_quantile": 0.95
  },
  "output_dir": "outputs\\diagnostics\\horizon_compare\\lb12_h12",
  "seed": 42
}