{
  "lookback": 12,
  "lookback_minutes": 60,
  "horizon": 12,
  "horizon_minutes": 60,
  "best_valid_auc": 0.5934577775050167,
  "valid_auc": 0.5934577775050167,
  "test_auc": 0.5506336921389738,
  "train_positive_rate": 0.2873427341045343,
  "valid_positive_rate": 0.2977716426740288,
  "test_positive_rate": 0.3360283967659239,
  "test_trade_return_mean_all": 0.0006739980318219554,
  "test_trade_return_mean_label_1": 0.014918620844276866,
  "selected_threshold": 0.6658339917659759,
  "selected_quantile": 0.9,
  "selected_threshold_test_stats": {
    "threshold": 0.6658339917659759,
    "horizon": 12,
    "round_trip_cost": 0.003,
    "trade_count": 126,
    "win_rate": 0.373015873015873,
    "gross_return_mean": 0.0012037871478572575,
    "net_return_mean": -0.0017962128521427432,
    "gross_return_median": -0.00099143253746925,
    "net_return_median": -0.00399143253746925,
    "total_return": -0.2216152904514972,
    "max_drawdown": -0.3329282040429121,
    "sharpe": -9.809008918984658,
    "avg_pred_prob": 0.6798866973036811,
    "positive_label_rate": 0.373015873015873,
    "selected_by": "validation_net_return_mean",
    "selected_quantile": 0.9
  },
  "output_dir": "outputs\\diagnostics\\horizon_compare\\lb12_h12"
}