{
  "total_return": -0.04861665313545338,
  "annualized_return": -0.997567985591024,
  "max_drawdown": -0.06286319491627035,
  "sharpe": -12.518678609623025,
  "sortino": -14.196067883548174,
  "calmar": -15.868871872002673,
  "trade_count": 3,
  "win_rate": 0.0,
  "avg_net_return_per_trade": -0.009076828306599057,
  "median_net_return_per_trade": -0.008912617461760749,
  "backtest_mode": "a_share_inventory_t0",
  "trade_direction_mode": "sell_only",
  "buy_threshold": 0.4654643074304277,
  "sell_threshold": 0.5175519518036075,
  "initial_capital": 1000000.0,
  "final_equity": 951063.6820600001,
  "final_benchmark_equity": 957328.0,
  "final_alpha_equity": 993735.6820600001,
  "alpha_total_return": -0.0062643179399998195,
  "alpha_sharpe": -18.447716163545806,
  "alpha_sortino": -6.856638003347278,
  "alpha_calmar": -84.89883388706231,
  "alpha_max_drawdown": -0.0062643179399998195,
  "base_shares": 8400,
  "ending_shares": 8400,
  "base_position_pct": 0.6,
  "max_t0_trade_pct": 0.3,
  "max_participation_rate": 0.05,
  "commission_rate": 0.001,
  "slippage_rate": 0.0005,
  "tp": 0.003,
  "sl": 0.002,
  "no_overnight": true
}