{
  "total_return": -0.04779716500002995,
  "annualized_return": -0.5561353285945109,
  "max_drawdown": -0.07867774944489359,
  "sharpe": -2.4291760265908926,
  "sortino": -2.311139277909257,
  "calmar": -7.068521056058317,
  "trade_count": 3,
  "win_rate": 0.0,
  "avg_net_return_per_trade": -0.005721212010040273,
  "median_net_return_per_trade": -0.0069980019980019305,
  "backtest_mode": "a_share_inventory_t0",
  "trade_direction_mode": "sell_only",
  "buy_threshold": 0.6456784754991531,
  "sell_threshold": 0.8729534447193146,
  "initial_capital": 1000000.0,
  "final_equity": 951362.9920995,
  "final_benchmark_equity": 953940.0,
  "final_alpha_equity": 997422.9920995,
  "alpha_total_return": -0.0025770079004999724,
  "alpha_sharpe": -5.184710995407197,
  "alpha_sortino": -0.9620858828975196,
  "alpha_calmar": -14.029882808487997,
  "alpha_max_drawdown": -0.002985732127421481,
  "base_shares": 9800,
  "ending_shares": 9800,
  "base_position_pct": 0.6,
  "max_t0_trade_pct": 0.3,
  "max_participation_rate": 0.02,
  "commission_rate": 0.0015,
  "slippage_rate": 0.001,
  "tp": 0.004,
  "sl": 0.003,
  "stop_loss_cooldown_bars": 6,
  "daily_max_trades": 0,
  "daily_max_losses": 2,
  "daily_loss_limit": 0.0,
  "no_overnight": true
}