{
  "total_return": 0.07730683430424512,
  "annualized_return": 1.964967548449248,
  "max_drawdown": -0.04530152998121195,
  "sharpe": 4.173552967480641,
  "sortino": 7.095728756188425,
  "calmar": 43.37530209827759,
  "trade_count": 9,
  "win_rate": 0.4444444444444444,
  "avg_net_return_per_trade": -0.003413451308482532,
  "median_net_return_per_trade": -0.00532821077585843,
  "backtest_mode": "a_share_inventory_t0",
  "trade_direction_mode": "sell_only",
  "buy_threshold": 0.6006682366132736,
  "sell_threshold": 0.5948435068130493,
  "initial_capital": 1000000.0,
  "final_equity": 1076850.0562065002,
  "final_benchmark_equity": 1078122.0,
  "final_alpha_equity": 998728.0562065002,
  "alpha_total_return": -0.001271943793499819,
  "alpha_sharpe": -1.4408541519891112,
  "alpha_sortino": -0.6481569760198904,
  "alpha_calmar": -8.34470133484779,
  "alpha_max_drawdown": -0.002205636745499895,
  "base_shares": 10600,
  "ending_shares": 10600,
  "base_position_pct": 0.6,
  "max_t0_trade_pct": 0.3,
  "max_participation_rate": 0.05,
  "commission_rate": 0.001,
  "slippage_rate": 0.0005,
  "tp": 0.003,
  "sl": 0.002,
  "stop_loss_cooldown_bars": 0,
  "daily_max_trades": 0,
  "daily_max_losses": 0,
  "daily_loss_limit": 0.0,
  "no_overnight": true
}