{
  "total_return": -0.10321260612517125,
  "annualized_return": -0.8354138755840741,
  "max_drawdown": -0.11720281231582652,
  "sharpe": -6.845930209885168,
  "sortino": -10.848089862631902,
  "calmar": -7.127933699516387,
  "trade_count": 11,
  "win_rate": 0.36363636363636365,
  "avg_net_return_per_trade": -0.0026820739982525857,
  "median_net_return_per_trade": -0.006454046932307553,
  "backtest_mode": "a_share_inventory_t0",
  "trade_direction_mode": "sell_only",
  "buy_threshold": 0.9011711865663528,
  "sell_threshold": 0.9074178171157835,
  "initial_capital": 1000000.0,
  "final_equity": 899456.2331590003,
  "final_benchmark_equity": 906349.0,
  "final_alpha_equity": 993107.2331590003,
  "alpha_total_return": -0.006892766840999709,
  "alpha_sharpe": -6.330389524400032,
  "alpha_sortino": -2.159929343170809,
  "alpha_calmar": -10.977643803576212,
  "alpha_max_drawdown": -0.009860230355977384,
  "base_shares": 9300,
  "ending_shares": 9300,
  "base_position_pct": 0.6,
  "max_t0_trade_pct": 0.3,
  "max_participation_rate": 0.05,
  "commission_rate": 0.001,
  "slippage_rate": 0.0005,
  "tp": 0.004,
  "sl": 0.002,
  "stop_loss_cooldown_bars": 6,
  "daily_max_trades": 0,
  "daily_max_losses": 2,
  "daily_loss_limit": 0.0,
  "no_overnight": true
}