{
  "total_return": -0.05305576978995463,
  "annualized_return": -0.595083894837118,
  "max_drawdown": -0.07860340954662892,
  "sharpe": -2.7158213025665248,
  "sortino": -2.578719918386674,
  "calmar": -7.5707135131855035,
  "trade_count": 15,
  "win_rate": 0.26666666666666666,
  "avg_net_return_per_trade": -0.004325025078419859,
  "median_net_return_per_trade": -0.005472710883620777,
  "backtest_mode": "a_share_inventory_t0",
  "trade_direction_mode": "sell_only",
  "buy_threshold": 0.7795956283807755,
  "sell_threshold": 0.7880049347877502,
  "initial_capital": 1000000.0,
  "final_equity": 946109.0253990002,
  "final_benchmark_equity": 953940.0,
  "final_alpha_equity": 992169.0253990002,
  "alpha_total_return": -0.007830974600999796,
  "alpha_sharpe": -9.144731177563742,
  "alpha_sortino": -2.851891580229473,
  "alpha_calmar": -15.120877999764145,
  "alpha_max_drawdown": -0.00808404704789878,
  "base_shares": 9800,
  "ending_shares": 9800,
  "base_position_pct": 0.6,
  "max_t0_trade_pct": 0.3,
  "max_participation_rate": 0.05,
  "commission_rate": 0.001,
  "slippage_rate": 0.0005,
  "tp": 0.003,
  "sl": 0.002,
  "stop_loss_cooldown_bars": 0,
  "daily_max_trades": 0,
  "daily_max_losses": 0,
  "daily_loss_limit": 0.0,
  "no_overnight": true
}