side,reason,count,ratio
buy,stop_loss,33808,0.4992173887363043
buy,take_profit,14946,0.22069637636218659
buy,timeout_loss,13770,0.20333126605829716
buy,timeout_win,5198,0.07675496884321195
sell,stop_loss,31329,0.46261185434570745
sell,take_profit,15333,0.226410915212191
sell,timeout_loss,12486,0.18437140072649952
sell,timeout_win,8574,0.12660582971560203
