{
  "model": "LSTM",
  "target_col_buy": "buy_label",
  "target_col_sell": "sell_label",
  "feature_count": 194,
  "lookback": 8,
  "params": {
    "hidden_dim": 256,
    "num_layers": 2,
    "dropout": 0.3,
    "output_dim": 1
  },
  "buy_fit": {
    "best_score": 0.5632635673868314,
    "best_valid_auc": 0.5632635673868314,
    "epochs_ran": 11,
    "pos_rate": 0.27631578947368424,
    "pos_weight": 2.6190476190476186,
    "device": "cpu"
  },
  "sell_fit": {
    "best_score": 0.5697711379529561,
    "best_valid_auc": 0.5697711379529561,
    "epochs_ran": 20,
    "pos_rate": 0.32205513784461154,
    "pos_weight": 2.105058365758755,
    "device": "cpu"
  },
  "valid_buy_auc": 0.5632635673868314,
  "valid_buy_positive_rate": 0.2727272727272727,
  "valid_buy_prob_mean": 0.47864648699760437,
  "valid_buy_prob_std": 0.07513021677732468,
  "valid_buy_prob_min": 0.3307718336582184,
  "valid_buy_prob_max": 0.7137343883514404,
  "valid_buy_acc_05": 0.6325757575757576,
  "valid_buy_precision_05": 0.3469387755102041,
  "valid_buy_recall_05": 0.39351851851851855,
  "valid_buy_f1_05": 0.368763557483731,
  "valid_buy_q90_threshold": 0.5929534435272217,
  "valid_buy_q95_threshold": 0.6360969543457031,
  "test_buy_auc": 0.5119135988775685,
  "test_buy_positive_rate": 0.26641414141414144,
  "test_buy_prob_mean": 0.4805377125740051,
  "test_buy_prob_std": 0.06720010936260223,
  "test_buy_prob_min": 0.32636258006095886,
  "test_buy_prob_max": 0.6547159552574158,
  "test_buy_acc_05": 0.5618686868686869,
  "test_buy_precision_05": 0.2638888888888889,
  "test_buy_recall_05": 0.36018957345971564,
  "test_buy_f1_05": 0.3046092184368738,
  "test_buy_q90_threshold": 0.5774838924407959,
  "test_buy_q95_threshold": 0.6059660911560059,
  "valid_sell_auc": 0.5697711379529561,
  "valid_sell_positive_rate": 0.3611111111111111,
  "valid_sell_prob_mean": 0.4144684076309204,
  "valid_sell_prob_std": 0.2949603199958801,
  "valid_sell_prob_min": 0.0034675768110901117,
  "valid_sell_prob_max": 0.9912159442901611,
  "valid_sell_acc_05": 0.5707070707070707,
  "valid_sell_precision_05": 0.40939597315436244,
  "valid_sell_recall_05": 0.42657342657342656,
  "valid_sell_f1_05": 0.4178082191780822,
  "valid_sell_q90_threshold": 0.8684365153312683,
  "valid_sell_q95_threshold": 0.9222695231437683,
  "test_sell_auc": 0.5220719178082192,
  "test_sell_positive_rate": 0.3686868686868687,
  "test_sell_prob_mean": 0.35923367738723755,
  "test_sell_prob_std": 0.2800526022911072,
  "test_sell_prob_min": 0.0012827756581827998,
  "test_sell_prob_max": 0.9784230589866638,
  "test_sell_acc_05": 0.5757575757575758,
  "test_sell_precision_05": 0.41338582677165353,
  "test_sell_recall_05": 0.3595890410958904,
  "test_sell_f1_05": 0.38461538461538464,
  "test_sell_q90_threshold": 0.8009424805641174,
  "test_sell_q95_threshold": 0.8708023428916931
}