{
  "total_return": -0.04832750787864715,
  "annualized_return": -0.9974770740983095,
  "max_drawdown": -0.06286319491627035,
  "sharpe": -12.441333839738943,
  "sortino": -14.05617568472783,
  "calmar": -15.867425692042595,
  "trade_count": 3,
  "win_rate": 0.0,
  "avg_net_return_per_trade": -0.009076828306599057,
  "median_net_return_per_trade": -0.008912617461760749,
  "backtest_mode": "a_share_inventory_t0",
  "trade_direction_mode": "sell_only",
  "buy_threshold": 0.4654643074304277,
  "sell_threshold": 0.534176201029381,
  "initial_capital": 1000000.0,
  "final_equity": 951352.7301640001,
  "final_benchmark_equity": 957328.0,
  "final_alpha_equity": 994024.7301640001,
  "alpha_total_return": -0.005975269835999941,
  "alpha_sharpe": -18.860874872718206,
  "alpha_sortino": -7.32283956938581,
  "alpha_calmar": -86.20486547941373,
  "alpha_max_drawdown": -0.005975269835999941,
  "base_shares": 8400,
  "ending_shares": 8400,
  "base_position_pct": 0.6,
  "max_t0_trade_pct": 0.3,
  "max_participation_rate": 0.05,
  "commission_rate": 0.001,
  "slippage_rate": 0.0005,
  "tp": 0.003,
  "sl": 0.002,
  "no_overnight": true
}