{
  "total_return": -0.1003253049713484,
  "annualized_return": -0.8271797184453775,
  "max_drawdown": -0.1177089589228798,
  "sharpe": -6.717960950399331,
  "sortino": -10.658482927539884,
  "calmar": -7.027330171081767,
  "trade_count": 12,
  "win_rate": 0.0,
  "avg_net_return_per_trade": -0.005884537088872114,
  "median_net_return_per_trade": -0.0070135082204238995,
  "backtest_mode": "a_share_inventory_t0",
  "trade_direction_mode": "sell_only",
  "buy_threshold": 0.6345955163240432,
  "sell_threshold": 0.8987929791212081,
  "initial_capital": 1000000.0,
  "final_equity": 903226.6107246247,
  "final_benchmark_equity": 912204.0,
  "final_alpha_equity": 991022.6107246247,
  "alpha_total_return": -0.00897738927537528,
  "alpha_sharpe": -12.113569682000609,
  "alpha_sortino": -3.8671978670238576,
  "alpha_calmar": -15.05875207718317,
  "alpha_max_drawdown": -0.009235142077728686,
  "base_shares": 9400,
  "ending_shares": 9400,
  "base_position_pct": 0.6,
  "max_t0_trade_pct": 0.3,
  "max_participation_rate": 0.02,
  "commission_rate": 0.0015,
  "slippage_rate": 0.00075,
  "tp": 0.003,
  "sl": 0.002,
  "stop_loss_cooldown_bars": 6,
  "daily_max_trades": 0,
  "daily_max_losses": 2,
  "daily_loss_limit": 0.0,
  "no_overnight": true
}