{
  "total_return": -0.09846008516301041,
  "annualized_return": -0.8207443793839636,
  "max_drawdown": -0.11765416062631284,
  "sharpe": -6.469281126340064,
  "sortino": -10.212286755340566,
  "calmar": -6.975906121932824,
  "trade_count": 11,
  "win_rate": 0.18181818181818182,
  "avg_net_return_per_trade": -0.005512621175661376,
  "median_net_return_per_trade": -0.0012698448085451358,
  "backtest_mode": "a_share_inventory_t0",
  "trade_direction_mode": "sell_only",
  "buy_threshold": 0.6491788774728775,
  "sell_threshold": 0.8673499226570129,
  "initial_capital": 1000000.0,
  "final_equity": 905907.8757243748,
  "final_benchmark_equity": 913740.0,
  "final_alpha_equity": 992167.8757243748,
  "alpha_total_return": -0.007832124275625185,
  "alpha_sharpe": -6.515662107779013,
  "alpha_sortino": -1.61029211375227,
  "alpha_calmar": -13.543087371195089,
  "alpha_max_drawdown": -0.009027096502026266,
  "base_shares": 9500,
  "ending_shares": 9500,
  "base_position_pct": 0.6,
  "max_t0_trade_pct": 0.3,
  "max_participation_rate": 0.05,
  "commission_rate": 0.0015,
  "slippage_rate": 0.00075,
  "tp": 0.003,
  "sl": 0.002,
  "stop_loss_cooldown_bars": 6,
  "daily_max_trades": 0,
  "daily_max_losses": 2,
  "daily_loss_limit": 0.0,
  "no_overnight": true
}