{
  "total_return": 0.07224536500767154,
  "annualized_return": 1.7579006421367631,
  "max_drawdown": -0.05117406087896825,
  "sharpe": 3.8169024746744484,
  "sortino": 6.489043094229306,
  "calmar": 34.35140014184868,
  "trade_count": 6,
  "win_rate": 0.16666666666666666,
  "avg_net_return_per_trade": -0.006869726032041184,
  "median_net_return_per_trade": -0.007033095720237578,
  "backtest_mode": "a_share_inventory_t0",
  "trade_direction_mode": "sell_only",
  "buy_threshold": 0.6505905956029889,
  "sell_threshold": 0.6179429918527604,
  "initial_capital": 1000000.0,
  "final_equity": 1070654.1528860002,
  "final_benchmark_equity": 1079288.0,
  "final_alpha_equity": 991366.1528860002,
  "alpha_total_return": -0.008633847113999726,
  "alpha_sharpe": -7.670840905494911,
  "alpha_sortino": -1.380644811375699,
  "alpha_calmar": -13.723001554270946,
  "alpha_max_drawdown": -0.008633847113999948,
  "base_shares": 10600,
  "ending_shares": 10600,
  "base_position_pct": 0.6,
  "max_t0_trade_pct": 0.3,
  "max_participation_rate": 0.02,
  "commission_rate": 0.001,
  "slippage_rate": 0.0005,
  "tp": 0.003,
  "sl": 0.002,
  "stop_loss_cooldown_bars": 0,
  "daily_max_trades": 0,
  "daily_max_losses": 0,
  "daily_loss_limit": 0.0,
  "no_overnight": true
}