{
  "total_return": -0.04849226260298478,
  "annualized_return": -0.9975292805753877,
  "max_drawdown": -0.06387054072496201,
  "sharpe": -12.433421881623312,
  "sortino": -14.13988154278045,
  "calmar": -15.617987091590901,
  "trade_count": 6,
  "win_rate": 0.0,
  "avg_net_return_per_trade": -0.007935721957448197,
  "median_net_return_per_trade": -0.008220049960530825,
  "backtest_mode": "a_share_inventory_t0",
  "trade_direction_mode": "sell_only",
  "buy_threshold": 0.6261110728865316,
  "sell_threshold": 0.5253765133082089,
  "initial_capital": 1000000.0,
  "final_equity": 951188.0307972499,
  "final_benchmark_equity": 957328.0,
  "final_alpha_equity": 993860.0307972499,
  "alpha_total_return": -0.006139969202750173,
  "alpha_sharpe": -28.639669861214067,
  "alpha_sortino": -16.96979648798199,
  "alpha_calmar": -85.45724572774249,
  "alpha_max_drawdown": -0.006139969202750173,
  "base_shares": 8400,
  "ending_shares": 8400,
  "base_position_pct": 0.6,
  "max_t0_trade_pct": 0.3,
  "max_participation_rate": 0.05,
  "commission_rate": 0.0015,
  "slippage_rate": 0.00075,
  "tp": 0.003,
  "sl": 0.002,
  "no_overnight": true
}