{
  "total_return": -0.048973597065799845,
  "annualized_return": -0.56468635722705,
  "max_drawdown": -0.07846817754273405,
  "sharpe": -2.4528790580666615,
  "sortino": -2.331079045399397,
  "calmar": -7.196374057744871,
  "trade_count": 2,
  "win_rate": 0.0,
  "avg_net_return_per_trade": -0.007850413920110485,
  "median_net_return_per_trade": -0.007850413920110485,
  "backtest_mode": "a_share_inventory_t0",
  "trade_direction_mode": "sell_only",
  "buy_threshold": 0.7298367828130722,
  "sell_threshold": 0.933867600560188,
  "initial_capital": 1000000.0,
  "final_equity": 950653.60058425,
  "final_benchmark_equity": 953450.0,
  "final_alpha_equity": 997203.60058425,
  "alpha_total_return": -0.0027963994157500505,
  "alpha_sharpe": -6.431372385555308,
  "alpha_sortino": -0.6894608980314494,
  "alpha_calmar": -16.207490788028824,
  "alpha_max_drawdown": -0.0027963994157500505,
  "base_shares": 9800,
  "ending_shares": 9800,
  "base_position_pct": 0.6,
  "max_t0_trade_pct": 0.3,
  "max_participation_rate": 0.02,
  "commission_rate": 0.0015,
  "slippage_rate": 0.00075,
  "tp": 0.003,
  "sl": 0.002,
  "stop_loss_cooldown_bars": 6,
  "daily_max_trades": 0,
  "daily_max_losses": 2,
  "daily_loss_limit": 0.0,
  "no_overnight": true
}