model_label,epoch,train_loss,valid_loss,valid_auc,valid_prob_mean,valid_prob_max
LSTM_buy,1,1.1185224136790715,0.8584820628166199,0.6537623596447126,0.3233134150505066,0.3942492604255676
LSTM_buy,2,0.9939771842312168,0.843359649181366,0.6351600469247527,0.4379509389400482,0.6279716491699219
LSTM_buy,3,0.947044849395752,0.8943328857421875,0.6492374727668846,0.5287564396858215,0.7291491031646729
