model_label,epoch,train_loss,valid_loss,valid_auc,valid_prob_mean,valid_prob_max
LSTM_sell,1,1.028952569574923,1.1347044706344604,0.543592131300198,0.31794652342796326,0.39675119519233704
LSTM_sell,2,0.9430332054962983,1.0540872812271118,0.549062972878594,0.38068461418151855,0.5354951024055481
LSTM_sell,3,0.9042509971438227,0.9959423542022705,0.5859620533116052,0.43477821350097656,0.6079458594322205
