{
  "model": "LSTM",
  "target_col_buy": "buy_label",
  "target_col_sell": "sell_label",
  "feature_count": 194,
  "lookback": 8,
  "params": {
    "hidden_dim": 256,
    "num_layers": 2,
    "dropout": 0.3,
    "output_dim": 1
  },
  "buy_fit": {
    "best_score": 0.6537623596447126,
    "best_valid_auc": 0.6537623596447126,
    "epochs_ran": 3,
    "pos_rate": 0.28716216216216217,
    "pos_weight": 2.4823529411764707,
    "device": "cpu"
  },
  "sell_fit": {
    "best_score": 0.5859620533116052,
    "best_valid_auc": 0.5859620533116052,
    "epochs_ran": 3,
    "pos_rate": 0.32094594594594594,
    "pos_weight": 2.1157894736842104,
    "device": "cpu"
  },
  "valid_buy_auc": 0.6537623596447126,
  "valid_buy_positive_rate": 0.203125,
  "valid_buy_prob_mean": 0.3233134150505066,
  "valid_buy_prob_std": 0.03277173638343811,
  "valid_buy_prob_min": 0.24697503447532654,
  "valid_buy_prob_max": 0.3942492604255676,
  "valid_buy_acc_05": 0.796875,
  "valid_buy_precision_05": 0.0,
  "valid_buy_recall_05": 0.0,
  "valid_buy_f1_05": 0.0,
  "valid_buy_q90_threshold": 0.36364036798477173,
  "valid_buy_q95_threshold": 0.37361758947372437,
  "test_buy_auc": 0.519672131147541,
  "test_buy_positive_rate": 0.19736842105263158,
  "test_buy_prob_mean": 0.3678065836429596,
  "test_buy_prob_std": 0.05707911401987076,
  "test_buy_prob_min": 0.27482476830482483,
  "test_buy_prob_max": 0.5155963897705078,
  "test_buy_acc_05": 0.7894736842105263,
  "test_buy_precision_05": 0.25,
  "test_buy_recall_05": 0.03333333333333333,
  "test_buy_f1_05": 0.058823529411764705,
  "test_buy_q90_threshold": 0.4492502510547638,
  "test_buy_q95_threshold": 0.46492329239845276,
  "valid_sell_auc": 0.5859620533116052,
  "valid_sell_positive_rate": 0.3697916666666667,
  "valid_sell_prob_mean": 0.43477821350097656,
  "valid_sell_prob_std": 0.06773573160171509,
  "valid_sell_prob_min": 0.30436971783638,
  "valid_sell_prob_max": 0.6079458594322205,
  "valid_sell_acc_05": 0.6197916666666666,
  "valid_sell_precision_05": 0.4666666666666667,
  "valid_sell_recall_05": 0.19718309859154928,
  "valid_sell_f1_05": 0.27722772277227725,
  "valid_sell_q90_threshold": 0.51833176612854,
  "valid_sell_q95_threshold": 0.5700763463973999,
  "test_sell_auc": 0.5030184659090909,
  "test_sell_positive_rate": 0.42105263157894735,
  "test_sell_prob_mean": 0.5096234679222107,
  "test_sell_prob_std": 0.08949851244688034,
  "test_sell_prob_min": 0.3204483985900879,
  "test_sell_prob_max": 0.6703508496284485,
  "test_sell_acc_05": 0.5328947368421053,
  "test_sell_precision_05": 0.4588235294117647,
  "test_sell_recall_05": 0.609375,
  "test_sell_f1_05": 0.5234899328859061,
  "test_sell_q90_threshold": 0.6287252902984619,
  "test_sell_q95_threshold": 0.6528249382972717
}