model,side,valid_auc,raw_weight,weight,weight_method
transformer_lstm,buy,0.5472545182456545,0.04725451824565452,0.3429406850459486,valid_auc_edge_over_0p5
lstm,buy,0.5905375848969725,0.0905375848969725,0.6570593149540513,valid_auc_edge_over_0p5
cnn,buy,0.34165995165189356,0.0,0.0,valid_auc_edge_over_0p5
mlp,buy,0.3654886612179118,0.0,0.0,valid_auc_edge_over_0p5
