{
  "model": "auc_weighted_ensemble",
  "member_models": [
    "transformer_lstm",
    "lstm",
    "cnn",
    "mlp"
  ],
  "buy_weight_method": "valid_auc_edge_over_0p5",
  "sell_weight_method": "equal_fallback_no_positive_auc_edge",
  "feature_count": 194,
  "lookback": 8,
  "valid_buy_auc": 0.581443536318637,
  "valid_buy_positive_rate": 0.3802083333333333,
  "valid_buy_prob_mean": 0.34890341686943444,
  "valid_buy_prob_std": 0.06897777247868384,
  "valid_buy_prob_min": 0.21343344021759733,
  "valid_buy_prob_max": 0.4742326221569638,
  "valid_buy_acc_05": 0.6197916666666666,
  "valid_buy_precision_05": 0.0,
  "valid_buy_recall_05": 0.0,
  "valid_buy_f1_05": 0.0,
  "valid_buy_q90_threshold": 0.44764943383416245,
  "valid_buy_q95_threshold": 0.4607778406855257,
  "test_buy_auc": 0.427746999076639,
  "test_buy_positive_rate": 0.25,
  "test_buy_prob_mean": 0.34892241668565616,
  "test_buy_prob_std": 0.05118910085412457,
  "test_buy_prob_min": 0.24920619375624056,
  "test_buy_prob_max": 0.478003214898464,
  "test_buy_acc_05": 0.75,
  "test_buy_precision_05": 0.0,
  "test_buy_recall_05": 0.0,
  "test_buy_f1_05": 0.0,
  "test_buy_q90_threshold": 0.43081888297795257,
  "test_buy_q95_threshold": 0.4457121397070617,
  "valid_sell_auc": 0.42129120879120874,
  "valid_sell_positive_rate": 0.2708333333333333,
  "valid_sell_prob_mean": 0.4438648232608102,
  "valid_sell_prob_std": 0.1314436923429045,
  "valid_sell_prob_min": 0.18470751494169235,
  "valid_sell_prob_max": 0.6877801343798637,
  "valid_sell_acc_05": 0.453125,
  "valid_sell_precision_05": 0.1267605633802817,
  "valid_sell_recall_05": 0.17307692307692307,
  "valid_sell_f1_05": 0.14634146341463414,
  "valid_sell_q90_threshold": 0.6313382372260093,
  "valid_sell_q95_threshold": 0.6616130504757166,
  "test_sell_auc": 0.5331988261188555,
  "test_sell_positive_rate": 0.3815789473684211,
  "test_sell_prob_mean": 0.49959670993695526,
  "test_sell_prob_std": 0.10395675456845473,
  "test_sell_prob_min": 0.28028332628309727,
  "test_sell_prob_max": 0.7068189606070518,
  "test_sell_acc_05": 0.5,
  "test_sell_precision_05": 0.38461538461538464,
  "test_sell_recall_05": 0.5172413793103449,
  "test_sell_f1_05": 0.4411764705882353,
  "test_sell_q90_threshold": 0.6473090864717961,
  "test_sell_q95_threshold": 0.6772514689713717
}