{
  "total_return": -0.1084682512647358,
  "annualized_return": -0.8506817106206889,
  "max_drawdown": -0.12195305239335064,
  "sharpe": -7.2763019165134635,
  "sortino": -11.468278569323514,
  "calmar": -6.975485188159762,
  "trade_count": 12,
  "win_rate": 0.25,
  "avg_net_return_per_trade": -0.0074319592805067135,
  "median_net_return_per_trade": -0.007867564349073704,
  "backtest_mode": "a_share_inventory_t0",
  "trade_direction_mode": "sell_only",
  "buy_threshold": 0.9011711865663528,
  "sell_threshold": 0.8903881818056105,
  "initial_capital": 1000000.0,
  "final_equity": 894184.9472195003,
  "final_benchmark_equity": 906349.0,
  "final_alpha_equity": 987835.9472195003,
  "alpha_total_return": -0.012164052780499701,
  "alpha_sharpe": -9.162197176813475,
  "alpha_sortino": -2.870836623652407,
  "alpha_calmar": -12.342051677921955,
  "alpha_max_drawdown": -0.014866610040982997,
  "base_shares": 9300,
  "ending_shares": 9300,
  "base_position_pct": 0.6,
  "max_t0_trade_pct": 0.3,
  "max_participation_rate": 0.02,
  "commission_rate": 0.0015,
  "slippage_rate": 0.001,
  "tp": 0.004,
  "sl": 0.002,
  "stop_loss_cooldown_bars": 6,
  "daily_max_trades": 0,
  "daily_max_losses": 2,
  "daily_loss_limit": 0.0,
  "no_overnight": true
}