{
  "total_return": 0.07744044212496104,
  "annualized_return": 1.9703391869782743,
  "max_drawdown": -0.04453888448702248,
  "sharpe": 4.163676865712074,
  "sortino": 7.096676160603519,
  "calmar": 44.23862900186425,
  "trade_count": 1,
  "win_rate": 0.0,
  "avg_net_return_per_trade": -0.004821046713485153,
  "median_net_return_per_trade": -0.004821046713485153,
  "backtest_mode": "a_share_inventory_t0",
  "trade_direction_mode": "sell_only",
  "buy_threshold": 0.9503372311592102,
  "sell_threshold": 0.5674939155578613,
  "initial_capital": 1000000.0,
  "final_equity": 1076983.6073775,
  "final_benchmark_equity": 1078122.0,
  "final_alpha_equity": 998861.6073775,
  "alpha_total_return": -0.0011383926224999286,
  "alpha_sharpe": -5.353254390734594,
  "alpha_sortino": -0.4510544319213193,
  "alpha_calmar": -14.483395357435446,
  "alpha_max_drawdown": -0.0011383926225001506,
  "base_shares": 10600,
  "ending_shares": 10600,
  "base_position_pct": 0.6,
  "max_t0_trade_pct": 0.3,
  "max_participation_rate": 0.05,
  "commission_rate": 0.001,
  "slippage_rate": 0.0005,
  "tp": 0.004,
  "sl": 0.003,
  "stop_loss_cooldown_bars": 6,
  "daily_max_trades": 0,
  "daily_max_losses": 2,
  "daily_loss_limit": 0.0,
  "no_overnight": true
}