{
  "total_return": -0.09985192936586351,
  "annualized_return": -0.8256635934373304,
  "max_drawdown": -0.11723563132972137,
  "sharpe": -6.787796908995454,
  "sortino": -10.600538740219768,
  "calmar": -7.042770052691393,
  "trade_count": 7,
  "win_rate": 0.42857142857142855,
  "avg_net_return_per_trade": -0.006472999145808502,
  "median_net_return_per_trade": -0.00680469645836945,
  "backtest_mode": "a_share_inventory_t0",
  "trade_direction_mode": "sell_only",
  "buy_threshold": 0.6345955163240432,
  "sell_threshold": 0.9198055678606033,
  "initial_capital": 1000000.0,
  "final_equity": 903701.855217,
  "final_benchmark_equity": 912204.0,
  "final_alpha_equity": 991497.855217,
  "alpha_total_return": -0.008502144783000043,
  "alpha_sharpe": -5.663982987160635,
  "alpha_sortino": -1.1731699967125653,
  "alpha_calmar": -13.10545825626222,
  "alpha_max_drawdown": -0.010086524685338771,
  "base_shares": 9400,
  "ending_shares": 9400,
  "base_position_pct": 0.6,
  "max_t0_trade_pct": 0.3,
  "max_participation_rate": 0.05,
  "commission_rate": 0.001,
  "slippage_rate": 0.0005,
  "tp": 0.003,
  "sl": 0.002,
  "stop_loss_cooldown_bars": 6,
  "daily_max_trades": 0,
  "daily_max_losses": 2,
  "daily_loss_limit": 0.0,
  "no_overnight": true
}