{
  "fold": 0,
  "model_summaries": {
    "lstm": {
      "model": "LSTM",
      "target_col_buy": "buy_label",
      "target_col_sell": "sell_label",
      "feature_count": 194,
      "lookback": 24,
      "params": {
        "hidden_dim": 256,
        "num_layers": 2,
        "dropout": 0.3,
        "output_dim": 1
      },
      "buy_fit": {
        "best_score": 0.5363512000994901,
        "best_valid_auc": 0.5363512000994901,
        "epochs_ran": 11,
        "pos_rate": 0.2704659949622166,
        "pos_weight": 2.6973224679860306,
        "device": "cpu"
      },
      "sell_fit": {
        "best_score": 0.544677550703843,
        "best_valid_auc": 0.544677550703843,
        "epochs_ran": 18,
        "pos_rate": 0.34005037783375314,
        "pos_weight": 1.9407407407407409,
        "device": "cpu"
      },
      "valid_buy_auc": 0.5363512000994901,
      "valid_buy_positive_rate": 0.2770618556701031,
      "valid_buy_prob_mean": 0.5368258953094482,
      "valid_buy_prob_std": 0.10450683534145355,
      "valid_buy_prob_min": 0.34405362606048584,
      "valid_buy_prob_max": 0.842314600944519,
      "valid_buy_acc_05": 0.4832474226804124,
      "valid_buy_precision_05": 0.2924107142857143,
      "valid_buy_recall_05": 0.6093023255813953,
      "valid_buy_f1_05": 0.3951734539969834,
      "valid_buy_q90_threshold": 0.6818945407867432,
      "valid_buy_q95_threshold": 0.7235490083694458,
      "test_buy_auc": 0.5437966429790377,
      "test_buy_positive_rate": 0.2667525773195876,
      "test_buy_prob_mean": 0.5014327764511108,
      "test_buy_prob_std": 0.10591481626033783,
      "test_buy_prob_min": 0.28790274262428284,
      "test_buy_prob_max": 0.8089591860771179,
      "test_buy_acc_05": 0.5592783505154639,
      "test_buy_precision_05": 0.3076923076923077,
      "test_buy_recall_05": 0.5217391304347826,
      "test_buy_f1_05": 0.3870967741935484,
      "test_buy_q90_threshold": 0.656476616859436,
      "test_buy_q95_threshold": 0.7071671485900879,
      "valid_sell_auc": 0.544677550703843,
      "valid_sell_positive_rate": 0.31056701030927836,
      "valid_sell_prob_mean": 0.5153115391731262,
      "valid_sell_prob_std": 0.22070929408073425,
      "valid_sell_prob_min": 0.09227894246578217,
      "valid_sell_prob_max": 0.9428258538246155,
      "valid_sell_acc_05": 0.5219072164948454,
      "valid_sell_precision_05": 0.3466981132075472,
      "valid_sell_recall_05": 0.6099585062240664,
      "valid_sell_f1_05": 0.4421052631578947,
      "valid_sell_q90_threshold": 0.8055225610733032,
      "valid_sell_q95_threshold": 0.8430290222167969,
      "test_sell_auc": 0.48255481709369596,
      "test_sell_positive_rate": 0.30541237113402064,
      "test_sell_prob_mean": 0.49724575877189636,
      "test_sell_prob_std": 0.2420816868543625,
      "test_sell_prob_min": 0.05568549782037735,
      "test_sell_prob_max": 0.9684841632843018,
      "test_sell_acc_05": 0.49355670103092786,
      "test_sell_precision_05": 0.30303030303030304,
      "test_sell_recall_05": 0.5063291139240507,
      "test_sell_f1_05": 0.3791469194312796,
      "test_sell_q90_threshold": 0.8255860209465027,
      "test_sell_q95_threshold": 0.8659284710884094
    }
  },
  "selected_model_summary": {
    "model": "LSTM",
    "target_col_buy": "buy_label",
    "target_col_sell": "sell_label",
    "feature_count": 194,
    "lookback": 24,
    "params": {
      "hidden_dim": 256,
      "num_layers": 2,
      "dropout": 0.3,
      "output_dim": 1
    },
    "buy_fit": {
      "best_score": 0.5363512000994901,
      "best_valid_auc": 0.5363512000994901,
      "epochs_ran": 11,
      "pos_rate": 0.2704659949622166,
      "pos_weight": 2.6973224679860306,
      "device": "cpu"
    },
    "sell_fit": {
      "best_score": 0.544677550703843,
      "best_valid_auc": 0.544677550703843,
      "epochs_ran": 18,
      "pos_rate": 0.34005037783375314,
      "pos_weight": 1.9407407407407409,
      "device": "cpu"
    },
    "valid_buy_auc": 0.5363512000994901,
    "valid_buy_positive_rate": 0.2770618556701031,
    "valid_buy_prob_mean": 0.5368258953094482,
    "valid_buy_prob_std": 0.10450683534145355,
    "valid_buy_prob_min": 0.34405362606048584,
    "valid_buy_prob_max": 0.842314600944519,
    "valid_buy_acc_05": 0.4832474226804124,
    "valid_buy_precision_05": 0.2924107142857143,
    "valid_buy_recall_05": 0.6093023255813953,
    "valid_buy_f1_05": 0.3951734539969834,
    "valid_buy_q90_threshold": 0.6818945407867432,
    "valid_buy_q95_threshold": 0.7235490083694458,
    "test_buy_auc": 0.5437966429790377,
    "test_buy_positive_rate": 0.2667525773195876,
    "test_buy_prob_mean": 0.5014327764511108,
    "test_buy_prob_std": 0.10591481626033783,
    "test_buy_prob_min": 0.28790274262428284,
    "test_buy_prob_max": 0.8089591860771179,
    "test_buy_acc_05": 0.5592783505154639,
    "test_buy_precision_05": 0.3076923076923077,
    "test_buy_recall_05": 0.5217391304347826,
    "test_buy_f1_05": 0.3870967741935484,
    "test_buy_q90_threshold": 0.656476616859436,
    "test_buy_q95_threshold": 0.7071671485900879,
    "valid_sell_auc": 0.544677550703843,
    "valid_sell_positive_rate": 0.31056701030927836,
    "valid_sell_prob_mean": 0.5153115391731262,
    "valid_sell_prob_std": 0.22070929408073425,
    "valid_sell_prob_min": 0.09227894246578217,
    "valid_sell_prob_max": 0.9428258538246155,
    "valid_sell_acc_05": 0.5219072164948454,
    "valid_sell_precision_05": 0.3466981132075472,
    "valid_sell_recall_05": 0.6099585062240664,
    "valid_sell_f1_05": 0.4421052631578947,
    "valid_sell_q90_threshold": 0.8055225610733032,
    "valid_sell_q95_threshold": 0.8430290222167969,
    "test_sell_auc": 0.48255481709369596,
    "test_sell_positive_rate": 0.30541237113402064,
    "test_sell_prob_mean": 0.49724575877189636,
    "test_sell_prob_std": 0.2420816868543625,
    "test_sell_prob_min": 0.05568549782037735,
    "test_sell_prob_max": 0.9684841632843018,
    "test_sell_acc_05": 0.49355670103092786,
    "test_sell_precision_05": 0.30303030303030304,
    "test_sell_recall_05": 0.5063291139240507,
    "test_sell_f1_05": 0.3791469194312796,
    "test_sell_q90_threshold": 0.8255860209465027,
    "test_sell_q95_threshold": 0.8659284710884094
  },
  "t0_stats": {
    "total_return": -0.05247394362527702,
    "annualized_return": -0.5909381520789094,
    "max_drawdown": -0.0796879753902936,
    "sharpe": -2.685350016666843,
    "sortino": -2.544294421107385,
    "calmar": -7.415650218048942,
    "trade_count": 14,
    "win_rate": 0.14285714285714285,
    "avg_net_return_per_trade": -0.005871363417927859,
    "median_net_return_per_trade": -0.005808086685047506,
    "backtest_mode": "a_share_inventory_t0",
    "trade_direction_mode": "sell_only",
    "buy_threshold": 0.7235490381717682,
    "sell_threshold": 0.8430290222167969,
    "initial_capital": 1000000.0,
    "final_equity": 946690.3383930004,
    "final_benchmark_equity": 953940.0,
    "final_alpha_equity": 992750.3383930004,
    "alpha_total_return": -0.00724966160699958,
    "alpha_sharpe": -9.146052905033136,
    "alpha_sortino": -3.174047108558295,
    "alpha_calmar": -13.731299849029744,
    "alpha_max_drawdown": -0.008278168674487607,
    "base_shares": 9800,
    "ending_shares": 9800,
    "base_position_pct": 0.6,
    "max_t0_trade_pct": 0.3,
    "max_participation_rate": 0.05,
    "commission_rate": 0.001,
    "slippage_rate": 0.0005,
    "tp": 0.003,
    "sl": 0.002,
    "stop_loss_cooldown_bars": 6,
    "daily_max_trades": 0,
    "daily_max_losses": 2,
    "daily_loss_limit": 0.0,
    "no_overnight": true
  },
  "stress_stats": {
    "stress_scenario_count": 12,
    "stress_min_alpha_total_return": -0.011145116628999863,
    "stress_worst_alpha_drawdown": -0.011749992859076852,
    "stress_min_trade_count": 14
  },
  "sell_threshold_grid_stats": {
    "sell_grid_best_rule": "sell_only_q97",
    "sell_grid_best_quantile": 0.97,
    "sell_grid_best_alpha_total_return": -0.0037989912179998697,
    "sell_grid_best_trade_count": 12,