{
  "fold": 1,
  "model_summaries": {
    "lstm": {
      "model": "LSTM",
      "target_col_buy": "buy_label",
      "target_col_sell": "sell_label",
      "feature_count": 194,
      "lookback": 16,
      "params": {
        "hidden_dim": 256,
        "num_layers": 2,
        "dropout": 0.3,
        "output_dim": 1
      },
      "buy_fit": {
        "best_score": 0.5430355235042734,
        "best_valid_auc": 0.5430355235042734,
        "epochs_ran": 16,
        "pos_rate": 0.2638190954773869,
        "pos_weight": 2.7904761904761908,
        "device": "cpu"
      },
      "sell_fit": {
        "best_score": 0.5563855514183716,
        "best_valid_auc": 0.5563855514183716,
        "epochs_ran": 12,
        "pos_rate": 0.33699748743718594,
        "pos_weight": 1.9673811742777259,
        "device": "cpu"
      },
      "valid_buy_auc": 0.5430355235042734,
      "valid_buy_positive_rate": 0.2653061224489796,
      "valid_buy_prob_mean": 0.41296565532684326,
      "valid_buy_prob_std": 0.13663999736309052,
      "valid_buy_prob_min": 0.1439036875963211,
      "valid_buy_prob_max": 0.7450622916221619,
      "valid_buy_acc_05": 0.6326530612244898,
      "valid_buy_precision_05": 0.3113207547169811,
      "valid_buy_recall_05": 0.3173076923076923,
      "valid_buy_f1_05": 0.3142857142857143,
      "valid_buy_q90_threshold": 0.5988490581512451,
      "valid_buy_q95_threshold": 0.6333531737327576,
      "test_buy_auc": 0.536230112154408,
      "test_buy_positive_rate": 0.2755102040816326,
      "test_buy_prob_mean": 0.49871817231178284,
      "test_buy_prob_std": 0.13380347192287445,
      "test_buy_prob_min": 0.09654329717159271,
      "test_buy_prob_max": 0.773233950138092,
      "test_buy_acc_05": 0.5038265306122449,
      "test_buy_precision_05": 0.2885085574572127,
      "test_buy_recall_05": 0.5462962962962963,
      "test_buy_f1_05": 0.3776,
      "test_buy_q90_threshold": 0.6803755760192871,
      "test_buy_q95_threshold": 0.7128588557243347,
      "valid_sell_auc": 0.5563855514183716,
      "valid_sell_positive_rate": 0.3048469387755102,
      "valid_sell_prob_mean": 0.48721352219581604,
      "valid_sell_prob_std": 0.0694320946931839,
      "valid_sell_prob_min": 0.2759510278701782,
      "valid_sell_prob_max": 0.7604159712791443,
      "valid_sell_acc_05": 0.5688775510204082,
      "valid_sell_precision_05": 0.3504531722054381,
      "valid_sell_recall_05": 0.48535564853556484,
      "valid_sell_f1_05": 0.4070175438596491,
      "valid_sell_q90_threshold": 0.5728844404220581,
      "valid_sell_q95_threshold": 0.595691442489624,
      "test_sell_auc": 0.5032816901408451,
      "test_sell_positive_rate": 0.3622448979591837,
      "test_sell_prob_mean": 0.46287891268730164,
      "test_sell_prob_std": 0.06793509423732758,
      "test_sell_prob_min": 0.23757681250572205,
      "test_sell_prob_max": 0.6778243184089661,
      "test_sell_acc_05": 0.5586734693877551,
      "test_sell_precision_05": 0.36403508771929827,
      "test_sell_recall_05": 0.29225352112676056,
      "test_sell_f1_05": 0.32421875,
      "test_sell_q90_threshold": 0.5496352314949036,
      "test_sell_q95_threshold": 0.5673409104347229
    }
  },
  "selected_model_summary": {
    "model": "LSTM",
    "target_col_buy": "buy_label",
    "target_col_sell": "sell_label",
    "feature_count": 194,
    "lookback": 16,
    "params": {
      "hidden_dim": 256,
      "num_layers": 2,
      "dropout": 0.3,
      "output_dim": 1
    },
    "buy_fit": {
      "best_score": 0.5430355235042734,
      "best_valid_auc": 0.5430355235042734,
      "epochs_ran": 16,
      "pos_rate": 0.2638190954773869,
      "pos_weight": 2.7904761904761908,
      "device": "cpu"
    },
    "sell_fit": {
      "best_score": 0.5563855514183716,
      "best_valid_auc": 0.5563855514183716,
      "epochs_ran": 12,
      "pos_rate": 0.33699748743718594,
      "pos_weight": 1.9673811742777259,
      "device": "cpu"
    },
    "valid_buy_auc": 0.5430355235042734,
    "valid_buy_positive_rate": 0.2653061224489796,
    "valid_buy_prob_mean": 0.41296565532684326,
    "valid_buy_prob_std": 0.13663999736309052,
    "valid_buy_prob_min": 0.1439036875963211,
    "valid_buy_prob_max": 0.7450622916221619,
    "valid_buy_acc_05": 0.6326530612244898,
    "valid_buy_precision_05": 0.3113207547169811,
    "valid_buy_recall_05": 0.3173076923076923,
    "valid_buy_f1_05": 0.3142857142857143,
    "valid_buy_q90_threshold": 0.5988490581512451,
    "valid_buy_q95_threshold": 0.6333531737327576,
    "test_buy_auc": 0.536230112154408,
    "test_buy_positive_rate": 0.2755102040816326,
    "test_buy_prob_mean": 0.49871817231178284,
    "test_buy_prob_std": 0.13380347192287445,
    "test_buy_prob_min": 0.09654329717159271,
    "test_buy_prob_max": 0.773233950138092,
    "test_buy_acc_05": 0.5038265306122449,
    "test_buy_precision_05": 0.2885085574572127,
    "test_buy_recall_05": 0.5462962962962963,
    "test_buy_f1_05": 0.3776,
    "test_buy_q90_threshold": 0.6803755760192871,
    "test_buy_q95_threshold": 0.7128588557243347,
    "valid_sell_auc": 0.5563855514183716,
    "valid_sell_positive_rate": 0.3048469387755102,
    "valid_sell_prob_mean": 0.48721352219581604,
    "valid_sell_prob_std": 0.0694320946931839,
    "valid_sell_prob_min": 0.2759510278701782,
    "valid_sell_prob_max": 0.7604159712791443,
    "valid_sell_acc_05": 0.5688775510204082,
    "valid_sell_precision_05": 0.3504531722054381,
    "valid_sell_recall_05": 0.48535564853556484,
    "valid_sell_f1_05": 0.4070175438596491,
    "valid_sell_q90_threshold": 0.5728844404220581,
    "valid_sell_q95_threshold": 0.595691442489624,
    "test_sell_auc": 0.5032816901408451,
    "test_sell_positive_rate": 0.3622448979591837,
    "test_sell_prob_mean": 0.46287891268730164,
    "test_sell_prob_std": 0.06793509423732758,
    "test_sell_prob_min": 0.23757681250572205,
    "test_sell_prob_max": 0.6778243184089661,
    "test_sell_acc_05": 0.5586734693877551,
    "test_sell_precision_05": 0.36403508771929827,
    "test_sell_recall_05": 0.29225352112676056,
    "test_sell_f1_05": 0.32421875,
    "test_sell_q90_threshold": 0.5496352314949036,
    "test_sell_q95_threshold": 0.5673409104347229
  },
  "t0_stats": {
    "total_return": 0.07523618552582034,
    "annualized_return": 1.8719151825901994,
    "max_drawdown": -0.04843838169040804,
    "sharpe": 3.9743094305276485,
    "sortino": 6.7381689623728045,
    "calmar": 38.64528742009735,
    "trade_count": 3,
    "win_rate": 0.3333333333333333,
    "avg_net_return_per_trade": -0.007235408562212753,
    "median_net_return_per_trade": -0.008998812500565997,
    "backtest_mode": "a_share_inventory_t0",
    "trade_direction_mode": "sell_only",
    "buy_threshold": 0.6333531647920608,
    "sell_threshold": 0.5956914156675338,
    "initial_capital": 1000000.0,
    "final_equity": 1073640.5350265,
    "final_benchmark_equity": 1079288.0,
    "final_alpha_equity": 994352.5350265,
    "alpha_total_return": -0.005647464973499994,
    "alpha_sharpe": -5.933942419808957,
    "alpha_sortino": -0.8419986922866848,
    "alpha_calmar": -14.00008652810711,
    "alpha_max_drawdown": -0.005647464973499994,
    "base_shares": 10600,
    "ending_shares": 10600,
    "base_position_pct": 0.6,
    "max_t0_trade_pct": 0.3,
    "max_participation_rate": 0.05,
    "commission_rate": 0.001,
    "slippage_rate": 0.0005,
    "tp": 0.003,
    "sl": 0.002,
    "stop_loss_cooldown_bars": 6,
    "daily_max_trades": 0,
    "daily_max_losses": 2,
    "daily_loss_limit": 0.0,
    "no_overnight": true
  },
  "stress_stats": {
    "stress_scenario_count": 12,
    "stress_min_alpha_total_return": -0.007447776920500027,
    "stress_worst_alpha_drawdown": -0.007447776920500249,
    "stress_min_trade_count": 3
  },
  "sell_threshold_grid_stats": {
    "sell_grid_best_rule": "sell_only_q92",
    "sell_grid_best_quantile": 0.92,
    "sell_grid_best_alpha_total_return": -0.003206990248499908,
    "sell_grid_best_trade_count": 5,
    "sell_grid_result_count": 6
  },