{
  "total_return": -0.11352546686062237,
  "annualized_return": -0.8641082363891623,
  "max_drawdown": -0.12627689226397876,
  "sharpe": -7.648983884583492,
  "sortino": -11.89736936894975,
  "calmar": -6.842964068063737,
  "trade_count": 12,
  "win_rate": 0.08333333333333333,
  "avg_net_return_per_trade": -0.008931352378597913,
  "median_net_return_per_trade": -0.007581121297025924,
  "backtest_mode": "a_share_inventory_t0",
  "trade_direction_mode": "sell_only",
  "buy_threshold": 0.6604762256145478,
  "sell_threshold": 0.8768073558807371,
  "initial_capital": 1000000.0,
  "final_equity": 889112.6813500004,
  "final_benchmark_equity": 906349.0,
  "final_alpha_equity": 982763.6813500004,
  "alpha_total_return": -0.017236318649999527,
  "alpha_sharpe": -11.488450351938257,
  "alpha_sortino": -3.1666509934262623,
  "alpha_calmar": -13.435909714327826,
  "alpha_max_drawdown": -0.01862321359276442,
  "base_shares": 9300,
  "ending_shares": 9300,
  "base_position_pct": 0.6,
  "max_t0_trade_pct": 0.3,
  "max_participation_rate": 0.02,
  "commission_rate": 0.001,
  "slippage_rate": 0.001,
  "tp": 0.003,
  "sl": 0.002,
  "stop_loss_cooldown_bars": 6,
  "daily_max_trades": 0,
  "daily_max_losses": 2,
  "daily_loss_limit": 0.0,
  "no_overnight": true
}