{
  "scenario_count": 12,
  "all_alpha_positive": false,
  "min_alpha_total_return": -0.013851433392999657,
  "worst_alpha_max_drawdown": -0.013851433392999657,
  "min_trade_count": 15
}