{
  "total_return": -0.027858814249987263,
  "annualized_return": -0.9670349302771742,
  "max_drawdown": -0.057410670011804665,
  "sharpe": -9.571292095238032,
  "sortino": -13.05644300526245,
  "calmar": -16.84416729639864,
  "trade_count": 2,
  "win_rate": 0.0,
  "avg_net_return_per_trade": -0.0029039808052126435,
  "median_net_return_per_trade": -0.0029039808052126435,
  "backtest_mode": "a_share_inventory_t0",
  "trade_direction_mode": "sell_only",
  "buy_threshold": 0.36078413022845357,
  "sell_threshold": 0.5629415590088706,
  "initial_capital": 1000000.0,
  "final_equity": 970238.7054495,
  "final_benchmark_equity": 970336.0,
  "final_alpha_equity": 999902.7054495,
  "alpha_total_return": -9.729455050000446e-05,
  "alpha_sharpe": -1.1869228521352266,
  "alpha_sortino": -0.6147529534431686,
  "alpha_calmar": -15.00481975597086,
  "alpha_max_drawdown": -0.0007785638300993325,
  "base_shares": 10300,
  "ending_shares": 10300,
  "base_position_pct": 0.6,
  "max_t0_trade_pct": 0.3,
  "max_participation_rate": 0.02,
  "commission_rate": 0.001,
  "slippage_rate": 0.00075,
  "tp": 0.003,
  "sl": 0.002,
  "no_overnight": true
}