{
  "total_return": -0.05020673528305508,
  "annualized_return": -0.9980128506890139,
  "max_drawdown": -0.06286319491627035,
  "sharpe": -12.920423442253515,
  "sortino": -14.686593008021983,
  "calmar": -15.875948589922952,
  "trade_count": 3,
  "win_rate": 0.0,
  "avg_net_return_per_trade": -0.01207025526152849,
  "median_net_return_per_trade": -0.011906208545552794,
  "backtest_mode": "a_share_inventory_t0",
  "trade_direction_mode": "sell_only",
  "buy_threshold": 0.4654643074304277,
  "sell_threshold": 0.5175519518036075,
  "initial_capital": 1000000.0,
  "final_equity": 949474.13418,
  "final_benchmark_equity": 957328.0,
  "final_alpha_equity": 992146.13418,
  "alpha_total_return": -0.007853865819999917,
  "alpha_sharpe": -21.055899557405098,
  "alpha_sortino": -8.361410297115501,
  "alpha_calmar": -78.19525288776762,
  "alpha_max_drawdown": -0.007853865819999917,
  "base_shares": 8400,
  "ending_shares": 8400,
  "base_position_pct": 0.6,
  "max_t0_trade_pct": 0.3,
  "max_participation_rate": 0.05,
  "commission_rate": 0.0015,
  "slippage_rate": 0.001,
  "tp": 0.003,
  "sl": 0.002,
  "no_overnight": true
}