{
  "total_return": -0.04622495368615076,
  "annualized_return": -0.5438236757268107,
  "max_drawdown": -0.0785672744749677,
  "sharpe": -2.3501665002174996,
  "sortino": -2.2350333093936934,
  "calmar": -6.9217581920838835,
  "trade_count": 11,
  "win_rate": 0.18181818181818182,
  "avg_net_return_per_trade": -0.003680574974209551,
  "median_net_return_per_trade": -0.006326454194152006,
  "backtest_mode": "a_share_inventory_t0",
  "trade_direction_mode": "sell_only",
  "buy_threshold": 0.7795956283807755,
  "sell_threshold": 0.8284404128789902,
  "initial_capital": 1000000.0,
  "final_equity": 952933.8167230004,
  "final_benchmark_equity": 953940.0,
  "final_alpha_equity": 998993.8167230004,
  "alpha_total_return": -0.0010061832769996393,
  "alpha_sharpe": -1.2850380213828023,
  "alpha_sortino": -0.7584824678158616,
  "alpha_calmar": -5.357273596459555,
  "alpha_max_drawdown": -0.0030904352189998763,
  "base_shares": 9800,
  "ending_shares": 9800,
  "base_position_pct": 0.6,
  "max_t0_trade_pct": 0.3,
  "max_participation_rate": 0.05,
  "commission_rate": 0.001,
  "slippage_rate": 0.001,
  "tp": 0.003,
  "sl": 0.002,
  "stop_loss_cooldown_bars": 0,
  "daily_max_trades": 0,
  "daily_max_losses": 0,
  "daily_loss_limit": 0.0,
  "no_overnight": true
}