{
  "total_return": -0.04904230587048897,
  "annualized_return": -0.9741540233333383,
  "max_drawdown": -0.0876836736738349,
  "sharpe": -7.241122743331121,
  "sortino": -6.271768813369546,
  "calmar": -11.109867806827866,
  "trade_count": 6,
  "win_rate": 0.5,
  "avg_net_return_per_trade": -0.0038847178155640397,
  "median_net_return_per_trade": -0.002039127544799843,
  "backtest_mode": "a_share_inventory_t0",
  "trade_direction_mode": "sell_only",
  "buy_threshold": 0.3606427501078635,
  "sell_threshold": 0.567838413883872,
  "initial_capital": 1000000.0,
  "final_equity": 951494.034269,
  "final_benchmark_equity": 952718.0,
  "final_alpha_equity": 998776.034269,
  "alpha_total_return": -0.0012239657309999208,
  "alpha_sharpe": -3.639438625937364,
  "alpha_sortino": -1.8755952987398936,
  "alpha_calmar": -21.623031984653203,
  "alpha_max_drawdown": -0.003939517188000008,
  "base_shares": 9400,
  "ending_shares": 9400,
  "base_position_pct": 0.6,
  "max_t0_trade_pct": 0.3,
  "max_participation_rate": 0.05,
  "commission_rate": 0.001,
  "slippage_rate": 0.0005,
  "tp": 0.003,
  "sl": 0.002,
  "no_overnight": true
}