{
  "total_return": -0.05577877220052663,
  "annualized_return": -0.6130413468725975,
  "max_drawdown": -0.07980568999792514,
  "sharpe": -2.8001455719985415,
  "sortino": -2.6668689122683613,
  "calmar": -7.681674663655384,
  "trade_count": 18,
  "win_rate": 0.3333333333333333,
  "avg_net_return_per_trade": -0.004229778334727963,
  "median_net_return_per_trade": -0.005235737943377503,
  "backtest_mode": "a_share_inventory_t0",
  "trade_direction_mode": "sell_only",
  "buy_threshold": 0.7211705774068828,
  "sell_threshold": 0.7499331891536712,
  "initial_capital": 1000000.0,
  "final_equity": 943943.6267585004,
  "final_benchmark_equity": 950804.0,
  "final_alpha_equity": 993139.6267585004,
  "alpha_total_return": -0.006860373241499684,
  "alpha_sharpe": -8.159619642454727,
  "alpha_sortino": -3.3056560554267307,
  "alpha_calmar": -14.928048864196104,
  "alpha_max_drawdown": -0.007210064578639597,
  "base_shares": 9800,
  "ending_shares": 9800,
  "base_position_pct": 0.6,
  "max_t0_trade_pct": 0.3,
  "max_participation_rate": 0.05,
  "commission_rate": 0.001,
  "slippage_rate": 0.0005,
  "tp": 0.003,
  "sl": 0.002,
  "stop_loss_cooldown_bars": 6,
  "daily_max_trades": 0,
  "daily_max_losses": 2,
  "daily_loss_limit": 0.0,
  "no_overnight": true
}