{
  "total_return": -0.07415027913170946,
  "annualized_return": -0.3059481311895408,
  "max_drawdown": -0.10116333949540612,
  "sharpe": -2.834866749643546,
  "sortino": -3.2859791162843113,
  "calmar": -3.0242984535265767,
  "trade_count": 1,
  "win_rate": 0.0,
  "avg_net_return_per_trade": -0.005509705086987779,
  "median_net_return_per_trade": -0.005509705086987779,
  "backtest_mode": "a_share_inventory_t0",
  "trade_direction_mode": "sell_only",
  "buy_threshold": 0.5163748730287288,
  "sell_threshold": 0.6184940418209199,
  "initial_capital": 1000000.0,
  "final_equity": 925326.615776,
  "final_benchmark_equity": 926663.0,
  "final_alpha_equity": 998663.615776,
  "alpha_total_return": -0.0013363842240000645,
  "alpha_sharpe": -3.0082845159154634,
  "alpha_sortino": -0.24118649954529225,
  "alpha_calmar": -4.728467431932032,
  "alpha_max_drawdown": -0.0013363842240001755,
  "base_shares": 11300,
  "ending_shares": 11300,
  "base_position_pct": 0.6,
  "max_t0_trade_pct": 0.3,
  "max_participation_rate": 0.05,
  "commission_rate": 0.001,
  "slippage_rate": 0.0005,
  "tp": 0.003,
  "sl": 0.002,
  "no_overnight": true
}