model_label,epoch,train_loss,valid_loss,valid_auc,valid_prob_mean,valid_prob_max
LSTM_buy,1,1.0587790560077976,0.892551600933075,0.5135497319833235,0.32178327441215515,0.3897566795349121
LSTM_buy,2,0.9697029010669606,0.8747114539146423,0.5270994639666469,0.3792686462402344,0.4653463065624237
LSTM_buy,3,0.9176116231325511,0.893859326839447,0.5174210839785587,0.46791791915893555,0.6246488690376282
