model_label,epoch,train_loss,valid_loss,valid_auc,valid_prob_mean,valid_prob_max
LSTM_sell,1,1.0613739442180943,1.0703130960464478,0.5517369727047147,0.33907780051231384,0.413806289434433
LSTM_sell,2,0.962977871701524,1.0082019567489624,0.5393300248138957,0.4213142693042755,0.6046667098999023
LSTM_sell,3,0.9237678389291506,0.9898306727409363,0.5586848635235733,0.4668808877468109,0.685088574886322
