{
  "model": "LSTM",
  "target_col_buy": "buy_label",
  "target_col_sell": "sell_label",
  "feature_count": 194,
  "lookback": 8,
  "params": {
    "hidden_dim": 256,
    "num_layers": 2,
    "dropout": 0.3,
    "output_dim": 1
  },
  "buy_fit": {
    "best_score": 0.5270994639666469,
    "best_valid_auc": 0.5270994639666469,
    "epochs_ran": 3,
    "pos_rate": 0.3125,
    "pos_weight": 2.2,
    "device": "cpu"
  },
  "sell_fit": {
    "best_score": 0.5586848635235733,
    "best_valid_auc": 0.5586848635235733,
    "epochs_ran": 3,
    "pos_rate": 0.30574324324324326,
    "pos_weight": 2.270718232044199,
    "device": "cpu"
  },
  "valid_buy_auc": 0.5270994639666469,
  "valid_buy_positive_rate": 0.23958333333333334,
  "valid_buy_prob_mean": 0.3792686462402344,
  "valid_buy_prob_std": 0.04053705185651779,
  "valid_buy_prob_min": 0.3088853657245636,
  "valid_buy_prob_max": 0.4653463065624237,
  "valid_buy_acc_05": 0.7604166666666666,
  "valid_buy_precision_05": 0.0,
  "valid_buy_recall_05": 0.0,
  "valid_buy_f1_05": 0.0,
  "valid_buy_q90_threshold": 0.4400220513343811,
  "valid_buy_q95_threshold": 0.45241785049438477,
  "test_buy_auc": 0.49477973007384773,
  "test_buy_positive_rate": 0.21710526315789475,
  "test_buy_prob_mean": 0.42003434896469116,
  "test_buy_prob_std": 0.040836311876773834,
  "test_buy_prob_min": 0.3425291180610657,
  "test_buy_prob_max": 0.522416889667511,
  "test_buy_acc_05": 0.7697368421052632,
  "test_buy_precision_05": 0.375,
  "test_buy_recall_05": 0.09090909090909091,
  "test_buy_f1_05": 0.14634146341463414,
  "test_buy_q90_threshold": 0.4627980887889862,
  "test_buy_q95_threshold": 0.4957864284515381,
  "valid_sell_auc": 0.5586848635235733,
  "valid_sell_positive_rate": 0.3229166666666667,
  "valid_sell_prob_mean": 0.4668808877468109,
  "valid_sell_prob_std": 0.08758842200040817,
  "valid_sell_prob_min": 0.28632792830467224,
  "valid_sell_prob_max": 0.685088574886322,
  "valid_sell_acc_05": 0.5677083333333334,
  "valid_sell_precision_05": 0.3384615384615385,
  "valid_sell_recall_05": 0.3548387096774194,
  "valid_sell_f1_05": 0.3464566929133858,
  "valid_sell_q90_threshold": 0.5901358127593994,
  "valid_sell_q95_threshold": 0.6170351505279541,
  "test_sell_auc": 0.5465791940018744,
  "test_sell_positive_rate": 0.3618421052631579,
  "test_sell_prob_mean": 0.39714014530181885,
  "test_sell_prob_std": 0.05809842422604561,
  "test_sell_prob_min": 0.28804346919059753,
  "test_sell_prob_max": 0.5520294904708862,
  "test_sell_acc_05": 0.631578947368421,
  "test_sell_precision_05": 0.4444444444444444,
  "test_sell_recall_05": 0.07272727272727272,
  "test_sell_f1_05": 0.125,
  "test_sell_q90_threshold": 0.4632973074913025,
  "test_sell_q95_threshold": 0.5147579312324524
}