{
  "total_return": 0.07259708669775988,
  "annualized_return": 1.7812947088591988,
  "max_drawdown": -0.0487935675976614,
  "sharpe": 3.913742544471773,
  "sortino": 6.658078566820015,
  "calmar": 36.50675276600544,
  "trade_count": 2,
  "win_rate": 0.0,
  "avg_net_return_per_trade": -0.011922034001907162,
  "median_net_return_per_trade": -0.011922034001907162,
  "backtest_mode": "a_share_inventory_t0",
  "trade_direction_mode": "sell_only",
  "buy_threshold": 0.6164289712905884,
  "sell_threshold": 0.62716144323349,
  "initial_capital": 1000000.0,
  "final_equity": 1072142.305533,
  "final_benchmark_equity": 1078122.0,
  "final_alpha_equity": 994020.305533,
  "alpha_total_return": -0.005979694466999974,
  "alpha_sharpe": -6.4305740872057795,
  "alpha_sortino": -0.9148917459038758,
  "alpha_calmar": -14.017139716686627,
  "alpha_max_drawdown": -0.005979694467000196,
  "base_shares": 10600,
  "ending_shares": 10600,
  "base_position_pct": 0.6,
  "max_t0_trade_pct": 0.3,
  "max_participation_rate": 0.02,
  "commission_rate": 0.0015,
  "slippage_rate": 0.001,
  "tp": 0.003,
  "sl": 0.002,
  "stop_loss_cooldown_bars": 6,
  "daily_max_trades": 0,
  "daily_max_losses": 2,
  "daily_loss_limit": 0.0,
  "no_overnight": true
}