{
  "scenario_count": 12,
  "all_alpha_positive": false,
  "min_alpha_total_return": -0.006377364826500198,
  "worst_alpha_max_drawdown": -0.007115026660758916,
  "min_trade_count": 12
}