{
  "total_return": -0.00044060769179021797,
  "annualized_return": -0.03152997420241821,
  "max_drawdown": -0.02539881186938142,
  "sharpe": 1.4349133395698148,
  "sortino": 2.4661445555834742,
  "calmar": -1.2413956355347464,
  "trade_count": 1,
  "win_rate": 1.0,
  "avg_net_return_per_trade": 0.001078201382535008,
  "median_net_return_per_trade": 0.001078201382535008,
  "backtest_mode": "a_share_inventory_t0",
  "trade_direction_mode": "sell_only",
  "buy_threshold": 0.6109327335007458,
  "sell_threshold": 0.7023395873606205,
  "initial_capital": 1000000.0,
  "final_equity": 1003127.8193387501,
  "final_benchmark_equity": 1002520.0,
  "final_alpha_equity": 1000607.8193387501,
  "alpha_total_return": 0.000607819338750204,
  "alpha_sharpe": 3.087078888305423,
  "alpha_sortino": 1.5158407378147685,
  "alpha_calmar": 70.44032056815327,
  "alpha_max_drawdown": -0.0006411546089999387,
  "base_shares": 10500,
  "ending_shares": 10500,
  "base_position_pct": 0.6,
  "max_t0_trade_pct": 0.3,
  "max_participation_rate": 0.02,
  "commission_rate": 0.0015,
  "slippage_rate": 0.0005,
  "tp": 0.003,
  "sl": 0.002,
  "no_overnight": true
}