{
  "total_return": 0.08460539251248034,
  "annualized_return": 2.2763628012468327,
  "max_drawdown": -0.04085471117919226,
  "sharpe": 4.469686282759845,
  "sortino": 7.592009112957628,
  "calmar": 55.71848963177124,
  "trade_count": 4,
  "win_rate": 0.75,
  "avg_net_return_per_trade": -0.000933709064429436,
  "median_net_return_per_trade": 0.0006426737508316042,
  "backtest_mode": "a_share_inventory_t0",
  "trade_direction_mode": "sell_only",
  "buy_threshold": 0.6558482885360718,
  "sell_threshold": 0.678446018099785,
  "initial_capital": 1000000.0,
  "final_equity": 1082632.4953035002,
  "final_benchmark_equity": 1082604.0,
  "final_alpha_equity": 1000028.4953035002,
  "alpha_total_return": 2.8495303500131186e-05,
  "alpha_sharpe": 0.03862486472175368,
  "alpha_sortino": 0.008673021928975875,
  "alpha_calmar": 0.13439084969727322,
  "alpha_max_drawdown": -0.003098834302257658,
  "base_shares": 10700,
  "ending_shares": 10700,
  "base_position_pct": 0.6,
  "max_t0_trade_pct": 0.3,
  "max_participation_rate": 0.05,
  "commission_rate": 0.001,
  "slippage_rate": 0.0005,
  "tp": 0.003,
  "sl": 0.002,
  "stop_loss_cooldown_bars": 0,
  "daily_max_trades": 0,
  "daily_max_losses": 0,
  "daily_loss_limit": 0.0,
  "no_overnight": true
}