model_label,epoch,train_loss,valid_loss,valid_auc,valid_prob_mean,valid_prob_max
MLP_buy,1,1.4586731936480548,1.6067320108413696,0.47557359138442323,0.22240547835826874,0.5805693864822388
MLP_buy,2,1.0575968542614498,1.5285640954971313,0.4680817855470579,0.25977620482444763,0.6594141721725464
MLP_buy,3,0.8193754956528947,1.514311671257019,0.462150772592477,0.2954214811325073,0.710263729095459
