model_label,epoch,train_loss,valid_loss,valid_auc,valid_prob_mean,valid_prob_max
MLP_sell,1,0.9757095816973094,1.1598304510116577,0.49844789356984476,0.36079347133636475,0.9089811444282532
MLP_sell,2,0.8030376820950895,1.076566219329834,0.49800443458980054,0.40612784028053284,0.9211071729660034
MLP_sell,3,0.7393048615069002,1.0196610689163208,0.502549889135255,0.43329986929893494,0.9185715913772583
