{
  "model": "MLP",
  "target_col_buy": "buy_label",
  "target_col_sell": "sell_label",
  "feature_count": 194,
  "lookback": 8,
  "params": {
    "lookback": 8,
    "hidden_dim": 256,
    "dropout": 0.3,
    "output_dim": 1
  },
  "buy_fit": {
    "best_score": 0.47557359138442323,
    "best_valid_auc": 0.47557359138442323,
    "epochs_ran": 3,
    "pos_rate": 0.2195945945945946,
    "pos_weight": 3.5538461538461537,
    "device": "cpu"
  },
  "sell_fit": {
    "best_score": 0.502549889135255,
    "best_valid_auc": 0.502549889135255,
    "epochs_ran": 3,
    "pos_rate": 0.3716216216216216,
    "pos_weight": 1.6909090909090911,
    "device": "cpu"
  },
  "valid_buy_auc": 0.47557359138442323,
  "valid_buy_positive_rate": 0.22395833333333334,
  "valid_buy_prob_mean": 0.22240547835826874,
  "valid_buy_prob_std": 0.12766411900520325,
  "valid_buy_prob_min": 0.020735017955303192,
  "valid_buy_prob_max": 0.5805693864822388,
  "valid_buy_acc_05": 0.7604166666666666,
  "valid_buy_precision_05": 0.2857142857142857,
  "valid_buy_recall_05": 0.046511627906976744,
  "valid_buy_f1_05": 0.08,
  "valid_buy_q90_threshold": 0.4049642086029053,
  "valid_buy_q95_threshold": 0.45386970043182373,
  "test_buy_auc": 0.4444167497507478,
  "test_buy_positive_rate": 0.2236842105263158,
  "test_buy_prob_mean": 0.12338537722826004,
  "test_buy_prob_std": 0.10354830324649811,
  "test_buy_prob_min": 0.0008234697161242366,
  "test_buy_prob_max": 0.5860142111778259,
  "test_buy_acc_05": 0.7763157894736842,
  "test_buy_precision_05": 0.5,
  "test_buy_recall_05": 0.029411764705882353,
  "test_buy_f1_05": 0.05555555555555555,
  "test_buy_q90_threshold": 0.24124231934547424,
  "test_buy_q95_threshold": 0.3050244450569153,
  "valid_sell_auc": 0.502549889135255,
  "valid_sell_positive_rate": 0.4270833333333333,
  "valid_sell_prob_mean": 0.43329986929893494,
  "valid_sell_prob_std": 0.16184471547603607,
  "valid_sell_prob_min": 0.1319158375263214,
  "valid_sell_prob_max": 0.9185715913772583,
  "valid_sell_acc_05": 0.515625,
  "valid_sell_precision_05": 0.4,
  "valid_sell_recall_05": 0.2682926829268293,
  "valid_sell_f1_05": 0.32116788321167883,
  "valid_sell_q90_threshold": 0.6648401618003845,
  "valid_sell_q95_threshold": 0.7121297121047974,
  "test_sell_auc": 0.45525140749369053,
  "test_sell_positive_rate": 0.3355263157894737,
  "test_sell_prob_mean": 0.47887280583381653,
  "test_sell_prob_std": 0.2299496829509735,
  "test_sell_prob_min": 0.08898863196372986,
  "test_sell_prob_max": 0.9505958557128906,
  "test_sell_acc_05": 0.506578947368421,
  "test_sell_precision_05": 0.29310344827586204,
  "test_sell_recall_05": 0.3333333333333333,
  "test_sell_f1_05": 0.3119266055045872,
  "test_sell_q90_threshold": 0.8450950980186462,
  "test_sell_q95_threshold": 0.8946369886398315
}