{
  "total_return": -0.029452735674004193,
  "annualized_return": -0.9729613004272847,
  "max_drawdown": -0.030502625435579245,
  "sharpe": -14.854453556175788,
  "sortino": -26.757144414478596,
  "calmar": -31.897624762896353,
  "trade_count": 1,
  "win_rate": 0.0,
  "avg_net_return_per_trade": -0.0006161204568271811,
  "median_net_return_per_trade": -0.0006161204568271811,
  "backtest_mode": "a_share_inventory_t0",
  "trade_direction_mode": "sell_only",
  "buy_threshold": 0.5746058157671509,
  "sell_threshold": 0.5882390618324279,
  "initial_capital": 1000000.0,
  "final_equity": 970649.17178875,
  "final_benchmark_equity": 970390.0,
  "final_alpha_equity": 1000259.17178875,
  "alpha_total_return": 0.0002591717887499012,
  "alpha_sharpe": 1.7724031021067548,
  "alpha_sortino": 0.7136333515279845,
  "alpha_calmar": 52.08060432669663,
  "alpha_max_drawdown": -0.0006104269124461714,
  "base_shares": 10500,
  "ending_shares": 10500,
  "base_position_pct": 0.6,
  "max_t0_trade_pct": 0.3,
  "max_participation_rate": 0.05,
  "commission_rate": 0.0015,
  "slippage_rate": 0.00075,
  "tp": 0.003,
  "sl": 0.002,
  "no_overnight": true
}