{
  "total_return": -0.09323882800680705,
  "annualized_return": -0.8027283871447773,
  "max_drawdown": -0.11305861104127846,
  "sharpe": -6.046696466179471,
  "sortino": -9.64156065733538,
  "calmar": -7.100108339838846,
  "trade_count": 12,
  "win_rate": 0.5833333333333334,
  "avg_net_return_per_trade": -0.0017123127541588835,
  "median_net_return_per_trade": 0.0012234190592767006,
  "backtest_mode": "a_share_inventory_t0",
  "trade_direction_mode": "sell_only",
  "buy_threshold": 0.6601430773735046,
  "sell_threshold": 0.8757811784744263,
  "initial_capital": 1000000.0,
  "final_equity": 911154.4298715,
  "final_benchmark_equity": 913740.0,
  "final_alpha_equity": 997414.4298715,
  "alpha_total_return": -0.0025855701285000254,
  "alpha_sharpe": -2.7961274129143368,
  "alpha_sortino": -1.1304376216059107,
  "alpha_calmar": -7.934393285323515,
  "alpha_max_drawdown": -0.00529666984740973,
  "base_shares": 9500,
  "ending_shares": 9500,
  "base_position_pct": 0.6,
  "max_t0_trade_pct": 0.3,
  "max_participation_rate": 0.05,
  "commission_rate": 0.001,
  "slippage_rate": 0.0005,
  "tp": 0.003,
  "sl": 0.002,
  "stop_loss_cooldown_bars": 0,
  "daily_max_trades": 0,
  "daily_max_losses": 0,
  "daily_loss_limit": 0.0,
  "no_overnight": true
}