{
  "total_return": -0.10787094738882086,
  "annualized_return": -0.8490160836321221,
  "max_drawdown": -0.121603918935964,
  "sharpe": -7.2509178398598735,
  "sortino": -11.40584483632035,
  "calmar": -6.981815150868695,
  "trade_count": 12,
  "win_rate": 0.25,
  "avg_net_return_per_trade": -0.006065679374611922,
  "median_net_return_per_trade": -0.007745743948944169,
  "backtest_mode": "a_share_inventory_t0",
  "trade_direction_mode": "sell_only",
  "buy_threshold": 0.9011711865663528,
  "sell_threshold": 0.8903881818056105,
  "initial_capital": 1000000.0,
  "final_equity": 894784.02867175,
  "final_benchmark_equity": 906349.0,
  "final_alpha_equity": 988435.02867175,
  "alpha_total_return": -0.011564971328249962,
  "alpha_sharpe": -8.58441082507506,
  "alpha_sortino": -2.8799960922733154,
  "alpha_calmar": -11.991864399732265,
  "alpha_max_drawdown": -0.014613566501944675,
  "base_shares": 9300,
  "ending_shares": 9300,
  "base_position_pct": 0.6,
  "max_t0_trade_pct": 0.3,
  "max_participation_rate": 0.05,
  "commission_rate": 0.0015,
  "slippage_rate": 0.0005,
  "tp": 0.004,
  "sl": 0.002,
  "stop_loss_cooldown_bars": 6,
  "daily_max_trades": 0,
  "daily_max_losses": 2,
  "daily_loss_limit": 0.0,
  "no_overnight": true
}