{
  "total_return": 0.05941153960021017,
  "annualized_return": 65.392458692194,
  "max_drawdown": -0.019347967934074672,
  "sharpe": 15.580459204980613,
  "sortino": 25.245311908887487,
  "calmar": 3379.8101648198453,
  "trade_count": 13,
  "win_rate": 0.3076923076923077,
  "avg_net_return_per_trade": -0.005489013514398077,
  "median_net_return_per_trade": -0.005171577488533694,
  "backtest_mode": "a_share_inventory_t0",
  "trade_direction_mode": "sell_only",
  "buy_threshold": 0.4856871202588081,
  "sell_threshold": 0.6807227373123169,
  "initial_capital": 1000000.0,
  "final_equity": 1058536.4656685004,
  "final_benchmark_equity": 1066316.0,
  "final_alpha_equity": 992220.4656685004,
  "alpha_total_return": -0.007779534331499582,
  "alpha_sharpe": -20.750012257693356,
  "alpha_sortino": -15.865461767578818,
  "alpha_calmar": -53.06247429332181,
  "alpha_max_drawdown": -0.008164050727499594,
  "base_shares": 11800,
  "ending_shares": 11800,
  "base_position_pct": 0.6,
  "max_t0_trade_pct": 0.3,
  "max_participation_rate": 0.05,
  "commission_rate": 0.001,
  "slippage_rate": 0.0005,
  "tp": 0.003,
  "sl": 0.002,
  "no_overnight": true
}