{
  "model": "LSTM",
  "target_col_buy": "buy_label",
  "target_col_sell": "sell_label",
  "feature_count": 194,
  "lookback": 8,
  "params": {
    "hidden_dim": 256,
    "num_layers": 2,
    "dropout": 0.3,
    "output_dim": 1
  },
  "buy_fit": {
    "best_score": 0.5667116769547326,
    "best_valid_auc": 0.5667116769547326,
    "epochs_ran": 11,
    "pos_rate": 0.27631578947368424,
    "pos_weight": 2.6190476190476186,
    "device": "cpu"
  },
  "sell_fit": {
    "best_score": 0.5599588158876697,
    "best_valid_auc": 0.5599588158876697,
    "epochs_ran": 20,
    "pos_rate": 0.32205513784461154,
    "pos_weight": 2.105058365758755,
    "device": "cpu"
  },
  "valid_buy_auc": 0.5667116769547326,
  "valid_buy_positive_rate": 0.2727272727272727,
  "valid_buy_prob_mean": 0.48382776975631714,
  "valid_buy_prob_std": 0.07404611259698868,
  "valid_buy_prob_min": 0.2995851933956146,
  "valid_buy_prob_max": 0.7015018463134766,
  "valid_buy_acc_05": 0.6123737373737373,
  "valid_buy_precision_05": 0.33454545454545453,
  "valid_buy_recall_05": 0.42592592592592593,
  "valid_buy_f1_05": 0.37474541751527496,
  "valid_buy_q90_threshold": 0.5966280698776245,
  "valid_buy_q95_threshold": 0.6214970946311951,
  "test_buy_auc": 0.5283381324893345,
  "test_buy_positive_rate": 0.26641414141414144,
  "test_buy_prob_mean": 0.502661406993866,
  "test_buy_prob_std": 0.07033075392246246,
  "test_buy_prob_min": 0.31785622239112854,
  "test_buy_prob_max": 0.6932141780853271,
  "test_buy_acc_05": 0.5189393939393939,
  "test_buy_precision_05": 0.2751322751322751,
  "test_buy_recall_05": 0.4928909952606635,
  "test_buy_f1_05": 0.3531409168081494,
  "test_buy_q90_threshold": 0.5983501672744751,
  "test_buy_q95_threshold": 0.6247912645339966,
  "valid_sell_auc": 0.5599588158876697,
  "valid_sell_positive_rate": 0.3611111111111111,
  "valid_sell_prob_mean": 0.40839192271232605,
  "valid_sell_prob_std": 0.2996865212917328,
  "valid_sell_prob_min": 0.00789629016071558,
  "valid_sell_prob_max": 0.9960000514984131,
  "valid_sell_acc_05": 0.5681818181818182,
  "valid_sell_precision_05": 0.40540540540540543,
  "valid_sell_recall_05": 0.4195804195804196,
  "valid_sell_f1_05": 0.41237113402061853,
  "valid_sell_q90_threshold": 0.8897963762283325,
  "valid_sell_q95_threshold": 0.9382578730583191,
  "test_sell_auc": 0.5227671232876712,
  "test_sell_positive_rate": 0.3686868686868687,
  "test_sell_prob_mean": 0.44382014870643616,
  "test_sell_prob_std": 0.27832305431365967,
  "test_sell_prob_min": 0.007983420044183731,
  "test_sell_prob_max": 0.9930276274681091,
  "test_sell_acc_05": 0.5303030303030303,
  "test_sell_precision_05": 0.3780487804878049,
  "test_sell_recall_05": 0.4246575342465753,
  "test_sell_f1_05": 0.4,
  "test_sell_q90_threshold": 0.8531103730201721,
  "test_sell_q95_threshold": 0.9129183888435364
}