{
  "total_return": -0.04883580509488994,
  "annualized_return": -0.577504267842798,
  "max_drawdown": -0.07898262977287562,
  "sharpe": -2.312062978960215,
  "sortino": -2.193954160366557,
  "calmar": -7.311788294508341,
  "trade_count": 10,
  "win_rate": 0.3,
  "avg_net_return_per_trade": -0.004056520392711302,
  "median_net_return_per_trade": -0.005700439882100947,
  "backtest_mode": "a_share_inventory_t0",
  "trade_direction_mode": "sell_only",
  "buy_threshold": 0.7788469702005386,
  "sell_threshold": 0.7886225342750549,
  "initial_capital": 1000000.0,
  "final_equity": 953518.3262875002,
  "final_benchmark_equity": 957628.0,
  "final_alpha_equity": 995890.3262875002,
  "alpha_total_return": -0.004109673712499817,
  "alpha_sharpe": -9.924782107485344,
  "alpha_sortino": -3.4341300931476413,
  "alpha_calmar": -15.52051760533242,
  "alpha_max_drawdown": -0.00440784385673898,
  "base_shares": 9900,
  "ending_shares": 9900,
  "base_position_pct": 0.6,
  "max_t0_trade_pct": 0.3,
  "max_participation_rate": 0.05,
  "commission_rate": 0.001,
  "slippage_rate": 0.0005,
  "tp": 0.003,
  "sl": 0.002,
  "stop_loss_cooldown_bars": 6,
  "daily_max_trades": 0,
  "daily_max_losses": 2,
  "daily_loss_limit": 0.0,
  "no_overnight": true
}