{
  "total_return": -0.040127543600794846,
  "annualized_return": -0.19477227119497698,
  "max_drawdown": -0.09233005167676955,
  "sharpe": -1.3687211668760582,
  "sortino": -1.56579519101399,
  "calmar": -2.109521955829059,
  "trade_count": 62,
  "win_rate": 0.25806451612903225,
  "avg_net_return_per_trade": -0.004093134283049649,
  "median_net_return_per_trade": -0.0052920447147020684,
  "backtest_mode": "a_share_inventory_t0",
  "trade_direction_mode": "sell_only",
  "buy_threshold": 0.5876382724393838,
  "sell_threshold": 0.7321753256522199,
  "initial_capital": 1000000.0,
  "final_equity": 959766.8704290013,
  "final_benchmark_equity": 986910.0,
  "final_alpha_equity": 972856.8704290013,
  "alpha_total_return": -0.027143129570998736,
  "alpha_sharpe": -10.714079283703084,
  "alpha_sortino": -6.416862611637072,
  "alpha_calmar": -4.718450253432169,
  "alpha_max_drawdown": -0.02870857735998178,
  "base_shares": 11000,
  "ending_shares": 11000,
  "base_position_pct": 0.6,
  "max_t0_trade_pct": 0.3,
  "max_participation_rate": 0.05,
  "commission_rate": 0.001,
  "slippage_rate": 0.0005,
  "tp": 0.003,
  "sl": 0.002,
  "no_overnight": true
}