{
  "lookback": 24,
  "lookback_minutes": 120,
  "horizon": 12,
  "horizon_minutes": 60,
  "best_valid_auc": 0.5972020171874477,
  "valid_auc": 0.5972020171874477,
  "test_auc": 0.5443671181129872,
  "train_positive_rate": 0.28730996621621624,
  "valid_positive_rate": 0.2980256663376111,
  "test_positive_rate": 0.3361303060217177,
  "test_trade_return_mean_all": 0.0006766875098156136,
  "test_trade_return_mean_label_1": 0.014928726307590902,
  "selected_threshold": 0.6579205334186554,
  "selected_quantile": 0.9,
  "selected_threshold_test_stats": {
    "threshold": 0.6579205334186554,
    "horizon": 12,
    "round_trip_cost": 0.003,
    "trade_count": 135,
    "win_rate": 0.4148148148148148,
    "gross_return_mean": 0.0021131173299896388,
    "net_return_mean": -0.0008868826700103619,
    "gross_return_median": -0.001362150381402194,
    "net_return_median": -0.004362150381402194,
    "total_return": -0.13527953850570673,
    "max_drawdown": -0.35585263669577183,
    "sharpe": -4.855949760093438,
    "avg_pred_prob": 0.6680265382484153,
    "positive_label_rate": 0.4148148148148148,
    "selected_by": "validation_net_return_mean",
    "selected_quantile": 0.9
  },
  "output_dir": "outputs\\diagnostics\\horizon_compare\\lb24_h12"
}