{
  "lookback": 24,
  "lookback_minutes": 120,
  "horizon": 12,
  "horizon_minutes": 60,
  "best_valid_auc": 0.5622394772167683,
  "valid_auc": 0.5622394772167683,
  "test_auc": 0.5226324522738905,
  "train_positive_rate": 0.3599239864864865,
  "valid_positive_rate": 0.35913129318854886,
  "test_positive_rate": 0.3947680157946693,
  "valid_action_metrics": {
    "accuracy": 0.41253701875616977,
    "buy_auc": 0.5622394772167683,
    "sell_auc": 0.548303920269043,
    "buy_positive_rate": 0.35913129318854886,
    "sell_positive_rate": 0.45656465942744323,
    "hold_rate": 0.1843040473840079
  },
  "test_action_metrics": {
    "accuracy": 0.42102665350444224,
    "buy_auc": 0.5226324522738905,
    "sell_auc": 0.53194183109437,
    "buy_positive_rate": 0.3947680157946693,
    "sell_positive_rate": 0.45952615992102663,
    "hold_rate": 0.14570582428430404
  },
  "test_trade_return_mean_all": 0.0006766875098156136,
  "test_trade_return_mean_label_1": -4.469737573010463e-05,
  "selected_threshold": 0.4390984311699867,
  "selected_quantile": 0.95,
  "selected_threshold_test_stats": {
    "threshold": 0.4390984311699867,
    "horizon": 12,
    "round_trip_cost": 0.003,
    "trade_count": 88,
    "win_rate": 0.375,
    "gross_return_mean": -0.0008810019437453533,
    "net_return_mean": -0.0038810019437453542,
    "gross_return_median": -0.001791713484539048,
    "net_return_median": -0.004791713484539048,
    "total_return": -0.2987887310391345,
    "max_drawdown": -0.34190297724056495,
    "per_trade_sharpe": -0.2267510311883881,
    "trades_per_year": 103.31011238462997,
    "bar_annualized_sharpe": -24.438670302704466,
    "sharpe": -2.304733358254529,
    "avg_pred_prob": 0.44727868620644917,
    "positive_label_rate": 0.4772727272727273,
    "buy_label_rate": 0.4090909090909091,
    "selected_by": "validation_net_return_mean",
    "selected_quantile": 0.95
  },
  "output_dir": "outputs\\diagnostics\\horizon_compare\\lb24_h12",
  "seed": 42
}