{
  "fold": 0,
  "model_summaries": {
    "lstm": {
      "model": "LSTM",
      "target_col_buy": "buy_label",
      "target_col_sell": "sell_label",
      "feature_count": 194,
      "lookback": 16,
      "params": {
        "hidden_dim": 256,
        "num_layers": 2,
        "dropout": 0.3,
        "output_dim": 1
      },
      "buy_fit": {
        "best_score": 0.5593247054919529,
        "best_valid_auc": 0.5593247054919529,
        "epochs_ran": 11,
        "pos_rate": 0.25722361809045224,
        "pos_weight": 2.887667887667888,
        "device": "cpu"
      },
      "sell_fit": {
        "best_score": 0.5447294423716537,
        "best_valid_auc": 0.5447294423716537,
        "epochs_ran": 15,
        "pos_rate": 0.3401381909547739,
        "pos_weight": 1.9399815327793168,
        "device": "cpu"
      },
      "valid_buy_auc": 0.5593247054919529,
      "valid_buy_positive_rate": 0.26785714285714285,
      "valid_buy_prob_mean": 0.5251128077507019,
      "valid_buy_prob_std": 0.11577363312244415,
      "valid_buy_prob_min": 0.2792738974094391,
      "valid_buy_prob_max": 0.8280458450317383,
      "valid_buy_acc_05": 0.5229591836734694,
      "valid_buy_precision_05": 0.30193236714975846,
      "valid_buy_recall_05": 0.5952380952380952,
      "valid_buy_f1_05": 0.40064102564102566,
      "valid_buy_q90_threshold": 0.6713024973869324,
      "valid_buy_q95_threshold": 0.7311466932296753,
      "test_buy_auc": 0.4797413793103449,
      "test_buy_positive_rate": 0.2602040816326531,
      "test_buy_prob_mean": 0.5052439570426941,
      "test_buy_prob_std": 0.10601317882537842,
      "test_buy_prob_min": 0.2931433618068695,
      "test_buy_prob_max": 0.7912169694900513,
      "test_buy_acc_05": 0.5051020408163265,
      "test_buy_precision_05": 0.2591623036649215,
      "test_buy_recall_05": 0.4852941176470588,
      "test_buy_f1_05": 0.3378839590443686,
      "test_buy_q90_threshold": 0.6545810103416443,
      "test_buy_q95_threshold": 0.7115622758865356,
      "valid_sell_auc": 0.5447294423716537,
      "valid_sell_positive_rate": 0.2971938775510204,
      "valid_sell_prob_mean": 0.5353456735610962,
      "valid_sell_prob_std": 0.20805974304676056,
      "valid_sell_prob_min": 0.1310970038175583,
      "valid_sell_prob_max": 0.9551101326942444,
      "valid_sell_acc_05": 0.48214285714285715,
      "valid_sell_precision_05": 0.30734966592427615,
      "valid_sell_recall_05": 0.592274678111588,
      "valid_sell_f1_05": 0.4046920821114369,
      "valid_sell_q90_threshold": 0.804859459400177,
      "valid_sell_q95_threshold": 0.8743394017219543,
      "test_sell_auc": 0.5422602681040325,
      "test_sell_positive_rate": 0.2971938775510204,
      "test_sell_prob_mean": 0.528043270111084,
      "test_sell_prob_std": 0.2071695178747177,
      "test_sell_prob_min": 0.10229673236608505,
      "test_sell_prob_max": 0.9484651684761047,
      "test_sell_acc_05": 0.5204081632653061,
      "test_sell_precision_05": 0.327710843373494,
      "test_sell_recall_05": 0.5836909871244635,
      "test_sell_f1_05": 0.41975308641975306,
      "test_sell_q90_threshold": 0.8222243189811707,
      "test_sell_q95_threshold": 0.8763105869293213
    }
  },
  "selected_model_summary": {
    "model": "LSTM",
    "target_col_buy": "buy_label",
    "target_col_sell": "sell_label",
    "feature_count": 194,
    "lookback": 16,
    "params": {
      "hidden_dim": 256,
      "num_layers": 2,
      "dropout": 0.3,
      "output_dim": 1
    },
    "buy_fit": {
      "best_score": 0.5593247054919529,
      "best_valid_auc": 0.5593247054919529,
      "epochs_ran": 11,
      "pos_rate": 0.25722361809045224,
      "pos_weight": 2.887667887667888,
      "device": "cpu"
    },
    "sell_fit": {
      "best_score": 0.5447294423716537,
      "best_valid_auc": 0.5447294423716537,
      "epochs_ran": 15,
      "pos_rate": 0.3401381909547739,
      "pos_weight": 1.9399815327793168,
      "device": "cpu"
    },
    "valid_buy_auc": 0.5593247054919529,
    "valid_buy_positive_rate": 0.26785714285714285,
    "valid_buy_prob_mean": 0.5251128077507019,
    "valid_buy_prob_std": 0.11577363312244415,
    "valid_buy_prob_min": 0.2792738974094391,
    "valid_buy_prob_max": 0.8280458450317383,
    "valid_buy_acc_05": 0.5229591836734694,
    "valid_buy_precision_05": 0.30193236714975846,
    "valid_buy_recall_05": 0.5952380952380952,
    "valid_buy_f1_05": 0.40064102564102566,
    "valid_buy_q90_threshold": 0.6713024973869324,
    "valid_buy_q95_threshold": 0.7311466932296753,
    "test_buy_auc": 0.4797413793103449,
    "test_buy_positive_rate": 0.2602040816326531,
    "test_buy_prob_mean": 0.5052439570426941,
    "test_buy_prob_std": 0.10601317882537842,
    "test_buy_prob_min": 0.2931433618068695,
    "test_buy_prob_max": 0.7912169694900513,
    "test_buy_acc_05": 0.5051020408163265,
    "test_buy_precision_05": 0.2591623036649215,
    "test_buy_recall_05": 0.4852941176470588,
    "test_buy_f1_05": 0.3378839590443686,
    "test_buy_q90_threshold": 0.6545810103416443,
    "test_buy_q95_threshold": 0.7115622758865356,
    "valid_sell_auc": 0.5447294423716537,
    "valid_sell_positive_rate": 0.2971938775510204,
    "valid_sell_prob_mean": 0.5353456735610962,
    "valid_sell_prob_std": 0.20805974304676056,
    "valid_sell_prob_min": 0.1310970038175583,
    "valid_sell_prob_max": 0.9551101326942444,
    "valid_sell_acc_05": 0.48214285714285715,
    "valid_sell_precision_05": 0.30734966592427615,
    "valid_sell_recall_05": 0.592274678111588,
    "valid_sell_f1_05": 0.4046920821114369,
    "valid_sell_q90_threshold": 0.804859459400177,
    "valid_sell_q95_threshold": 0.8743394017219543,
    "test_sell_auc": 0.5422602681040325,
    "test_sell_positive_rate": 0.2971938775510204,
    "test_sell_prob_mean": 0.528043270111084,
    "test_sell_prob_std": 0.2071695178747177,
    "test_sell_prob_min": 0.10229673236608505,
    "test_sell_prob_max": 0.9484651684761047,
    "test_sell_acc_05": 0.5204081632653061,
    "test_sell_precision_05": 0.327710843373494,
    "test_sell_recall_05": 0.5836909871244635,
    "test_sell_f1_05": 0.41975308641975306,
    "test_sell_q90_threshold": 0.8222243189811707,
    "test_sell_q95_threshold": 0.8763105869293213
  },
  "t0_stats": {
    "total_return": -0.05588715220016227,
    "annualized_return": -0.6142379852676005,
    "max_drawdown": -0.08077720275506994,
    "sharpe": -2.832281910561406,
    "sortino": -2.685221393142845,
    "calmar": -7.604100715520855,
    "trade_count": 13,
    "win_rate": 0.23076923076923078,
    "avg_net_return_per_trade": -0.005186125734710861,
    "median_net_return_per_trade": -0.0063013447193452895,
    "backtest_mode": "a_share_inventory_t0",
    "trade_direction_mode": "sell_only",
    "buy_threshold": 0.7311467230319973,
    "sell_threshold": 0.8743394166231154,
    "initial_capital": 1000000.0,
    "final_equity": 943742.7555635002,
    "final_benchmark_equity": 953450.0,
    "final_alpha_equity": 990292.7555635002,
    "alpha_total_return": -0.009707244436499729,
    "alpha_sharpe": -11.371182632219401,
    "alpha_sortino": -3.154294112805522,
    "alpha_calmar": -15.225966261005128,
    "alpha_max_drawdown": -0.00979843202399977,
    "base_shares": 9800,
    "ending_shares": 9800,
    "base_position_pct": 0.6,
    "max_t0_trade_pct": 0.3,
    "max_participation_rate": 0.05,
    "commission_rate": 0.001,
    "slippage_rate": 0.0005,
    "tp": 0.004,
    "sl": 0.002,
    "stop_loss_cooldown_bars": 0,
    "daily_max_trades": 0,
    "daily_max_losses": 0,
    "daily_loss_limit": 0.0,
    "no_overnight": true
  },
  "stress_stats": {
    "stress_scenario_count": 12,
    "stress_min_alpha_total_return": -0.01214652700425034,
    "stress_worst_alpha_drawdown": -0.012240459751750365,
    "stress_min_trade_count": 12
  },
  "sell_threshold_grid_stats": {
    "sell_grid_best_rule": "sell_only_q97",
    "sell_grid_best_quantile": 0.97,
    "sell_grid_best_alpha_total_return": -0.004612489786500085,
    "sell_grid_best_trade_count": 8,