{
  "total_return": -0.054967036407328806,
  "annualized_return": -0.60750143075772,
  "max_drawdown": -0.07963500093880171,
  "sharpe": -2.7548321506408775,
  "sortino": -2.6235362911611717,
  "calmar": -7.628573159992496,
  "trade_count": 11,
  "win_rate": 0.18181818181818182,
  "avg_net_return_per_trade": -0.0066655341507465765,
  "median_net_return_per_trade": -0.0074204827114670545,
  "backtest_mode": "a_share_inventory_t0",
  "trade_direction_mode": "sell_only",
  "buy_threshold": 0.7211705774068828,
  "sell_threshold": 0.8075392246246337,
  "initial_capital": 1000000.0,
  "final_equity": 944755.123901375,
  "final_benchmark_equity": 950804.0,
  "final_alpha_equity": 993951.123901375,
  "alpha_total_return": -0.006048876098625033,
  "alpha_sharpe": -8.615639448884027,
  "alpha_sortino": -3.0035212376600335,
  "alpha_calmar": -15.786971854492986,
  "alpha_max_drawdown": -0.006048876098625033,
  "base_shares": 9800,
  "ending_shares": 9800,
  "base_position_pct": 0.6,
  "max_t0_trade_pct": 0.3,
  "max_participation_rate": 0.05,
  "commission_rate": 0.0015,
  "slippage_rate": 0.00075,
  "tp": 0.003,
  "sl": 0.002,
  "stop_loss_cooldown_bars": 6,
  "daily_max_trades": 0,
  "daily_max_losses": 2,
  "daily_loss_limit": 0.0,
  "no_overnight": true
}