{
  "fold": 2,
  "model_summaries": {
    "lstm": {
      "model": "LSTM",
      "target_col_buy": "buy_label",
      "target_col_sell": "sell_label",
      "feature_count": 194,
      "lookback": 32,
      "params": {
        "hidden_dim": 256,
        "num_layers": 2,
        "dropout": 0.3,
        "output_dim": 1
      },
      "buy_fit": {
        "best_score": 0.5645653728079398,
        "best_valid_auc": 0.5645653728079398,
        "epochs_ran": 11,
        "pos_rate": 0.27714646464646464,
        "pos_weight": 2.6082004555808656,
        "device": "cpu"
      },
      "sell_fit": {
        "best_score": 0.5681251700280132,
        "best_valid_auc": 0.5681251700280132,
        "epochs_ran": 19,
        "pos_rate": 0.32228535353535354,
        "pos_weight": 2.1028403525954946,
        "device": "cpu"
      },
      "valid_buy_auc": 0.5645653728079398,
      "valid_buy_positive_rate": 0.2799479166666667,
      "valid_buy_prob_mean": 0.48378434777259827,
      "valid_buy_prob_std": 0.07663867622613907,
      "valid_buy_prob_min": 0.3132534921169281,
      "valid_buy_prob_max": 0.71207594871521,
      "valid_buy_acc_05": 0.6002604166666666,
      "valid_buy_precision_05": 0.3283582089552239,
      "valid_buy_recall_05": 0.40930232558139534,
      "valid_buy_f1_05": 0.36438923395445133,
      "valid_buy_q90_threshold": 0.5966305136680603,
      "valid_buy_q95_threshold": 0.6396319270133972,
      "test_buy_auc": 0.5186795774647887,
      "test_buy_positive_rate": 0.2604166666666667,
      "test_buy_prob_mean": 0.4830828011035919,
      "test_buy_prob_std": 0.06389758735895157,
      "test_buy_prob_min": 0.34412655234336853,
      "test_buy_prob_max": 0.6422631740570068,
      "test_buy_acc_05": 0.5651041666666666,
      "test_buy_precision_05": 0.27364864864864863,
      "test_buy_recall_05": 0.405,
      "test_buy_f1_05": 0.32661290322580644,
      "test_buy_q90_threshold": 0.5765149593353271,
      "test_buy_q95_threshold": 0.5966980457305908,
      "valid_sell_auc": 0.5681251700280132,
      "valid_sell_positive_rate": 0.3606770833333333,
      "valid_sell_prob_mean": 0.5240670442581177,
      "valid_sell_prob_std": 0.2136097252368927,
      "valid_sell_prob_min": 0.07903061807155609,
      "valid_sell_prob_max": 0.9835084080696106,
      "valid_sell_acc_05": 0.5364583333333334,
      "valid_sell_precision_05": 0.4024691358024691,
      "valid_sell_recall_05": 0.5884476534296029,
      "valid_sell_f1_05": 0.4780058651026393,
      "valid_sell_q90_threshold": 0.8271558284759521,
      "valid_sell_q95_threshold": 0.8835047483444214,
      "test_sell_auc": 0.5030685082552303,
      "test_sell_positive_rate": 0.3723958333333333,
      "test_sell_prob_mean": 0.53908771276474,
      "test_sell_prob_std": 0.20255957543849945,
      "test_sell_prob_min": 0.07005053013563156,
      "test_sell_prob_max": 0.9550982713699341,
      "test_sell_acc_05": 0.4973958333333333,
      "test_sell_precision_05": 0.38425925925925924,
      "test_sell_recall_05": 0.5804195804195804,
      "test_sell_f1_05": 0.4623955431754875,
      "test_sell_q90_threshold": 0.80811607837677,
      "test_sell_q95_threshold": 0.8679991364479065
    }
  },
  "selected_model_summary": {
    "model": "LSTM",
    "target_col_buy": "buy_label",
    "target_col_sell": "sell_label",
    "feature_count": 194,
    "lookback": 32,
    "params": {
      "hidden_dim": 256,
      "num_layers": 2,
      "dropout": 0.3,
      "output_dim": 1
    },
    "buy_fit": {
      "best_score": 0.5645653728079398,
      "best_valid_auc": 0.5645653728079398,
      "epochs_ran": 11,
      "pos_rate": 0.27714646464646464,
      "pos_weight": 2.6082004555808656,
      "device": "cpu"
    },
    "sell_fit": {
      "best_score": 0.5681251700280132,
      "best_valid_auc": 0.5681251700280132,
      "epochs_ran": 19,
      "pos_rate": 0.32228535353535354,
      "pos_weight": 2.1028403525954946,
      "device": "cpu"
    },
    "valid_buy_auc": 0.5645653728079398,
    "valid_buy_positive_rate": 0.2799479166666667,
    "valid_buy_prob_mean": 0.48378434777259827,
    "valid_buy_prob_std": 0.07663867622613907,
    "valid_buy_prob_min": 0.3132534921169281,
    "valid_buy_prob_max": 0.71207594871521,
    "valid_buy_acc_05": 0.6002604166666666,
    "valid_buy_precision_05": 0.3283582089552239,
    "valid_buy_recall_05": 0.40930232558139534,
    "valid_buy_f1_05": 0.36438923395445133,
    "valid_buy_q90_threshold": 0.5966305136680603,
    "valid_buy_q95_threshold": 0.6396319270133972,
    "test_buy_auc": 0.5186795774647887,
    "test_buy_positive_rate": 0.2604166666666667,
    "test_buy_prob_mean": 0.4830828011035919,
    "test_buy_prob_std": 0.06389758735895157,
    "test_buy_prob_min": 0.34412655234336853,
    "test_buy_prob_max": 0.6422631740570068,
    "test_buy_acc_05": 0.5651041666666666,
    "test_buy_precision_05": 0.27364864864864863,
    "test_buy_recall_05": 0.405,
    "test_buy_f1_05": 0.32661290322580644,
    "test_buy_q90_threshold": 0.5765149593353271,
    "test_buy_q95_threshold": 0.5966980457305908,
    "valid_sell_auc": 0.5681251700280132,
    "valid_sell_positive_rate": 0.3606770833333333,
    "valid_sell_prob_mean": 0.5240670442581177,
    "valid_sell_prob_std": 0.2136097252368927,
    "valid_sell_prob_min": 0.07903061807155609,
    "valid_sell_prob_max": 0.9835084080696106,
    "valid_sell_acc_05": 0.5364583333333334,
    "valid_sell_precision_05": 0.4024691358024691,
    "valid_sell_recall_05": 0.5884476534296029,
    "valid_sell_f1_05": 0.4780058651026393,
    "valid_sell_q90_threshold": 0.8271558284759521,
    "valid_sell_q95_threshold": 0.8835047483444214,
    "test_sell_auc": 0.5030685082552303,
    "test_sell_positive_rate": 0.3723958333333333,
    "test_sell_prob_mean": 0.53908771276474,
    "test_sell_prob_std": 0.20255957543849945,
    "test_sell_prob_min": 0.07005053013563156,
    "test_sell_prob_max": 0.9550982713699341,
    "test_sell_acc_05": 0.4973958333333333,
    "test_sell_precision_05": 0.38425925925925924,
    "test_sell_recall_05": 0.5804195804195804,
    "test_sell_f1_05": 0.4623955431754875,
    "test_sell_q90_threshold": 0.80811607837677,
    "test_sell_q95_threshold": 0.8679991364479065
  },
  "t0_stats": {
    "total_return": -0.09538361472705759,
    "annualized_return": -0.8107234426170111,
    "max_drawdown": -0.11297475525420664,
    "sharpe": -6.394802304647188,
    "sortino": -10.076047848047564,
    "calmar": -7.17614692585779,
    "trade_count": 12,
    "win_rate": 0.5,
    "avg_net_return_per_trade": -0.004345910594322349,
    "median_net_return_per_trade": -0.002661571471525401,
    "backtest_mode": "a_share_inventory_t0",
    "trade_direction_mode": "sell_only",
    "buy_threshold": 0.6396319121122359,
    "sell_threshold": 0.8835047245025632,
    "initial_capital": 1000000.0,
    "final_equity": 908187.810762,
    "final_benchmark_equity": 912204.0,
    "final_alpha_equity": 995983.810762,
    "alpha_total_return": -0.004016189237999956,
    "alpha_sharpe": -5.175741590225502,
    "alpha_sortino": -1.7578902963398595,
    "alpha_calmar": -11.401703732649331,
    "alpha_max_drawdown": -0.005669235746103896,
    "base_shares": 9400,
    "ending_shares": 9400,
    "base_position_pct": 0.6,
    "max_t0_trade_pct": 0.3,
    "max_participation_rate": 0.05,
    "commission_rate": 0.001,
    "slippage_rate": 0.0005,
    "tp": 0.003,
    "sl": 0.002,
    "stop_loss_cooldown_bars": 0,
    "daily_max_trades": 0,
    "daily_max_losses": 0,
    "daily_loss_limit": 0.0,
    "no_overnight": true
  },
  "stress_stats": {
    "stress_scenario_count": 12,
    "stress_min_alpha_total_return": -0.006377364826500198,
    "stress_worst_alpha_drawdown": -0.007115026660758916,
    "stress_min_trade_count": 12
  },
  "sell_threshold_grid_stats": {
    "sell_grid_best_rule": "sell_only_q96",
    "sell_grid_best_quantile": 0.96,
    "sell_grid_best_alpha_total_return": -0.0033630319439996725,
    "sell_grid_best_trade_count": 9,
    "sell_grid_result_count": 6
  },