{
  "total_return": -0.09458395836886724,
  "annualized_return": -0.7957072813115003,
  "max_drawdown": -0.11672604307505219,
  "sharpe": -6.358272588826158,
  "sortino": -9.99393112695471,
  "calmar": -6.8168787388764525,
  "trade_count": 13,
  "win_rate": 0.15384615384615385,
  "avg_net_return_per_trade": -0.004111572991451161,
  "median_net_return_per_trade": -0.006227692275800275,
  "backtest_mode": "a_share_inventory_t0",
  "trade_direction_mode": "sell_only",
  "buy_threshold": 0.6360969454050064,
  "sell_threshold": 0.9222695231437683,
  "initial_capital": 1000000.0,
  "final_equity": 904564.9505519995,
  "final_benchmark_equity": 911922.0,
  "final_alpha_equity": 992642.9505519995,
  "alpha_total_return": -0.00735704944800053,
  "alpha_sharpe": -7.6606159192773715,
  "alpha_sortino": -2.3017387952060897,
  "alpha_calmar": -12.972604693997566,
  "alpha_max_drawdown": -0.008582063091639447,
  "base_shares": 9400,
  "ending_shares": 9400,
  "base_position_pct": 0.6,
  "max_t0_trade_pct": 0.3,
  "max_participation_rate": 0.05,
  "commission_rate": 0.001,
  "slippage_rate": 0.00075,
  "tp": 0.003,
  "sl": 0.002,
  "stop_loss_cooldown_bars": 0,
  "daily_max_trades": 0,
  "daily_max_losses": 0,
  "daily_loss_limit": 0.0,
  "no_overnight": true
}