{
  "total_return": -0.04863136995007389,
  "annualized_return": -0.9733293838601942,
  "max_drawdown": -0.05150591989917985,
  "sharpe": -10.644654624495995,
  "sortino": -8.854882867467989,
  "calmar": -18.897427436796306,
  "trade_count": 7,
  "win_rate": 0.42857142857142855,
  "avg_net_return_per_trade": -0.00268067302035457,
  "median_net_return_per_trade": -8.315920779744176e-05,
  "backtest_mode": "a_share_inventory_t0",
  "trade_direction_mode": "sell_only",
  "buy_threshold": 0.40356216017206964,
  "sell_threshold": 0.5443313121795654,
  "initial_capital": 1000000.0,
  "final_equity": 954114.2799162501,
  "final_benchmark_equity": 955045.0,
  "final_alpha_equity": 999069.2799162501,
  "alpha_total_return": -0.0009307200837498364,
  "alpha_sharpe": -3.8876665229323857,
  "alpha_sortino": -2.855875373798756,
  "alpha_calmar": -34.798728615219375,
  "alpha_max_drawdown": -0.0018808576093839457,
  "base_shares": 11100,
  "ending_shares": 11100,
  "base_position_pct": 0.6,
  "max_t0_trade_pct": 0.3,
  "max_participation_rate": 0.05,
  "commission_rate": 0.0015,
  "slippage_rate": 0.0005,
  "tp": 0.003,
  "sl": 0.002,
  "no_overnight": true
}