{
  "total_return": 0.07746623843084466,
  "annualized_return": 1.9713773586302255,
  "max_drawdown": -0.04422230912506897,
  "sharpe": 4.17823521745795,
  "sortino": 7.1074306478147085,
  "calmar": 44.57879739058404,
  "trade_count": 4,
  "win_rate": 0.5,
  "avg_net_return_per_trade": -0.001890688934699982,
  "median_net_return_per_trade": -0.00027128598970948756,
  "backtest_mode": "a_share_inventory_t0",
  "trade_direction_mode": "sell_only",
  "buy_threshold": 0.6006682366132736,
  "sell_threshold": 0.621973305940628,
  "initial_capital": 1000000.0,
  "final_equity": 1077009.39274575,
  "final_benchmark_equity": 1078122.0,
  "final_alpha_equity": 998887.39274575,
  "alpha_total_return": -0.0011126072542499976,
  "alpha_sharpe": -1.1431266115794962,
  "alpha_sortino": -0.3045918998879945,
  "alpha_calmar": -4.359259653741416,
  "alpha_max_drawdown": -0.003697221959074626,
  "base_shares": 10600,
  "ending_shares": 10600,
  "base_position_pct": 0.6,
  "max_t0_trade_pct": 0.3,
  "max_participation_rate": 0.05,
  "commission_rate": 0.0015,
  "slippage_rate": 0.0005,
  "tp": 0.003,
  "sl": 0.002,
  "stop_loss_cooldown_bars": 0,
  "daily_max_trades": 0,
  "daily_max_losses": 0,
  "daily_loss_limit": 0.0,
  "no_overnight": true
}