{
  "total_return": -0.11220610262608477,
  "annualized_return": -0.8607192553057901,
  "max_drawdown": -0.1250819534677633,
  "sharpe": -7.555244786976161,
  "sortino": -11.747037682041999,
  "calmar": -6.881242508957286,
  "trade_count": 12,
  "win_rate": 0.08333333333333333,
  "avg_net_return_per_trade": -0.007933693266765128,
  "median_net_return_per_trade": -0.006582786900324596,
  "backtest_mode": "a_share_inventory_t0",
  "trade_direction_mode": "sell_only",
  "buy_threshold": 0.6604762256145478,
  "sell_threshold": 0.8768073558807371,
  "initial_capital": 1000000.0,
  "final_equity": 890435.9720125,
  "final_benchmark_equity": 906349.0,
  "final_alpha_equity": 984086.9720125,
  "alpha_total_return": -0.01591302798749994,
  "alpha_sharpe": -10.82821550241548,
  "alpha_sortino": -2.8417105285253865,
  "alpha_calmar": -13.437158834056115,
  "alpha_max_drawdown": -0.017363919776601233,
  "base_shares": 9300,
  "ending_shares": 9300,
  "base_position_pct": 0.6,
  "max_t0_trade_pct": 0.3,
  "max_participation_rate": 0.02,
  "commission_rate": 0.001,
  "slippage_rate": 0.00075,
  "tp": 0.003,
  "sl": 0.002,
  "stop_loss_cooldown_bars": 6,
  "daily_max_trades": 0,
  "daily_max_losses": 2,
  "daily_loss_limit": 0.0,
  "no_overnight": true
}