{
  "total_return": -0.09504818752220467,
  "annualized_return": -0.8091559317429526,
  "max_drawdown": -0.11505791122462883,
  "sharpe": -6.176974575332124,
  "sortino": -9.8529603205812,
  "calmar": -7.0325970907226765,
  "trade_count": 12,
  "win_rate": 0.4166666666666667,
  "avg_net_return_per_trade": -0.0035799059217704195,
  "median_net_return_per_trade": -0.005737734282635406,
  "backtest_mode": "a_share_inventory_t0",
  "trade_direction_mode": "sell_only",
  "buy_threshold": 0.6520390957593918,
  "sell_threshold": 0.933201789855957,
  "initial_capital": 1000000.0,
  "final_equity": 909336.3040092502,
  "final_benchmark_equity": 913740.0,
  "final_alpha_equity": 995596.3040092502,
  "alpha_total_return": -0.004403695990749745,
  "alpha_sharpe": -5.961631312753426,
  "alpha_sortino": -2.7657001140941864,
  "alpha_calmar": -11.670766670504179,
  "alpha_max_drawdown": -0.00604738276877026,
  "base_shares": 9500,
  "ending_shares": 9500,
  "base_position_pct": 0.6,
  "max_t0_trade_pct": 0.3,
  "max_participation_rate": 0.02,
  "commission_rate": 0.0015,
  "slippage_rate": 0.0005,
  "tp": 0.004,
  "sl": 0.003,
  "stop_loss_cooldown_bars": 0,
  "daily_max_trades": 0,
  "daily_max_losses": 0,
  "daily_loss_limit": 0.0,
  "no_overnight": true
}