{
  "total_return": -0.09658064164976643,
  "annualized_return": -0.8148396215962765,
  "max_drawdown": -0.11452290072989602,
  "sharpe": -6.491311373505436,
  "sortino": -10.255927902289342,
  "calmar": -7.1150801839894715,
  "trade_count": 13,
  "win_rate": 0.07692307692307693,
  "avg_net_return_per_trade": -0.005475668146286926,
  "median_net_return_per_trade": -0.0019922331059239974,
  "backtest_mode": "a_share_inventory_t0",
  "trade_direction_mode": "sell_only",
  "buy_threshold": 0.6396319121122359,
  "sell_threshold": 0.8835047245025632,
  "initial_capital": 1000000.0,
  "final_equity": 906986.0579770003,
  "final_benchmark_equity": 912204.0,
  "final_alpha_equity": 994782.0579770003,
  "alpha_total_return": -0.005217942022999744,
  "alpha_sharpe": -5.713535107268512,
  "alpha_sortino": -1.9411460807325058,
  "alpha_calmar": -12.857606941987816,
  "alpha_max_drawdown": -0.006471182563637989,
  "base_shares": 9400,
  "ending_shares": 9400,
  "base_position_pct": 0.6,
  "max_t0_trade_pct": 0.3,
  "max_participation_rate": 0.02,
  "commission_rate": 0.0015,
  "slippage_rate": 0.001,
  "tp": 0.003,
  "sl": 0.002,
  "stop_loss_cooldown_bars": 0,
  "daily_max_trades": 0,
  "daily_max_losses": 0,
  "daily_loss_limit": 0.0,
  "no_overnight": true
}