{
  "total_return": -0.09399365485249,
  "annualized_return": -0.8054341659349206,
  "max_drawdown": -0.1141013479434233,
  "sharpe": -6.101341072634047,
  "sortino": -9.731427637338484,
  "calmar": -7.058936467028347,
  "trade_count": 12,
  "win_rate": 0.4166666666666667,
  "avg_net_return_per_trade": -0.003491364333693048,
  "median_net_return_per_trade": -0.005736740850979579,
  "backtest_mode": "a_share_inventory_t0",
  "trade_direction_mode": "sell_only",
  "buy_threshold": 0.6520390957593918,
  "sell_threshold": 0.933201789855957,
  "initial_capital": 1000000.0,
  "final_equity": 910395.9458897497,
  "final_benchmark_equity": 913740.0,
  "final_alpha_equity": 996655.9458897497,
  "alpha_total_return": -0.003344054110250294,
  "alpha_sharpe": -4.620216991861768,
  "alpha_sortino": -2.232644747498625,
  "alpha_calmar": -10.642443813498208,
  "alpha_max_drawdown": -0.005077387211046447,
  "base_shares": 9500,
  "ending_shares": 9500,
  "base_position_pct": 0.6,
  "max_t0_trade_pct": 0.3,
  "max_participation_rate": 0.02,
  "commission_rate": 0.001,
  "slippage_rate": 0.00075,
  "tp": 0.004,
  "sl": 0.003,
  "stop_loss_cooldown_bars": 0,
  "daily_max_trades": 0,
  "daily_max_losses": 0,
  "daily_loss_limit": 0.0,
  "no_overnight": true
}