{
  "total_return": -0.1020125365925999,
  "annualized_return": -0.8317276753057731,
  "max_drawdown": -0.11456244861670983,
  "sharpe": -6.715169605612203,
  "sortino": -10.54607311052432,
  "calmar": -7.260037519697873,
  "trade_count": 13,
  "win_rate": 0.38461538461538464,
  "avg_net_return_per_trade": -0.003136481043740106,
  "median_net_return_per_trade": -0.00524847390557259,
  "backtest_mode": "a_share_inventory_t0",
  "trade_direction_mode": "sell_only",
  "buy_threshold": 0.6489220082759856,
  "sell_threshold": 0.9373819619417191,
  "initial_capital": 1000000.0,
  "final_equity": 900659.8740985005,
  "final_benchmark_equity": 906349.0,
  "final_alpha_equity": 994310.8740985005,
  "alpha_total_return": -0.005689125901499503,
  "alpha_sharpe": -7.03406265968934,
  "alpha_sortino": -2.7618775120986148,
  "alpha_calmar": -10.98056092781928,
  "alpha_max_drawdown": -0.008211858334277067,
  "base_shares": 9300,
  "ending_shares": 9300,
  "base_position_pct": 0.6,
  "max_t0_trade_pct": 0.3,
  "max_participation_rate": 0.05,
  "commission_rate": 0.001,
  "slippage_rate": 0.0005,
  "tp": 0.003,
  "sl": 0.002,
  "stop_loss_cooldown_bars": 0,
  "daily_max_trades": 0,
  "daily_max_losses": 0,
  "daily_loss_limit": 0.0,
  "no_overnight": true
}