{
  "total_return": -0.0959616422284032,
  "annualized_return": -0.8123256141887879,
  "max_drawdown": -0.11612993230421409,
  "sharpe": -6.245712028420002,
  "sortino": -9.9478148057236,
  "calmar": -6.994971908369144,
  "trade_count": 15,
  "win_rate": 0.4,
  "avg_net_return_per_trade": -0.0035930772194173936,
  "median_net_return_per_trade": -0.006982115019062205,
  "backtest_mode": "a_share_inventory_t0",
  "trade_direction_mode": "sell_only",
  "buy_threshold": 0.653843879699707,
  "sell_threshold": 0.9345697164535522,
  "initial_capital": 1000000.0,
  "final_equity": 908418.4236150002,
  "final_benchmark_equity": 913740.0,
  "final_alpha_equity": 994678.4236150002,
  "alpha_total_return": -0.005321576384999749,
  "alpha_sharpe": -6.345376507538735,
  "alpha_sortino": -2.769202709944072,
  "alpha_calmar": -10.120117639450024,
  "alpha_max_drawdown": -0.00836811313881014,
  "base_shares": 9500,
  "ending_shares": 9500,
  "base_position_pct": 0.6,
  "max_t0_trade_pct": 0.3,
  "max_participation_rate": 0.05,
  "commission_rate": 0.001,
  "slippage_rate": 0.0005,
  "tp": 0.004,
  "sl": 0.003,
  "stop_loss_cooldown_bars": 6,
  "daily_max_trades": 0,
  "daily_max_losses": 2,
  "daily_loss_limit": 0.0,
  "no_overnight": true
}