{
  "lookback": 12,
  "lookback_minutes": 60,
  "horizon": 6,
  "horizon_minutes": 30,
  "best_valid_auc": 0.5859446136608756,
  "valid_auc": 0.5859446136608756,
  "test_auc": 0.530130168704055,
  "train_positive_rate": 0.3218929415737926,
  "valid_positive_rate": 0.3278122843340235,
  "test_positive_rate": 0.3639948733116435,
  "valid_action_metrics": {
    "accuracy": 0.4314305432317855,
    "buy_auc": 0.5859446136608756,
    "sell_auc": 0.5784399127544155,
    "buy_positive_rate": 0.3278122843340235,
    "sell_positive_rate": 0.41328995366262444,
    "hold_rate": 0.25889776200335207
  },
  "test_action_metrics": {
    "accuracy": 0.39090998718327913,
    "buy_auc": 0.530130168704055,
    "sell_auc": 0.5373608231437619,
    "buy_positive_rate": 0.3639948733116435,
    "sell_positive_rate": 0.42571231391107167,
    "hold_rate": 0.21029281277728482
  },
  "test_trade_return_mean_all": 0.000345971806941244,
  "test_trade_return_mean_label_1": -4.905847351445246e-05,
  "selected_threshold": 0.49313859343528743,
  "selected_quantile": 0.95,
  "selected_threshold_test_stats": {
    "threshold": 0.49313859343528743,
    "horizon": 6,
    "round_trip_cost": 0.003,
    "trade_count": 114,
    "win_rate": 0.34210526315789475,
    "gross_return_mean": -0.0010518253486237511,
    "net_return_mean": -0.004051825348623752,
    "gross_return_median": -0.0006782582861325492,
    "net_return_median": -0.0036782582861325493,
    "total_return": -0.37683002055713855,
    "max_drawdown": -0.39860550246361515,
    "per_trade_sharpe": -0.30428530027941536,
    "trades_per_year": 136.91245376078913,
    "bar_annualized_sharpe": -32.7951237642216,
    "sharpe": -3.5604299820381065,
    "avg_pred_prob": 0.5091912806556936,
    "positive_label_rate": 0.543859649122807,
    "buy_label_rate": 0.40350877192982454,
    "selected_by": "validation_net_return_mean",
    "selected_quantile": 0.95
  },
  "output_dir": "outputs\\diagnostics\\horizon_compare\\lb12_h6",
  "seed": 42
}