{
  "total_return": 0.040352058613186026,
  "annualized_return": 16.73992897000679,
  "max_drawdown": -0.02364562015500493,
  "sharpe": 8.854347250832749,
  "sortino": 20.871210607121956,
  "calmar": 707.9505151597197,
  "trade_count": 5,
  "win_rate": 0.8,
  "avg_net_return_per_trade": 0.0008914283584710272,
  "median_net_return_per_trade": 0.0008942521982252564,
  "backtest_mode": "a_share_inventory_t0",
  "trade_direction_mode": "sell_only",
  "buy_threshold": 0.4607778406855257,
  "sell_threshold": 0.6616130504757166,
  "initial_capital": 1000000.0,
  "final_equity": 1037925.9576125002,
  "final_benchmark_equity": 1036040.0,
  "final_alpha_equity": 1001885.9576125002,
  "alpha_total_return": 0.0018859576125000999,
  "alpha_sharpe": 8.206665049782377,
  "alpha_sortino": 10.513352903018733,
  "alpha_calmar": 170.15969889123832,
  "alpha_max_drawdown": -0.0008627065298830727,
  "base_shares": 10600,
  "ending_shares": 10600,
  "base_position_pct": 0.6,
  "max_t0_trade_pct": 0.3,
  "max_participation_rate": 0.02,
  "commission_rate": 0.001,
  "slippage_rate": 0.0005,
  "tp": 0.003,
  "sl": 0.002,
  "no_overnight": true
}