{
  "total_return": -0.028272684253504043,
  "annualized_return": -0.875685763109539,
  "max_drawdown": -0.035378097709014455,
  "sharpe": -14.559411343923353,
  "sortino": -17.882244898849688,
  "calmar": -24.75220036735925,
  "trade_count": 5,
  "win_rate": 0.4,
  "avg_net_return_per_trade": -0.0032740399097416855,
  "median_net_return_per_trade": -0.005726036609453697,
  "backtest_mode": "a_share_inventory_t0",
  "trade_direction_mode": "sell_only",
  "buy_threshold": 0.5653021192148,
  "sell_threshold": 0.4118999409675597,
  "initial_capital": 1000000.0,
  "final_equity": 971036.4176250002,
  "final_benchmark_equity": 972429.0,
  "final_alpha_equity": 998607.4176250002,
  "alpha_total_return": -0.001392582374999729,
  "alpha_sharpe": -7.365644310515563,
  "alpha_sortino": -4.22039150581163,
  "alpha_calmar": -39.354871619932744,
  "alpha_max_drawdown": -0.0024480844894999576,
  "base_shares": 7900,
  "ending_shares": 7900,
  "base_position_pct": 0.6,
  "max_t0_trade_pct": 0.3,
  "max_participation_rate": 0.05,
  "commission_rate": 0.001,
  "slippage_rate": 0.0005,
  "tp": 0.003,
  "sl": 0.002,
  "no_overnight": true
}