{
  "total_return": 0.0011312524369899712,
  "annualized_return": 0.08566395545793726,
  "max_drawdown": -0.01570561660914549,
  "sharpe": 0.9918075575810278,
  "sortino": 1.638659502212778,
  "calmar": 5.454351623995109,
  "trade_count": 3,
  "win_rate": 0.0,
  "avg_net_return_per_trade": -0.007186164077702798,
  "median_net_return_per_trade": -0.007356226564146636,
  "backtest_mode": "a_share_inventory_t0",
  "trade_direction_mode": "sell_only",
  "buy_threshold": 0.5084829671873515,
  "sell_threshold": 0.602220640428732,
  "initial_capital": 1000000.0,
  "final_equity": 1002162.417627,
  "final_benchmark_equity": 1005665.0,
  "final_alpha_equity": 996497.417627,
  "alpha_total_return": -0.0035025823729999406,
  "alpha_sharpe": -19.489640438385994,
  "alpha_sortino": -6.573579288589994,
  "alpha_calmar": -64.2782739583141,
  "alpha_max_drawdown": -0.0035025823729999406,
  "base_shares": 10300,
  "ending_shares": 10300,
  "base_position_pct": 0.6,
  "max_t0_trade_pct": 0.3,
  "max_participation_rate": 0.02,
  "commission_rate": 0.0015,
  "slippage_rate": 0.00075,
  "tp": 0.003,
  "sl": 0.002,
  "no_overnight": true
}