quantile,threshold,signal_count,signal_ratio,active_label_mean,active_future_return_mean,active_future_return_median
0.5,0.5451339010203198,5062,0.5,0.3073883840379297,0.00034254914928407993,-0.00030970302750288337
0.6,0.5743916850696154,4050,0.40003951007506916,0.3182716049382716,0.0003854914723599758,-0.0003389616356535008
0.7,0.6057130893439985,3037,0.29998024496246545,0.3325650312808693,0.0003796735731480742,-0.00034500603760556636
0.75,0.6223224239627414,2531,0.25,0.3386013433425524,0.00039601495732200285,-0.00047288776796972076
0.8,0.6359396925913785,2025,0.20001975503753458,0.3476543209876543,0.0004118079690050476,-0.0005264081417792887
0.85,0.6507934161899922,1519,0.15003951007506913,0.3568136932192232,0.0005551174832031717,-0.00041373603640870726
0.9,0.667312072384949,1013,0.10005926511260371,0.3770977295162882,0.0006188258622353607,-0.0004376367614880028
0.95,0.6913167578270355,507,0.050079020150138286,0.39250493096646943,0.0003632925130581875,-9.614460148066328e-05
