quantile,threshold,signal_count,signal_ratio,trade_count,active_label_mean,active_future_return_mean,active_future_return_median,total_return,max_drawdown,sharpe
0.5,0.4486796286173716,5062,0.5,1699.0,0.20960094824180167,0.00024434652797096,-0.00027979874218958534,-0.7797757997343682,-0.9175346953427361,-2.209503618391679
0.6,0.4787029070469147,4050,0.40003951007506916,1771.0,0.2239506172839506,0.0002271484248250153,-0.0003271007705047957,-0.8532839523401752,-0.9198388662207455,-3.0735683287636433
0.7,0.5071638358234895,3037,0.29998024496246545,1545.0,0.2515640434639447,0.000320983798344717,-0.00032988783813503453,-0.7789300432290427,-0.8774936469587836,-2.4885113630777083
0.75,0.5222833560061622,2531,0.25,1369.0,0.2674832082180956,0.00034987816062755496,-0.00033229951262736535,-0.73373863861633,-0.842670246080349,-2.2424150286835074
0.8,0.5396960095180555,2025,0.20001975503753458,1157.0,0.28790123456790123,0.00036835358282725594,-0.00036971993714751683,-0.6785082587615735,-0.7934697510574276,-1.9653688276115295
0.85,0.5615440610347859,1519,0.15003951007506913,857.0,0.3186306780776827,0.0004728651752209882,-0.0003583587170759017,-0.5048987900183243,-0.6909039638389983,-1.1648306692958028
0.9,0.5903861567379954,1013,0.10005926511260371,593.0,0.3474827245804541,0.00032164654057594954,-0.00041373603640870726,-0.49339700835847355,-0.6887474027110507,-1.2510989604498555
0.95,0.6412739744612242,507,0.050079020150138286,394.0,0.40039447731755423,0.0006053949145002923,-0.00023033513762515945,-0.2989983978322933,-0.49888996392752516,-0.8060483193229963
