quantile,threshold,signal_count,signal_ratio,trade_count,active_label_mean,active_future_return_mean,active_future_return_median,total_return,max_drawdown,sharpe
0.5,0.534198031813236,5062,0.5,1171.0,0.37020940339786645,0.0002497798966424598,-0.0003507079978243288,-0.5136930922376578,-0.9290164098989734,-0.7778883881945471
0.6,0.5502512368594709,4050,0.40003951007506916,1197.0,0.3762962962962963,0.00024107415528635588,-0.00038766364140119247,-0.6401518656649335,-0.9163223275304457,-1.3757371503510176
0.7,0.5659117407794789,3037,0.29998024496246545,1197.0,0.3872242344418834,0.00022079624306957664,-0.00032938076416333395,-0.72570414888252,-0.9071638507127412,-2.072368800750388
0.75,0.5745941198204639,2531,0.25,1137.0,0.3856183326748321,0.00023144096398415822,-0.0004568296025582175,-0.717976835099654,-0.8997273772582632,-2.2138291983668914
0.8,0.5832935742038757,2025,0.20001975503753458,1049.0,0.4,0.0003904326159048533,-0.00020281918669506904,-0.597953080399849,-0.8497305028404813,-1.6509238312491414
0.85,0.5950190488534582,1519,0.15003951007506913,893.0,0.41803818301514156,0.0004627980668155939,0.0,-0.523959032748381,-0.7804820238509974,-1.479118201758378
0.9,0.6079105074984789,1013,0.10005926511260371,757.0,0.42645607107601186,0.0001296378720842461,8.103727714736664e-05,-0.6597779163363777,-0.7635799078437164,-2.797385964026137
0.95,0.6300808185277443,507,0.050079020150138286,459.0,0.4181459566074951,-0.0004027468287030932,-7.793017456347862e-05,-0.6065704974075279,-0.6659953047718804,-3.3831097758383475
