{
  "total_return": 0.0728987930288667,
  "annualized_return": 1.7793002718477644,
  "max_drawdown": -0.04752774468818566,
  "sharpe": 3.8828448993440916,
  "sortino": 6.56448464673815,
  "calmar": 37.43708613823746,
  "trade_count": 17,
  "win_rate": 0.47058823529411764,
  "avg_net_return_per_trade": -0.003043594472486683,
  "median_net_return_per_trade": -0.004659451034185522,
  "backtest_mode": "a_share_inventory_t0",
  "trade_direction_mode": "sell_only",
  "buy_threshold": 0.6860697031021118,
  "sell_threshold": 0.9143876522779464,
  "initial_capital": 1000000.0,
  "final_equity": 1072216.4293965003,
  "final_benchmark_equity": 1079076.0,
  "final_alpha_equity": 993140.4293965003,
  "alpha_total_return": -0.006859570603499621,
  "alpha_sharpe": -8.19330427794985,
  "alpha_sortino": -3.523442837740685,
  "alpha_calmar": -13.872202736391104,
  "alpha_max_drawdown": -0.006859570603499621,
  "base_shares": 10600,
  "ending_shares": 10600,
  "base_position_pct": 0.6,
  "max_t0_trade_pct": 0.3,
  "max_participation_rate": 0.05,
  "commission_rate": 0.001,
  "slippage_rate": 0.0005,
  "tp": 0.003,
  "sl": 0.002,
  "stop_loss_cooldown_bars": 0,
  "daily_max_trades": 0,
  "daily_max_losses": 0,
  "daily_loss_limit": 0.0,
  "no_overnight": true
}