{
  "total_return": -0.09602765983895556,
  "annualized_return": -0.8125527673824025,
  "max_drawdown": -0.11594104286204399,
  "sharpe": -6.252076234552173,
  "sortino": -9.971580649739202,
  "calmar": -7.008327226703001,
  "trade_count": 12,
  "win_rate": 0.25,
  "avg_net_return_per_trade": -0.004491364333693049,
  "median_net_return_per_trade": -0.00673674085097958,
  "backtest_mode": "a_share_inventory_t0",
  "trade_direction_mode": "sell_only",
  "buy_threshold": 0.6520390957593918,
  "sell_threshold": 0.933201789855957,
  "initial_capital": 1000000.0,
  "final_equity": 908352.0861491247,
  "final_benchmark_equity": 913740.0,
  "final_alpha_equity": 994612.0861491247,
  "alpha_total_return": -0.005387913850875337,
  "alpha_sharpe": -6.600550528966773,
  "alpha_sortino": -2.7066119058372706,
  "alpha_calmar": -12.309025359465458,
  "alpha_max_drawdown": -0.006962218293812161,
  "base_shares": 9500,
  "ending_shares": 9500,
  "base_position_pct": 0.6,
  "max_t0_trade_pct": 0.3,
  "max_participation_rate": 0.05,
  "commission_rate": 0.0015,
  "slippage_rate": 0.00075,
  "tp": 0.004,
  "sl": 0.003,
  "stop_loss_cooldown_bars": 0,
  "daily_max_trades": 0,
  "daily_max_losses": 0,
  "daily_loss_limit": 0.0,
  "no_overnight": true
}