{
  "total_return": -0.09829838919968958,
  "annualized_return": -0.8205996286751989,
  "max_drawdown": -0.11578123548277519,
  "sharpe": -6.572404682240649,
  "sortino": -10.420842022257766,
  "calmar": -7.087501055361253,
  "trade_count": 13,
  "win_rate": 0.3076923076923077,
  "avg_net_return_per_trade": -0.004358038708526803,
  "median_net_return_per_trade": -0.005881567784557781,
  "backtest_mode": "a_share_inventory_t0",
  "trade_direction_mode": "sell_only",
  "buy_threshold": 0.6345955163240432,
  "sell_threshold": 0.8987929791212081,
  "initial_capital": 1000000.0,
  "final_equity": 905261.5287597501,
  "final_benchmark_equity": 912204.0,
  "final_alpha_equity": 993057.5287597501,
  "alpha_total_return": -0.006942471240249937,
  "alpha_sharpe": -10.078911252944732,
  "alpha_sortino": -3.219173542794671,
  "alpha_calmar": -14.823752135687707,
  "alpha_max_drawdown": -0.0073693005938111344,
  "base_shares": 9400,
  "ending_shares": 9400,
  "base_position_pct": 0.6,
  "max_t0_trade_pct": 0.3,
  "max_participation_rate": 0.05,
  "commission_rate": 0.001,
  "slippage_rate": 0.00075,
  "tp": 0.003,
  "sl": 0.002,
  "stop_loss_cooldown_bars": 6,
  "daily_max_trades": 0,
  "daily_max_losses": 2,
  "daily_loss_limit": 0.0,
  "no_overnight": true
}