{
  "total_return": -0.04613067810134208,
  "annualized_return": -0.9966669572821278,
  "max_drawdown": -0.06378492314060569,
  "sharpe": -11.796424021747042,
  "sortino": -13.412849696162613,
  "calmar": -15.62543165702502,
  "trade_count": 5,
  "win_rate": 0.0,
  "avg_net_return_per_trade": -0.0055629519999841085,
  "median_net_return_per_trade": -0.006095891897364034,
  "backtest_mode": "a_share_inventory_t0",
  "trade_direction_mode": "sell_only",
  "buy_threshold": 0.6261110728865316,
  "sell_threshold": 0.5368009545534658,
  "initial_capital": 1000000.0,
  "final_equity": 953548.8218065,
  "final_benchmark_equity": 957328.0,
  "final_alpha_equity": 996220.8218065,
  "alpha_total_return": -0.0037791781935000435,
  "alpha_sharpe": -22.85699818921113,
  "alpha_sortino": -12.233262890357876,
  "alpha_calmar": -96.93184069643901,
  "alpha_max_drawdown": -0.003786145244481509,
  "base_shares": 8400,
  "ending_shares": 8400,
  "base_position_pct": 0.6,
  "max_t0_trade_pct": 0.3,
  "max_participation_rate": 0.05,
  "commission_rate": 0.001,
  "slippage_rate": 0.0005,
  "tp": 0.003,
  "sl": 0.002,
  "no_overnight": true
}