{
  "total_return": -0.04902022705826525,
  "annualized_return": -0.5654962023728879,
  "max_drawdown": -0.0790464023611116,
  "sharpe": -2.497692840839988,
  "sortino": -2.370453732194299,
  "calmar": -7.153977733097878,
  "trade_count": 12,
  "win_rate": 0.3333333333333333,
  "avg_net_return_per_trade": -0.0038320515444779635,
  "median_net_return_per_trade": -0.005454455046525805,
  "backtest_mode": "a_share_inventory_t0",
  "trade_direction_mode": "sell_only",
  "buy_threshold": 0.7235490381717682,
  "sell_threshold": 0.8591929227113724,
  "initial_capital": 1000000.0,
  "final_equity": 950141.0087820002,
  "final_benchmark_equity": 953940.0,
  "final_alpha_equity": 996201.0087820002,
  "alpha_total_return": -0.0037989912179998697,
  "alpha_sharpe": -5.361361688051489,
  "alpha_sortino": -1.799271130328512,
  "alpha_calmar": -10.31921244592454,
  "alpha_max_drawdown": -0.00592790533715315,
  "base_shares": 9800,
  "ending_shares": 9800,
  "base_position_pct": 0.6,
  "max_t0_trade_pct": 0.3,
  "max_participation_rate": 0.05,
  "commission_rate": 0.001,
  "slippage_rate": 0.0005,
  "tp": 0.003,
  "sl": 0.002,
  "stop_loss_cooldown_bars": 6,
  "daily_max_trades": 0,
  "daily_max_losses": 2,
  "daily_loss_limit": 0.0,
  "no_overnight": true
}