{
  "total_return": -0.049826946032749286,
  "annualized_return": -0.9756593490309998,
  "max_drawdown": -0.0520463067489364,
  "sharpe": -10.999295581111918,
  "sortino": -9.083990906582667,
  "calmar": -18.745986218338885,
  "trade_count": 8,
  "win_rate": 0.5,
  "avg_net_return_per_trade": -0.004178058786009808,
  "median_net_return_per_trade": -0.002694720935268677,
  "backtest_mode": "a_share_inventory_t0",
  "trade_direction_mode": "sell_only",
  "buy_threshold": 0.40356216017206964,
  "sell_threshold": 0.5330975675582885,
  "initial_capital": 1000000.0,
  "final_equity": 952915.2534010002,
  "final_benchmark_equity": 955045.0,
  "final_alpha_equity": 997870.2534010002,
  "alpha_total_return": -0.002129746598999782,
  "alpha_sharpe": -7.358536885543901,
  "alpha_sortino": -5.004481105007005,
  "alpha_calmar": -51.83053154208877,
  "alpha_max_drawdown": -0.0027701174623435687,
  "base_shares": 11100,
  "ending_shares": 11100,
  "base_position_pct": 0.6,
  "max_t0_trade_pct": 0.3,
  "max_participation_rate": 0.05,
  "commission_rate": 0.001,
  "slippage_rate": 0.0005,
  "tp": 0.003,
  "sl": 0.002,
  "no_overnight": true
}