{
  "total_return": 0.07433469173553542,
  "annualized_return": 1.8370950294159623,
  "max_drawdown": -0.04873863979182069,
  "sharpe": 3.9264116620259797,
  "sortino": 6.659458207227881,
  "calmar": 37.69278414955403,
  "trade_count": 3,
  "win_rate": 0.0,
  "avg_net_return_per_trade": -0.009230676017556593,
  "median_net_return_per_trade": -0.010992317432351847,
  "backtest_mode": "a_share_inventory_t0",
  "trade_direction_mode": "sell_only",
  "buy_threshold": 0.6333531647920608,
  "sell_threshold": 0.5956914156675338,
  "initial_capital": 1000000.0,
  "final_equity": 1072740.379053,
  "final_benchmark_equity": 1079288.0,
  "final_alpha_equity": 993452.3790529999,
  "alpha_total_return": -0.006547620947000121,
  "alpha_sharpe": -6.5923778545646465,
  "alpha_sortino": -1.0105527578933364,
  "alpha_calmar": -13.915839376664577,
  "alpha_max_drawdown": -0.006547620947000121,
  "base_shares": 10600,
  "ending_shares": 10600,
  "base_position_pct": 0.6,
  "max_t0_trade_pct": 0.3,
  "max_participation_rate": 0.05,
  "commission_rate": 0.001,
  "slippage_rate": 0.001,
  "tp": 0.003,
  "sl": 0.002,
  "stop_loss_cooldown_bars": 6,
  "daily_max_trades": 0,
  "daily_max_losses": 2,
  "daily_loss_limit": 0.0,
  "no_overnight": true
}