model_label,epoch,train_loss,valid_loss,valid_auc,valid_prob_mean,valid_prob_max
LSTM_buy,1,1.2761475943230294,1.3244565725326538,0.4967032967032967,0.28739747405052185,0.3681071996688843
LSTM_buy,2,1.0767956327747654,1.1763578653335571,0.5517857142857142,0.38235756754875183,0.6527734398841858
LSTM_buy,3,0.9602172149194254,1.1293067932128906,0.5689560439560439,0.49857258796691895,0.8579545617103577
