model_label,epoch,train_loss,valid_loss,valid_auc,valid_prob_mean,valid_prob_max
LSTM_sell,1,0.9434297793620342,0.8953595161437988,0.45285359801488834,0.38667532801628113,0.4826793074607849
LSTM_sell,2,0.8769215522585688,0.8985545039176941,0.4398263027295285,0.4157247543334961,0.5613963007926941
LSTM_sell,3,0.8426888391778276,0.9098024964332581,0.4445409429280397,0.4473011791706085,0.6414400339126587
