{
  "model": "LSTM",
  "target_col_buy": "buy_label",
  "target_col_sell": "sell_label",
  "feature_count": 194,
  "lookback": 8,
  "params": {
    "hidden_dim": 256,
    "num_layers": 2,
    "dropout": 0.3,
    "output_dim": 1
  },
  "buy_fit": {
    "best_score": 0.5689560439560439,
    "best_valid_auc": 0.5689560439560439,
    "epochs_ran": 3,
    "pos_rate": 0.23986486486486486,
    "pos_weight": 3.169014084507042,
    "device": "cpu"
  },
  "sell_fit": {
    "best_score": 0.45285359801488834,
    "best_valid_auc": 0.45285359801488834,
    "epochs_ran": 3,
    "pos_rate": 0.3581081081081081,
    "pos_weight": 1.7924528301886793,
    "device": "cpu"
  },
  "valid_buy_auc": 0.5689560439560439,
  "valid_buy_positive_rate": 0.2708333333333333,
  "valid_buy_prob_mean": 0.49857258796691895,
  "valid_buy_prob_std": 0.16965338587760925,
  "valid_buy_prob_min": 0.19841836392879486,
  "valid_buy_prob_max": 0.8579545617103577,
  "valid_buy_acc_05": 0.546875,
  "valid_buy_precision_05": 0.3118279569892473,
  "valid_buy_recall_05": 0.5576923076923077,
  "valid_buy_f1_05": 0.4,
  "valid_buy_q90_threshold": 0.711505115032196,
  "valid_buy_q95_threshold": 0.785065770149231,
  "test_buy_auc": 0.5271199388846448,
  "test_buy_positive_rate": 0.21710526315789475,
  "test_buy_prob_mean": 0.5910681486129761,
  "test_buy_prob_std": 0.10909459739923477,
  "test_buy_prob_min": 0.36432766914367676,
  "test_buy_prob_max": 0.7967206239700317,
  "test_buy_acc_05": 0.3355263157894737,
  "test_buy_precision_05": 0.20175438596491227,
  "test_buy_recall_05": 0.696969696969697,
  "test_buy_f1_05": 0.3129251700680272,
  "test_buy_q90_threshold": 0.7385336756706238,
  "test_buy_q95_threshold": 0.7632784843444824,
  "valid_sell_auc": 0.45285359801488834,
  "valid_sell_positive_rate": 0.3229166666666667,
  "valid_sell_prob_mean": 0.38667532801628113,
  "valid_sell_prob_std": 0.03349251672625542,
  "valid_sell_prob_min": 0.32239776849746704,
  "valid_sell_prob_max": 0.4826793074607849,
  "valid_sell_acc_05": 0.6770833333333334,
  "valid_sell_precision_05": 0.0,
  "valid_sell_recall_05": 0.0,
  "valid_sell_f1_05": 0.0,
  "valid_sell_q90_threshold": 0.4310833513736725,
  "valid_sell_q95_threshold": 0.45131948590278625,
  "test_sell_auc": 0.43827483848437226,
  "test_sell_positive_rate": 0.45394736842105265,
  "test_sell_prob_mean": 0.3788326680660248,
  "test_sell_prob_std": 0.025645941495895386,
  "test_sell_prob_min": 0.3441286087036133,
  "test_sell_prob_max": 0.46157294511795044,
  "test_sell_acc_05": 0.5460526315789473,
  "test_sell_precision_05": 0.0,
  "test_sell_recall_05": 0.0,
  "test_sell_f1_05": 0.0,
  "test_sell_q90_threshold": 0.4128611981868744,
  "test_sell_q95_threshold": 0.4241511821746826
}