{
  "model": "LSTM",
  "target_col_buy": "buy_label",
  "target_col_sell": "sell_label",
  "feature_count": 194,
  "lookback": 32,
  "params": {
    "hidden_dim": 256,
    "num_layers": 2,
    "dropout": 0.3,
    "output_dim": 1
  },
  "buy_fit": {
    "best_score": 0.5593170444509862,
    "best_valid_auc": 0.5593170444509862,
    "epochs_ran": 11,
    "pos_rate": 0.27714646464646464,
    "pos_weight": 2.6082004555808656,
    "device": "cpu"
  },
  "sell_fit": {
    "best_score": 0.5828450006249679,
    "best_valid_auc": 0.5828450006249679,
    "epochs_ran": 20,
    "pos_rate": 0.32228535353535354,
    "pos_weight": 2.1028403525954946,
    "device": "cpu"
  },
  "valid_buy_auc": 0.5593170444509862,
  "valid_buy_positive_rate": 0.2799479166666667,
  "valid_buy_prob_mean": 0.4842550754547119,
  "valid_buy_prob_std": 0.07558039575815201,
  "valid_buy_prob_min": 0.3265555799007416,
  "valid_buy_prob_max": 0.707480788230896,
  "valid_buy_acc_05": 0.6015625,
  "valid_buy_precision_05": 0.3333333333333333,
  "valid_buy_recall_05": 0.4232558139534884,
  "valid_buy_f1_05": 0.3729508196721312,
  "valid_buy_q90_threshold": 0.5907857418060303,
  "valid_buy_q95_threshold": 0.634595513343811,
  "test_buy_auc": 0.5327200704225352,
  "test_buy_positive_rate": 0.2604166666666667,
  "test_buy_prob_mean": 0.48434212803840637,
  "test_buy_prob_std": 0.06233672425150871,
  "test_buy_prob_min": 0.3351685702800751,
  "test_buy_prob_max": 0.6502842307090759,
  "test_buy_acc_05": 0.5768229166666666,
  "test_buy_precision_05": 0.2909698996655518,
  "test_buy_recall_05": 0.435,
  "test_buy_f1_05": 0.3486973947895792,
  "test_buy_q90_threshold": 0.567950963973999,
  "test_buy_q95_threshold": 0.589525580406189,
  "valid_sell_auc": 0.5828450006249679,
  "valid_sell_positive_rate": 0.3606770833333333,
  "valid_sell_prob_mean": 0.5133933424949646,
  "valid_sell_prob_std": 0.2459002137184143,
  "valid_sell_prob_min": 0.0395534485578537,
  "valid_sell_prob_max": 0.9831578731536865,
  "valid_sell_acc_05": 0.5338541666666666,
  "valid_sell_precision_05": 0.39900249376558605,
  "valid_sell_recall_05": 0.5776173285198556,
  "valid_sell_f1_05": 0.471976401179941,
  "valid_sell_q90_threshold": 0.8463670611381531,
  "valid_sell_q95_threshold": 0.8987929821014404,
  "test_sell_auc": 0.5293865885152191,
  "test_sell_positive_rate": 0.3723958333333333,
  "test_sell_prob_mean": 0.5143337845802307,
  "test_sell_prob_std": 0.23586471378803253,
  "test_sell_prob_min": 0.025844480842351913,
  "test_sell_prob_max": 0.9760993123054504,
  "test_sell_acc_05": 0.5338541666666666,
  "test_sell_precision_05": 0.4086294416243655,
  "test_sell_recall_05": 0.5629370629370629,
  "test_sell_f1_05": 0.47352941176470587,
  "test_sell_q90_threshold": 0.8357880711555481,
  "test_sell_q95_threshold": 0.8991812467575073
}