{
  "total_return": 0.08342804231847722,
  "annualized_return": 2.224776943973567,
  "max_drawdown": -0.04368245123206371,
  "sharpe": 4.400648606906992,
  "sortino": 7.485798548565469,
  "calmar": 50.93067996927197,
  "trade_count": 2,
  "win_rate": 0.5,
  "avg_net_return_per_trade": -0.0023225087495081756,
  "median_net_return_per_trade": -0.0023225087495081756,
  "backtest_mode": "a_share_inventory_t0",
  "trade_direction_mode": "sell_only",
  "buy_threshold": 0.5834246009588241,
  "sell_threshold": 0.8718553733825684,
  "initial_capital": 1000000.0,
  "final_equity": 1081457.2867095,
  "final_benchmark_equity": 1082604.0,
  "final_alpha_equity": 998853.2867095,
  "alpha_total_return": -0.0011467132904999788,
  "alpha_sharpe": -1.762458571984992,
  "alpha_sortino": -0.27778603793762263,
  "alpha_calmar": -6.902508675801038,
  "alpha_max_drawdown": -0.0024086409704999756,
  "base_shares": 10700,
  "ending_shares": 10700,
  "base_position_pct": 0.6,
  "max_t0_trade_pct": 0.3,
  "max_participation_rate": 0.05,
  "commission_rate": 0.001,
  "slippage_rate": 0.0005,
  "tp": 0.003,
  "sl": 0.002,
  "stop_loss_cooldown_bars": 6,
  "daily_max_trades": 0,
  "daily_max_losses": 2,
  "daily_loss_limit": 0.0,
  "no_overnight": true
}