model_label,epoch,train_loss,valid_loss,valid_auc,valid_prob_mean,valid_prob_max
Transformer_LSTM_buy,1,1.1336316707971934,0.9746851921081543,0.48280291137433995,0.4334139823913574,0.566131591796875
Transformer_LSTM_buy,2,0.9376740391189987,0.9759709239006042,0.5014985014985015,0.5004818439483643,0.6522026062011719
Transformer_LSTM_buy,3,0.8713118095655699,1.0110026597976685,0.5080633652062223,0.5345327854156494,0.7162739038467407
