model_label,epoch,train_loss,valid_loss,valid_auc,valid_prob_mean,valid_prob_max
Transformer_LSTM_sell,1,1.0176031122336517,1.0042680501937866,0.4648148148148148,0.43544793128967285,0.6250451803207397
Transformer_LSTM_sell,2,0.8715580492406279,1.0024076700210571,0.48078703703703707,0.46090325713157654,0.7047280073165894
Transformer_LSTM_sell,3,0.835977507604135,0.9754663109779358,0.5337962962962963,0.4558098614215851,0.7110852003097534
