{
  "model": "Transformer_LSTM",
  "target_col_buy": "buy_label",
  "target_col_sell": "sell_label",
  "feature_count": 194,
  "lookback": 8,
  "params": {
    "d_model": 128,
    "nhead": 4,
    "transformer_layers": 2,
    "transformer_dropout": 0.2,
    "lstm_hidden_dim": 128,
    "lstm_num_layers": 1,
    "output_dim": 1
  },
  "buy_fit": {
    "best_score": 0.5080633652062223,
    "best_valid_auc": 0.5080633652062223,
    "epochs_ran": 3,
    "pos_rate": 0.28209459459459457,
    "pos_weight": 2.544910179640719,
    "device": "cpu"
  },
  "sell_fit": {
    "best_score": 0.5337962962962963,
    "best_valid_auc": 0.5337962962962963,
    "epochs_ran": 3,
    "pos_rate": 0.33952702702702703,
    "pos_weight": 1.9452736318407962,
    "device": "cpu"
  },
  "valid_buy_auc": 0.5080633652062223,
  "valid_buy_positive_rate": 0.2552083333333333,
  "valid_buy_prob_mean": 0.5345327854156494,
  "valid_buy_prob_std": 0.1196853294968605,
  "valid_buy_prob_min": 0.24092750251293182,
  "valid_buy_prob_max": 0.7162739038467407,
  "valid_buy_acc_05": 0.453125,
  "valid_buy_precision_05": 0.27049180327868855,
  "valid_buy_recall_05": 0.673469387755102,
  "valid_buy_f1_05": 0.38596491228070173,
  "valid_buy_q90_threshold": 0.6841801404953003,
  "valid_buy_q95_threshold": 0.6939998865127563,
  "test_buy_auc": 0.49081007488087136,
  "test_buy_positive_rate": 0.2565789473684211,
  "test_buy_prob_mean": 0.4968763589859009,
  "test_buy_prob_std": 0.10974126309156418,
  "test_buy_prob_min": 0.21673144400119781,
  "test_buy_prob_max": 0.6950739026069641,
  "test_buy_acc_05": 0.4868421052631579,
  "test_buy_precision_05": 0.25316455696202533,
  "test_buy_recall_05": 0.5128205128205128,
  "test_buy_f1_05": 0.3389830508474576,
  "test_buy_q90_threshold": 0.6288493871688843,
  "test_buy_q95_threshold": 0.6544018983840942,
  "valid_sell_auc": 0.5337962962962963,
  "valid_sell_positive_rate": 0.375,
  "valid_sell_prob_mean": 0.4558098614215851,
  "valid_sell_prob_std": 0.11523004621267319,
  "valid_sell_prob_min": 0.18822726607322693,
  "valid_sell_prob_max": 0.7110852003097534,
  "valid_sell_acc_05": 0.5625,
  "valid_sell_precision_05": 0.4142857142857143,
  "valid_sell_recall_05": 0.4027777777777778,
  "valid_sell_f1_05": 0.4084507042253521,
  "valid_sell_q90_threshold": 0.6114581823348999,
  "valid_sell_q95_threshold": 0.649968683719635,
  "test_sell_auc": 0.5227963525835867,
  "test_sell_positive_rate": 0.3092105263157895,
  "test_sell_prob_mean": 0.464590460062027,
  "test_sell_prob_std": 0.13573798537254333,
  "test_sell_prob_min": 0.25249341130256653,
  "test_sell_prob_max": 0.7769114375114441,
  "test_sell_acc_05": 0.5394736842105263,
  "test_sell_precision_05": 0.2982456140350877,
  "test_sell_recall_05": 0.3617021276595745,
  "test_sell_f1_05": 0.3269230769230769,
  "test_sell_q90_threshold": 0.639902651309967,
  "test_sell_q95_threshold": 0.7386883497238159
}