{
  "total_return": 0.07147800462218967,
  "annualized_return": 1.7263089799859834,
  "max_drawdown": -0.04837245590192141,
  "sharpe": 3.805030367852924,
  "sortino": 6.442952323092531,
  "calmar": 35.68785061246834,
  "trade_count": 17,
  "win_rate": 0.11764705882352941,
  "avg_net_return_per_trade": -0.004405489937583012,
  "median_net_return_per_trade": -0.005718775716338217,
  "backtest_mode": "a_share_inventory_t0",
  "trade_direction_mode": "sell_only",
  "buy_threshold": 0.6860697031021118,
  "sell_threshold": 0.9143876522779464,
  "initial_capital": 1000000.0,
  "final_equity": 1070796.54461125,
  "final_benchmark_equity": 1079076.0,
  "final_alpha_equity": 991720.54461125,
  "alpha_total_return": -0.008279455388749968,
  "alpha_sharpe": -10.02928653347074,
  "alpha_sortino": -4.849129412388156,
  "alpha_calmar": -13.741225098421198,
  "alpha_max_drawdown": -0.008279455388749968,
  "base_shares": 10600,
  "ending_shares": 10600,
  "base_position_pct": 0.6,
  "max_t0_trade_pct": 0.3,
  "max_participation_rate": 0.02,
  "commission_rate": 0.001,
  "slippage_rate": 0.00075,
  "tp": 0.003,
  "sl": 0.002,
  "stop_loss_cooldown_bars": 0,
  "daily_max_trades": 0,
  "daily_max_losses": 0,
  "daily_loss_limit": 0.0,
  "no_overnight": true
}