{
  "total_return": -0.05004633186307916,
  "annualized_return": -0.9760645423249036,
  "max_drawdown": -0.08800490666907057,
  "sharpe": -7.399715380282021,
  "sortino": -6.405127697408454,
  "calmar": -11.091024117498923,
  "trade_count": 6,
  "win_rate": 0.5,
  "avg_net_return_per_trade": -0.004884150785701201,
  "median_net_return_per_trade": -0.00303948307977708,
  "backtest_mode": "a_share_inventory_t0",
  "trade_direction_mode": "sell_only",
  "buy_threshold": 0.3606427501078635,
  "sell_threshold": 0.5555824076022093,
  "initial_capital": 1000000.0,
  "final_equity": 950489.44200575,
  "final_benchmark_equity": 952718.0,
  "final_alpha_equity": 997771.44200575,
  "alpha_total_return": -0.0022285579942499245,
  "alpha_sharpe": -6.102429895918336,
  "alpha_sortino": -2.947481307832989,
  "alpha_calmar": -32.28983374909117,
  "alpha_max_drawdown": -0.00463674927275004,
  "base_shares": 9400,
  "ending_shares": 9400,
  "base_position_pct": 0.6,
  "max_t0_trade_pct": 0.3,
  "max_participation_rate": 0.05,
  "commission_rate": 0.001,
  "slippage_rate": 0.00075,
  "tp": 0.003,
  "sl": 0.002,
  "no_overnight": true
}