{
  "scenario_count": 12,
  "all_alpha_positive": false,
  "min_alpha_total_return": -0.006320628190999766,
  "worst_alpha_max_drawdown": -0.006320628190999766,
  "min_trade_count": 7
}