{
  "total_return": -0.057832663308766685,
  "annualized_return": -0.6271954406879294,
  "max_drawdown": -0.08217118606286755,
  "sharpe": -2.935276482182861,
  "sortino": -2.79061911039835,
  "calmar": -7.632790406701378,
  "trade_count": 13,
  "win_rate": 0.23076923076923078,
  "avg_net_return_per_trade": -0.006186125734710862,
  "median_net_return_per_trade": -0.0073013447193452895,
  "backtest_mode": "a_share_inventory_t0",
  "trade_direction_mode": "sell_only",
  "buy_threshold": 0.7311467230319973,
  "sell_threshold": 0.8743394166231154,
  "initial_capital": 1000000.0,
  "final_equity": 941798.0070952503,
  "final_benchmark_equity": 953450.0,
  "final_alpha_equity": 988348.0070952503,
  "alpha_total_return": -0.01165199290474972,
  "alpha_sharpe": -12.541167851739859,
  "alpha_sortino": -3.594123760553969,
  "alpha_calmar": -15.0612112392232,
  "alpha_max_drawdown": -0.0117152430359998,
  "base_shares": 9800,
  "ending_shares": 9800,
  "base_position_pct": 0.6,
  "max_t0_trade_pct": 0.3,
  "max_participation_rate": 0.02,
  "commission_rate": 0.0015,
  "slippage_rate": 0.0005,
  "tp": 0.004,
  "sl": 0.002,
  "stop_loss_cooldown_bars": 0,
  "daily_max_trades": 0,
  "daily_max_losses": 0,
  "daily_loss_limit": 0.0,
  "no_overnight": true
}