{
  "total_return": 0.07996741744107538,
  "annualized_return": 2.0774956388827266,
  "max_drawdown": -0.04456799249364363,
  "sharpe": 4.211469162244658,
  "sortino": 7.156269693895583,
  "calmar": 46.61407262575318,
  "trade_count": 4,
  "win_rate": 0.0,
  "avg_net_return_per_trade": -0.007368483526236532,
  "median_net_return_per_trade": -0.006703491321014273,
  "backtest_mode": "a_share_inventory_t0",
  "trade_direction_mode": "sell_only",
  "buy_threshold": 0.5834246009588241,
  "sell_threshold": 0.8427620708942413,
  "initial_capital": 1000000.0,
  "final_equity": 1078002.95670875,
  "final_benchmark_equity": 1082604.0,
  "final_alpha_equity": 995398.95670875,
  "alpha_total_return": -0.0046010432912499954,
  "alpha_sharpe": -8.439860597977473,
  "alpha_sortino": -1.3095187603146983,
  "alpha_calmar": -13.890600477998213,
  "alpha_max_drawdown": -0.004691334555917637,
  "base_shares": 10700,
  "ending_shares": 10700,
  "base_position_pct": 0.6,
  "max_t0_trade_pct": 0.3,
  "max_participation_rate": 0.05,
  "commission_rate": 0.001,
  "slippage_rate": 0.00075,
  "tp": 0.003,
  "sl": 0.002,
  "stop_loss_cooldown_bars": 6,
  "daily_max_trades": 0,
  "daily_max_losses": 2,
  "daily_loss_limit": 0.0,
  "no_overnight": true
}