{
  "total_return": -0.04698236384325116,
  "annualized_return": -0.9970078158351235,
  "max_drawdown": -0.06237646888752113,
  "sharpe": -12.093697720799316,
  "sortino": -13.74152471830275,
  "calmar": -15.983716834515816,
  "trade_count": 7,
  "win_rate": 0.2857142857142857,
  "avg_net_return_per_trade": -0.004766295494894963,
  "median_net_return_per_trade": -0.005787153992344638,
  "backtest_mode": "a_share_inventory_t0",
  "trade_direction_mode": "sell_only",
  "buy_threshold": 0.6261110728865316,
  "sell_threshold": 0.5152213643136812,
  "initial_capital": 1000000.0,
  "final_equity": 952697.4222310001,
  "final_benchmark_equity": 957328.0,
  "final_alpha_equity": 995369.4222310001,
  "alpha_total_return": -0.004630577768999888,
  "alpha_sharpe": -21.956184668043235,
  "alpha_sortino": -12.132316756346938,
  "alpha_calmar": -82.43633511624715,
  "alpha_max_drawdown": -0.005205225854727269,
  "base_shares": 8400,
  "ending_shares": 8400,
  "base_position_pct": 0.6,
  "max_t0_trade_pct": 0.3,
  "max_participation_rate": 0.05,
  "commission_rate": 0.001,
  "slippage_rate": 0.0005,
  "tp": 0.003,
  "sl": 0.002,
  "no_overnight": true
}