{
  "total_return": 0.07144058568415534,
  "annualized_return": 1.7279490780197433,
  "max_drawdown": -0.050838209058397865,
  "sharpe": 3.779706403737193,
  "sortino": 6.413663661503094,
  "calmar": 33.98918077611364,
  "trade_count": 9,
  "win_rate": 0.2222222222222222,
  "avg_net_return_per_trade": -0.006602562146979725,
  "median_net_return_per_trade": -0.008366923077142149,
  "backtest_mode": "a_share_inventory_t0",
  "trade_direction_mode": "sell_only",
  "buy_threshold": 0.6505905956029889,
  "sell_threshold": 0.6063152921199798,
  "initial_capital": 1000000.0,
  "final_equity": 1069850.567855,
  "final_benchmark_equity": 1079288.0,
  "final_alpha_equity": 990562.567855,
  "alpha_total_return": -0.009437432144999924,
  "alpha_sharpe": -8.140868085403618,
  "alpha_sortino": -1.7759683596452829,
  "alpha_calmar": -13.649613720642757,
  "alpha_max_drawdown": -0.009437432144999924,
  "base_shares": 10600,
  "ending_shares": 10600,
  "base_position_pct": 0.6,
  "max_t0_trade_pct": 0.3,
  "max_participation_rate": 0.05,
  "commission_rate": 0.001,
  "slippage_rate": 0.0005,
  "tp": 0.003,
  "sl": 0.002,
  "stop_loss_cooldown_bars": 0,
  "daily_max_trades": 0,
  "daily_max_losses": 0,
  "daily_loss_limit": 0.0,
  "no_overnight": true
}