{
  "total_return": -0.04391523185141777,
  "annualized_return": -0.5382747266984926,
  "max_drawdown": -0.07887289999469016,
  "sharpe": -2.054619050501164,
  "sortino": -1.9498605497743187,
  "calmar": -6.824583941185503,
  "trade_count": 5,
  "win_rate": 0.6,
  "avg_net_return_per_trade": -0.001767334813827056,
  "median_net_return_per_trade": 0.0003149501959676701,
  "backtest_mode": "a_share_inventory_t0",
  "trade_direction_mode": "sell_only",
  "buy_threshold": 0.7473482042551041,
  "sell_threshold": 0.9047144800424576,
  "initial_capital": 1000000.0,
  "final_equity": 958451.07794975,
  "final_benchmark_equity": 957628.0,
  "final_alpha_equity": 1000823.07794975,
  "alpha_total_return": 0.0008230779497500063,
  "alpha_sharpe": 1.0867252514419417,
  "alpha_sortino": 0.5861724398906649,
  "alpha_calmar": 9.9422104460007,
  "alpha_max_drawdown": -0.0014341202957499632,
  "base_shares": 9900,
  "ending_shares": 9900,
  "base_position_pct": 0.6,
  "max_t0_trade_pct": 0.3,
  "max_participation_rate": 0.02,
  "commission_rate": 0.001,
  "slippage_rate": 0.00075,
  "tp": 0.003,
  "sl": 0.002,
  "stop_loss_cooldown_bars": 0,
  "daily_max_trades": 0,
  "daily_max_losses": 0,
  "daily_loss_limit": 0.0,
  "no_overnight": true
}