{
  "model": "MLP",
  "target_col_buy": "buy_label",
  "target_col_sell": "sell_label",
  "feature_count": 194,
  "lookback": 32,
  "params": {
    "lookback": 32,
    "hidden_dim": 256,
    "dropout": 0.3,
    "output_dim": 1
  },
  "buy_fit": {
    "best_score": 0.5409154432090424,
    "best_valid_auc": 0.5409154432090424,
    "epochs_ran": 21,
    "pos_rate": 0.26536371237458195,
    "pos_weight": 2.7684127609294995,
    "device": "cpu"
  },
  "sell_fit": {
    "best_score": 0.5191117799632914,
    "best_valid_auc": 0.5191117799632914,
    "epochs_ran": 23,
    "pos_rate": 0.32410117056856186,
    "pos_weight": 2.0854563044179297,
    "device": "cpu"
  },
  "valid_buy_auc": 0.5409154432090424,
  "valid_buy_positive_rate": 0.24662162162162163,
  "valid_buy_prob_mean": 0.4699917733669281,
  "valid_buy_prob_std": 0.2574159502983093,
  "valid_buy_prob_min": 6.568752297653191e-08,
  "valid_buy_prob_max": 0.9996434450149536,
  "valid_buy_acc_05": 0.5481418918918919,
  "valid_buy_precision_05": 0.27624309392265195,
  "valid_buy_recall_05": 0.5136986301369864,
  "valid_buy_f1_05": 0.3592814371257485,
  "valid_buy_q90_threshold": 0.816238522529602,
  "valid_buy_q95_threshold": 0.8865365982055664,
  "test_buy_auc": 0.5539345330447154,
  "test_buy_positive_rate": 0.22001689189189189,
  "test_buy_prob_mean": 0.5626096129417419,
  "test_buy_prob_std": 0.2565648555755615,
  "test_buy_prob_min": 0.005104460753500462,
  "test_buy_prob_max": 0.9971137046813965,
  "test_buy_acc_05": 0.4809966216216216,
  "test_buy_precision_05": 0.24641833810888253,
  "test_buy_recall_05": 0.6602687140115163,
  "test_buy_f1_05": 0.3588941053729786,
  "test_buy_q90_threshold": 0.8968815207481384,
  "test_buy_q95_threshold": 0.9381107091903687,
  "valid_sell_auc": 0.5191117799632914,
  "valid_sell_positive_rate": 0.30658783783783783,
  "valid_sell_prob_mean": 0.4240979254245758,
  "valid_sell_prob_std": 0.2569584548473358,
  "valid_sell_prob_min": 0.0001495831529609859,
  "valid_sell_prob_max": 0.9999852180480957,
  "valid_sell_acc_05": 0.5717905405405406,
  "valid_sell_precision_05": 0.33138173302107726,
  "valid_sell_recall_05": 0.38980716253443526,
  "valid_sell_f1_05": 0.35822784810126584,
  "valid_sell_q90_threshold": 0.8158836364746094,
  "valid_sell_q95_threshold": 0.9042118787765503,
  "test_sell_auc": 0.48296177940302243,
  "test_sell_positive_rate": 0.32136824324324326,
  "test_sell_prob_mean": 0.3419511616230011,
  "test_sell_prob_std": 0.23619794845581055,
  "test_sell_prob_min": 0.0004208162135910243,
  "test_sell_prob_max": 0.9703277945518494,
  "test_sell_acc_05": 0.5853040540540541,
  "test_sell_precision_05": 0.32263242375601925,
  "test_sell_recall_05": 0.26412614980289095,
  "test_sell_f1_05": 0.2904624277456647,
  "test_sell_q90_threshold": 0.6883711218833923,
  "test_sell_q95_threshold": 0.7792859673500061
}