{
  "model": "LSTM",
  "target_col_buy": "buy_label",
  "target_col_sell": "sell_label",
  "feature_count": 194,
  "lookback": 8,
  "params": {
    "hidden_dim": 256,
    "num_layers": 2,
    "dropout": 0.3,
    "output_dim": 1
  },
  "buy_fit": {
    "best_score": 0.5089932037300459,
    "best_valid_auc": 0.5089932037300459,
    "epochs_ran": 11,
    "pos_rate": 0.2706766917293233,
    "pos_weight": 2.6944444444444446,
    "device": "cpu"
  },
  "sell_fit": {
    "best_score": 0.5400091449474166,
    "best_valid_auc": 0.5400091449474166,
    "epochs_ran": 18,
    "pos_rate": 0.3405388471177945,
    "pos_weight": 1.9365225390984362,
    "device": "cpu"
  },
  "valid_buy_auc": 0.5089932037300459,
  "valid_buy_positive_rate": 0.2803030303030303,
  "valid_buy_prob_mean": 0.5160308480262756,
  "valid_buy_prob_std": 0.11127998679876328,
  "valid_buy_prob_min": 0.30708399415016174,
  "valid_buy_prob_max": 0.8734075427055359,
  "valid_buy_acc_05": 0.4823232323232323,
  "valid_buy_precision_05": 0.265,
  "valid_buy_recall_05": 0.4774774774774775,
  "valid_buy_f1_05": 0.3408360128617363,
  "valid_buy_q90_threshold": 0.6683410406112671,
  "valid_buy_q95_threshold": 0.7211706042289734,
  "test_buy_auc": 0.5296693888303478,
  "test_buy_positive_rate": 0.26262626262626265,
  "test_buy_prob_mean": 0.4958832561969757,
  "test_buy_prob_std": 0.10409334301948547,
  "test_buy_prob_min": 0.27132514119148254,
  "test_buy_prob_max": 0.790386974811554,
  "test_buy_acc_05": 0.5492424242424242,
  "test_buy_precision_05": 0.27492447129909364,
  "test_buy_recall_05": 0.4375,
  "test_buy_f1_05": 0.33766233766233766,
  "test_buy_q90_threshold": 0.6473216414451599,
  "test_buy_q95_threshold": 0.699865996837616,
  "valid_sell_auc": 0.5400091449474166,
  "valid_sell_positive_rate": 0.3068181818181818,
  "valid_sell_prob_mean": 0.4486222565174103,
  "valid_sell_prob_std": 0.21188059449195862,
  "valid_sell_prob_min": 0.056752968579530716,
  "valid_sell_prob_max": 0.898242175579071,
  "valid_sell_acc_05": 0.5542929292929293,
  "valid_sell_precision_05": 0.3190789473684211,
  "valid_sell_recall_05": 0.3991769547325103,
  "valid_sell_f1_05": 0.3546617915904936,
  "valid_sell_q90_threshold": 0.7499331831932068,
  "valid_sell_q95_threshold": 0.8075392246246338,
  "test_sell_auc": 0.5069074336429122,
  "test_sell_positive_rate": 0.3068181818181818,
  "test_sell_prob_mean": 0.4290083050727844,
  "test_sell_prob_std": 0.2221350520849228,
  "test_sell_prob_min": 0.029933681711554527,
  "test_sell_prob_max": 0.9684002995491028,
  "test_sell_acc_05": 0.5416666666666666,
  "test_sell_precision_05": 0.2916666666666667,
  "test_sell_recall_05": 0.345679012345679,
  "test_sell_f1_05": 0.3163841807909605,
  "test_sell_q90_threshold": 0.765837550163269,
  "test_sell_q95_threshold": 0.8147006630897522
}