{
  "total_return": -0.05359232064869446,
  "annualized_return": -0.5984101851421297,
  "max_drawdown": -0.08097208747600004,
  "sharpe": -2.6962780706562275,
  "sortino": -2.5615887383891485,
  "calmar": -7.390326763151528,
  "trade_count": 12,
  "win_rate": 0.3333333333333333,
  "avg_net_return_per_trade": -0.003982799818186007,
  "median_net_return_per_trade": -0.005985401956771715,
  "backtest_mode": "a_share_inventory_t0",
  "trade_direction_mode": "sell_only",
  "buy_threshold": 0.7226963907480239,
  "sell_threshold": 0.9022319376468658,
  "initial_capital": 1000000.0,
  "final_equity": 946036.6875409998,
  "final_benchmark_equity": 953450.0,
  "final_alpha_equity": 992586.6875409998,
  "alpha_total_return": -0.007413312459000121,
  "alpha_sharpe": -8.22969026644833,
  "alpha_sortino": -3.277215010319467,
  "alpha_calmar": -13.879738164101898,
  "alpha_max_drawdown": -0.008354087476000083,
  "base_shares": 9800,
  "ending_shares": 9800,
  "base_position_pct": 0.6,
  "max_t0_trade_pct": 0.3,
  "max_participation_rate": 0.05,
  "commission_rate": 0.001,
  "slippage_rate": 0.00075,
  "tp": 0.003,
  "sl": 0.002,
  "stop_loss_cooldown_bars": 0,
  "daily_max_trades": 0,
  "daily_max_losses": 0,
  "daily_loss_limit": 0.0,
  "no_overnight": true
}