{
  "total_return": -0.09451102633938557,
  "annualized_return": -0.8072685677484558,
  "max_drawdown": -0.11453125228401506,
  "sharpe": -6.143895437994935,
  "sortino": -9.792703065730187,
  "calmar": -7.048456658332766,
  "trade_count": 12,
  "win_rate": 0.4166666666666667,
  "avg_net_return_per_trade": -0.00421318081129924,
  "median_net_return_per_trade": -0.00608063567104283,
  "backtest_mode": "a_share_inventory_t0",
  "trade_direction_mode": "sell_only",
  "buy_threshold": 0.6520390957593918,
  "sell_threshold": 0.933201789855957,
  "initial_capital": 1000000.0,
  "final_equity": 909876.0677380001,
  "final_benchmark_equity": 913740.0,
  "final_alpha_equity": 996136.0677380001,
  "alpha_total_return": -0.0038639322619998806,
  "alpha_sharpe": -4.517130468006546,
  "alpha_sortino": -1.9887241379552887,
  "alpha_calmar": -11.223888053443545,
  "alpha_max_drawdown": -0.005540482363413868,
  "base_shares": 9500,
  "ending_shares": 9500,
  "base_position_pct": 0.6,
  "max_t0_trade_pct": 0.3,
  "max_participation_rate": 0.05,
  "commission_rate": 0.001,
  "slippage_rate": 0.001,
  "tp": 0.004,
  "sl": 0.003,
  "stop_loss_cooldown_bars": 0,
  "daily_max_trades": 0,
  "daily_max_losses": 0,
  "daily_loss_limit": 0.0,
  "no_overnight": true
}