{
  "total_return": -0.04934180456552373,
  "annualized_return": -0.9747391451636191,
  "max_drawdown": -0.05233048058899392,
  "sharpe": -10.84852499478349,
  "sortino": -8.98380577717631,
  "calmar": -18.626604116619273,
  "trade_count": 7,
  "win_rate": 0.5714285714285714,
  "avg_net_return_per_trade": -0.0032025646435551373,
  "median_net_return_per_trade": 0.0007689985556148552,
  "backtest_mode": "a_share_inventory_t0",
  "trade_direction_mode": "sell_only",
  "buy_threshold": 0.40356216017206964,
  "sell_threshold": 0.5423473012447357,
  "initial_capital": 1000000.0,
  "final_equity": 953401.7949865002,
  "final_benchmark_equity": 955045.0,
  "final_alpha_equity": 998356.7949865002,
  "alpha_total_return": -0.0016432050134997933,
  "alpha_sharpe": -5.853668010009637,
  "alpha_sortino": -3.7155364176823498,
  "alpha_calmar": -38.0481186930487,
  "alpha_max_drawdown": -0.002961608606634858,
  "base_shares": 11100,
  "ending_shares": 11100,
  "base_position_pct": 0.6,
  "max_t0_trade_pct": 0.3,
  "max_participation_rate": 0.05,
  "commission_rate": 0.001,
  "slippage_rate": 0.0005,
  "tp": 0.003,
  "sl": 0.002,
  "no_overnight": true
}