{
  "total_return": 0.07960303437828409,
  "annualized_return": 2.0623579879626215,
  "max_drawdown": -0.04479067639799905,
  "sharpe": 4.191970888550162,
  "sortino": 7.124094650123764,
  "calmar": 46.04435909020463,
  "trade_count": 4,
  "win_rate": 0.0,
  "avg_net_return_per_trade": -0.007370293033554933,
  "median_net_return_per_trade": -0.006704968248960493,
  "backtest_mode": "a_share_inventory_t0",
  "trade_direction_mode": "sell_only",
  "buy_threshold": 0.5834246009588241,
  "sell_threshold": 0.8427620708942413,
  "initial_capital": 1000000.0,
  "final_equity": 1077639.23645875,
  "final_benchmark_equity": 1082604.0,
  "final_alpha_equity": 995035.23645875,
  "alpha_total_return": -0.0049647635412499724,
  "alpha_sharpe": -8.635978068313236,
  "alpha_sortino": -1.5093211247835048,
  "alpha_calmar": -13.97851855478203,
  "alpha_max_drawdown": -0.005018012587020948,
  "base_shares": 10700,
  "ending_shares": 10700,
  "base_position_pct": 0.6,
  "max_t0_trade_pct": 0.3,
  "max_participation_rate": 0.05,
  "commission_rate": 0.0015,
  "slippage_rate": 0.0005,
  "tp": 0.003,
  "sl": 0.002,
  "stop_loss_cooldown_bars": 6,
  "daily_max_trades": 0,
  "daily_max_losses": 2,
  "daily_loss_limit": 0.0,
  "no_overnight": true
}