{
  "total_return": 0.06848519070228698,
  "annualized_return": 1.617749118583431,
  "max_drawdown": -0.05061788022787961,
  "sharpe": 3.6443153470048695,
  "sortino": 6.181043297387207,
  "calmar": 31.960032923156625,
  "trade_count": 17,
  "win_rate": 0.11764705882352941,
  "avg_net_return_per_trade": -0.005812240458342979,
  "median_net_return_per_trade": -0.006717542010980956,
  "backtest_mode": "a_share_inventory_t0",
  "trade_direction_mode": "sell_only",
  "buy_threshold": 0.6860697031021118,
  "sell_threshold": 0.9143876522779464,
  "initial_capital": 1000000.0,
  "final_equity": 1067805.6341210003,
  "final_benchmark_equity": 1079076.0,
  "final_alpha_equity": 988729.6341210003,
  "alpha_total_return": -0.011270365878999655,
  "alpha_sharpe": -14.055675126415572,
  "alpha_sortino": -6.010124085038316,
  "alpha_calmar": -13.470343691882077,
  "alpha_max_drawdown": -0.011270365878999655,
  "base_shares": 10600,
  "ending_shares": 10600,
  "base_position_pct": 0.6,
  "max_t0_trade_pct": 0.3,
  "max_participation_rate": 0.02,
  "commission_rate": 0.001,
  "slippage_rate": 0.001,
  "tp": 0.003,
  "sl": 0.002,
  "stop_loss_cooldown_bars": 0,
  "daily_max_trades": 0,
  "daily_max_losses": 0,
  "daily_loss_limit": 0.0,
  "no_overnight": true
}