{
  "total_return": 0.07524793630549365,
  "annualized_return": 1.8833262484214512,
  "max_drawdown": -0.045086487049509016,
  "sharpe": 4.049475907786055,
  "sortino": 6.889251077517813,
  "calmar": 41.77141249335726,
  "trade_count": 3,
  "win_rate": 0.3333333333333333,
  "avg_net_return_per_trade": -0.004677920847153199,
  "median_net_return_per_trade": -0.006706329638648698,
  "backtest_mode": "a_share_inventory_t0",
  "trade_direction_mode": "sell_only",
  "buy_threshold": 0.9164306968450546,
  "sell_threshold": 0.9169033765792847,
  "initial_capital": 1000000.0,
  "final_equity": 1074792.0311805,
  "final_benchmark_equity": 1078122.0,
  "final_alpha_equity": 996670.0311805,
  "alpha_total_return": -0.0033299688194999844,
  "alpha_sharpe": -4.912493357641227,
  "alpha_sortino": -1.3190613675542626,
  "alpha_calmar": -11.837745194712651,
  "alpha_max_drawdown": -0.00401415936748184,
  "base_shares": 10600,
  "ending_shares": 10600,
  "base_position_pct": 0.6,
  "max_t0_trade_pct": 0.3,
  "max_participation_rate": 0.05,
  "commission_rate": 0.001,
  "slippage_rate": 0.0005,
  "tp": 0.004,
  "sl": 0.003,
  "stop_loss_cooldown_bars": 0,
  "daily_max_trades": 0,
  "daily_max_losses": 0,
  "daily_loss_limit": 0.0,
  "no_overnight": true
}