{
  "total_return": -0.09205797173818375,
  "annualized_return": -0.7864041903181547,
  "max_drawdown": -0.11379580318579663,
  "sharpe": -6.159728845897471,
  "sortino": -9.681670057079515,
  "calmar": -6.910660747603997,
  "trade_count": 10,
  "win_rate": 0.2,
  "avg_net_return_per_trade": -0.0047743413501762115,
  "median_net_return_per_trade": -0.006405956192641279,
  "backtest_mode": "a_share_inventory_t0",
  "trade_direction_mode": "sell_only",
  "buy_threshold": 0.6214971184730529,
  "sell_threshold": 0.9382578879594803,
  "initial_capital": 1000000.0,
  "final_equity": 907088.5627552501,
  "final_benchmark_equity": 911922.0,
  "final_alpha_equity": 995166.5627552501,
  "alpha_total_return": -0.0048334372447498275,
  "alpha_sharpe": -8.869510501939413,
  "alpha_sortino": -3.1143877299561975,
  "alpha_calmar": -12.632656249854115,
  "alpha_max_drawdown": -0.005899229263260142,
  "base_shares": 9400,
  "ending_shares": 9400,
  "base_position_pct": 0.6,
  "max_t0_trade_pct": 0.3,
  "max_participation_rate": 0.05,
  "commission_rate": 0.0015,
  "slippage_rate": 0.0005,
  "tp": 0.003,
  "sl": 0.002,
  "stop_loss_cooldown_bars": 6,
  "daily_max_trades": 0,
  "daily_max_losses": 2,
  "daily_loss_limit": 0.0,
  "no_overnight": true
}