{
  "total_return": 0.07195786284484629,
  "annualized_return": 1.7571993747190628,
  "max_drawdown": -0.04845448371359451,
  "sharpe": 3.883638722522291,
  "sortino": 6.602372403560019,
  "calmar": 36.264948876672456,
  "trade_count": 3,
  "win_rate": 0.0,
  "avg_net_return_per_trade": -0.009872311753147138,
  "median_net_return_per_trade": -0.008998812500565997,
  "backtest_mode": "a_share_inventory_t0",
  "trade_direction_mode": "sell_only",
  "buy_threshold": 0.6164289712905884,
  "sell_threshold": 0.6089374423027039,
  "initial_capital": 1000000.0,
  "final_equity": 1071503.352711,
  "final_benchmark_equity": 1078122.0,
  "final_alpha_equity": 993381.352711,
  "alpha_total_return": -0.006618647288999968,
  "alpha_sharpe": -6.534587193844427,
  "alpha_sortino": -0.890913139967545,
  "alpha_calmar": -13.957005349106485,
  "alpha_max_drawdown": -0.006618647288999968,
  "base_shares": 10600,
  "ending_shares": 10600,
  "base_position_pct": 0.6,
  "max_t0_trade_pct": 0.3,
  "max_participation_rate": 0.05,
  "commission_rate": 0.001,
  "slippage_rate": 0.0005,
  "tp": 0.003,
  "sl": 0.002,
  "stop_loss_cooldown_bars": 6,
  "daily_max_trades": 0,
  "daily_max_losses": 2,
  "daily_loss_limit": 0.0,
  "no_overnight": true
}