{
  "total_return": 0.015192738548079898,
  "annualized_return": 1.9926365088702234,
  "max_drawdown": -0.02424699208350356,
  "sharpe": 4.030363350867062,
  "sortino": 8.211473121639042,
  "calmar": 82.18077120691244,
  "trade_count": 7,
  "win_rate": 0.42857142857142855,
  "avg_net_return_per_trade": -0.0014147467547138187,
  "median_net_return_per_trade": -0.0012157997977674225,
  "backtest_mode": "a_share_inventory_t0",
  "trade_direction_mode": "sell_only",
  "buy_threshold": 0.7054184544772757,
  "sell_threshold": 0.6182188502021982,
  "initial_capital": 1000000.0,
  "final_equity": 1012451.7181540001,
  "final_benchmark_equity": 1014040.0,
  "final_alpha_equity": 998411.7181540001,
  "alpha_total_return": -0.001588281845999906,
  "alpha_sharpe": -5.765214642438205,
  "alpha_sortino": -4.026829528696899,
  "alpha_calmar": -43.87874923851443,
  "alpha_max_drawdown": -0.0024870349739998243,
  "base_shares": 10800,
  "ending_shares": 10800,
  "base_position_pct": 0.6,
  "max_t0_trade_pct": 0.3,
  "max_participation_rate": 0.05,
  "commission_rate": 0.001,
  "slippage_rate": 0.0005,
  "tp": 0.003,
  "sl": 0.002,
  "no_overnight": true
}