{
  "total_return": 0.0003615813467128248,
  "annualized_return": 0.026629378901294354,
  "max_drawdown": -0.015701927258856885,
  "sharpe": 0.6778649624217169,
  "sortino": 1.0906879713860835,
  "calmar": 1.6959305989825988,
  "trade_count": 7,
  "win_rate": 0.14285714285714285,
  "avg_net_return_per_trade": -0.005228791706928468,
  "median_net_return_per_trade": -0.006034124485618683,
  "backtest_mode": "a_share_inventory_t0",
  "trade_direction_mode": "sell_only",
  "buy_threshold": 0.5084829671873515,
  "sell_threshold": 0.5606093636683067,
  "initial_capital": 1000000.0,
  "final_equity": 1001391.9537755,
  "final_benchmark_equity": 1005665.0,
  "final_alpha_equity": 995726.9537755,
  "alpha_total_return": -0.004273046224500088,
  "alpha_sharpe": -23.886313328498435,
  "alpha_sortino": -13.33491208168501,
  "alpha_calmar": -57.59214216201544,
  "alpha_max_drawdown": -0.004644853343911959,
  "base_shares": 10300,
  "ending_shares": 10300,
  "base_position_pct": 0.6,
  "max_t0_trade_pct": 0.3,
  "max_participation_rate": 0.05,
  "commission_rate": 0.001,
  "slippage_rate": 0.0005,
  "tp": 0.003,
  "sl": 0.002,
  "no_overnight": true
}