model_label,epoch,train_loss,valid_loss,valid_auc,valid_prob_mean,valid_prob_max
MLP_buy,1,2.21207641588675,2.8668086528778076,0.5014361300075585,0.07707704603672028,0.5408672094345093
MLP_buy,2,1.6021092163549888,2.711005926132202,0.4917611489040061,0.15476123988628387,0.9428427815437317
MLP_buy,3,1.289307181899612,2.596914529800415,0.47830687830687835,0.2193622589111328,0.9797074794769287
