model_label,epoch,train_loss,valid_loss,valid_auc,valid_prob_mean,valid_prob_max
MLP_sell,1,1.050245697433884,1.0525550842285156,0.5678035153067164,0.35060644149780273,0.8691591024398804
MLP_sell,2,0.8705612501582584,1.0567095279693604,0.5703643347689442,0.38050055503845215,0.9425272941589355
MLP_sell,3,0.760163384514886,1.1172304153442383,0.5470841578395996,0.41962942481040955,0.9783546924591064
