{
  "model": "MLP",
  "target_col_buy": "buy_label",
  "target_col_sell": "sell_label",
  "feature_count": 194,
  "lookback": 8,
  "params": {
    "lookback": 8,
    "hidden_dim": 256,
    "dropout": 0.3,
    "output_dim": 1
  },
  "buy_fit": {
    "best_score": 0.5014361300075585,
    "best_valid_auc": 0.5014361300075585,
    "epochs_ran": 3,
    "pos_rate": 0.20777027027027026,
    "pos_weight": 3.813008130081301,
    "device": "cpu"
  },
  "sell_fit": {
    "best_score": 0.5703643347689442,
    "best_valid_auc": 0.5703643347689442,
    "epochs_ran": 3,
    "pos_rate": 0.36486486486486486,
    "pos_weight": 1.7407407407407407,
    "device": "cpu"
  },
  "valid_buy_auc": 0.5014361300075585,
  "valid_buy_positive_rate": 0.234375,
  "valid_buy_prob_mean": 0.07707704603672028,
  "valid_buy_prob_std": 0.0884338915348053,
  "valid_buy_prob_min": 3.7819507269887254e-05,
  "valid_buy_prob_max": 0.5408672094345093,
  "valid_buy_acc_05": 0.7552083333333334,
  "valid_buy_precision_05": 0.0,
  "valid_buy_recall_05": 0.0,
  "valid_buy_f1_05": 0.0,
  "valid_buy_q90_threshold": 0.16392724215984344,
  "valid_buy_q95_threshold": 0.2325846552848816,
  "test_buy_auc": 0.3868390129259695,
  "test_buy_positive_rate": 0.24342105263157895,
  "test_buy_prob_mean": 0.10523108392953873,
  "test_buy_prob_std": 0.08971214294433594,
  "test_buy_prob_min": 0.006734318099915981,
  "test_buy_prob_max": 0.5509794354438782,
  "test_buy_acc_05": 0.743421052631579,
  "test_buy_precision_05": 0.0,
  "test_buy_recall_05": 0.0,
  "test_buy_f1_05": 0.0,
  "test_buy_q90_threshold": 0.21296027302742004,
  "test_buy_q95_threshold": 0.2700520157814026,
  "valid_sell_auc": 0.5703643347689442,
  "valid_sell_positive_rate": 0.3697916666666667,
  "valid_sell_prob_mean": 0.38050055503845215,
  "valid_sell_prob_std": 0.21450330317020416,
  "valid_sell_prob_min": 0.004176078364253044,
  "valid_sell_prob_max": 0.9425272941589355,
  "valid_sell_acc_05": 0.625,
  "valid_sell_precision_05": 0.49019607843137253,
  "valid_sell_recall_05": 0.352112676056338,
  "valid_sell_f1_05": 0.4098360655737705,
  "valid_sell_q90_threshold": 0.7247081995010376,
  "valid_sell_q95_threshold": 0.7861787676811218,
  "test_sell_auc": 0.5028248587570621,
  "test_sell_positive_rate": 0.3881578947368421,
  "test_sell_prob_mean": 0.29901349544525146,
  "test_sell_prob_std": 0.16690225899219513,
  "test_sell_prob_min": 0.04884575679898262,
  "test_sell_prob_max": 0.9271022081375122,
  "test_sell_acc_05": 0.5921052631578947,
  "test_sell_precision_05": 0.4117647058823529,
  "test_sell_recall_05": 0.11864406779661017,
  "test_sell_f1_05": 0.18421052631578946,
  "test_sell_q90_threshold": 0.5112859606742859,
  "test_sell_q95_threshold": 0.6103097796440125
}