{
  "total_return": -0.09788866085743442,
  "annualized_return": -0.8192412119776438,
  "max_drawdown": -0.11549914196792099,
  "sharpe": -6.607528125508439,
  "sortino": -10.365435325686095,
  "calmar": -7.093050199500025,
  "trade_count": 15,
  "win_rate": 0.5333333333333333,
  "avg_net_return_per_trade": -0.0037048961575642477,
  "median_net_return_per_trade": 5.002592112479925e-05,
  "backtest_mode": "a_share_inventory_t0",
  "trade_direction_mode": "sell_only",
  "buy_threshold": 0.6396319121122359,
  "sell_threshold": 0.8707547342777252,
  "initial_capital": 1000000.0,
  "final_equity": 905672.8747095005,
  "final_benchmark_equity": 912204.0,
  "final_alpha_equity": 993468.8747095005,
  "alpha_total_return": -0.006531125290499484,
  "alpha_sharpe": -6.620703834518804,
  "alpha_sortino": -1.9758786252887859,
  "alpha_calmar": -12.875720702194233,
  "alpha_max_drawdown": -0.008006861046342961,
  "base_shares": 9400,
  "ending_shares": 9400,
  "base_position_pct": 0.6,
  "max_t0_trade_pct": 0.3,
  "max_participation_rate": 0.05,
  "commission_rate": 0.001,
  "slippage_rate": 0.0005,
  "tp": 0.003,
  "sl": 0.002,
  "stop_loss_cooldown_bars": 0,
  "daily_max_trades": 0,
  "daily_max_losses": 0,
  "daily_loss_limit": 0.0,
  "no_overnight": true
}