{
  "total_return": 0.08318687568637362,
  "annualized_return": 2.2143039819114163,
  "max_drawdown": -0.042270950798470874,
  "sharpe": 4.393902999945707,
  "sortino": 7.4652217646133865,
  "calmar": 52.38358589254911,
  "trade_count": 5,
  "win_rate": 0.6,
  "avg_net_return_per_trade": -0.0016196535176845133,
  "median_net_return_per_trade": 0.00039045227099865614,
  "backtest_mode": "a_share_inventory_t0",
  "trade_direction_mode": "sell_only",
  "buy_threshold": 0.6558482885360718,
  "sell_threshold": 0.6453472924232481,
  "initial_capital": 1000000.0,
  "final_equity": 1081216.5587595,
  "final_benchmark_equity": 1082604.0,
  "final_alpha_equity": 998612.5587595,
  "alpha_total_return": -0.0013874412404999426,
  "alpha_sharpe": -1.5985974675969552,
  "alpha_sortino": -0.36585435276504824,
  "alpha_calmar": -5.7523983762014455,
  "alpha_max_drawdown": -0.003491240197375789,
  "base_shares": 10700,
  "ending_shares": 10700,
  "base_position_pct": 0.6,
  "max_t0_trade_pct": 0.3,
  "max_participation_rate": 0.05,
  "commission_rate": 0.001,
  "slippage_rate": 0.0005,
  "tp": 0.003,
  "sl": 0.002,
  "stop_loss_cooldown_bars": 0,
  "daily_max_trades": 0,
  "daily_max_losses": 0,
  "daily_loss_limit": 0.0,
  "no_overnight": true
}