{
  "total_return": -0.09324130529186092,
  "annualized_return": -0.8027373248580567,
  "max_drawdown": -0.11285976785685337,
  "sharpe": -6.035673499216997,
  "sortino": -9.624158510984074,
  "calmar": -7.112696934448912,
  "trade_count": 10,
  "win_rate": 0.6,
  "avg_net_return_per_trade": -0.0016805837132195273,
  "median_net_return_per_trade": 0.0012234190592767006,
  "backtest_mode": "a_share_inventory_t0",
  "trade_direction_mode": "sell_only",
  "buy_threshold": 0.6601430773735046,
  "sell_threshold": 0.8877213597297668,
  "initial_capital": 1000000.0,
  "final_equity": 911151.940584,
  "final_benchmark_equity": 913740.0,
  "final_alpha_equity": 997411.940584,
  "alpha_total_return": -0.0025880594160000436,
  "alpha_sharpe": -3.1470934052235537,
  "alpha_sortino": -1.0853922826059343,
  "alpha_calmar": -8.707156725540685,
  "alpha_max_drawdown": -0.004831142018534629,
  "base_shares": 9500,
  "ending_shares": 9500,
  "base_position_pct": 0.6,
  "max_t0_trade_pct": 0.3,
  "max_participation_rate": 0.05,
  "commission_rate": 0.001,
  "slippage_rate": 0.0005,
  "tp": 0.003,
  "sl": 0.002,
  "stop_loss_cooldown_bars": 0,
  "daily_max_trades": 0,
  "daily_max_losses": 0,
  "daily_loss_limit": 0.0,
  "no_overnight": true
}