{
  "total_return": -0.04719641968516253,
  "annualized_return": -0.5514683503416473,
  "max_drawdown": -0.07862242815794285,
  "sharpe": -2.401195590861953,
  "sortino": -2.2856856328754933,
  "calmar": -7.014135320697738,
  "trade_count": 10,
  "win_rate": 0.1,
  "avg_net_return_per_trade": -0.0036813874759868926,
  "median_net_return_per_trade": -0.0038583053520808673,
  "backtest_mode": "a_share_inventory_t0",
  "trade_direction_mode": "sell_only",
  "buy_threshold": 0.7795956283807755,
  "sell_threshold": 0.8284404128789902,
  "initial_capital": 1000000.0,
  "final_equity": 951963.2075569998,
  "final_benchmark_equity": 953940.0,
  "final_alpha_equity": 998023.2075569998,
  "alpha_total_return": -0.001976792443000197,
  "alpha_sharpe": -2.712575902354557,
  "alpha_sortino": -1.5158371388921978,
  "alpha_calmar": -9.433608021841327,
  "alpha_max_drawdown": -0.003422114621375094,
  "base_shares": 9800,
  "ending_shares": 9800,
  "base_position_pct": 0.6,
  "max_t0_trade_pct": 0.3,
  "max_participation_rate": 0.05,
  "commission_rate": 0.0015,
  "slippage_rate": 0.00075,
  "tp": 0.003,
  "sl": 0.002,
  "stop_loss_cooldown_bars": 0,
  "daily_max_trades": 0,
  "daily_max_losses": 0,
  "daily_loss_limit": 0.0,
  "no_overnight": true
}