{
  "fold": 2,
  "model_summaries": {
    "lstm": {
      "model": "LSTM",
      "target_col_buy": "buy_label",
      "target_col_sell": "sell_label",
      "feature_count": 194,
      "lookback": 16,
      "params": {
        "hidden_dim": 256,
        "num_layers": 2,
        "dropout": 0.3,
        "output_dim": 1
      },
      "buy_fit": {
        "best_score": 0.569721570161711,
        "best_valid_auc": 0.569721570161711,
        "epochs_ran": 11,
        "pos_rate": 0.2760678391959799,
        "pos_weight": 2.622298065984073,
        "device": "cpu"
      },
      "sell_fit": {
        "best_score": 0.5641549295774647,
        "best_valid_auc": 0.5641549295774647,
        "epochs_ran": 20,
        "pos_rate": 0.3228643216080402,
        "pos_weight": 2.09727626459144,
        "device": "cpu"
      },
      "valid_buy_auc": 0.569721570161711,
      "valid_buy_positive_rate": 0.2755102040816326,
      "valid_buy_prob_mean": 0.4949941039085388,
      "valid_buy_prob_std": 0.07136949151754379,
      "valid_buy_prob_min": 0.34596163034439087,
      "valid_buy_prob_max": 0.711779773235321,
      "valid_buy_acc_05": 0.5816326530612245,
      "valid_buy_precision_05": 0.3157894736842105,
      "valid_buy_recall_05": 0.4444444444444444,
      "valid_buy_f1_05": 0.36923076923076925,
      "valid_buy_q90_threshold": 0.6037001013755798,
      "valid_buy_q95_threshold": 0.6489220261573792,
      "test_buy_auc": 0.5299324755601841,
      "test_buy_positive_rate": 0.2627551020408163,
      "test_buy_prob_mean": 0.4886772632598877,
      "test_buy_prob_std": 0.06281601637601852,
      "test_buy_prob_min": 0.34978044033050537,
      "test_buy_prob_max": 0.6539452075958252,
      "test_buy_acc_05": 0.5625,
      "test_buy_precision_05": 0.28792569659442724,
      "test_buy_recall_05": 0.45145631067961167,
      "test_buy_f1_05": 0.3516068052930057,
      "test_buy_q90_threshold": 0.5723627805709839,
      "test_buy_q95_threshold": 0.6011415123939514,
      "valid_sell_auc": 0.5641549295774647,
      "valid_sell_positive_rate": 0.3622448979591837,
      "valid_sell_prob_mean": 0.5055689811706543,
      "valid_sell_prob_std": 0.26988688111305237,
      "valid_sell_prob_min": 0.026239298284053802,
      "valid_sell_prob_max": 0.988416850566864,
      "valid_sell_acc_05": 0.5216836734693877,
      "valid_sell_precision_05": 0.39243498817966904,
      "valid_sell_recall_05": 0.5845070422535211,
      "valid_sell_f1_05": 0.4695898161244696,
      "valid_sell_q90_threshold": 0.8671776056289673,
      "valid_sell_q95_threshold": 0.9102133512496948,
      "test_sell_auc": 0.518348368415191,
      "test_sell_positive_rate": 0.37244897959183676,
      "test_sell_prob_mean": 0.4829692542552948,
      "test_sell_prob_std": 0.2702910900115967,
      "test_sell_prob_min": 0.009743504226207733,
      "test_sell_prob_max": 0.984254002571106,
      "test_sell_acc_05": 0.5204081632653061,
      "test_sell_precision_05": 0.3870967741935484,
      "test_sell_recall_05": 0.4931506849315068,
      "test_sell_f1_05": 0.43373493975903615,
      "test_sell_q90_threshold": 0.8691263794898987,
      "test_sell_q95_threshold": 0.9182190299034119
    }
  },
  "selected_model_summary": {
    "model": "LSTM",
    "target_col_buy": "buy_label",
    "target_col_sell": "sell_label",
    "feature_count": 194,
    "lookback": 16,
    "params": {
      "hidden_dim": 256,
      "num_layers": 2,
      "dropout": 0.3,
      "output_dim": 1
    },
    "buy_fit": {
      "best_score": 0.569721570161711,
      "best_valid_auc": 0.569721570161711,
      "epochs_ran": 11,
      "pos_rate": 0.2760678391959799,
      "pos_weight": 2.622298065984073,
      "device": "cpu"
    },
    "sell_fit": {
      "best_score": 0.5641549295774647,
      "best_valid_auc": 0.5641549295774647,
      "epochs_ran": 20,
      "pos_rate": 0.3228643216080402,
      "pos_weight": 2.09727626459144,
      "device": "cpu"
    },
    "valid_buy_auc": 0.569721570161711,
    "valid_buy_positive_rate": 0.2755102040816326,
    "valid_buy_prob_mean": 0.4949941039085388,
    "valid_buy_prob_std": 0.07136949151754379,
    "valid_buy_prob_min": 0.34596163034439087,
    "valid_buy_prob_max": 0.711779773235321,
    "valid_buy_acc_05": 0.5816326530612245,
    "valid_buy_precision_05": 0.3157894736842105,
    "valid_buy_recall_05": 0.4444444444444444,
    "valid_buy_f1_05": 0.36923076923076925,
    "valid_buy_q90_threshold": 0.6037001013755798,
    "valid_buy_q95_threshold": 0.6489220261573792,
    "test_buy_auc": 0.5299324755601841,
    "test_buy_positive_rate": 0.2627551020408163,
    "test_buy_prob_mean": 0.4886772632598877,
    "test_buy_prob_std": 0.06281601637601852,
    "test_buy_prob_min": 0.34978044033050537,
    "test_buy_prob_max": 0.6539452075958252,
    "test_buy_acc_05": 0.5625,
    "test_buy_precision_05": 0.28792569659442724,
    "test_buy_recall_05": 0.45145631067961167,
    "test_buy_f1_05": 0.3516068052930057,
    "test_buy_q90_threshold": 0.5723627805709839,
    "test_buy_q95_threshold": 0.6011415123939514,
    "valid_sell_auc": 0.5641549295774647,
    "valid_sell_positive_rate": 0.3622448979591837,
    "valid_sell_prob_mean": 0.5055689811706543,
    "valid_sell_prob_std": 0.26988688111305237,
    "valid_sell_prob_min": 0.026239298284053802,
    "valid_sell_prob_max": 0.988416850566864,
    "valid_sell_acc_05": 0.5216836734693877,
    "valid_sell_precision_05": 0.39243498817966904,
    "valid_sell_recall_05": 0.5845070422535211,
    "valid_sell_f1_05": 0.4695898161244696,
    "valid_sell_q90_threshold": 0.8671776056289673,
    "valid_sell_q95_threshold": 0.9102133512496948,
    "test_sell_auc": 0.518348368415191,
    "test_sell_positive_rate": 0.37244897959183676,
    "test_sell_prob_mean": 0.4829692542552948,
    "test_sell_prob_std": 0.2702910900115967,
    "test_sell_prob_min": 0.009743504226207733,
    "test_sell_prob_max": 0.984254002571106,
    "test_sell_acc_05": 0.5204081632653061,
    "test_sell_precision_05": 0.3870967741935484,
    "test_sell_recall_05": 0.4931506849315068,
    "test_sell_f1_05": 0.43373493975903615,
    "test_sell_q90_threshold": 0.8691263794898987,
    "test_sell_q95_threshold": 0.9182190299034119
  },
  "t0_stats": {
    "total_return": -0.11089014003924325,
    "annualized_return": -0.8572600244064016,
    "max_drawdown": -0.12292359564038147,
    "sharpe": -7.467219526153234,
    "sortino": -11.59774409145963,
    "calmar": -6.973925713289046,
    "trade_count": 21,
    "win_rate": 0.3333333333333333,
    "avg_net_return_per_trade": -0.004984921651927055,
    "median_net_return_per_trade": -0.005890244485465265,
    "backtest_mode": "a_share_inventory_t0",
    "trade_direction_mode": "sell_only",
    "buy_threshold": 0.6489220082759856,
    "sell_threshold": 0.9102133363485335,
    "initial_capital": 1000000.0,
    "final_equity": 891755.850904,
    "final_benchmark_equity": 906349.0,
    "final_alpha_equity": 985406.850904,
    "alpha_total_return": -0.014593149095999958,
    "alpha_sharpe": -10.88125855328057,
    "alpha_sortino": -3.9414360411643368,
    "alpha_calmar": -13.601593511652878,
    "alpha_max_drawdown": -0.015888673213311222,
    "base_shares": 9300,
    "ending_shares": 9300,
    "base_position_pct": 0.6,
    "max_t0_trade_pct": 0.3,
    "max_participation_rate": 0.05,
    "commission_rate": 0.001,
    "slippage_rate": 0.0005,
    "tp": 0.003,
    "sl": 0.002,
    "stop_loss_cooldown_bars": 0,
    "daily_max_trades": 0,
    "daily_max_losses": 0,
    "daily_loss_limit": 0.0,
    "no_overnight": true
  },
  "stress_stats": {
    "stress_scenario_count": 12,
    "stress_min_alpha_total_return": -0.018108536479000015,
    "stress_worst_alpha_drawdown": -0.019134434635037945,
    "stress_min_trade_count": 21
  },
  "sell_threshold_grid_stats": {
    "sell_grid_best_rule": "sell_only_q97",
    "sell_grid_best_quantile": 0.97,
    "sell_grid_best_alpha_total_return": -0.005689125901499503,
    "sell_grid_best_trade_count": 13,
    "sell_grid_result_count": 6
  },