{
  "total_return": -0.028865259644857533,
  "annualized_return": -0.8810780484801852,
  "max_drawdown": -0.03590826133281966,
  "sharpe": -14.802358807365668,
  "sortino": -18.287329702501427,
  "calmar": -24.536917572082277,
  "trade_count": 5,
  "win_rate": 0.0,
  "avg_net_return_per_trade": -0.0052737781426306215,
  "median_net_return_per_trade": -0.00772454914995618,
  "backtest_mode": "a_share_inventory_t0",
  "trade_direction_mode": "sell_only",
  "buy_threshold": 0.5653021192148,
  "sell_threshold": 0.41702279458817204,
  "initial_capital": 1000000.0,
  "final_equity": 970444.26355475,
  "final_benchmark_equity": 972429.0,
  "final_alpha_equity": 998015.26355475,
  "alpha_total_return": -0.0019847364452499905,
  "alpha_sharpe": -10.491914296572089,
  "alpha_sortino": -6.886634635610971,
  "alpha_calmar": -51.7139278900944,
  "alpha_max_drawdown": -0.002600496706374966,
  "base_shares": 7900,
  "ending_shares": 7900,
  "base_position_pct": 0.6,
  "max_t0_trade_pct": 0.3,
  "max_participation_rate": 0.05,
  "commission_rate": 0.0015,
  "slippage_rate": 0.00075,
  "tp": 0.003,
  "sl": 0.002,
  "no_overnight": true
}