{
  "total_return": -0.04773721110401752,
  "annualized_return": -0.5690280489445999,
  "max_drawdown": -0.07893521737924414,
  "sharpe": -2.2533144370779734,
  "sortino": -2.1395173100621254,
  "calmar": -7.20879814912912,
  "trade_count": 8,
  "win_rate": 0.25,
  "avg_net_return_per_trade": -0.00480190820281896,
  "median_net_return_per_trade": -0.005815221714072724,
  "backtest_mode": "a_share_inventory_t0",
  "trade_direction_mode": "sell_only",
  "buy_threshold": 0.7788469702005386,
  "sell_threshold": 0.807967272400856,
  "initial_capital": 1000000.0,
  "final_equity": 954619.6392985,
  "final_benchmark_equity": 957628.0,
  "final_alpha_equity": 996991.6392985,
  "alpha_total_return": -0.0030083607015000124,
  "alpha_sharpe": -9.280615293884992,
  "alpha_sortino": -3.264476293622896,
  "alpha_calmar": -16.291721387554297,
  "alpha_max_drawdown": -0.00310124321164984,
  "base_shares": 9900,
  "ending_shares": 9900,
  "base_position_pct": 0.6,
  "max_t0_trade_pct": 0.3,
  "max_participation_rate": 0.02,
  "commission_rate": 0.001,
  "slippage_rate": 0.0005,
  "tp": 0.003,
  "sl": 0.002,
  "stop_loss_cooldown_bars": 6,
  "daily_max_trades": 0,
  "daily_max_losses": 2,
  "daily_loss_limit": 0.0,
  "no_overnight": true
}