{
  "total_return": -0.015147986582698891,
  "annualized_return": -0.670320089192117,
  "max_drawdown": -0.021828002174583805,
  "sharpe": -7.541464447297329,
  "sortino": -12.89512476441245,
  "calmar": -30.709181895383335,
  "trade_count": 12,
  "win_rate": 0.08333333333333333,
  "avg_net_return_per_trade": -0.0050204419312828786,
  "median_net_return_per_trade": -0.005584704778478109,
  "backtest_mode": "a_share_inventory_t0",
  "buy_threshold": 0.7593238848072256,
  "sell_threshold": 0.5588395679573953,
  "initial_capital": 1000000.0,
  "final_equity": 984609.7398220005,
  "final_benchmark_equity": 993604.0,
  "final_alpha_equity": 991005.7398220005,
  "alpha_total_return": -0.008994260177999536,
  "alpha_sharpe": -36.500552867628194,
  "alpha_sortino": -27.46820359135401,
  "alpha_calmar": -53.53386604929755,
  "alpha_max_drawdown": -0.008994260177999536,
  "base_shares": 8200,
  "ending_shares": 8200,
  "base_position_pct": 0.6,
  "max_t0_trade_pct": 0.3,
  "max_participation_rate": 0.05,
  "commission_rate": 0.001,
  "slippage_rate": 0.0005,
  "tp": 0.003,
  "sl": 0.002,
  "no_overnight": true
}