{
  "total_return": -0.09106503173683245,
  "annualized_return": -0.782639663655462,
  "max_drawdown": -0.11410747226297202,
  "sharpe": -6.112010980997649,
  "sortino": -9.66199798413775,
  "calmar": -6.858794153741229,
  "trade_count": 12,
  "win_rate": 0.25,
  "avg_net_return_per_trade": -0.004975557250967422,
  "median_net_return_per_trade": -0.007069482554248382,
  "backtest_mode": "a_share_inventory_t0",
  "trade_direction_mode": "sell_only",
  "buy_threshold": 0.6214971184730529,
  "sell_threshold": 0.9382578879594803,
  "initial_capital": 1000000.0,
  "final_equity": 908080.5693930002,
  "final_benchmark_equity": 911922.0,
  "final_alpha_equity": 996158.5693930002,
  "alpha_total_return": -0.0038414306069998183,
  "alpha_sharpe": -5.026916075163412,
  "alpha_sortino": -2.379033713084659,
  "alpha_calmar": -9.79870342259327,
  "alpha_max_drawdown": -0.006089199324804562,
  "base_shares": 9400,
  "ending_shares": 9400,
  "base_position_pct": 0.6,
  "max_t0_trade_pct": 0.3,
  "max_participation_rate": 0.05,
  "commission_rate": 0.001,
  "slippage_rate": 0.001,
  "tp": 0.003,
  "sl": 0.002,
  "stop_loss_cooldown_bars": 6,
  "daily_max_trades": 0,
  "daily_max_losses": 2,
  "daily_loss_limit": 0.0,
  "no_overnight": true
}