{
  "total_return": -0.054379675896951474,
  "annualized_return": -0.6039082073837775,
  "max_drawdown": -0.0818915295226188,
  "sharpe": -2.745545548353509,
  "sortino": -2.6079403066706144,
  "calmar": -7.374489289725323,
  "trade_count": 10,
  "win_rate": 0.1,
  "avg_net_return_per_trade": -0.0070500750778819095,
  "median_net_return_per_trade": -0.007914545619991938,
  "backtest_mode": "a_share_inventory_t0",
  "trade_direction_mode": "sell_only",
  "buy_threshold": 0.6873311519622802,
  "sell_threshold": 0.8585168212652204,
  "initial_capital": 1000000.0,
  "final_equity": 945249.6409360002,
  "final_benchmark_equity": 953450.0,
  "final_alpha_equity": 991799.6409360002,
  "alpha_total_return": -0.008200359063999851,
  "alpha_sharpe": -8.657930447792355,
  "alpha_sortino": -2.5956389253707117,
  "alpha_calmar": -14.932648125430058,
  "alpha_max_drawdown": -0.008537776361206117,
  "base_shares": 9800,
  "ending_shares": 9800,
  "base_position_pct": 0.6,
  "max_t0_trade_pct": 0.3,
  "max_participation_rate": 0.05,
  "commission_rate": 0.0015,
  "slippage_rate": 0.001,
  "tp": 0.004,
  "sl": 0.002,
  "stop_loss_cooldown_bars": 6,
  "daily_max_trades": 0,
  "daily_max_losses": 2,
  "daily_loss_limit": 0.0,
  "no_overnight": true
}