{
  "total_return": -0.047286634850938425,
  "annualized_return": -0.5521721302808401,
  "max_drawdown": -0.07852133667384242,
  "sharpe": -2.4021426606763807,
  "sortino": -2.2807805032099098,
  "calmar": -7.0321285101707085,
  "trade_count": 4,
  "win_rate": 0.5,
  "avg_net_return_per_trade": -0.0018862861344011135,
  "median_net_return_per_trade": -0.0016901731448817877,
  "backtest_mode": "a_share_inventory_t0",
  "trade_direction_mode": "sell_only",
  "buy_threshold": 0.6456784754991531,
  "sell_threshold": 0.8729534447193146,
  "initial_capital": 1000000.0,
  "final_equity": 951873.0719610001,
  "final_benchmark_equity": 953940.0,
  "final_alpha_equity": 997933.0719610001,
  "alpha_total_return": -0.0020669280389998823,
  "alpha_sharpe": -4.952843010829565,
  "alpha_sortino": -0.9441630414426339,
  "alpha_calmar": -12.356446915768927,
  "alpha_max_drawdown": -0.002729852805763211,
  "base_shares": 9800,
  "ending_shares": 9800,
  "base_position_pct": 0.6,
  "max_t0_trade_pct": 0.3,
  "max_participation_rate": 0.02,
  "commission_rate": 0.001,
  "slippage_rate": 0.0005,
  "tp": 0.004,
  "sl": 0.003,
  "stop_loss_cooldown_bars": 6,
  "daily_max_trades": 0,
  "daily_max_losses": 2,
  "daily_loss_limit": 0.0,
  "no_overnight": true
}