{
  "total_return": 0.07644135699411558,
  "annualized_return": 1.930390004290785,
  "max_drawdown": -0.043809332162461856,
  "sharpe": 4.113787493383388,
  "sortino": 7.018255851603468,
  "calmar": 44.063442855785986,
  "trade_count": 5,
  "win_rate": 0.4,
  "avg_net_return_per_trade": -0.002839517881338279,
  "median_net_return_per_trade": -0.00023195515904333606,
  "backtest_mode": "a_share_inventory_t0",
  "trade_direction_mode": "sell_only",
  "buy_threshold": 0.9164306968450546,
  "sell_threshold": 0.9058243632316589,
  "initial_capital": 1000000.0,
  "final_equity": 1075984.94585875,
  "final_benchmark_equity": 1078122.0,
  "final_alpha_equity": 997862.94585875,
  "alpha_total_return": -0.0021370541412499833,
  "alpha_sharpe": -3.1510310533879102,
  "alpha_sortino": -1.0839803230282798,
  "alpha_calmar": -6.202665293185287,
  "alpha_max_drawdown": -0.004956407086943004,
  "base_shares": 10600,
  "ending_shares": 10600,
  "base_position_pct": 0.6,
  "max_t0_trade_pct": 0.3,
  "max_participation_rate": 0.05,
  "commission_rate": 0.0015,
  "slippage_rate": 0.00075,
  "tp": 0.004,
  "sl": 0.003,
  "stop_loss_cooldown_bars": 0,
  "daily_max_trades": 0,
  "daily_max_losses": 0,
  "daily_loss_limit": 0.0,
  "no_overnight": true
}