{
  "total_return": -0.09713688570874102,
  "annualized_return": -0.816330962920526,
  "max_drawdown": -0.11646800864187223,
  "sharpe": -6.382836189042132,
  "sortino": -10.06659947642353,
  "calmar": -7.009057443668193,
  "trade_count": 12,
  "win_rate": 0.5,
  "avg_net_return_per_trade": -0.004399713941760214,
  "median_net_return_per_trade": -0.0024778123558352157,
  "backtest_mode": "a_share_inventory_t0",
  "trade_direction_mode": "sell_only",
  "buy_threshold": 0.6491788774728775,
  "sell_threshold": 0.8673499226570129,
  "initial_capital": 1000000.0,
  "final_equity": 907237.4860800002,
  "final_benchmark_equity": 913740.0,
  "final_alpha_equity": 993497.4860800002,
  "alpha_total_return": -0.006502513919999786,
  "alpha_sharpe": -6.035908946829921,
  "alpha_sortino": -1.5266250233929215,
  "alpha_calmar": -12.504502562784428,
  "alpha_max_drawdown": -0.008200445572486226,
  "base_shares": 9500,
  "ending_shares": 9500,
  "base_position_pct": 0.6,
  "max_t0_trade_pct": 0.3,
  "max_participation_rate": 0.05,
  "commission_rate": 0.001,
  "slippage_rate": 0.0005,
  "tp": 0.003,
  "sl": 0.002,
  "stop_loss_cooldown_bars": 6,
  "daily_max_trades": 0,
  "daily_max_losses": 2,
  "daily_loss_limit": 0.0,
  "no_overnight": true
}