{
  "total_return": -0.04815895361258571,
  "annualized_return": -0.5589238804371189,
  "max_drawdown": -0.07867695916587714,
  "sharpe": -2.4516952649165837,
  "sortino": -2.3338044498860255,
  "calmar": -7.104035112220363,
  "trade_count": 11,
  "win_rate": 0.18181818181818182,
  "avg_net_return_per_trade": -0.0046805749742095505,
  "median_net_return_per_trade": -0.007326454194152006,
  "backtest_mode": "a_share_inventory_t0",
  "trade_direction_mode": "sell_only",
  "buy_threshold": 0.7795956283807755,
  "sell_threshold": 0.8284404128789902,
  "initial_capital": 1000000.0,
  "final_equity": 951001.5225845006,
  "final_benchmark_equity": 953940.0,
  "final_alpha_equity": 997061.5225845006,
  "alpha_total_return": -0.002938477415499352,
  "alpha_sharpe": -3.6546253335554573,
  "alpha_sortino": -1.8980080206208394,
  "alpha_calmar": -11.748672118874037,
  "alpha_max_drawdown": -0.004054208082499566,
  "base_shares": 9800,
  "ending_shares": 9800,
  "base_position_pct": 0.6,
  "max_t0_trade_pct": 0.3,
  "max_participation_rate": 0.05,
  "commission_rate": 0.0015,
  "slippage_rate": 0.001,
  "tp": 0.003,
  "sl": 0.002,
  "stop_loss_cooldown_bars": 0,
  "daily_max_trades": 0,
  "daily_max_losses": 0,
  "daily_loss_limit": 0.0,
  "no_overnight": true
}