{
  "total_return": 0.07539114160904226,
  "annualized_return": 1.8889362850777411,
  "max_drawdown": -0.04336783306922132,
  "sharpe": 4.0584892798080165,
  "sortino": 6.930271167510027,
  "calmar": 43.55616020894395,
  "trade_count": 5,
  "win_rate": 0.4,
  "avg_net_return_per_trade": -0.004178952480815941,
  "median_net_return_per_trade": -0.0073062136945472,
  "backtest_mode": "a_share_inventory_t0",
  "trade_direction_mode": "sell_only",
  "buy_threshold": 0.9164306968450546,
  "sell_threshold": 0.9058243632316589,
  "initial_capital": 1000000.0,
  "final_equity": 1074935.175765,
  "final_benchmark_equity": 1078122.0,
  "final_alpha_equity": 996813.175765,
  "alpha_total_return": -0.003186824234999941,
  "alpha_sharpe": -5.67942494138685,
  "alpha_sortino": -1.3041778844846592,
  "alpha_calmar": -9.20946393467421,
  "alpha_max_drawdown": -0.004942737886853954,
  "base_shares": 10600,
  "ending_shares": 10600,
  "base_position_pct": 0.6,
  "max_t0_trade_pct": 0.3,
  "max_participation_rate": 0.02,
  "commission_rate": 0.001,
  "slippage_rate": 0.001,
  "tp": 0.004,
  "sl": 0.003,
  "stop_loss_cooldown_bars": 0,
  "daily_max_trades": 0,
  "daily_max_losses": 0,
  "daily_loss_limit": 0.0,
  "no_overnight": true
}