{
  "total_return": -0.04980921426099172,
  "annualized_return": -0.9979098464094481,
  "max_drawdown": -0.06286319491627035,
  "sharpe": -12.820499787627265,
  "sortino": -14.564944844545694,
  "calmar": -15.87431004323911,
  "trade_count": 3,
  "win_rate": 0.0,
  "avg_net_return_per_trade": -0.011073665869369212,
  "median_net_return_per_trade": -0.010909537109463014,
  "backtest_mode": "a_share_inventory_t0",
  "trade_direction_mode": "sell_only",
  "buy_threshold": 0.4654643074304277,
  "sell_threshold": 0.5175519518036075,
  "initial_capital": 1000000.0,
  "final_equity": 949871.521635,
  "final_benchmark_equity": 957328.0,
  "final_alpha_equity": 992543.521635,
  "alpha_total_return": -0.007456478364999963,
  "alpha_sharpe": -20.51066229674217,
  "alpha_sortino": -8.026835224912604,
  "alpha_calmar": -79.79835098636033,
  "alpha_max_drawdown": -0.007456478364999963,
  "base_shares": 8400,
  "ending_shares": 8400,
  "base_position_pct": 0.6,
  "max_t0_trade_pct": 0.3,
  "max_participation_rate": 0.05,
  "commission_rate": 0.0015,
  "slippage_rate": 0.00075,
  "tp": 0.003,
  "sl": 0.002,
  "no_overnight": true
}