{
  "fold": 1,
  "model_summaries": {
    "lstm": {
      "model": "LSTM",
      "target_col_buy": "buy_label",
      "target_col_sell": "sell_label",
      "feature_count": 194,
      "lookback": 32,
      "params": {
        "hidden_dim": 256,
        "num_layers": 2,
        "dropout": 0.3,
        "output_dim": 1
      },
      "buy_fit": {
        "best_score": 0.5706510975053175,
        "best_valid_auc": 0.5706510975053175,
        "epochs_ran": 17,
        "pos_rate": 0.2638888888888889,
        "pos_weight": 2.7894736842105265,
        "device": "cpu"
      },
      "sell_fit": {
        "best_score": 0.53721070153624,
        "best_valid_auc": 0.53721070153624,
        "epochs_ran": 13,
        "pos_rate": 0.3368055555555556,
        "pos_weight": 1.9690721649484535,
        "device": "cpu"
      },
      "valid_buy_auc": 0.5706510975053175,
      "valid_buy_positive_rate": 0.26953125,
      "valid_buy_prob_mean": 0.323655366897583,
      "valid_buy_prob_std": 0.19380901753902435,
      "valid_buy_prob_min": 0.027585577219724655,
      "valid_buy_prob_max": 0.7678438425064087,
      "valid_buy_acc_05": 0.6536458333333334,
      "valid_buy_precision_05": 0.32748538011695905,
      "valid_buy_recall_05": 0.27053140096618356,
      "valid_buy_f1_05": 0.2962962962962963,
      "valid_buy_q90_threshold": 0.5973735451698303,
      "valid_buy_q95_threshold": 0.6558482646942139,
      "test_buy_auc": 0.4980781361705707,
      "test_buy_positive_rate": 0.2799479166666667,
      "test_buy_prob_mean": 0.3999767303466797,
      "test_buy_prob_std": 0.20686672627925873,
      "test_buy_prob_min": 0.010719501413404942,
      "test_buy_prob_max": 0.8205863237380981,
      "test_buy_acc_05": 0.5833333333333334,
      "test_buy_precision_05": 0.3048327137546468,
      "test_buy_recall_05": 0.3813953488372093,
      "test_buy_f1_05": 0.33884297520661155,
      "test_buy_q90_threshold": 0.6883774995803833,
      "test_buy_q95_threshold": 0.7309989333152771,
      "valid_sell_auc": 0.53721070153624,
      "valid_sell_positive_rate": 0.3033854166666667,
      "valid_sell_prob_mean": 0.4769724905490875,
      "valid_sell_prob_std": 0.09087453037500381,
      "valid_sell_prob_min": 0.2339148074388504,
      "valid_sell_prob_max": 0.7960633039474487,
      "valid_sell_acc_05": 0.5638020833333334,
      "valid_sell_precision_05": 0.3229166666666667,
      "valid_sell_recall_05": 0.39914163090128757,
      "valid_sell_f1_05": 0.3570057581573896,
      "valid_sell_q90_threshold": 0.5906979441642761,
      "valid_sell_q95_threshold": 0.631584882736206,
      "test_sell_auc": 0.5103193217996133,
      "test_sell_positive_rate": 0.3606770833333333,
      "test_sell_prob_mean": 0.45767274498939514,
      "test_sell_prob_std": 0.09739989787340164,
      "test_sell_prob_min": 0.17069222033023834,
      "test_sell_prob_max": 0.7111626267433167,
      "test_sell_acc_05": 0.5533854166666666,
      "test_sell_precision_05": 0.37109375,
      "test_sell_recall_05": 0.34296028880866425,
      "test_sell_f1_05": 0.35647279549718575,
      "test_sell_q90_threshold": 0.584309995174408,
      "test_sell_q95_threshold": 0.6122843623161316
    }
  },
  "selected_model_summary": {
    "model": "LSTM",
    "target_col_buy": "buy_label",
    "target_col_sell": "sell_label",
    "feature_count": 194,
    "lookback": 32,
    "params": {
      "hidden_dim": 256,
      "num_layers": 2,
      "dropout": 0.3,
      "output_dim": 1
    },
    "buy_fit": {
      "best_score": 0.5706510975053175,
      "best_valid_auc": 0.5706510975053175,
      "epochs_ran": 17,
      "pos_rate": 0.2638888888888889,
      "pos_weight": 2.7894736842105265,
      "device": "cpu"
    },
    "sell_fit": {
      "best_score": 0.53721070153624,
      "best_valid_auc": 0.53721070153624,
      "epochs_ran": 13,
      "pos_rate": 0.3368055555555556,
      "pos_weight": 1.9690721649484535,
      "device": "cpu"
    },
    "valid_buy_auc": 0.5706510975053175,
    "valid_buy_positive_rate": 0.26953125,
    "valid_buy_prob_mean": 0.323655366897583,
    "valid_buy_prob_std": 0.19380901753902435,
    "valid_buy_prob_min": 0.027585577219724655,
    "valid_buy_prob_max": 0.7678438425064087,
    "valid_buy_acc_05": 0.6536458333333334,
    "valid_buy_precision_05": 0.32748538011695905,
    "valid_buy_recall_05": 0.27053140096618356,
    "valid_buy_f1_05": 0.2962962962962963,
    "valid_buy_q90_threshold": 0.5973735451698303,
    "valid_buy_q95_threshold": 0.6558482646942139,
    "test_buy_auc": 0.4980781361705707,
    "test_buy_positive_rate": 0.2799479166666667,
    "test_buy_prob_mean": 0.3999767303466797,
    "test_buy_prob_std": 0.20686672627925873,
    "test_buy_prob_min": 0.010719501413404942,
    "test_buy_prob_max": 0.8205863237380981,
    "test_buy_acc_05": 0.5833333333333334,
    "test_buy_precision_05": 0.3048327137546468,
    "test_buy_recall_05": 0.3813953488372093,
    "test_buy_f1_05": 0.33884297520661155,
    "test_buy_q90_threshold": 0.6883774995803833,
    "test_buy_q95_threshold": 0.7309989333152771,
    "valid_sell_auc": 0.53721070153624,
    "valid_sell_positive_rate": 0.3033854166666667,
    "valid_sell_prob_mean": 0.4769724905490875,
    "valid_sell_prob_std": 0.09087453037500381,
    "valid_sell_prob_min": 0.2339148074388504,
    "valid_sell_prob_max": 0.7960633039474487,
    "valid_sell_acc_05": 0.5638020833333334,
    "valid_sell_precision_05": 0.3229166666666667,
    "valid_sell_recall_05": 0.39914163090128757,
    "valid_sell_f1_05": 0.3570057581573896,
    "valid_sell_q90_threshold": 0.5906979441642761,
    "valid_sell_q95_threshold": 0.631584882736206,
    "test_sell_auc": 0.5103193217996133,
    "test_sell_positive_rate": 0.3606770833333333,
    "test_sell_prob_mean": 0.45767274498939514,
    "test_sell_prob_std": 0.09739989787340164,
    "test_sell_prob_min": 0.17069222033023834,
    "test_sell_prob_max": 0.7111626267433167,
    "test_sell_acc_05": 0.5533854166666666,
    "test_sell_precision_05": 0.37109375,
    "test_sell_recall_05": 0.34296028880866425,
    "test_sell_f1_05": 0.35647279549718575,
    "test_sell_q90_threshold": 0.584309995174408,
    "test_sell_q95_threshold": 0.6122843623161316
  },
  "t0_stats": {
    "total_return": 0.08372875453750406,
    "annualized_return": 2.2378802779147193,
    "max_drawdown": -0.04197458429460443,
    "sharpe": 4.422445182700507,
    "sortino": 7.515090029052341,
    "calmar": 53.31512665397343,
    "trade_count": 9,
    "win_rate": 0.4444444444444444,
    "avg_net_return_per_trade": -0.0024348070086703906,
    "median_net_return_per_trade": -0.005088526957451431,
    "backtest_mode": "a_share_inventory_t0",
    "trade_direction_mode": "sell_only",
    "buy_threshold": 0.6558482885360718,
    "sell_threshold": 0.631584882736206,
    "initial_capital": 1000000.0,
    "final_equity": 1081757.4519330002,
    "final_benchmark_equity": 1082604.0,
    "final_alpha_equity": 999153.4519330002,
    "alpha_total_return": -0.0008465480669997971,
    "alpha_sharpe": -1.1099402804493743,
    "alpha_sortino": -0.49290535996204327,
    "alpha_calmar": -4.878223559681897,
    "alpha_max_drawdown": -0.002521157173164812,
    "base_shares": 10700,
    "ending_shares": 10700,
    "base_position_pct": 0.6,
    "max_t0_trade_pct": 0.3,
    "max_participation_rate": 0.05,
    "commission_rate": 0.001,
    "slippage_rate": 0.0005,
    "tp": 0.003,
    "sl": 0.002,
    "stop_loss_cooldown_bars": 0,
    "daily_max_trades": 0,
    "daily_max_losses": 0,
    "daily_loss_limit": 0.0,
    "no_overnight": true
  },
  "stress_stats": {
    "stress_scenario_count": 12,
    "stress_min_alpha_total_return": -0.004261223211499909,
    "stress_worst_alpha_drawdown": -0.005152250271237557,
    "stress_min_trade_count": 8
  },
  "sell_threshold_grid_stats": {
    "sell_grid_best_rule": "sell_only_q97",
    "sell_grid_best_quantile": 0.97,
    "sell_grid_best_alpha_total_return": 2.8495303500131186e-05,
    "sell_grid_best_trade_count": 4,
    "sell_grid_result_count": 6
  },