{
  "total_return": -0.028116563840390518,
  "annualized_return": -0.8742254233446675,
  "max_drawdown": -0.035294545598374305,
  "sharpe": -14.427326303350242,
  "sortino": -17.799218345063164,
  "calmar": -24.76941999176595,
  "trade_count": 5,
  "win_rate": 0.2,
  "avg_net_return_per_trade": -0.004273778142630621,
  "median_net_return_per_trade": -0.006724549149956179,
  "backtest_mode": "a_share_inventory_t0",
  "trade_direction_mode": "sell_only",
  "buy_threshold": 0.5653021192148,
  "sell_threshold": 0.41702279458817204,
  "initial_capital": 1000000.0,
  "final_equity": 971192.4270365,
  "final_benchmark_equity": 972429.0,
  "final_alpha_equity": 998763.4270365,
  "alpha_total_return": -0.0012365729634999933,
  "alpha_sharpe": -7.247434348166298,
  "alpha_sortino": -4.701055533433335,
  "alpha_calmar": -40.63710307397085,
  "alpha_max_drawdown": -0.002116868054250043,
  "base_shares": 7900,
  "ending_shares": 7900,
  "base_position_pct": 0.6,
  "max_t0_trade_pct": 0.3,
  "max_participation_rate": 0.02,
  "commission_rate": 0.001,
  "slippage_rate": 0.00075,
  "tp": 0.003,
  "sl": 0.002,
  "no_overnight": true
}