{
  "total_return": -0.09895613712463147,
  "annualized_return": -0.8223730828043451,
  "max_drawdown": -0.11848852829707224,
  "sharpe": -6.452664168142248,
  "sortino": -10.313642651407402,
  "calmar": -6.940529134959855,
  "trade_count": 17,
  "win_rate": 0.29411764705882354,
  "avg_net_return_per_trade": -0.003913508232398222,
  "median_net_return_per_trade": -0.006514364291314297,
  "backtest_mode": "a_share_inventory_t0",
  "trade_direction_mode": "sell_only",
  "buy_threshold": 0.6601430773735046,
  "sell_threshold": 0.8602267056703568,
  "initial_capital": 1000000.0,
  "final_equity": 905409.4203909996,
  "final_benchmark_equity": 913740.0,
  "final_alpha_equity": 991669.4203909996,
  "alpha_total_return": -0.00833057960900041,
  "alpha_sharpe": -8.263266185870638,
  "alpha_sortino": -3.588685841936189,
  "alpha_calmar": -12.260791339402685,
  "alpha_max_drawdown": -0.010565323950627037,
  "base_shares": 9500,
  "ending_shares": 9500,
  "base_position_pct": 0.6,
  "max_t0_trade_pct": 0.3,
  "max_participation_rate": 0.02,
  "commission_rate": 0.0015,
  "slippage_rate": 0.00075,
  "tp": 0.003,
  "sl": 0.002,
  "stop_loss_cooldown_bars": 0,
  "daily_max_trades": 0,
  "daily_max_losses": 0,
  "daily_loss_limit": 0.0,
  "no_overnight": true
}