{
  "total_return": 0.08102117598549263,
  "annualized_return": 2.121665371962853,
  "max_drawdown": -0.042819604565744185,
  "sharpe": 4.281209481116533,
  "sortino": 7.271879500569023,
  "calmar": 49.548924925387844,
  "trade_count": 8,
  "win_rate": 0.125,
  "avg_net_return_per_trade": -0.004433705747166918,
  "median_net_return_per_trade": -0.0069227030656373555,
  "backtest_mode": "a_share_inventory_t0",
  "trade_direction_mode": "sell_only",
  "buy_threshold": 0.6558482885360718,
  "sell_threshold": 0.631584882736206,
  "initial_capital": 1000000.0,
  "final_equity": 1079054.798466375,
  "final_benchmark_equity": 1082604.0,
  "final_alpha_equity": 996450.7984663751,
  "alpha_total_return": -0.003549201533624924,
  "alpha_sharpe": -3.9434777271918127,
  "alpha_sortino": -1.312759756648299,
  "alpha_calmar": -10.920455172753163,
  "alpha_max_drawdown": -0.004635959450637217,
  "base_shares": 10700,
  "ending_shares": 10700,
  "base_position_pct": 0.6,
  "max_t0_trade_pct": 0.3,
  "max_participation_rate": 0.02,
  "commission_rate": 0.0015,
  "slippage_rate": 0.00075,
  "tp": 0.003,
  "sl": 0.002,
  "stop_loss_cooldown_bars": 0,
  "daily_max_trades": 0,
  "daily_max_losses": 0,
  "daily_loss_limit": 0.0,
  "no_overnight": true
}