{
  "model": "LSTM",
  "target_col_buy": "buy_label",
  "target_col_sell": "sell_label",
  "feature_count": 194,
  "lookback": 16,
  "params": {
    "hidden_dim": 256,
    "num_layers": 2,
    "dropout": 0.3,
    "output_dim": 1
  },
  "buy_fit": {
    "best_score": 0.5098715348208249,
    "best_valid_auc": 0.5098715348208249,
    "epochs_ran": 15,
    "pos_rate": 0.2490577889447236,
    "pos_weight": 3.0151324085750315,
    "device": "cpu"
  },
  "sell_fit": {
    "best_score": 0.5695302337536902,
    "best_valid_auc": 0.5695302337536902,
    "epochs_ran": 11,
    "pos_rate": 0.3417085427135678,
    "pos_weight": 1.9264705882352944,
    "device": "cpu"
  },
  "valid_buy_auc": 0.5098715348208249,
  "valid_buy_positive_rate": 0.2602040816326531,
  "valid_buy_prob_mean": 0.41505610942840576,
  "valid_buy_prob_std": 0.16696912050247192,
  "valid_buy_prob_min": 0.0633462518453598,
  "valid_buy_prob_max": 0.7924101948738098,
  "valid_buy_acc_05": 0.5522959183673469,
  "valid_buy_precision_05": 0.23076923076923078,
  "valid_buy_recall_05": 0.3088235294117647,
  "valid_buy_f1_05": 0.2641509433962264,
  "valid_buy_q90_threshold": 0.6364856362342834,
  "valid_buy_q95_threshold": 0.7013669013977051,
  "test_buy_auc": 0.5015583200162453,
  "test_buy_positive_rate": 0.24362244897959184,
  "test_buy_prob_mean": 0.5051974058151245,
  "test_buy_prob_std": 0.17583727836608887,
  "test_buy_prob_min": 0.029714059084653854,
  "test_buy_prob_max": 0.8370527029037476,
  "test_buy_acc_05": 0.47066326530612246,
  "test_buy_precision_05": 0.24887892376681614,
  "test_buy_recall_05": 0.581151832460733,
  "test_buy_f1_05": 0.34850863422291994,
  "test_buy_q90_threshold": 0.7115925550460815,
  "test_buy_q95_threshold": 0.7714917659759521,
  "valid_sell_auc": 0.5695302337536902,
  "valid_sell_positive_rate": 0.2971938775510204,
  "valid_sell_prob_mean": 0.4869200587272644,
  "valid_sell_prob_std": 0.077009417116642,
  "valid_sell_prob_min": 0.3023068606853485,
  "valid_sell_prob_max": 0.6791887283325195,
  "valid_sell_acc_05": 0.5752551020408163,
  "valid_sell_precision_05": 0.3563218390804598,
  "valid_sell_recall_05": 0.5321888412017167,
  "valid_sell_f1_05": 0.4268502581755594,
  "valid_sell_q90_threshold": 0.5884003639221191,
  "valid_sell_q95_threshold": 0.6161839365959167,
  "test_sell_auc": 0.5767746018352495,
  "test_sell_positive_rate": 0.3635204081632653,
  "test_sell_prob_mean": 0.4388894736766815,
  "test_sell_prob_std": 0.07275710254907608,
  "test_sell_prob_min": 0.25653865933418274,
  "test_sell_prob_max": 0.6261625289916992,
  "test_sell_acc_05": 0.6224489795918368,
  "test_sell_precision_05": 0.4658385093167702,
  "test_sell_recall_05": 0.2631578947368421,
  "test_sell_f1_05": 0.336322869955157,
  "test_sell_q90_threshold": 0.5373435020446777,
  "test_sell_q95_threshold": 0.5569909811019897
}