{
  "model": "LSTM",
  "target_col_buy": "buy_label",
  "target_col_sell": "sell_label",
  "feature_count": 194,
  "lookback": 16,
  "params": {
    "hidden_dim": 256,
    "num_layers": 2,
    "dropout": 0.3,
    "output_dim": 1
  },
  "buy_fit": {
    "best_score": 0.5213076332484745,
    "best_valid_auc": 0.5213076332484745,
    "epochs_ran": 11,
    "pos_rate": 0.2710427135678392,
    "pos_weight": 2.6894553881807646,
    "device": "cpu"
  },
  "sell_fit": {
    "best_score": 0.5543365557622518,
    "best_valid_auc": 0.5543365557622518,
    "epochs_ran": 17,
    "pos_rate": 0.3401381909547739,
    "pos_weight": 1.9399815327793168,
    "device": "cpu"
  },
  "valid_buy_auc": 0.5213076332484745,
  "valid_buy_positive_rate": 0.27933673469387754,
  "valid_buy_prob_mean": 0.5388245582580566,
  "valid_buy_prob_std": 0.10592127591371536,
  "valid_buy_prob_min": 0.3161248564720154,
  "valid_buy_prob_max": 0.8605836629867554,
  "valid_buy_acc_05": 0.461734693877551,
  "valid_buy_precision_05": 0.27593818984547464,
  "valid_buy_recall_05": 0.5707762557077626,
  "valid_buy_f1_05": 0.37202380952380953,
  "valid_buy_q90_threshold": 0.6829538345336914,
  "valid_buy_q95_threshold": 0.7226963639259338,
  "test_buy_auc": 0.501469017094017,
  "test_buy_positive_rate": 0.2653061224489796,
  "test_buy_prob_mean": 0.4990055561065674,
  "test_buy_prob_std": 0.10629545897245407,
  "test_buy_prob_min": 0.27765199542045593,
  "test_buy_prob_max": 0.8053834438323975,
  "test_buy_acc_05": 0.5153061224489796,
  "test_buy_precision_05": 0.25287356321839083,
  "test_buy_recall_05": 0.4230769230769231,
  "test_buy_f1_05": 0.31654676258992803,
  "test_buy_q90_threshold": 0.6590509414672852,
  "test_buy_q95_threshold": 0.7091912031173706,
  "valid_sell_auc": 0.5543365557622518,
  "valid_sell_positive_rate": 0.3086734693877551,
  "valid_sell_prob_mean": 0.5470027327537537,
  "valid_sell_prob_std": 0.25190022587776184,
  "valid_sell_prob_min": 0.08283370733261108,
  "valid_sell_prob_max": 0.9577328562736511,
  "valid_sell_acc_05": 0.5178571428571429,
  "valid_sell_precision_05": 0.3425925925925926,
  "valid_sell_recall_05": 0.6115702479338843,
  "valid_sell_f1_05": 0.4391691394658754,
  "valid_sell_q90_threshold": 0.8749759793281555,
  "valid_sell_q95_threshold": 0.9022319316864014,
  "test_sell_auc": 0.4990518598134428,
  "test_sell_positive_rate": 0.3048469387755102,
  "test_sell_prob_mean": 0.5280725359916687,
  "test_sell_prob_std": 0.24826973676681519,
  "test_sell_prob_min": 0.048100776970386505,
  "test_sell_prob_max": 0.938082218170166,
  "test_sell_acc_05": 0.5,
  "test_sell_precision_05": 0.3182897862232779,
  "test_sell_recall_05": 0.5606694560669456,
  "test_sell_f1_05": 0.40606060606060607,
  "test_sell_q90_threshold": 0.8600759506225586,
  "test_sell_q95_threshold": 0.8904038071632385
}