{
  "model": "LSTM",
  "target_col": "label_round_trip_net",
  "feature_count": 194,
  "lookback": 32,
  "horizon": 3,
  "best_valid_auc": 0.6877736961206687,
  "valid_auc": 0.6877736961206687,
  "test_auc": 0.6366783698093101,
  "test_positive_rate": 0.2297510802745819,
  "pred_prob_mean": 0.5855572819709778,
  "pred_prob_std": 0.16399867832660675,
  "pred_prob_min": 0.03810396045446396,
  "pred_prob_max": 0.8397176265716553,
  "selected_threshold": 0.7304585695266724,
  "selected_quantile": 0.8,
  "selected_threshold_test_stats": {
    "threshold": 0.7304585695266724,
    "horizon": 3,
    "round_trip_cost": 0.003,
    "trade_count": 554,
    "win_rate": 0.3231046931407942,
    "gross_return_mean": 0.0001674173611303487,
    "net_return_mean": -0.002832582638869651,
    "gross_return_median": -0.00044240257769612157,
    "net_return_median": -0.0034424025776961216,
    "total_return": -0.798238738177203,
    "max_drawdown": -0.7976438987000022,
    "per_trade_sharpe": -0.2758247955084845,
    "trades_per_year": 618.4218859435024,
    "bar_annualized_sharpe": -29.727720325745217,
    "sharpe": -6.859235759606757,
    "avg_pred_prob": 0.7588168866797905,
    "positive_label_rate": 0.3231046931407942,
    "selected_by": "validation_net_return_mean",
    "selected_quantile": 0.8
  },
  "output_dir": "outputs\\diagnostics\\model_backtests\\lstm"
}