{
  "model": "LSTM",
  "target_col": "label_round_trip_net",
  "feature_count": 194,
  "lookback": 32,
  "horizon": 3,
  "best_valid_auc": 0.6869289849960842,
  "valid_auc": 0.6869289849960842,
  "test_auc": 0.6344462235063911,
  "test_positive_rate": 0.2297510802745819,
  "pred_prob_mean": 0.5861124992370605,
  "pred_prob_std": 0.1596294492483139,
  "pred_prob_min": 0.038012851029634476,
  "pred_prob_max": 0.8507240414619446,
  "selected_threshold": 0.7758893430233001,
  "selected_quantile": 0.95,
  "selected_threshold_test_stats": {
    "threshold": 0.7758893430233001,
    "horizon": 3,
    "round_trip_cost": 0.003,
    "trade_count": 129,
    "win_rate": 0.40310077519379844,
    "gross_return_mean": 0.0008393828151803036,
    "net_return_mean": -0.0021606171848196965,
    "gross_return_median": 0.0006510416666667407,
    "net_return_median": -0.0023489583333332594,
    "total_return": -0.25119018338652044,
    "max_drawdown": -0.259657732480285,
    "sharpe": -18.446797312099328,
    "avg_pred_prob": 0.7891543692396593,
    "positive_label_rate": 0.40310077519379844,
    "selected_by": "validation_net_return_mean",
    "selected_quantile": 0.95
  },
  "output_dir": "outputs\\diagnostics\\model_backtests\\lstm"
}