{
  "model": "LSTM",
  "target_col": "buy_label",
  "label_mode": "path_dependent_opportunity",
  "feature_count": 194,
  "lookback": 32,
  "horizon": 3,
  "valid_buy_auc": 0.5691010127717703,
  "test_buy_auc": 0.5259130033865379,
  "test_sell_auc": NaN,
  "test_action_acc": 0.3353417621493481,
  "test_buy_rate": 0.2813117344922955,
  "test_sell_rate": 0.0,
  "pred_prob_mean": 0.579969048500061,
  "pred_prob_max": 0.73902827501297,
  "selected_threshold": 0.6617163985967636,
  "selected_quantile": 0.95,
  "selected_threshold_test_stats": {
    "threshold": 0.6617163985967636,
    "horizon": 3,
    "round_trip_cost": 0.003,
    "trade_count": 205,
    "win_rate": 0.32195121951219513,
    "gross_return_mean": -0.00042754039773381416,
    "net_return_mean": -0.003427540397733814,
    "gross_return_median": -0.0002647136680490325,
    "net_return_median": -0.0032647136680490326,
    "total_return": -0.5107579423033222,
    "max_drawdown": -0.5091307275663715,
    "per_trade_sharpe": -0.33002486044889134,
    "trades_per_year": 228.18704168121647,
    "bar_annualized_sharpe": -35.5692704634524,
    "sharpe": -4.985309724522971,
    "avg_pred_prob": 0.6738837215958572,
    "positive_label_rate": 0.3024390243902439,
    "buy_label_rate": 0.0,
    "selected_by": "fixed_validation_buy_probability_quantile",
    "selected_quantile": 0.95
  },
  "output_dir": "outputs\\diagnostics\\model_backtests\\lstm"
}