{
  "model": "LSTM",
  "target_col": "label_round_trip_net",
  "feature_count": 194,
  "lookback": 32,
  "horizon": 3,
  "best_valid_auc": 0.6846798733091203,
  "valid_auc": 0.6846798733091203,
  "test_auc": 0.6360080974088425,
  "test_positive_rate": 0.2297510802745819,
  "pred_prob_mean": 0.5755975246429443,
  "pred_prob_std": 0.1666402369737625,
  "pred_prob_min": 0.03165164962410927,
  "pred_prob_max": 0.843171238899231,
  "selected_threshold": 0.7420961678028106,
  "selected_quantile": 0.85,
  "selected_threshold_test_stats": {
    "threshold": 0.7420961678028106,
    "horizon": 3,
    "round_trip_cost": 0.003,
    "trade_count": 420,
    "win_rate": 0.33095238095238094,
    "gross_return_mean": 0.00038785981147876927,
    "net_return_mean": -0.0026121401885212314,
    "gross_return_median": -0.000355850119851564,
    "net_return_median": -0.003355850119851564,
    "total_return": -0.6750569858762164,
    "max_drawdown": -0.6767651948904236,
    "sharpe": -25.479556751800274,
    "avg_pred_prob": 0.7647205508890607,
    "positive_label_rate": 0.33095238095238094,
    "selected_by": "validation_net_return_mean",
    "selected_quantile": 0.85
  },
  "output_dir": "outputs\\diagnostics\\model_backtests\\lstm"
}