{
  "total_return": -0.005327618585171834,
  "annualized_return": -0.32181502382873595,
  "max_drawdown": -0.015433457281648133,
  "sharpe": -2.8137793380821194,
  "sortino": -4.918965766255459,
  "calmar": -20.851777923499032,
  "trade_count": 1,
  "win_rate": 1.0,
  "avg_net_return_per_trade": 0.0007911272401068849,
  "median_net_return_per_trade": 0.0007911272401068849,
  "backtest_mode": "a_share_inventory_t0",
  "trade_direction_mode": "sell_only",
  "buy_threshold": 0.4649245523000572,
  "sell_threshold": 0.4885400796045951,
  "initial_capital": 1000000.0,
  "final_equity": 994427.6920090001,
  "final_benchmark_equity": 993604.0,
  "final_alpha_equity": 1000823.6920090001,
  "alpha_total_return": 0.000823692009000121,
  "alpha_sharpe": 4.116131020782447,
  "alpha_sortino": 3.02498492089339,
  "alpha_calmar": 97.75013400371955,
  "alpha_max_drawdown": -0.0006310227852005523,
  "base_shares": 8200,
  "ending_shares": 8200,
  "base_position_pct": 0.6,
  "max_t0_trade_pct": 0.3,
  "max_participation_rate": 0.05,
  "commission_rate": 0.001,
  "slippage_rate": 0.001,
  "tp": 0.003,
  "sl": 0.002,
  "no_overnight": true
}