model_label,epoch,train_loss,valid_loss,valid_auc,valid_prob_mean,valid_prob_max
LSTM_buy,1,1.081149613535082,0.9621248841285706,0.5353682813536829,0.39407777786254883,0.4869728982448578
LSTM_buy,2,0.9815063750421679,0.9551472663879395,0.5064366290643663,0.47527948021888733,0.6412721276283264
LSTM_buy,3,0.9306319613714475,0.9961514472961426,0.47485069674850694,0.5536991953849792,0.7773593664169312
