model_label,epoch,train_loss,valid_loss,valid_auc,valid_prob_mean,valid_prob_max
LSTM_sell,1,0.9881925743979376,0.8886881470680237,0.5226277372262773,0.3700399398803711,0.5299245715141296
LSTM_sell,2,0.9115333331597818,0.8999898433685303,0.458792302587923,0.4065580368041992,0.6165597438812256
LSTM_sell,3,0.8740393825479456,0.9277264475822449,0.44100862641008626,0.44483697414398193,0.6620786190032959
