{
  "model": "LSTM",
  "target_col_buy": "buy_label",
  "target_col_sell": "sell_label",
  "feature_count": 194,
  "lookback": 8,
  "params": {
    "hidden_dim": 256,
    "num_layers": 2,
    "dropout": 0.3,
    "output_dim": 1
  },
  "buy_fit": {
    "best_score": 0.5353682813536829,
    "best_valid_auc": 0.5353682813536829,
    "epochs_ran": 3,
    "pos_rate": 0.30574324324324326,
    "pos_weight": 2.270718232044199,
    "device": "cpu"
  },
  "sell_fit": {
    "best_score": 0.5226277372262773,
    "best_valid_auc": 0.5226277372262773,
    "epochs_ran": 3,
    "pos_rate": 0.33783783783783783,
    "pos_weight": 1.9600000000000002,
    "device": "cpu"
  },
  "valid_buy_auc": 0.5353682813536829,
  "valid_buy_positive_rate": 0.2864583333333333,
  "valid_buy_prob_mean": 0.39407777786254883,
  "valid_buy_prob_std": 0.03356170654296875,
  "valid_buy_prob_min": 0.3163512051105499,
  "valid_buy_prob_max": 0.4869728982448578,
  "valid_buy_acc_05": 0.7135416666666666,
  "valid_buy_precision_05": 0.0,
  "valid_buy_recall_05": 0.0,
  "valid_buy_f1_05": 0.0,
  "valid_buy_q90_threshold": 0.43431442975997925,
  "valid_buy_q95_threshold": 0.44668060541152954,
  "test_buy_auc": 0.5244791666666666,
  "test_buy_positive_rate": 0.21052631578947367,
  "test_buy_prob_mean": 0.3451775014400482,
  "test_buy_prob_std": 0.03294551745057106,
  "test_buy_prob_min": 0.27551648020744324,
  "test_buy_prob_max": 0.42872095108032227,
  "test_buy_acc_05": 0.7894736842105263,
  "test_buy_precision_05": 0.0,
  "test_buy_recall_05": 0.0,
  "test_buy_f1_05": 0.0,
  "test_buy_q90_threshold": 0.382935494184494,
  "test_buy_q95_threshold": 0.39775893092155457,
  "valid_sell_auc": 0.5226277372262773,
  "valid_sell_positive_rate": 0.2864583333333333,
  "valid_sell_prob_mean": 0.3700399398803711,
  "valid_sell_prob_std": 0.05322685465216637,
  "valid_sell_prob_min": 0.28962671756744385,
  "valid_sell_prob_max": 0.5299245715141296,
  "valid_sell_acc_05": 0.6927083333333334,
  "valid_sell_precision_05": 0.3,
  "valid_sell_recall_05": 0.05454545454545454,
  "valid_sell_f1_05": 0.09230769230769231,
  "valid_sell_q90_threshold": 0.4279952943325043,
  "valid_sell_q95_threshold": 0.5003015398979187,
  "test_sell_auc": 0.5127450980392156,
  "test_sell_positive_rate": 0.32894736842105265,
  "test_sell_prob_mean": 0.36147117614746094,
  "test_sell_prob_std": 0.04007754474878311,
  "test_sell_prob_min": 0.2898416817188263,
  "test_sell_prob_max": 0.4663827419281006,
  "test_sell_acc_05": 0.6710526315789473,
  "test_sell_precision_05": 0.0,
  "test_sell_recall_05": 0.0,
  "test_sell_f1_05": 0.0,
  "test_sell_q90_threshold": 0.42201119661331177,
  "test_sell_q95_threshold": 0.43514925241470337
}