{
  "total_return": -0.09752561540637528,
  "annualized_return": -0.8180294966735959,
  "max_drawdown": -0.11541591292337616,
  "sharpe": -6.523366588351976,
  "sortino": -10.35150428157064,
  "calmar": -7.087666474697299,
  "trade_count": 12,
  "win_rate": 0.08333333333333333,
  "avg_net_return_per_trade": -0.004829288651853639,
  "median_net_return_per_trade": -0.006509610535328555,
  "backtest_mode": "a_share_inventory_t0",
  "trade_direction_mode": "sell_only",
  "buy_threshold": 0.6345955163240432,
  "sell_threshold": 0.8987929791212081,
  "initial_capital": 1000000.0,
  "final_equity": 906037.3534640004,
  "final_benchmark_equity": 912204.0,
  "final_alpha_equity": 993833.3534640004,
  "alpha_total_return": -0.006166646535999631,
  "alpha_sharpe": -9.178921159351003,
  "alpha_sortino": -2.83621471192992,
  "alpha_calmar": -13.902252139770154,
  "alpha_max_drawdown": -0.007021492632557025,
  "base_shares": 9400,
  "ending_shares": 9400,
  "base_position_pct": 0.6,
  "max_t0_trade_pct": 0.3,
  "max_participation_rate": 0.05,
  "commission_rate": 0.001,
  "slippage_rate": 0.001,
  "tp": 0.003,
  "sl": 0.002,
  "stop_loss_cooldown_bars": 6,
  "daily_max_trades": 0,
  "daily_max_losses": 2,
  "daily_loss_limit": 0.0,
  "no_overnight": true
}