{
  "model": "LSTM",
  "target_col_buy": "buy_label",
  "target_col_sell": "sell_label",
  "feature_count": 194,
  "lookback": 8,
  "params": {
    "hidden_dim": 256,
    "num_layers": 2,
    "dropout": 0.3,
    "output_dim": 1
  },
  "buy_fit": {
    "best_score": 0.5494434931506849,
    "best_valid_auc": 0.5494434931506849,
    "epochs_ran": 17,
    "pos_rate": 0.2640977443609023,
    "pos_weight": 2.786476868327402,
    "device": "cpu"
  },
  "sell_fit": {
    "best_score": 0.5465755170268427,
    "best_valid_auc": 0.5465755170268427,
    "epochs_ran": 12,
    "pos_rate": 0.3367794486215539,
    "pos_weight": 1.9693023255813953,
    "device": "cpu"
  },
  "valid_buy_auc": 0.5494434931506849,
  "valid_buy_positive_rate": 0.26262626262626265,
  "valid_buy_prob_mean": 0.3908475637435913,
  "valid_buy_prob_std": 0.16761307418346405,
  "valid_buy_prob_min": 0.06502076238393784,
  "valid_buy_prob_max": 0.8051755428314209,
  "valid_buy_acc_05": 0.6262626262626263,
  "valid_buy_precision_05": 0.3103448275862069,
  "valid_buy_recall_05": 0.34615384615384615,
  "valid_buy_f1_05": 0.32727272727272727,
  "valid_buy_q90_threshold": 0.6225091218948364,
  "valid_buy_q95_threshold": 0.6654055714607239,
  "test_buy_auc": 0.5069605195473251,
  "test_buy_positive_rate": 0.2727272727272727,
  "test_buy_prob_mean": 0.41893744468688965,
  "test_buy_prob_std": 0.1859348863363266,
  "test_buy_prob_min": 0.030501913279294968,
  "test_buy_prob_max": 0.8310136795043945,
  "test_buy_acc_05": 0.5732323232323232,
  "test_buy_precision_05": 0.2867132867132867,
  "test_buy_recall_05": 0.37962962962962965,
  "test_buy_f1_05": 0.32669322709163345,
  "test_buy_q90_threshold": 0.6705853343009949,
  "test_buy_q95_threshold": 0.7130329012870789,
  "valid_sell_auc": 0.5465755170268427,
  "valid_sell_positive_rate": 0.3068181818181818,
  "valid_sell_prob_mean": 0.48660463094711304,
  "valid_sell_prob_std": 0.06997591257095337,
  "valid_sell_prob_min": 0.3168350160121918,
  "valid_sell_prob_max": 0.8154947757720947,
  "valid_sell_acc_05": 0.577020202020202,
  "valid_sell_precision_05": 0.34868421052631576,
  "valid_sell_recall_05": 0.43621399176954734,
  "valid_sell_f1_05": 0.3875685557586837,
  "valid_sell_q90_threshold": 0.5750244855880737,
  "valid_sell_q95_threshold": 0.6038862466812134,
  "test_sell_auc": 0.5054382376516764,
  "test_sell_positive_rate": 0.3611111111111111,
  "test_sell_prob_mean": 0.4638916552066803,
  "test_sell_prob_std": 0.06769129633903503,
  "test_sell_prob_min": 0.22916772961616516,
  "test_sell_prob_max": 0.6683749556541443,
  "test_sell_acc_05": 0.5492424242424242,
  "test_sell_precision_05": 0.35269709543568467,
  "test_sell_recall_05": 0.2972027972027972,
  "test_sell_f1_05": 0.3225806451612903,
  "test_sell_q90_threshold": 0.5463353395462036,
  "test_sell_q95_threshold": 0.5699006915092468
}