model,side,valid_auc,raw_weight,weight,weight_method
transformer_lstm,buy,0.5481199945703815,0.04811999457038152,0.19414019715224565,valid_auc_edge_over_0p5
lstm,buy,0.5405185285733678,0.040518528573367796,0.1634720700985764,valid_auc_edge_over_0p5
cnn,buy,0.5998371114429211,0.09983711144292107,0.4027929901423874,valid_auc_edge_over_0p5
mlp,buy,0.5593864531016696,0.05938645310166957,0.2395947426067906,valid_auc_edge_over_0p5
