model,side,valid_auc,raw_weight,weight,weight_method
transformer_lstm,sell,0.5461143786760105,0.04611437867601054,0.24915483434753224,valid_auc_edge_over_0p5
lstm,sell,0.5119509448129146,0.011950944812914588,0.06457065584854664,valid_auc_edge_over_0p5
cnn,sell,0.5543736703791765,0.05437367037917651,0.293779580797836,valid_auc_edge_over_0p5
mlp,sell,0.5726442247528469,0.07264422475284693,0.39249492900608507,valid_auc_edge_over_0p5
