{
  "model": "auc_weighted_ensemble",
  "member_models": [
    "transformer_lstm",
    "lstm",
    "cnn",
    "mlp"
  ],
  "buy_weight_method": "valid_auc_edge_over_0p5",
  "sell_weight_method": "valid_auc_edge_over_0p5",
  "feature_count": 194,
  "lookback": 8,
  "valid_buy_auc": 0.5835482557350345,
  "valid_buy_positive_rate": 0.2760416666666667,
  "valid_buy_prob_mean": 0.32894720889127643,
  "valid_buy_prob_std": 0.09833742583173634,
  "valid_buy_prob_min": 0.1659882121759203,
  "valid_buy_prob_max": 0.5718190818698619,
  "valid_buy_acc_05": 0.734375,
  "valid_buy_precision_05": 0.5833333333333334,
  "valid_buy_recall_05": 0.1320754716981132,
  "valid_buy_f1_05": 0.2153846153846154,
  "valid_buy_q90_threshold": 0.45641179639613516,
  "valid_buy_q95_threshold": 0.5084829671873515,
  "test_buy_auc": 0.5923972753241046,
  "test_buy_positive_rate": 0.26973684210526316,
  "test_buy_prob_mean": 0.3267385740262056,
  "test_buy_prob_std": 0.08572915797814651,
  "test_buy_prob_min": 0.1868087953835857,
  "test_buy_prob_max": 0.5487098818785651,
  "test_buy_acc_05": 0.7236842105263158,
  "test_buy_precision_05": 0.42857142857142855,
  "test_buy_recall_05": 0.07317073170731707,
  "test_buy_f1_05": 0.125,
  "test_buy_q90_threshold": 0.45614677326017256,
  "test_buy_q95_threshold": 0.493747404798343,
  "valid_sell_auc": 0.561131272681767,
  "valid_sell_positive_rate": 0.3177083333333333,
  "valid_sell_prob_mean": 0.41553798923975355,
  "valid_sell_prob_std": 0.10685523872172627,
  "valid_sell_prob_min": 0.16251837946298237,
  "valid_sell_prob_max": 0.673766694091477,
  "valid_sell_acc_05": 0.65625,
  "valid_sell_precision_05": 0.4444444444444444,
  "valid_sell_recall_05": 0.32786885245901637,
  "valid_sell_f1_05": 0.37735849056603776,
  "valid_sell_q90_threshold": 0.5606093636683067,
  "valid_sell_q95_threshold": 0.602220640428732,
  "test_sell_auc": 0.5835294117647059,
  "test_sell_positive_rate": 0.32894736842105265,
  "test_sell_prob_mean": 0.4334744396121873,
  "test_sell_prob_std": 0.0888196334784878,
  "test_sell_prob_min": 0.2450577807565491,
  "test_sell_prob_max": 0.6461662516914727,
  "test_sell_acc_05": 0.5657894736842105,
  "test_sell_precision_05": 0.30952380952380953,
  "test_sell_recall_05": 0.26,
  "test_sell_f1_05": 0.2826086956521739,
  "test_sell_q90_threshold": 0.5550340817486862,
  "test_sell_q95_threshold": 0.578473420003385
}