{
  "model": "LSTM",
  "target_col_buy": "buy_label",
  "target_col_sell": "sell_label",
  "feature_count": 194,
  "lookback": 16,
  "params": {
    "hidden_dim": 256,
    "num_layers": 2,
    "dropout": 0.3,
    "output_dim": 1
  },
  "buy_fit": {
    "best_score": 0.5556390224358975,
    "best_valid_auc": 0.5556390224358975,
    "epochs_ran": 17,
    "pos_rate": 0.2638190954773869,
    "pos_weight": 2.7904761904761908,
    "device": "cpu"
  },
  "sell_fit": {
    "best_score": 0.5589881386511074,
    "best_valid_auc": 0.5589881386511074,
    "epochs_ran": 12,
    "pos_rate": 0.33699748743718594,
    "pos_weight": 1.9673811742777259,
    "device": "cpu"
  },
  "valid_buy_auc": 0.5556390224358975,
  "valid_buy_positive_rate": 0.2653061224489796,
  "valid_buy_prob_mean": 0.35494089126586914,
  "valid_buy_prob_std": 0.16563764214515686,
  "valid_buy_prob_min": 0.047401655465364456,
  "valid_buy_prob_max": 0.7737067341804504,
  "valid_buy_acc_05": 0.6441326530612245,
  "valid_buy_precision_05": 0.29714285714285715,
  "valid_buy_recall_05": 0.25,
  "valid_buy_f1_05": 0.27154046997389036,
  "valid_buy_q90_threshold": 0.6085138320922852,
  "valid_buy_q95_threshold": 0.6505905985832214,
  "test_buy_auc": 0.5254303599374022,
  "test_buy_positive_rate": 0.2755102040816326,
  "test_buy_prob_mean": 0.4260849356651306,
  "test_buy_prob_std": 0.1662023663520813,
  "test_buy_prob_min": 0.03770480677485466,
  "test_buy_prob_max": 0.8024656176567078,
  "test_buy_acc_05": 0.5739795918367347,
  "test_buy_precision_05": 0.286231884057971,
  "test_buy_recall_05": 0.36574074074074076,
  "test_buy_f1_05": 0.32113821138211385,
  "test_buy_q90_threshold": 0.6548182368278503,
  "test_buy_q95_threshold": 0.6920856833457947,
  "valid_sell_auc": 0.5589881386511074,
  "valid_sell_positive_rate": 0.3048469387755102,
  "valid_sell_prob_mean": 0.4928703308105469,
  "valid_sell_prob_std": 0.07188807427883148,
  "valid_sell_prob_min": 0.2992657721042633,
  "valid_sell_prob_max": 0.761046826839447,
  "valid_sell_acc_05": 0.5650510204081632,
  "valid_sell_precision_05": 0.34911242603550297,
  "valid_sell_recall_05": 0.49372384937238495,
  "valid_sell_f1_05": 0.4090121317157712,
  "valid_sell_q90_threshold": 0.5846797227859497,
  "valid_sell_q95_threshold": 0.6179429888725281,
  "test_sell_auc": 0.4993732394366197,
  "test_sell_positive_rate": 0.3622448979591837,
  "test_sell_prob_mean": 0.47132250666618347,
  "test_sell_prob_std": 0.0721878856420517,
  "test_sell_prob_min": 0.2262059599161148,
  "test_sell_prob_max": 0.6819136142730713,
  "test_sell_acc_05": 0.548469387755102,
  "test_sell_precision_05": 0.3684210526315789,
  "test_sell_recall_05": 0.34507042253521125,
  "test_sell_f1_05": 0.3563636363636364,
  "test_sell_q90_threshold": 0.5620926022529602,
  "test_sell_q95_threshold": 0.5847963094711304
}