{
  "total_return": 0.0816912140010777,
  "annualized_return": 2.133112731878644,
  "max_drawdown": -0.045205118887978624,
  "sharpe": 4.306749640388382,
  "sortino": 7.306083835952844,
  "calmar": 47.18741559257135,
  "trade_count": 3,
  "win_rate": 0.6666666666666666,
  "avg_net_return_per_trade": -9.356746828736735e-05,
  "median_net_return_per_trade": 0.0017141755306441268,
  "backtest_mode": "a_share_inventory_t0",
  "trade_direction_mode": "sell_only",
  "buy_threshold": 0.669258889555931,
  "sell_threshold": 0.600377938747406,
  "initial_capital": 1000000.0,
  "final_equity": 1080085.9842395,
  "final_benchmark_equity": 1079288.0,
  "final_alpha_equity": 1000797.9842395,
  "alpha_total_return": 0.0007979842395000603,
  "alpha_sharpe": 1.3126843564169839,
  "alpha_sortino": 0.40094102401781445,
  "alpha_calmar": 6.107738674283374,
  "alpha_max_drawdown": -0.0019104091676752644,
  "base_shares": 10600,
  "ending_shares": 10600,
  "base_position_pct": 0.6,
  "max_t0_trade_pct": 0.3,
  "max_participation_rate": 0.05,
  "commission_rate": 0.001,
  "slippage_rate": 0.0005,
  "tp": 0.004,
  "sl": 0.002,
  "stop_loss_cooldown_bars": 0,
  "daily_max_trades": 0,
  "daily_max_losses": 0,
  "daily_loss_limit": 0.0,
  "no_overnight": true
}