{
  "total_return": -0.029600589553096857,
  "annualized_return": -0.9734542586654623,
  "max_drawdown": -0.030650479314671908,
  "sharpe": -14.921942880574079,
  "sortino": -26.87952065406541,
  "calmar": -31.75983803292384,
  "trade_count": 1,
  "win_rate": 0.0,
  "avg_net_return_per_trade": -0.001617937318745817,
  "median_net_return_per_trade": -0.001617937318745817,
  "backtest_mode": "a_share_inventory_t0",
  "trade_direction_mode": "sell_only",
  "buy_threshold": 0.5746058157671509,
  "sell_threshold": 0.5882390618324279,
  "initial_capital": 1000000.0,
  "final_equity": 970501.302385,
  "final_benchmark_equity": 970390.0,
  "final_alpha_equity": 1000111.302385,
  "alpha_total_return": 0.00011130238500012268,
  "alpha_sharpe": 0.7282358147594079,
  "alpha_sortino": 0.2658578020883261,
  "alpha_calmar": 19.77632687932508,
  "alpha_max_drawdown": -0.0006842601729795117,
  "base_shares": 10500,
  "ending_shares": 10500,
  "base_position_pct": 0.6,
  "max_t0_trade_pct": 0.3,
  "max_participation_rate": 0.02,
  "commission_rate": 0.0015,
  "slippage_rate": 0.001,
  "tp": 0.003,
  "sl": 0.002,
  "no_overnight": true
}