{
  "total_return": -0.09500374130450495,
  "annualized_return": -0.8090004275034709,
  "max_drawdown": -0.11474705086056192,
  "sharpe": -6.159927600555755,
  "sortino": -9.851011482057544,
  "calmar": -7.050293854493484,
  "trade_count": 5,
  "win_rate": 0.2,
  "avg_net_return_per_trade": -0.007145177640663411,
  "median_net_return_per_trade": -0.008802669803544213,
  "backtest_mode": "a_share_inventory_t0",
  "trade_direction_mode": "sell_only",
  "buy_threshold": 0.653843879699707,
  "sell_threshold": 0.9692891389131546,
  "initial_capital": 1000000.0,
  "final_equity": 909380.9655688747,
  "final_benchmark_equity": 913740.0,
  "final_alpha_equity": 995640.9655688747,
  "alpha_total_return": -0.004359034431125286,
  "alpha_sharpe": -6.908362338049064,
  "alpha_sortino": -1.9624460434469313,
  "alpha_calmar": -12.115687158219561,
  "alpha_max_drawdown": -0.005768217270017861,
  "base_shares": 9500,
  "ending_shares": 9500,
  "base_position_pct": 0.6,
  "max_t0_trade_pct": 0.3,
  "max_participation_rate": 0.05,
  "commission_rate": 0.0015,
  "slippage_rate": 0.00075,
  "tp": 0.004,
  "sl": 0.003,
  "stop_loss_cooldown_bars": 6,
  "daily_max_trades": 0,
  "daily_max_losses": 2,
  "daily_loss_limit": 0.0,
  "no_overnight": true
}