{
  "scenario_count": 12,
  "all_alpha_positive": false,
  "min_alpha_total_return": -0.0001284596952499939,
  "worst_alpha_max_drawdown": -0.001753668768009975,
  "min_trade_count": 5
}