{
  "total_return": -0.044086329405970126,
  "annualized_return": -0.5396945347780311,
  "max_drawdown": -0.07888629107532585,
  "sharpe": -2.063555764051419,
  "sortino": -1.9582852795787318,
  "calmar": -6.841423616464551,
  "trade_count": 5,
  "win_rate": 0.6,
  "avg_net_return_per_trade": -0.001767334813827056,
  "median_net_return_per_trade": 0.0003149501959676701,
  "backtest_mode": "a_share_inventory_t0",
  "trade_direction_mode": "sell_only",
  "buy_threshold": 0.7473482042551041,
  "sell_threshold": 0.9047144800424576,
  "initial_capital": 1000000.0,
  "final_equity": 958279.5569287501,
  "final_benchmark_equity": 957628.0,
  "final_alpha_equity": 1000651.5569287501,
  "alpha_total_return": 0.0006515569287501854,
  "alpha_sharpe": 0.8512051456697665,
  "alpha_sortino": 0.4289486235523629,
  "alpha_calmar": 7.019833727822295,
  "alpha_max_drawdown": -0.001605641316749895,
  "base_shares": 9900,
  "ending_shares": 9900,
  "base_position_pct": 0.6,
  "max_t0_trade_pct": 0.3,
  "max_participation_rate": 0.05,
  "commission_rate": 0.001,
  "slippage_rate": 0.00075,
  "tp": 0.003,
  "sl": 0.002,
  "stop_loss_cooldown_bars": 0,
  "daily_max_trades": 0,
  "daily_max_losses": 0,
  "daily_loss_limit": 0.0,
  "no_overnight": true
}