{
  "total_return": -0.04813610061844231,
  "annualized_return": -0.5582932520931805,
  "max_drawdown": -0.07943924874928021,
  "sharpe": -2.411519397960417,
  "sortino": -2.289202357372711,
  "calmar": -7.027927137821014,
  "trade_count": 6,
  "win_rate": 0.3333333333333333,
  "avg_net_return_per_trade": -0.00292231961020106,
  "median_net_return_per_trade": -0.005149202080537593,
  "backtest_mode": "a_share_inventory_t0",
  "trade_direction_mode": "sell_only",
  "buy_threshold": 0.6873311519622802,
  "sell_threshold": 0.8863193106651306,
  "initial_capital": 1000000.0,
  "final_equity": 951490.7687330001,
  "final_benchmark_equity": 953450.0,
  "final_alpha_equity": 998040.7687330001,
  "alpha_total_return": -0.001959231266999817,
  "alpha_sharpe": -3.5486003542898037,
  "alpha_sortino": -1.428075877843788,
  "alpha_calmar": -9.676688489105395,
  "alpha_max_drawdown": -0.0033028655579999677,
  "base_shares": 9800,
  "ending_shares": 9800,
  "base_position_pct": 0.6,
  "max_t0_trade_pct": 0.3,
  "max_participation_rate": 0.05,
  "commission_rate": 0.001,
  "slippage_rate": 0.0005,
  "tp": 0.004,
  "sl": 0.002,
  "stop_loss_cooldown_bars": 6,
  "daily_max_trades": 0,
  "daily_max_losses": 2,
  "daily_loss_limit": 0.0,
  "no_overnight": true
}