{
  "total_return": 0.08210686714434212,
  "annualized_return": 2.1506676358277623,
  "max_drawdown": -0.04479052204663059,
  "sharpe": 4.326073597197237,
  "sortino": 7.349998812137392,
  "calmar": 48.016132377040435,
  "trade_count": 1,
  "win_rate": 1.0,
  "avg_net_return_per_trade": 0.0030891171575929714,
  "median_net_return_per_trade": 0.0030891171575929714,
  "backtest_mode": "a_share_inventory_t0",
  "trade_direction_mode": "sell_only",
  "buy_threshold": 0.669258889555931,
  "sell_threshold": 0.6268048995733261,
  "initial_capital": 1000000.0,
  "final_equity": 1080501.0205535,
  "final_benchmark_equity": 1079288.0,
  "final_alpha_equity": 1001213.0205534999,
  "alpha_total_return": 0.0012130205534999217,
  "alpha_sharpe": 3.057078347691448,
  "alpha_sortino": 0.7675044010607258,
  "alpha_calmar": 39.986945057513786,
  "alpha_max_drawdown": -0.00044482069971829574,
  "base_shares": 10600,
  "ending_shares": 10600,
  "base_position_pct": 0.6,
  "max_t0_trade_pct": 0.3,
  "max_participation_rate": 0.05,
  "commission_rate": 0.001,
  "slippage_rate": 0.0005,
  "tp": 0.004,
  "sl": 0.002,
  "stop_loss_cooldown_bars": 0,
  "daily_max_trades": 0,
  "daily_max_losses": 0,
  "daily_loss_limit": 0.0,
  "no_overnight": true
}