{
  "total_return": -0.052010104735291995,
  "annualized_return": -0.586684441937707,
  "max_drawdown": -0.07873385018535395,
  "sharpe": -2.5925527445692635,
  "sortino": -2.471654331441551,
  "calmar": -7.451489296618215,
  "trade_count": 6,
  "win_rate": 0.3333333333333333,
  "avg_net_return_per_trade": -0.004375325328541047,
  "median_net_return_per_trade": -0.005903935178696637,
  "backtest_mode": "a_share_inventory_t0",
  "trade_direction_mode": "sell_only",
  "buy_threshold": 0.7211705774068828,
  "sell_threshold": 0.8411550033092499,
  "initial_capital": 1000000.0,
  "final_equity": 947711.1862355002,
  "final_benchmark_equity": 950804.0,
  "final_alpha_equity": 996907.1862355002,
  "alpha_total_return": -0.00309281376449988,
  "alpha_sharpe": -6.972172671757578,
  "alpha_sortino": -1.585085200598229,
  "alpha_calmar": -16.03712213290609,
  "alpha_max_drawdown": -0.003114686130093358,
  "base_shares": 9800,
  "ending_shares": 9800,
  "base_position_pct": 0.6,
  "max_t0_trade_pct": 0.3,
  "max_participation_rate": 0.05,
  "commission_rate": 0.001,
  "slippage_rate": 0.0005,
  "tp": 0.003,
  "sl": 0.002,
  "stop_loss_cooldown_bars": 6,
  "daily_max_trades": 0,
  "daily_max_losses": 2,
  "daily_loss_limit": 0.0,
  "no_overnight": true
}