{
  "lookback": 6,
  "lookback_minutes": 30,
  "horizon": 3,
  "horizon_minutes": 15,
  "best_valid_auc": 0.6137359492846695,
  "valid_auc": 0.6137359492846695,
  "test_auc": 0.5698374327406586,
  "train_positive_rate": 0.27659125443187577,
  "valid_positive_rate": 0.2925411370578382,
  "test_positive_rate": 0.32807881773399017,
  "valid_action_metrics": {
    "accuracy": 0.4407330771504582,
    "buy_auc": 0.6137359492846695,
    "sell_auc": 0.6109754235994505,
    "buy_positive_rate": 0.2925411370578382,
    "sell_positive_rate": 0.35451768647157356,
    "hold_rate": 0.35294117647058826
  },
  "test_action_metrics": {
    "accuracy": 0.38807881773399017,
    "buy_auc": 0.5698374327406586,
    "sell_auc": 0.560186711284254,
    "buy_positive_rate": 0.32807881773399017,
    "sell_positive_rate": 0.3704433497536946,
    "hold_rate": 0.30147783251231525
  },
  "test_trade_return_mean_all": 0.00018418526651994239,
  "test_trade_return_mean_label_1": -6.867890381641511e-05,
  "selected_threshold": 0.5163920640945434,
  "selected_quantile": 0.95,
  "selected_threshold_test_stats": {
    "threshold": 0.5163920640945434,
    "horizon": 3,
    "round_trip_cost": 0.003,
    "trade_count": 170,
    "win_rate": 0.3058823529411765,
    "gross_return_mean": -0.00047153846209082255,
    "net_return_mean": -0.003471538462090823,
    "gross_return_median": -0.0011884691192262653,
    "net_return_median": -0.004188469119226265,
    "total_return": -0.45325208895971236,
    "max_drawdown": -0.4765081133710154,
    "per_trade_sharpe": -0.2850778471470152,
    "trades_per_year": 194.63038746190682,
    "bar_annualized_sharpe": -30.724991549178274,
    "sharpe": -3.9771209072277975,
    "avg_pred_prob": 0.5376196875291712,
    "positive_label_rate": 0.5235294117647059,
    "buy_label_rate": 0.3764705882352941,
    "selected_by": "validation_net_return_mean",
    "selected_quantile": 0.95
  },
  "output_dir": "outputs\\diagnostics\\horizon_compare\\lb6_h3",
  "seed": 42
}