{
  "lookback": 6,
  "lookback_minutes": 30,
  "horizon": 3,
  "horizon_minutes": 15,
  "best_valid_auc": 0.6879667109167011,
  "valid_auc": 0.6879667109167011,
  "test_auc": 0.6342725700955181,
  "train_positive_rate": 0.17028954921492487,
  "valid_positive_rate": 0.20100502512562815,
  "test_positive_rate": 0.22945812807881774,
  "test_trade_return_mean_all": 0.00018418526651994239,
  "test_trade_return_mean_label_1": 0.00867635785389033,
  "selected_threshold": 0.7719616174697876,
  "selected_quantile": 0.95,
  "selected_threshold_test_stats": {
    "threshold": 0.7719616174697876,
    "horizon": 3,
    "round_trip_cost": 0.003,
    "trade_count": 142,
    "win_rate": 0.352112676056338,
    "gross_return_mean": -0.0003376736415043809,
    "net_return_mean": -0.0033376736415043806,
    "gross_return_median": -0.0006524174400173721,
    "net_return_median": -0.003652417440017372,
    "total_return": -0.38421591570929614,
    "max_drawdown": -0.40127039262816655,
    "sharpe": -30.154099934930603,
    "avg_pred_prob": 0.7856015118075089,
    "positive_label_rate": 0.352112676056338,
    "selected_by": "validation_net_return_mean",
    "selected_quantile": 0.95
  },
  "output_dir": "outputs\\diagnostics\\horizon_compare\\lb6_h3"
}