{
  "total_return": -0.048549116305578455,
  "annualized_return": -0.9975470462334994,
  "max_drawdown": -0.06229004762549517,
  "sharpe": -12.622086446352995,
  "sortino": -14.21223544675386,
  "calmar": -16.014549422582327,
  "trade_count": 9,
  "win_rate": 0.2222222222222222,
  "avg_net_return_per_trade": -0.006397678771647107,
  "median_net_return_per_trade": -0.006656416472614832,
  "backtest_mode": "a_share_inventory_t0",
  "trade_direction_mode": "sell_only",
  "buy_threshold": 0.6261110728865316,
  "sell_threshold": 0.5084528925876309,
  "initial_capital": 1000000.0,
  "final_equity": 951131.1961975002,
  "final_benchmark_equity": 957328.0,
  "final_alpha_equity": 993803.1961975002,
  "alpha_total_return": -0.006196803802499762,
  "alpha_sharpe": -24.936529196857418,
  "alpha_sortino": -15.33265555827018,
  "alpha_calmar": -76.76982805861641,
  "alpha_max_drawdown": -0.006877392272364169,
  "base_shares": 8400,
  "ending_shares": 8400,
  "base_position_pct": 0.6,
  "max_t0_trade_pct": 0.3,
  "max_participation_rate": 0.05,
  "commission_rate": 0.001,
  "slippage_rate": 0.0005,
  "tp": 0.003,
  "sl": 0.002,
  "no_overnight": true
}