{
  "total_return": -0.04529606674186626,
  "annualized_return": -0.5363997016141039,
  "max_drawdown": -0.07853633146168604,
  "sharpe": -2.2998846937170563,
  "sortino": -2.1881279885831257,
  "calmar": -6.829956169722373,
  "trade_count": 9,
  "win_rate": 0.5555555555555556,
  "avg_net_return_per_trade": -0.0015909182359982272,
  "median_net_return_per_trade": 0.00010958374054193237,
  "backtest_mode": "a_share_inventory_t0",
  "trade_direction_mode": "sell_only",
  "buy_threshold": 0.7795956283807755,
  "sell_threshold": 0.8284404128789902,
  "initial_capital": 1000000.0,
  "final_equity": 953861.884389,
  "final_benchmark_equity": 953940.0,
  "final_alpha_equity": 999921.884389,
  "alpha_total_return": -7.811561100001807e-05,
  "alpha_sharpe": -0.09808160397824879,
  "alpha_sortino": -0.056895918515292195,
  "alpha_calmar": -0.4471415443177549,
  "alpha_max_drawdown": -0.0028954527910608485,
  "base_shares": 9800,
  "ending_shares": 9800,
  "base_position_pct": 0.6,
  "max_t0_trade_pct": 0.3,
  "max_participation_rate": 0.02,
  "commission_rate": 0.001,
  "slippage_rate": 0.0005,
  "tp": 0.003,
  "sl": 0.002,
  "stop_loss_cooldown_bars": 0,
  "daily_max_trades": 0,
  "daily_max_losses": 0,
  "daily_loss_limit": 0.0,
  "no_overnight": true
}