model_label,epoch,train_loss,valid_loss,valid_auc,valid_prob_mean,valid_prob_max
CNN_buy,1,1.445317893414884,1.129515290260315,0.6083098591549296,0.21707363426685333,0.36566126346588135
CNN_buy,2,1.2794685814831708,1.0810993909835815,0.6311267605633802,0.23577456176280975,0.5177618861198425
CNN_buy,3,1.2122068147401552,1.0740110874176025,0.6305633802816901,0.23981356620788574,0.553674042224884
