model_label,epoch,train_loss,valid_loss,valid_auc,valid_prob_mean,valid_prob_max
CNN_sell,1,1.088271276370899,1.0651558637619019,0.5153920153920154,0.34989628195762634,0.44743919372558594
CNN_sell,2,0.9968619153306291,1.0610065460205078,0.518999518999519,0.3636913299560547,0.5532664656639099
CNN_sell,3,0.9457492409525691,1.0467339754104614,0.5299422799422799,0.3730359375476837,0.5753116607666016
