{
  "model": "CNN",
  "target_col_buy": "buy_label",
  "target_col_sell": "sell_label",
  "feature_count": 194,
  "lookback": 8,
  "params": {
    "channels": 64,
    "kernel_size": 3,
    "dropout": 0.3,
    "output_dim": 1
  },
  "buy_fit": {
    "best_score": 0.6311267605633802,
    "best_valid_auc": 0.6311267605633802,
    "epochs_ran": 3,
    "pos_rate": 0.2905405405405405,
    "pos_weight": 2.441860465116279,
    "device": "cpu"
  },
  "sell_fit": {
    "best_score": 0.5299422799422799,
    "best_valid_auc": 0.5299422799422799,
    "epochs_ran": 3,
    "pos_rate": 0.3158783783783784,
    "pos_weight": 2.1657754010695185,
    "device": "cpu"
  },
  "valid_buy_auc": 0.6311267605633802,
  "valid_buy_positive_rate": 0.2604166666666667,
  "valid_buy_prob_mean": 0.23577456176280975,
  "valid_buy_prob_std": 0.0836673229932785,
  "valid_buy_prob_min": 0.076499342918396,
  "valid_buy_prob_max": 0.5177618861198425,
  "valid_buy_acc_05": 0.734375,
  "valid_buy_precision_05": 0.0,
  "valid_buy_recall_05": 0.0,
  "valid_buy_f1_05": 0.0,
  "valid_buy_q90_threshold": 0.3349393308162689,
  "valid_buy_q95_threshold": 0.35926753282546997,
  "test_buy_auc": 0.46955245781364635,
  "test_buy_positive_rate": 0.3815789473684211,
  "test_buy_prob_mean": 0.2136792689561844,
  "test_buy_prob_std": 0.12940412759780884,
  "test_buy_prob_min": 0.03404127061367035,
  "test_buy_prob_max": 0.5673463344573975,
  "test_buy_acc_05": 0.5855263157894737,
  "test_buy_precision_05": 0.14285714285714285,
  "test_buy_recall_05": 0.017241379310344827,
  "test_buy_f1_05": 0.03076923076923077,
  "test_buy_q90_threshold": 0.39175671339035034,
  "test_buy_q95_threshold": 0.49503132700920105,
  "valid_sell_auc": 0.5299422799422799,
  "valid_sell_positive_rate": 0.34375,
  "valid_sell_prob_mean": 0.3730359375476837,
  "valid_sell_prob_std": 0.0821886733174324,
  "valid_sell_prob_min": 0.19519926607608795,
  "valid_sell_prob_max": 0.5753116607666016,
  "valid_sell_acc_05": 0.640625,
  "valid_sell_precision_05": 0.36363636363636365,
  "valid_sell_recall_05": 0.06060606060606061,
  "valid_sell_f1_05": 0.1038961038961039,
  "valid_sell_q90_threshold": 0.4774520993232727,
  "valid_sell_q95_threshold": 0.5002170205116272,
  "test_sell_auc": 0.48190235690235683,
  "test_sell_positive_rate": 0.2894736842105263,
  "test_sell_prob_mean": 0.4556974172592163,
  "test_sell_prob_std": 0.19343329966068268,
  "test_sell_prob_min": 0.08258964866399765,
  "test_sell_prob_max": 0.8593447208404541,
  "test_sell_acc_05": 0.5,
  "test_sell_precision_05": 0.24193548387096775,
  "test_sell_recall_05": 0.3409090909090909,
  "test_sell_f1_05": 0.2830188679245283,
  "test_sell_q90_threshold": 0.7301362752914429,
  "test_sell_q95_threshold": 0.7691372036933899
}