{
  "total_return": -0.05073408369780941,
  "annualized_return": -0.5778427952050673,
  "max_drawdown": -0.0788644348783698,
  "sharpe": -2.5481081317290113,
  "sortino": -2.4216501844714076,
  "calmar": -7.3270390651534685,
  "trade_count": 11,
  "win_rate": 0.45454545454545453,
  "avg_net_return_per_trade": -0.0022787775989502597,
  "median_net_return_per_trade": -0.004327041397333972,
  "backtest_mode": "a_share_inventory_t0",
  "trade_direction_mode": "sell_only",
  "buy_threshold": 0.7226963907480239,
  "sell_threshold": 0.9074825048446654,
  "initial_capital": 1000000.0,
  "final_equity": 948893.8040630001,
  "final_benchmark_equity": 953450.0,
  "final_alpha_equity": 995443.8040630001,
  "alpha_total_return": -0.004556195936999852,
  "alpha_sharpe": -5.4019467404077,
  "alpha_sortino": -2.0055108999937032,
  "alpha_calmar": -12.247699258046811,
  "alpha_max_drawdown": -0.005947834592999857,
  "base_shares": 9800,
  "ending_shares": 9800,
  "base_position_pct": 0.6,
  "max_t0_trade_pct": 0.3,
  "max_participation_rate": 0.05,
  "commission_rate": 0.001,
  "slippage_rate": 0.0005,
  "tp": 0.003,
  "sl": 0.002,
  "stop_loss_cooldown_bars": 0,
  "daily_max_trades": 0,
  "daily_max_losses": 0,
  "daily_loss_limit": 0.0,
  "no_overnight": true
}