{
  "total_return": -0.09042325836770804,
  "annualized_return": -0.7923204424336056,
  "max_drawdown": -0.11134633668484584,
  "sharpe": -5.852051594212927,
  "sortino": -9.310501073329288,
  "calmar": -7.115819577218653,
  "trade_count": 17,
  "win_rate": 0.5882352941176471,
  "avg_net_return_per_trade": -0.001235929771857332,
  "median_net_return_per_trade": 0.0011118290537158763,
  "backtest_mode": "a_share_inventory_t0",
  "trade_direction_mode": "sell_only",
  "buy_threshold": 0.6520390957593918,
  "sell_threshold": 0.9002538919448853,
  "initial_capital": 1000000.0,
  "final_equity": 913983.6409455005,
  "final_benchmark_equity": 913740.0,
  "final_alpha_equity": 1000243.6409455005,
  "alpha_total_return": 0.00024364094550044513,
  "alpha_sharpe": 0.2783561683857629,
  "alpha_sortino": 0.17589080845582805,
  "alpha_calmar": 0.9961633505843771,
  "alpha_max_drawdown": -0.004063800647104543,
  "base_shares": 9500,
  "ending_shares": 9500,
  "base_position_pct": 0.6,
  "max_t0_trade_pct": 0.3,
  "max_participation_rate": 0.05,
  "commission_rate": 0.001,
  "slippage_rate": 0.0005,
  "tp": 0.004,
  "sl": 0.003,
  "stop_loss_cooldown_bars": 0,
  "daily_max_trades": 0,
  "daily_max_losses": 0,
  "daily_loss_limit": 0.0,
  "no_overnight": true
}