{
  "total_return": 0.000868669166758318,
  "annualized_return": 0.06515666835639844,
  "max_drawdown": -0.01570561660914549,
  "sharpe": 0.8818080137667506,
  "sortino": 1.457477118360049,
  "calmar": 4.148622112579601,
  "trade_count": 3,
  "win_rate": 0.0,
  "avg_net_return_per_trade": -0.008071659952242382,
  "median_net_return_per_trade": -0.008354674212787901,
  "backtest_mode": "a_share_inventory_t0",
  "trade_direction_mode": "sell_only",
  "buy_threshold": 0.5084829671873515,
  "sell_threshold": 0.602220640428732,
  "initial_capital": 1000000.0,
  "final_equity": 1001899.563896,
  "final_benchmark_equity": 1005665.0,
  "final_alpha_equity": 996234.563896,
  "alpha_total_return": -0.0037654361039999307,
  "alpha_sharpe": -19.445285471514715,
  "alpha_sortino": -6.83878015386904,
  "alpha_calmar": -63.70014672339511,
  "alpha_max_drawdown": -0.0037654361039999307,
  "base_shares": 10300,
  "ending_shares": 10300,
  "base_position_pct": 0.6,
  "max_t0_trade_pct": 0.3,
  "max_participation_rate": 0.05,
  "commission_rate": 0.0015,
  "slippage_rate": 0.001,
  "tp": 0.003,
  "sl": 0.002,
  "no_overnight": true
}