{
  "total_return": 0.08132912643262613,
  "annualized_return": 2.117894422797732,
  "max_drawdown": -0.04526860937206545,
  "sharpe": 4.289978345185365,
  "sortino": 7.275492636478548,
  "calmar": 46.78505596208245,
  "trade_count": 3,
  "win_rate": 0.6666666666666666,
  "avg_net_return_per_trade": -0.0014946805196834854,
  "median_net_return_per_trade": 0.0010835303310552415,
  "backtest_mode": "a_share_inventory_t0",
  "trade_direction_mode": "sell_only",
  "buy_threshold": 0.669258889555931,
  "sell_threshold": 0.6061013400554657,
  "initial_capital": 1000000.0,
  "final_equity": 1079724.4340090002,
  "final_benchmark_equity": 1079288.0,
  "final_alpha_equity": 1000436.4340090002,
  "alpha_total_return": 0.00043643400900017504,
  "alpha_sharpe": 0.6794636203282776,
  "alpha_sortino": 0.21525911730885222,
  "alpha_calmar": 2.814241212556124,
  "alpha_max_drawdown": -0.002262067019917824,
  "base_shares": 10600,
  "ending_shares": 10600,
  "base_position_pct": 0.6,
  "max_t0_trade_pct": 0.3,
  "max_participation_rate": 0.05,
  "commission_rate": 0.001,
  "slippage_rate": 0.001,
  "tp": 0.004,
  "sl": 0.002,
  "stop_loss_cooldown_bars": 0,
  "daily_max_trades": 0,
  "daily_max_losses": 0,
  "daily_loss_limit": 0.0,
  "no_overnight": true
}