{
  "total_return": 0.08043465854678322,
  "annualized_return": 2.080595059856456,
  "max_drawdown": -0.04586312723213393,
  "sharpe": 4.242317976796846,
  "sortino": 7.19627808114266,
  "calmar": 45.365311644049655,
  "trade_count": 3,
  "win_rate": 0.6666666666666666,
  "avg_net_return_per_trade": -0.002494680519683486,
  "median_net_return_per_trade": 8.353033105524144e-05,
  "backtest_mode": "a_share_inventory_t0",
  "trade_direction_mode": "sell_only",
  "buy_threshold": 0.669258889555931,
  "sell_threshold": 0.6061013400554657,
  "initial_capital": 1000000.0,
  "final_equity": 1078831.2935135,
  "final_benchmark_equity": 1079288.0,
  "final_alpha_equity": 999543.2935134999,
  "alpha_total_return": -0.0004567064865000914,
  "alpha_sharpe": -0.6572937118972066,
  "alpha_sortino": -0.19232633915912437,
  "alpha_calmar": -2.3174833853325203,
  "alpha_max_drawdown": -0.0028572099776331683,
  "base_shares": 10600,
  "ending_shares": 10600,
  "base_position_pct": 0.6,
  "max_t0_trade_pct": 0.3,
  "max_participation_rate": 0.05,
  "commission_rate": 0.0015,
  "slippage_rate": 0.001,
  "tp": 0.004,
  "sl": 0.002,
  "stop_loss_cooldown_bars": 0,
  "daily_max_trades": 0,
  "daily_max_losses": 0,
  "daily_loss_limit": 0.0,
  "no_overnight": true
}