{
  "scenario_count": 12,
  "all_alpha_positive": false,
  "min_alpha_total_return": -0.001122285552000002,
  "worst_alpha_max_drawdown": -0.0014583382672215262,
  "min_trade_count": 1
}