{
  "total_return": -0.029157027319631434,
  "annualized_return": -0.9719479848093764,
  "max_drawdown": -0.030206917081206486,
  "sharpe": -14.717646227979285,
  "sortino": -26.496150628647776,
  "calmar": -32.17633835973559,
  "trade_count": 1,
  "win_rate": 1.0,
  "avg_net_return_per_trade": 0.00038387954317281895,
  "median_net_return_per_trade": 0.00038387954317281895,
  "backtest_mode": "a_share_inventory_t0",
  "trade_direction_mode": "sell_only",
  "buy_threshold": 0.5746058157671509,
  "sell_threshold": 0.5882390618324279,
  "initial_capital": 1000000.0,
  "final_equity": 970944.9111925,
  "final_benchmark_equity": 970390.0,
  "final_alpha_equity": 1000554.9111925,
  "alpha_total_return": 0.0005549111925000627,
  "alpha_sharpe": 4.149849515671644,
  "alpha_sortino": 2.201454960098085,
  "alpha_calmar": 149.69485411718074,
  "alpha_max_drawdown": -0.00046290359043443807,
  "base_shares": 10500,
  "ending_shares": 10500,
  "base_position_pct": 0.6,
  "max_t0_trade_pct": 0.3,
  "max_participation_rate": 0.05,
  "commission_rate": 0.001,
  "slippage_rate": 0.00075,
  "tp": 0.003,
  "sl": 0.002,
  "no_overnight": true
}