{
  "model": "LSTM",
  "target_col_buy": "buy_label",
  "target_col_sell": "sell_label",
  "feature_count": 194,
  "lookback": 16,
  "params": {
    "hidden_dim": 256,
    "num_layers": 2,
    "dropout": 0.3,
    "output_dim": 1
  },
  "buy_fit": {
    "best_score": 0.5593247054919529,
    "best_valid_auc": 0.5593247054919529,
    "epochs_ran": 11,
    "pos_rate": 0.25722361809045224,
    "pos_weight": 2.887667887667888,
    "device": "cpu"
  },
  "sell_fit": {
    "best_score": 0.5447294423716537,
    "best_valid_auc": 0.5447294423716537,
    "epochs_ran": 15,
    "pos_rate": 0.3401381909547739,
    "pos_weight": 1.9399815327793168,
    "device": "cpu"
  },
  "valid_buy_auc": 0.5593247054919529,
  "valid_buy_positive_rate": 0.26785714285714285,
  "valid_buy_prob_mean": 0.5251128077507019,
  "valid_buy_prob_std": 0.11577363312244415,
  "valid_buy_prob_min": 0.2792738974094391,
  "valid_buy_prob_max": 0.8280458450317383,
  "valid_buy_acc_05": 0.5229591836734694,
  "valid_buy_precision_05": 0.30193236714975846,
  "valid_buy_recall_05": 0.5952380952380952,
  "valid_buy_f1_05": 0.40064102564102566,
  "valid_buy_q90_threshold": 0.6713024973869324,
  "valid_buy_q95_threshold": 0.7311466932296753,
  "test_buy_auc": 0.4797413793103449,
  "test_buy_positive_rate": 0.2602040816326531,
  "test_buy_prob_mean": 0.5052439570426941,
  "test_buy_prob_std": 0.10601317882537842,
  "test_buy_prob_min": 0.2931433618068695,
  "test_buy_prob_max": 0.7912169694900513,
  "test_buy_acc_05": 0.5051020408163265,
  "test_buy_precision_05": 0.2591623036649215,
  "test_buy_recall_05": 0.4852941176470588,
  "test_buy_f1_05": 0.3378839590443686,
  "test_buy_q90_threshold": 0.6545810103416443,
  "test_buy_q95_threshold": 0.7115622758865356,
  "valid_sell_auc": 0.5447294423716537,
  "valid_sell_positive_rate": 0.2971938775510204,
  "valid_sell_prob_mean": 0.5353456735610962,
  "valid_sell_prob_std": 0.20805974304676056,
  "valid_sell_prob_min": 0.1310970038175583,
  "valid_sell_prob_max": 0.9551101326942444,
  "valid_sell_acc_05": 0.48214285714285715,
  "valid_sell_precision_05": 0.30734966592427615,
  "valid_sell_recall_05": 0.592274678111588,
  "valid_sell_f1_05": 0.4046920821114369,
  "valid_sell_q90_threshold": 0.804859459400177,
  "valid_sell_q95_threshold": 0.8743394017219543,
  "test_sell_auc": 0.5422602681040325,
  "test_sell_positive_rate": 0.2971938775510204,
  "test_sell_prob_mean": 0.528043270111084,
  "test_sell_prob_std": 0.2071695178747177,
  "test_sell_prob_min": 0.10229673236608505,
  "test_sell_prob_max": 0.9484651684761047,
  "test_sell_acc_05": 0.5204081632653061,
  "test_sell_precision_05": 0.327710843373494,
  "test_sell_recall_05": 0.5836909871244635,
  "test_sell_f1_05": 0.41975308641975306,
  "test_sell_q90_threshold": 0.8222243189811707,
  "test_sell_q95_threshold": 0.8763105869293213
}