{
  "total_return": 0.03432914375963825,
  "annualized_return": 10.63167716448235,
  "max_drawdown": -0.04662431233094422,
  "sharpe": 7.9752587903406615,
  "sortino": 12.24405197138649,
  "calmar": 228.02861067456823,
  "trade_count": 10,
  "win_rate": 0.0,
  "avg_net_return_per_trade": -0.006932715519387442,
  "median_net_return_per_trade": -0.007403239988239715,
  "backtest_mode": "a_share_inventory_t0",
  "trade_direction_mode": "sell_only",
  "buy_threshold": 0.4595914352082699,
  "sell_threshold": 0.5900460568882486,
  "initial_capital": 1000000.0,
  "final_equity": 1033597.8730550002,
  "final_benchmark_equity": 1040804.0,
  "final_alpha_equity": 992793.8730550002,
  "alpha_total_return": -0.00720612694499978,
  "alpha_sharpe": -20.167410360264807,
  "alpha_sortino": -11.64484830490579,
  "alpha_calmar": -56.7423610331664,
  "alpha_max_drawdown": -0.007206126944999891,
  "base_shares": 10100,
  "ending_shares": 10100,
  "base_position_pct": 0.6,
  "max_t0_trade_pct": 0.3,
  "max_participation_rate": 0.02,
  "commission_rate": 0.001,
  "slippage_rate": 0.001,
  "tp": 0.003,
  "sl": 0.002,
  "no_overnight": true
}