{
  "total_return": -0.09372444625998422,
  "annualized_return": -0.7925852373212724,
  "max_drawdown": -0.11592368695511523,
  "sharpe": -6.298438136485839,
  "sortino": -9.891395579649172,
  "calmar": -6.8371293058350995,
  "trade_count": 13,
  "win_rate": 0.38461538461538464,
  "avg_net_return_per_trade": -0.0036839353982737336,
  "median_net_return_per_trade": -0.005373168864175601,
  "backtest_mode": "a_share_inventory_t0",
  "trade_direction_mode": "sell_only",
  "buy_threshold": 0.6360969454050064,
  "sell_threshold": 0.9222695231437683,
  "initial_capital": 1000000.0,
  "final_equity": 905423.6547195002,
  "final_benchmark_equity": 911922.0,
  "final_alpha_equity": 993501.6547195002,
  "alpha_total_return": -0.006498345280499751,
  "alpha_sharpe": -7.132234959043346,
  "alpha_sortino": -2.1347784988837017,
  "alpha_calmar": -12.484622828173851,
  "alpha_max_drawdown": -0.007926851772901644,
  "base_shares": 9400,
  "ending_shares": 9400,
  "base_position_pct": 0.6,
  "max_t0_trade_pct": 0.3,
  "max_participation_rate": 0.05,
  "commission_rate": 0.001,
  "slippage_rate": 0.0005,
  "tp": 0.003,
  "sl": 0.002,
  "stop_loss_cooldown_bars": 0,
  "daily_max_trades": 0,
  "daily_max_losses": 0,
  "daily_loss_limit": 0.0,
  "no_overnight": true
}