{
  "total_return": -0.04335010888197621,
  "annualized_return": -0.20896916950907196,
  "max_drawdown": -0.09766754633130459,
  "sharpe": -1.4799283850383904,
  "sortino": -1.702978310571445,
  "calmar": -2.139596799127253,
  "trade_count": 48,
  "win_rate": 0.0625,
  "avg_net_return_per_trade": -0.00574868444388701,
  "median_net_return_per_trade": -0.006710994459885041,
  "backtest_mode": "a_share_inventory_t0",
  "trade_direction_mode": "sell_only",
  "buy_threshold": 0.5876382724393838,
  "sell_threshold": 0.7648406952126675,
  "initial_capital": 1000000.0,
  "final_equity": 956544.6596300008,
  "final_benchmark_equity": 986910.0,
  "final_alpha_equity": 969634.6596300008,
  "alpha_total_return": -0.03036534036999916,
  "alpha_sharpe": -11.95453470228875,
  "alpha_sortino": -5.334736015141901,
  "alpha_calmar": -4.777693919900765,
  "alpha_max_drawdown": -0.03150034060323759,
  "base_shares": 11000,
  "ending_shares": 11000,
  "base_position_pct": 0.6,
  "max_t0_trade_pct": 0.3,
  "max_participation_rate": 0.02,
  "commission_rate": 0.001,
  "slippage_rate": 0.001,
  "tp": 0.003,
  "sl": 0.002,
  "no_overnight": true
}