{
  "total_return": 0.07001276746485785,
  "annualized_return": 1.6726464200643978,
  "max_drawdown": -0.049324903719602964,
  "sharpe": 3.7294709711651373,
  "sortino": 6.313889968039527,
  "calmar": 33.91078935648577,
  "trade_count": 17,
  "win_rate": 0.23529411764705882,
  "avg_net_return_per_trade": -0.004043594472486684,
  "median_net_return_per_trade": -0.005659451034185522,
  "backtest_mode": "a_share_inventory_t0",
  "trade_direction_mode": "sell_only",
  "buy_threshold": 0.6860697031021118,
  "sell_threshold": 0.9143876522779464,
  "initial_capital": 1000000.0,
  "final_equity": 1069332.2393447503,
  "final_benchmark_equity": 1079076.0,
  "final_alpha_equity": 990256.2393447503,
  "alpha_total_return": -0.009743760655249734,
  "alpha_sharpe": -10.74146940009739,
  "alpha_sortino": -4.682118046347982,
  "alpha_calmar": -13.607762718755211,
  "alpha_max_drawdown": -0.009743760655249734,
  "base_shares": 10600,
  "ending_shares": 10600,
  "base_position_pct": 0.6,
  "max_t0_trade_pct": 0.3,
  "max_participation_rate": 0.05,
  "commission_rate": 0.0015,
  "slippage_rate": 0.0005,
  "tp": 0.003,
  "sl": 0.002,
  "stop_loss_cooldown_bars": 0,
  "daily_max_trades": 0,
  "daily_max_losses": 0,
  "daily_loss_limit": 0.0,
  "no_overnight": true
}