{
  "scenario_count": 12,
  "all_alpha_positive": false,
  "min_alpha_total_return": -0.0022304977349998367,
  "worst_alpha_max_drawdown": -0.0028422551084998915,
  "min_trade_count": 5
}