{
  "total_return": -0.06277188832816816,
  "annualized_return": -0.6578167355904879,
  "max_drawdown": -0.08184144558100048,
  "sharpe": -3.1616255573079486,
  "sortino": -3.02311659275829,
  "calmar": -8.037696926301608,
  "trade_count": 16,
  "win_rate": 0.0,
  "avg_net_return_per_trade": -0.007408591788283129,
  "median_net_return_per_trade": -0.007502223899303158,
  "backtest_mode": "a_share_inventory_t0",
  "trade_direction_mode": "sell_only",
  "buy_threshold": 0.7839341640472411,
  "sell_threshold": 0.8303675591945648,
  "initial_capital": 1000000.0,
  "final_equity": 936952.5666070003,
  "final_benchmark_equity": 950804.0,
  "final_alpha_equity": 986148.5666070003,
  "alpha_total_return": -0.013851433392999657,
  "alpha_sharpe": -14.472564168631859,
  "alpha_sortino": -4.402834327101436,
  "alpha_calmar": -14.875741895603479,
  "alpha_max_drawdown": -0.013851433392999657,
  "base_shares": 9800,
  "ending_shares": 9800,
  "base_position_pct": 0.6,
  "max_t0_trade_pct": 0.3,
  "max_participation_rate": 0.02,
  "commission_rate": 0.0015,
  "slippage_rate": 0.001,
  "tp": 0.003,
  "sl": 0.002,
  "stop_loss_cooldown_bars": 0,
  "daily_max_trades": 0,
  "daily_max_losses": 0,
  "daily_loss_limit": 0.0,
  "no_overnight": true
}