{
  "total_return": -0.05616450094227676,
  "annualized_return": -0.6156480316392909,
  "max_drawdown": -0.08070848882344894,
  "sharpe": -2.816311379038556,
  "sortino": -2.680839264058126,
  "calmar": -7.628045582491706,
  "trade_count": 12,
  "win_rate": 0.08333333333333333,
  "avg_net_return_per_trade": -0.006402878100337542,
  "median_net_return_per_trade": -0.006938391668969809,
  "backtest_mode": "a_share_inventory_t0",
  "trade_direction_mode": "sell_only",
  "buy_threshold": 0.7211705774068828,
  "sell_threshold": 0.8075392246246337,
  "initial_capital": 1000000.0,
  "final_equity": 943558.0114210002,
  "final_benchmark_equity": 950804.0,
  "final_alpha_equity": 992754.0114210002,
  "alpha_total_return": -0.007245988578999718,
  "alpha_sharpe": -10.283518436866078,
  "alpha_sortino": -3.838197284262614,
  "alpha_calmar": -15.642670544342726,
  "alpha_max_drawdown": -0.007245988578999718,
  "base_shares": 9800,
  "ending_shares": 9800,
  "base_position_pct": 0.6,
  "max_t0_trade_pct": 0.3,
  "max_participation_rate": 0.02,
  "commission_rate": 0.0015,
  "slippage_rate": 0.0005,
  "tp": 0.003,
  "sl": 0.002,
  "stop_loss_cooldown_bars": 6,
  "daily_max_trades": 0,
  "daily_max_losses": 2,
  "daily_loss_limit": 0.0,
  "no_overnight": true
}