{
  "total_return": -0.026922623539266333,
  "annualized_return": -0.9629711310199559,
  "max_drawdown": -0.05648224037794636,
  "sharpe": -9.32307811094831,
  "sortino": -12.754955073136243,
  "calmar": -17.049095867591515,
  "trade_count": 2,
  "win_rate": 1.0,
  "avg_net_return_per_trade": 0.0012189028053556398,
  "median_net_return_per_trade": 0.0012189028053556398,
  "backtest_mode": "a_share_inventory_t0",
  "trade_direction_mode": "sell_only",
  "buy_threshold": 0.36078413022845357,
  "sell_threshold": 0.554763155337059,
  "initial_capital": 1000000.0,
  "final_equity": 971173.064035,
  "final_benchmark_equity": 970336.0,
  "final_alpha_equity": 1000837.064035,
  "alpha_total_return": 0.0008370640349999459,
  "alpha_sharpe": 6.287502506730181,
  "alpha_sortino": 5.7175936637936156,
  "alpha_calmar": 182.49380225176037,
  "alpha_max_drawdown": -0.0005826680096260306,
  "base_shares": 10300,
  "ending_shares": 10300,
  "base_position_pct": 0.6,
  "max_t0_trade_pct": 0.3,
  "max_participation_rate": 0.05,
  "commission_rate": 0.001,
  "slippage_rate": 0.0005,
  "tp": 0.003,
  "sl": 0.002,
  "no_overnight": true
}