{
  "total_return": -0.057476872296454706,
  "annualized_return": -0.624393779702286,
  "max_drawdown": -0.07914769028294288,
  "sharpe": -2.885463387407561,
  "sortino": -2.7492979785186322,
  "calmar": -7.888970322066987,
  "trade_count": 15,
  "win_rate": 0.26666666666666666,
  "avg_net_return_per_trade": -0.004317449541074749,
  "median_net_return_per_trade": -0.005472710883620777,
  "backtest_mode": "a_share_inventory_t0",
  "trade_direction_mode": "sell_only",
  "buy_threshold": 0.7839341640472411,
  "sell_threshold": 0.8303675591945648,
  "initial_capital": 1000000.0,
  "final_equity": 942246.0259040005,
  "final_benchmark_equity": 950804.0,
  "final_alpha_equity": 991442.0259040005,
  "alpha_total_return": -0.008557974095999454,
  "alpha_sharpe": -10.406824948766905,
  "alpha_sortino": -3.2604803123917616,
  "alpha_calmar": -15.40810112063103,
  "alpha_max_drawdown": -0.008601478059031442,
  "base_shares": 9800,
  "ending_shares": 9800,
  "base_position_pct": 0.6,
  "max_t0_trade_pct": 0.3,
  "max_participation_rate": 0.05,
  "commission_rate": 0.001,
  "slippage_rate": 0.0005,
  "tp": 0.003,
  "sl": 0.002,
  "stop_loss_cooldown_bars": 0,
  "daily_max_trades": 0,
  "daily_max_losses": 0,
  "daily_loss_limit": 0.0,
  "no_overnight": true
}