{
  "total_return": -0.09103526574980458,
  "annualized_return": -0.7825258576568547,
  "max_drawdown": -0.11407838560179329,
  "sharpe": -6.109877576785056,
  "sortino": -9.658693294735398,
  "calmar": -6.859545333928302,
  "trade_count": 12,
  "win_rate": 0.25,
  "avg_net_return_per_trade": -0.004975557250967422,
  "median_net_return_per_trade": -0.007069482554248382,
  "backtest_mode": "a_share_inventory_t0",
  "trade_direction_mode": "sell_only",
  "buy_threshold": 0.6214971184730529,
  "sell_threshold": 0.9382578879594803,
  "initial_capital": 1000000.0,
  "final_equity": 908110.3074000003,
  "final_benchmark_equity": 911922.0,
  "final_alpha_equity": 996188.3074000003,
  "alpha_total_return": -0.0038116925999996942,
  "alpha_sharpe": -4.999160988087076,
  "alpha_sortino": -2.5355038031632806,
  "alpha_calmar": -9.772630915167461,
  "alpha_max_drawdown": -0.006059520537267549,
  "base_shares": 9400,
  "ending_shares": 9400,
  "base_position_pct": 0.6,
  "max_t0_trade_pct": 0.3,
  "max_participation_rate": 0.02,
  "commission_rate": 0.001,
  "slippage_rate": 0.001,
  "tp": 0.003,
  "sl": 0.002,
  "stop_loss_cooldown_bars": 6,
  "daily_max_trades": 0,
  "daily_max_losses": 2,
  "daily_loss_limit": 0.0,
  "no_overnight": true
}