{
  "total_return": 0.08033180101855297,
  "annualized_return": 2.092702994282035,
  "max_drawdown": -0.04434530819145299,
  "sharpe": 4.230957279652115,
  "sortino": 7.188357973361176,
  "calmar": 47.191080175768796,
  "trade_count": 4,
  "win_rate": 0.0,
  "avg_net_return_per_trade": -0.006370293033554932,
  "median_net_return_per_trade": -0.005704968248960493,
  "backtest_mode": "a_share_inventory_t0",
  "trade_direction_mode": "sell_only",
  "buy_threshold": 0.5834246009588241,
  "sell_threshold": 0.8427620708942413,
  "initial_capital": 1000000.0,
  "final_equity": 1078366.6774725001,
  "final_benchmark_equity": 1082604.0,
  "final_alpha_equity": 995762.6774725001,
  "alpha_total_return": -0.004237322527499865,
  "alpha_sharpe": -8.209162352503078,
  "alpha_sortino": -1.215530028670424,
  "alpha_calmar": -13.783873936565533,
  "alpha_max_drawdown": -0.0043646432802249,
  "base_shares": 10700,
  "ending_shares": 10700,
  "base_position_pct": 0.6,
  "max_t0_trade_pct": 0.3,
  "max_participation_rate": 0.05,
  "commission_rate": 0.001,
  "slippage_rate": 0.0005,
  "tp": 0.003,
  "sl": 0.002,
  "stop_loss_cooldown_bars": 6,
  "daily_max_trades": 0,
  "daily_max_losses": 2,
  "daily_loss_limit": 0.0,
  "no_overnight": true
}