{
  "lookback": 32,
  "horizon": 3,
  "target_col": "label_dynamic_binary",
  "sequence_mode": "intraday_only",
  "feature_count": 194,
  "train_seq_count": 15792,
  "valid_seq_count": 3373,
  "test_seq_count": 3372,
  "train_positive_rate": 0.1753419452887538,
  "pos_weight": 4.703141928494041,
  "best_valid_auc": 0.6542101478961951,
  "test_auc": 0.6843015699977149
}