quantile,threshold,signal_count,signal_ratio,trade_count,active_label_mean,active_future_return_mean,active_future_return_median,total_return,max_drawdown,sharpe
0.5,0.4863072335720062,1686,0.5,457.0,0.2568208873271942,0.0003272208676751835,-0.0002337814431258578,-0.22424256780568064,-0.5150310252211308,-0.5060921940516344
0.6,0.5269262671470641,1349,0.4000593119810202,455.0,0.2802075743675232,0.00042504158243820576,-0.0002283887175973387,-0.20086620124914567,-0.5056683203641459,-0.42164421027053084
0.7,0.579492723941803,1012,0.3001186239620403,433.0,0.3112648129463196,0.0005372566645189448,-9.023429658538973e-05,-0.19020884118018078,-0.5142988042098435,-0.42779154691921994
0.75,0.6096182316541672,843,0.25,419.0,0.33096083998680115,0.0007480686796746024,8.144648965635604e-05,-0.09350185510810016,-0.5011859821027669,0.008787174171394104
0.8,0.6397206425666809,675,0.2001779359430605,397.0,0.3614814877510071,0.0009366026334896953,0.00021591277124044517,-0.04502758747645008,-0.5056142552491927,0.16708874628354362
0.85,0.6757307082414626,506,0.15005931198102015,337.0,0.3893280625343323,0.001512151251368793,0.0003861703010095141,0.21824342439958966,-0.4331027715170942,1.359348285041309
0.9,0.7157281816005707,338,0.10023724792408066,272.0,0.40532544255256653,0.0013578972299249806,0.0003819550619660328,0.011664748527502766,-0.3671426174921625,0.3360202707415732
0.95,0.7582592666149138,169,0.05011862396204033,174.0,0.4201183319091797,0.0003567821048527648,0.00044014084507049134,-0.19883517477600832,-0.32799046678483224,-1.820327914737358
