{
  "lookback": 32,
  "horizon": 3,
  "target_col": "label_dynamic_binary",
  "sequence_mode": "intraday_only",
  "feature_count": 194,
  "train_seq_count": 15792,
  "valid_seq_count": 3373,
  "test_seq_count": 3372,
  "train_positive_rate": 0.1753419452887538,
  "pos_weight": 4.703141928494041,
  "best_valid_auc": 0.6542101478961951,
  "test_auc": 0.6843015699977149,
  "sample_count": 3372,
  "positive_rate": 0.18030841648578644,
  "pred_prob_mean": 0.4908406138420105,
  "pred_prob_std": 0.16143114864826202,
  "pred_prob_min": 0.031868595629930496,
  "pred_prob_max": 0.8370193839073181,
  "signal_count_at_055": 1191,
  "q80_threshold": 0.6397206425666809,
  "q90_threshold": 0.7157281816005707,
  "best_q90_active_future_return_mean": 0.0013578972299249806
}