model_label,epoch,train_loss,valid_loss,valid_auc,valid_prob_mean,valid_prob_max
MLP_buy,1,1.7199467774983999,5.29617977142334,0.36007827788649704,0.07090719044208527,0.3699003756046295
MLP_buy,2,1.2883206058192898,6.570810317993164,0.3654886612179118,0.0760849192738533,0.5100957751274109
MLP_buy,3,1.0630417546710453,6.678840637207031,0.35973293426959824,0.100033700466156,0.737452507019043
