model_label,epoch,train_loss,valid_loss,valid_auc,valid_prob_mean,valid_prob_max
MLP_sell,1,1.0283840830261644,1.5028671026229858,0.38255494505494503,0.5526757836341858,0.9963623881340027
MLP_sell,2,0.8495878673888542,1.367956280708313,0.41785714285714287,0.5145789980888367,0.9939627051353455
MLP_sell,3,0.7602786115697913,1.535058617591858,0.4175824175824176,0.5683007836341858,0.9983224272727966
