{
  "model": "MLP",
  "target_col_buy": "buy_label",
  "target_col_sell": "sell_label",
  "feature_count": 194,
  "lookback": 8,
  "params": {
    "lookback": 8,
    "hidden_dim": 256,
    "dropout": 0.3,
    "output_dim": 1
  },
  "buy_fit": {
    "best_score": 0.3654886612179118,
    "best_valid_auc": 0.3654886612179118,
    "epochs_ran": 3,
    "pos_rate": 0.24493243243243243,
    "pos_weight": 3.0827586206896553,
    "device": "cpu"
  },
  "sell_fit": {
    "best_score": 0.41785714285714287,
    "best_valid_auc": 0.41785714285714287,
    "epochs_ran": 3,
    "pos_rate": 0.3581081081081081,
    "pos_weight": 1.7924528301886793,
    "device": "cpu"
  },
  "valid_buy_auc": 0.3654886612179118,
  "valid_buy_positive_rate": 0.3802083333333333,
  "valid_buy_prob_mean": 0.0760849192738533,
  "valid_buy_prob_std": 0.10271693021059036,
  "valid_buy_prob_min": 7.027194897091249e-07,
  "valid_buy_prob_max": 0.5100957751274109,
  "valid_buy_acc_05": 0.6145833333333334,
  "valid_buy_precision_05": 0.0,
  "valid_buy_recall_05": 0.0,
  "valid_buy_f1_05": 0.0,
  "valid_buy_q90_threshold": 0.23481367528438568,
  "valid_buy_q95_threshold": 0.3149814307689667,
  "test_buy_auc": 0.4847645429362881,
  "test_buy_positive_rate": 0.25,
  "test_buy_prob_mean": 0.0976497009396553,
  "test_buy_prob_std": 0.10858315229415894,
  "test_buy_prob_min": 6.258999007968669e-08,
  "test_buy_prob_max": 0.6256124377250671,
  "test_buy_acc_05": 0.7368421052631579,
  "test_buy_precision_05": 0.0,
  "test_buy_recall_05": 0.0,
  "test_buy_f1_05": 0.0,
  "test_buy_q90_threshold": 0.23263773322105408,
  "test_buy_q95_threshold": 0.2854987382888794,
  "valid_sell_auc": 0.41785714285714287,
  "valid_sell_positive_rate": 0.2708333333333333,
  "valid_sell_prob_mean": 0.5145789980888367,
  "valid_sell_prob_std": 0.2969328463077545,
  "valid_sell_prob_min": 0.03928035497665405,
  "valid_sell_prob_max": 0.9939627051353455,
  "valid_sell_acc_05": 0.4270833333333333,
  "valid_sell_precision_05": 0.15476190476190477,
  "valid_sell_recall_05": 0.25,
  "valid_sell_f1_05": 0.19117647058823528,
  "valid_sell_q90_threshold": 0.9362229108810425,
  "valid_sell_q95_threshold": 0.9634276032447815,
  "test_sell_auc": 0.5618121790168745,
  "test_sell_positive_rate": 0.3815789473684211,
  "test_sell_prob_mean": 0.6078442335128784,
  "test_sell_prob_std": 0.25517383217811584,
  "test_sell_prob_min": 0.0673740804195404,
  "test_sell_prob_max": 0.9877687096595764,
  "test_sell_acc_05": 0.4868421052631579,
  "test_sell_precision_05": 0.4056603773584906,
  "test_sell_recall_05": 0.7413793103448276,
  "test_sell_f1_05": 0.524390243902439,
  "test_sell_q90_threshold": 0.923209011554718,
  "test_sell_q95_threshold": 0.9447141289710999
}