{
  "model": "Transformer_LSTM",
  "target_col_buy": "buy_label",
  "target_col_sell": "sell_label",
  "feature_count": 194,
  "lookback": 32,
  "params": {
    "d_model": 128,
    "nhead": 4,
    "transformer_layers": 2,
    "transformer_dropout": 0.2,
    "lstm_hidden_dim": 128,
    "lstm_num_layers": 1,
    "output_dim": 1
  },
  "buy_fit": {
    "best_score": 0.5314707598746852,
    "best_valid_auc": 0.5314707598746852,
    "epochs_ran": 11,
    "pos_rate": 0.26536371237458195,
    "pos_weight": 2.7684127609294995,
    "device": "cpu"
  },
  "sell_fit": {
    "best_score": 0.5422182180569957,
    "best_valid_auc": 0.5422182180569957,
    "epochs_ran": 17,
    "pos_rate": 0.32410117056856186,
    "pos_weight": 2.0854563044179297,
    "device": "cpu"
  },
  "valid_buy_auc": 0.5314707598746852,
  "valid_buy_positive_rate": 0.24662162162162163,
  "valid_buy_prob_mean": 0.5005941987037659,
  "valid_buy_prob_std": 0.05586462840437889,
  "valid_buy_prob_min": 0.24420352280139923,
  "valid_buy_prob_max": 0.6415579915046692,
  "valid_buy_acc_05": 0.5097128378378378,
  "valid_buy_precision_05": 0.2667744543249798,
  "valid_buy_recall_05": 0.565068493150685,
  "valid_buy_f1_05": 0.3624382207578254,
  "valid_buy_q90_threshold": 0.569061815738678,
  "valid_buy_q95_threshold": 0.5845199823379517,
  "test_buy_auc": 0.5594515981198955,
  "test_buy_positive_rate": 0.22001689189189189,
  "test_buy_prob_mean": 0.5217428207397461,
  "test_buy_prob_std": 0.05543442815542221,
  "test_buy_prob_min": 0.250760942697525,
  "test_buy_prob_max": 0.6511421203613281,
  "test_buy_acc_05": 0.4197635135135135,
  "test_buy_precision_05": 0.23721503388786197,
  "test_buy_recall_05": 0.7389635316698656,
  "test_buy_f1_05": 0.3591417910447761,
  "test_buy_q90_threshold": 0.5887746214866638,
  "test_buy_q95_threshold": 0.6024314165115356,
  "valid_sell_auc": 0.5422182180569957,
  "valid_sell_positive_rate": 0.30658783783783783,
  "valid_sell_prob_mean": 0.4269103705883026,
  "valid_sell_prob_std": 0.19435018301010132,
  "valid_sell_prob_min": 0.04576645419001579,
  "valid_sell_prob_max": 0.9254714250564575,
  "valid_sell_acc_05": 0.578125,
  "valid_sell_precision_05": 0.34541336353340885,
  "valid_sell_recall_05": 0.4201101928374656,
  "valid_sell_f1_05": 0.3791174642635177,
  "valid_sell_q90_threshold": 0.6896581649780273,
  "valid_sell_q95_threshold": 0.7585904002189636,
  "test_sell_auc": 0.5097777708726686,
  "test_sell_positive_rate": 0.32136824324324326,
  "test_sell_prob_mean": 0.4445687234401703,
  "test_sell_prob_std": 0.1924624890089035,
  "test_sell_prob_min": 0.04533246532082558,
  "test_sell_prob_max": 0.8671190142631531,
  "test_sell_acc_05": 0.5363175675675675,
  "test_sell_precision_05": 0.33233830845771145,
  "test_sell_recall_05": 0.43889618922470436,
  "test_sell_f1_05": 0.3782559456398641,
  "test_sell_q90_threshold": 0.6957634091377258,
  "test_sell_q95_threshold": 0.7436786890029907
}