{
  "total_return": -0.04434635275792398,
  "annualized_return": -0.5418443990037058,
  "max_drawdown": -0.07893139114456571,
  "sharpe": -2.0765613567339294,
  "sortino": -1.970488364041237,
  "calmar": -6.864751667828813,
  "trade_count": 5,
  "win_rate": 0.6,
  "avg_net_return_per_trade": -0.0013438967632515926,
  "median_net_return_per_trade": 0.0013169833676213187,
  "backtest_mode": "a_share_inventory_t0",
  "trade_direction_mode": "sell_only",
  "buy_threshold": 0.7473482042551041,
  "sell_threshold": 0.9047144800424576,
  "initial_capital": 1000000.0,
  "final_equity": 958018.8900190002,
  "final_benchmark_equity": 957628.0,
  "final_alpha_equity": 1000390.8900190002,
  "alpha_total_return": 0.0003908900190001674,
  "alpha_sharpe": 0.49216961333130727,
  "alpha_sortino": 0.22721140687279887,
  "alpha_calmar": 2.9140071058531833,
  "alpha_max_drawdown": -0.0023156268542969816,
  "base_shares": 9900,
  "ending_shares": 9900,
  "base_position_pct": 0.6,
  "max_t0_trade_pct": 0.3,
  "max_participation_rate": 0.05,
  "commission_rate": 0.001,
  "slippage_rate": 0.0005,
  "tp": 0.003,
  "sl": 0.002,
  "stop_loss_cooldown_bars": 0,
  "daily_max_trades": 0,
  "daily_max_losses": 0,
  "daily_loss_limit": 0.0,
  "no_overnight": true
}