{
  "scenario_count": 12,
  "all_alpha_positive": false,
  "min_alpha_total_return": -0.01214652700425034,
  "worst_alpha_max_drawdown": -0.012240459751750365,
  "min_trade_count": 12
}