model_label,epoch,train_loss,valid_loss,valid_auc,valid_prob_mean,valid_prob_max
MLP_buy,1,1.2746322509404775,1.09739351272583,0.4991549295774648,0.324086457490921,0.7130910754203796
MLP_buy,2,0.9379621695827793,1.0671087503433228,0.5046478873239437,0.33486780524253845,0.7047163248062134
MLP_buy,3,0.8349581956863403,1.0820966958999634,0.48464788732394365,0.34842929244041443,0.7131321430206299
