model_label,epoch,train_loss,valid_loss,valid_auc,valid_prob_mean,valid_prob_max
MLP_sell,1,1.3279573852951463,1.1450694799423218,0.5092592592592592,0.33761581778526306,0.7169002890586853
MLP_sell,2,1.062515867723001,1.1124966144561768,0.521885521885522,0.3620689809322357,0.7576504945755005
MLP_sell,3,0.9279831309576292,1.0899025201797485,0.515993265993266,0.39535990357398987,0.8690875172615051
