{
  "model": "MLP",
  "target_col_buy": "buy_label",
  "target_col_sell": "sell_label",
  "feature_count": 194,
  "lookback": 8,
  "params": {
    "lookback": 8,
    "hidden_dim": 256,
    "dropout": 0.3,
    "output_dim": 1
  },
  "buy_fit": {
    "best_score": 0.5046478873239437,
    "best_valid_auc": 0.5046478873239437,
    "epochs_ran": 3,
    "pos_rate": 0.2905405405405405,
    "pos_weight": 2.441860465116279,
    "device": "cpu"
  },
  "sell_fit": {
    "best_score": 0.521885521885522,
    "best_valid_auc": 0.521885521885522,
    "epochs_ran": 3,
    "pos_rate": 0.3158783783783784,
    "pos_weight": 2.1657754010695185,
    "device": "cpu"
  },
  "valid_buy_auc": 0.5046478873239437,
  "valid_buy_positive_rate": 0.2604166666666667,
  "valid_buy_prob_mean": 0.33486780524253845,
  "valid_buy_prob_std": 0.13214775919914246,
  "valid_buy_prob_min": 0.06671058386564255,
  "valid_buy_prob_max": 0.7047163248062134,
  "valid_buy_acc_05": 0.65625,
  "valid_buy_precision_05": 0.19230769230769232,
  "valid_buy_recall_05": 0.1,
  "valid_buy_f1_05": 0.13157894736842105,
  "valid_buy_q90_threshold": 0.5351168513298035,
  "valid_buy_q95_threshold": 0.5818907022476196,
  "test_buy_auc": 0.4422230374174615,
  "test_buy_positive_rate": 0.3815789473684211,
  "test_buy_prob_mean": 0.3522416651248932,
  "test_buy_prob_std": 0.21939605474472046,
  "test_buy_prob_min": 0.02975950762629509,
  "test_buy_prob_max": 0.9091591835021973,
  "test_buy_acc_05": 0.5,
  "test_buy_precision_05": 0.2631578947368421,
  "test_buy_recall_05": 0.1724137931034483,
  "test_buy_f1_05": 0.20833333333333334,
  "test_buy_q90_threshold": 0.6820237040519714,
  "test_buy_q95_threshold": 0.7566969990730286,
  "valid_sell_auc": 0.521885521885522,
  "valid_sell_positive_rate": 0.34375,
  "valid_sell_prob_mean": 0.3620689809322357,
  "valid_sell_prob_std": 0.1450464129447937,
  "valid_sell_prob_min": 0.08683111518621445,
  "valid_sell_prob_max": 0.7576504945755005,
  "valid_sell_acc_05": 0.625,
  "valid_sell_precision_05": 0.4117647058823529,
  "valid_sell_recall_05": 0.21212121212121213,
  "valid_sell_f1_05": 0.28,
  "valid_sell_q90_threshold": 0.5611797571182251,
  "valid_sell_q95_threshold": 0.6313676238059998,
  "test_sell_auc": 0.5332491582491582,
  "test_sell_positive_rate": 0.2894736842105263,
  "test_sell_prob_mean": 0.3820364475250244,
  "test_sell_prob_std": 0.2382623255252838,
  "test_sell_prob_min": 0.01573866792023182,
  "test_sell_prob_max": 0.9391565322875977,
  "test_sell_acc_05": 0.5855263157894737,
  "test_sell_precision_05": 0.30612244897959184,
  "test_sell_recall_05": 0.3409090909090909,
  "test_sell_f1_05": 0.3225806451612903,
  "test_sell_q90_threshold": 0.709538459777832,
  "test_sell_q95_threshold": 0.8145432472229004
}