{
  "total_return": 0.03555223081118375,
  "annualized_return": 11.675165711340867,
  "max_drawdown": -0.0465704689814479,
  "sharpe": 8.278050151485779,
  "sortino": 12.640467905706705,
  "calmar": 250.69890784204597,
  "trade_count": 10,
  "win_rate": 0.2,
  "avg_net_return_per_trade": -0.004520772146422933,
  "median_net_return_per_trade": -0.00540614418177687,
  "backtest_mode": "a_share_inventory_t0",
  "trade_direction_mode": "sell_only",
  "buy_threshold": 0.4595914352082699,
  "sell_threshold": 0.5862371771463327,
  "initial_capital": 1000000.0,
  "final_equity": 1034820.0953840003,
  "final_benchmark_equity": 1040804.0,
  "final_alpha_equity": 994016.0953840003,
  "alpha_total_return": -0.0059839046159996245,
  "alpha_sharpe": -17.258055847740106,
  "alpha_sortino": -10.00719666645565,
  "alpha_calmar": -57.91597385259002,
  "alpha_max_drawdown": -0.006105168797999716,
  "base_shares": 10100,
  "ending_shares": 10100,
  "base_position_pct": 0.6,
  "max_t0_trade_pct": 0.3,
  "max_participation_rate": 0.05,
  "commission_rate": 0.001,
  "slippage_rate": 0.0005,
  "tp": 0.003,
  "sl": 0.002,
  "no_overnight": true
}