{
  "total_return": 0.011558571226310654,
  "annualized_return": 1.3058512898711045,
  "max_drawdown": -0.024283489355667487,
  "sharpe": 2.8831647428084386,
  "sortino": 5.927823887365661,
  "calmar": 53.77527383915005,
  "trade_count": 8,
  "win_rate": 0.125,
  "avg_net_return_per_trade": -0.004375997709317594,
  "median_net_return_per_trade": -0.00661644546434342,
  "backtest_mode": "a_share_inventory_t0",
  "trade_direction_mode": "sell_only",
  "buy_threshold": 0.7054184544772757,
  "sell_threshold": 0.6122887900886655,
  "initial_capital": 1000000.0,
  "final_equity": 1008827.3630839997,
  "final_benchmark_equity": 1014040.0,
  "final_alpha_equity": 994787.3630839997,
  "alpha_total_return": -0.005212636916000268,
  "alpha_sharpe": -16.784503315693566,
  "alpha_sortino": -11.784288607129373,
  "alpha_calmar": -60.6395931026056,
  "alpha_max_drawdown": -0.005212636916000268,
  "base_shares": 10800,
  "ending_shares": 10800,
  "base_position_pct": 0.6,
  "max_t0_trade_pct": 0.3,
  "max_participation_rate": 0.02,
  "commission_rate": 0.0015,
  "slippage_rate": 0.00075,
  "tp": 0.003,
  "sl": 0.002,
  "no_overnight": true
}