{
  "total_return": 0.07343319794525072,
  "annualized_return": 1.802668348372412,
  "max_drawdown": -0.049038897893233124,
  "sharpe": 3.878442122533033,
  "sortino": 6.580946280232813,
  "calmar": 36.75996863341339,
  "trade_count": 3,
  "win_rate": 0.0,
  "avg_net_return_per_trade": -0.010230676017556594,
  "median_net_return_per_trade": -0.011992317432351846,
  "backtest_mode": "a_share_inventory_t0",
  "trade_direction_mode": "sell_only",
  "buy_threshold": 0.6333531647920608,
  "sell_threshold": 0.5956914156675338,
  "initial_capital": 1000000.0,
  "final_equity": 1071840.2230795,
  "final_benchmark_equity": 1079288.0,
  "final_alpha_equity": 992552.2230795,
  "alpha_total_return": -0.007447776920500027,
  "alpha_sharpe": -7.148851741697297,
  "alpha_sortino": -1.0326388840241025,
  "alpha_calmar": -13.832222723372766,
  "alpha_max_drawdown": -0.007447776920500249,
  "base_shares": 10600,
  "ending_shares": 10600,
  "base_position_pct": 0.6,
  "max_t0_trade_pct": 0.3,
  "max_participation_rate": 0.05,
  "commission_rate": 0.0015,
  "slippage_rate": 0.001,
  "tp": 0.003,
  "sl": 0.002,
  "stop_loss_cooldown_bars": 6,
  "daily_max_trades": 0,
  "daily_max_losses": 2,
  "daily_loss_limit": 0.0,
  "no_overnight": true
}