{
  "total_return": 0.08011229370836315,
  "annualized_return": 2.067254601101886,
  "max_drawdown": -0.0461846728427866,
  "sharpe": 4.2240284634892955,
  "sortino": 7.171138493962045,
  "calmar": 44.76062022002095,
  "trade_count": 3,
  "win_rate": 0.6666666666666666,
  "avg_net_return_per_trade": -0.002494680519683486,
  "median_net_return_per_trade": 8.353033105524144e-05,
  "backtest_mode": "a_share_inventory_t0",
  "trade_direction_mode": "sell_only",
  "buy_threshold": 0.669258889555931,
  "sell_threshold": 0.6061013400554657,
  "initial_capital": 1000000.0,
  "final_equity": 1078509.4070645,
  "final_benchmark_equity": 1079288.0,
  "final_alpha_equity": 999221.4070645,
  "alpha_total_return": -0.0007785929354999777,
  "alpha_sharpe": -1.2234155770539685,
  "alpha_sortino": -0.3395607779688689,
  "alpha_calmar": -4.437600660260258,
  "alpha_max_drawdown": -0.0025382719130842,
  "base_shares": 10600,
  "ending_shares": 10600,
  "base_position_pct": 0.6,
  "max_t0_trade_pct": 0.3,
  "max_participation_rate": 0.02,
  "commission_rate": 0.0015,
  "slippage_rate": 0.001,
  "tp": 0.004,
  "sl": 0.002,
  "stop_loss_cooldown_bars": 0,
  "daily_max_trades": 0,
  "daily_max_losses": 0,
  "daily_loss_limit": 0.0,
  "no_overnight": true
}