{
  "total_return": -0.047906480176064026,
  "annualized_return": -0.5703444027309472,
  "max_drawdown": -0.07894607047041058,
  "sharpe": -2.262148000930395,
  "sortino": -2.1454351714735065,
  "calmar": -7.224481210178984,
  "trade_count": 8,
  "win_rate": 0.25,
  "avg_net_return_per_trade": -0.00480190820281896,
  "median_net_return_per_trade": -0.005815221714072724,
  "backtest_mode": "a_share_inventory_t0",
  "trade_direction_mode": "sell_only",
  "buy_threshold": 0.7788469702005386,
  "sell_threshold": 0.8032395148277283,
  "initial_capital": 1000000.0,
  "final_equity": 954449.9512855002,
  "final_benchmark_equity": 957628.0,
  "final_alpha_equity": 996821.9512855002,
  "alpha_total_return": -0.0031780487144997815,
  "alpha_sharpe": -9.417818321728367,
  "alpha_sortino": -3.1269949087280096,
  "alpha_calmar": -16.234163787296428,
  "alpha_max_drawdown": -0.0032832963355607925,
  "base_shares": 9900,
  "ending_shares": 9900,
  "base_position_pct": 0.6,
  "max_t0_trade_pct": 0.3,
  "max_participation_rate": 0.05,
  "commission_rate": 0.001,
  "slippage_rate": 0.0005,
  "tp": 0.003,
  "sl": 0.002,
  "stop_loss_cooldown_bars": 6,
  "daily_max_trades": 0,
  "daily_max_losses": 2,
  "daily_loss_limit": 0.0,
  "no_overnight": true
}