{
  "total_return": -0.02299404822599993,
  "annualized_return": -0.9397619991162097,
  "max_drawdown": -0.03707764377554068,
  "sharpe": -7.946033178041095,
  "sortino": -10.291195780938976,
  "calmar": -25.3457853148735,
  "trade_count": 3,
  "win_rate": 0.6666666666666666,
  "avg_net_return_per_trade": -0.0015788862667041762,
  "median_net_return_per_trade": 0.00012717995563338563,
  "backtest_mode": "a_share_inventory_t0",
  "trade_direction_mode": "sell_only",
  "buy_threshold": 0.7559412996219077,
  "sell_threshold": 0.6297175828192837,
  "initial_capital": 1000000.0,
  "final_equity": 977005.9517740001,
  "final_benchmark_equity": 977200.0,
  "final_alpha_equity": 999805.9517740001,
  "alpha_total_return": -0.0001940482259998877,
  "alpha_sharpe": -1.8913681180163169,
  "alpha_sortino": -1.6039758136193556,
  "alpha_calmar": -30.1680997985045,
  "alpha_max_drawdown": -0.0007678721399999588,
  "base_shares": 10000,
  "ending_shares": 10000,
  "base_position_pct": 0.6,
  "max_t0_trade_pct": 0.3,
  "max_participation_rate": 0.05,
  "commission_rate": 0.001,
  "slippage_rate": 0.0005,
  "tp": 0.003,
  "sl": 0.002,
  "no_overnight": true
}