{
  "fold": 2,
  "model_summaries": {
    "transformer_lstm": {
      "model": "Transformer_LSTM",
      "target_col_buy": "buy_label",
      "target_col_sell": "sell_label",
      "feature_count": 194,
      "lookback": 8,
      "params": {
        "d_model": 128,
        "nhead": 4,
        "transformer_layers": 2,
        "transformer_dropout": 0.2,
        "lstm_hidden_dim": 128,
        "lstm_num_layers": 1,
        "output_dim": 1
      },
      "buy_fit": {
        "best_score": 0.6502430031841797,
        "best_valid_auc": 0.6502430031841797,
        "epochs_ran": 3,
        "pos_rate": 0.28716216216216217,
        "pos_weight": 2.4823529411764707,
        "device": "cpu"
      },
      "sell_fit": {
        "best_score": 0.6578978000232801,
        "best_valid_auc": 0.6578978000232801,
        "epochs_ran": 3,
        "pos_rate": 0.32094594594594594,
        "pos_weight": 2.1157894736842104,
        "device": "cpu"
      },
      "valid_buy_auc": 0.6502430031841797,
      "valid_buy_positive_rate": 0.203125,
      "valid_buy_prob_mean": 0.5073500871658325,
      "valid_buy_prob_std": 0.09415778517723083,
      "valid_buy_prob_min": 0.2324639856815338,
      "valid_buy_prob_max": 0.6836458444595337,
      "valid_buy_acc_05": 0.4895833333333333,
      "valid_buy_precision_05": 0.25210084033613445,
      "valid_buy_recall_05": 0.7692307692307693,
      "valid_buy_f1_05": 0.379746835443038,
      "valid_buy_q90_threshold": 0.6102691888809204,
      "valid_buy_q95_threshold": 0.6247575879096985,
      "test_buy_auc": 0.38852459016393437,
      "test_buy_positive_rate": 0.19736842105263158,
      "test_buy_prob_mean": 0.5393110513687134,
      "test_buy_prob_std": 0.08689214289188385,
      "test_buy_prob_min": 0.3098308742046356,
      "test_buy_prob_max": 0.6866271495819092,
      "test_buy_acc_05": 0.3092105263157895,
      "test_buy_precision_05": 0.16216216216216217,
      "test_buy_recall_05": 0.6,
      "test_buy_f1_05": 0.2553191489361702,
      "test_buy_q90_threshold": 0.6304880380630493,
      "test_buy_q95_threshold": 0.6536005139350891,
      "valid_sell_auc": 0.6578978000232801,
      "valid_sell_positive_rate": 0.3697916666666667,
      "valid_sell_prob_mean": 0.45802903175354004,
      "valid_sell_prob_std": 0.08380094915628433,
      "valid_sell_prob_min": 0.24783144891262054,
      "valid_sell_prob_max": 0.6415583491325378,
      "valid_sell_acc_05": 0.65625,
      "valid_sell_precision_05": 0.5362318840579711,
      "valid_sell_recall_05": 0.5211267605633803,
      "valid_sell_f1_05": 0.5285714285714286,
      "valid_sell_q90_threshold": 0.561180591583252,
      "valid_sell_q95_threshold": 0.5832095146179199,
      "test_sell_auc": 0.42240767045454547,
      "test_sell_positive_rate": 0.42105263157894735,
      "test_sell_prob_mean": 0.47771206498146057,
      "test_sell_prob_std": 0.06661009043455124,
      "test_sell_prob_min": 0.34270939230918884,
      "test_sell_prob_max": 0.6404184103012085,
      "test_sell_acc_05": 0.47368421052631576,
      "test_sell_precision_05": 0.35185185185185186,
      "test_sell_recall_05": 0.296875,
      "test_sell_f1_05": 0.3220338983050847,
      "test_sell_q90_threshold": 0.5730241537094116,
      "test_sell_q95_threshold": 0.595970094203949
    },
    "lstm": {
      "model": "LSTM",
      "target_col_buy": "buy_label",
      "target_col_sell": "sell_label",
      "feature_count": 194,
      "lookback": 8,
      "params": {
        "hidden_dim": 256,
        "num_layers": 2,
        "dropout": 0.3,
        "output_dim": 1
      },
      "buy_fit": {
        "best_score": 0.6368359309535779,
        "best_valid_auc": 0.6368359309535779,
        "epochs_ran": 3,
        "pos_rate": 0.28716216216216217,
        "pos_weight": 2.4823529411764707,
        "device": "cpu"
      },
      "sell_fit": {
        "best_score": 0.5569782330345712,
        "best_valid_auc": 0.5569782330345712,
        "epochs_ran": 3,
        "pos_rate": 0.32094594594594594,
        "pos_weight": 2.1157894736842104,
        "device": "cpu"
      },
      "valid_buy_auc": 0.6368359309535779,
      "valid_buy_positive_rate": 0.203125,
      "valid_buy_prob_mean": 0.5055230259895325,
      "valid_buy_prob_std": 0.09908178448677063,
      "valid_buy_prob_min": 0.28007930517196655,
      "valid_buy_prob_max": 0.693688154220581,
      "valid_buy_acc_05": 0.5104166666666666,
      "valid_buy_precision_05": 0.24770642201834864,
      "valid_buy_recall_05": 0.6923076923076923,
      "valid_buy_f1_05": 0.36486486486486486,
      "valid_buy_q90_threshold": 0.6171929836273193,
      "valid_buy_q95_threshold": 0.6289472579956055,
      "test_buy_auc": 0.40327868852459015,
      "test_buy_positive_rate": 0.19736842105263158,
      "test_buy_prob_mean": 0.6011247634887695,
      "test_buy_prob_std": 0.1287069320678711,
      "test_buy_prob_min": 0.31875354051589966,
      "test_buy_prob_max": 0.8055336475372314,
      "test_buy_acc_05": 0.2565789473684211,
      "test_buy_precision_05": 0.16260162601626016,
      "test_buy_recall_05": 0.6666666666666666,
      "test_buy_f1_05": 0.26143790849673204,
      "test_buy_q90_threshold": 0.7575324177742004,
      "test_buy_q95_threshold": 0.7859521508216858,
      "valid_sell_auc": 0.5569782330345712,
      "valid_sell_positive_rate": 0.3697916666666667,
      "valid_sell_prob_mean": 0.4211317002773285,
      "valid_sell_prob_std": 0.07244837284088135,
      "valid_sell_prob_min": 0.2909344434738159,
      "valid_sell_prob_max": 0.5800420045852661,
      "valid_sell_acc_05": 0.5989583333333334,
      "valid_sell_precision_05": 0.4,
      "valid_sell_recall_05": 0.16901408450704225,
      "valid_sell_f1_05": 0.2376237623762376,
      "valid_sell_q90_threshold": 0.5264314413070679,
      "valid_sell_q95_threshold": 0.5528468489646912,
      "test_sell_auc": 0.4918323863636364,
      "test_sell_positive_rate": 0.42105263157894735,
      "test_sell_prob_mean": 0.5206390023231506,
      "test_sell_prob_std": 0.10327765345573425,
      "test_sell_prob_min": 0.3338414430618286,
      "test_sell_prob_max": 0.7406675815582275,
      "test_sell_acc_05": 0.5328947368421053,
      "test_sell_precision_05": 0.4567901234567901,
      "test_sell_recall_05": 0.578125,
      "test_sell_f1_05": 0.5103448275862069,
      "test_sell_q90_threshold": 0.6767865419387817,
      "test_sell_q95_threshold": 0.6924463510513306
    },
    "cnn": {
      "model": "CNN",
      "target_col_buy": "buy_label",
      "target_col_sell": "sell_label",
      "feature_count": 194,
      "lookback": 8,
      "params": {
        "channels": 64,
        "kernel_size": 3,
        "dropout": 0.3,
        "output_dim": 1
      },
      "buy_fit": {
        "best_score": 0.6351600469247529,
        "best_valid_auc": 0.6351600469247529,
        "epochs_ran": 3,
        "pos_rate": 0.28716216216216217,
        "pos_weight": 2.4823529411764707,
        "device": "cpu"
      },
      "sell_fit": {
        "best_score": 0.5659411011523687,
        "best_valid_auc": 0.5659411011523687,
        "epochs_ran": 3,
        "pos_rate": 0.32094594594594594,
        "pos_weight": 2.1157894736842104,
        "device": "cpu"
      },
      "valid_buy_auc": 0.6351600469247529,
      "valid_buy_positive_rate": 0.203125,
      "valid_buy_prob_mean": 0.4792696535587311,
      "valid_buy_prob_std": 0.09696413576602936,
      "valid_buy_prob_min": 0.3224523961544037,
      "valid_buy_prob_max": 0.7196167707443237,
      "valid_buy_acc_05": 0.6302083333333334,
      "valid_buy_precision_05": 0.2894736842105263,
      "valid_buy_recall_05": 0.5641025641025641,
      "valid_buy_f1_05": 0.3826086956521739,
      "valid_buy_q90_threshold": 0.617544412612915,
      "valid_buy_q95_threshold": 0.6585134267807007,
      "test_buy_auc": 0.38169398907103824,
      "test_buy_positive_rate": 0.19736842105263158,
      "test_buy_prob_mean": 0.5712255239486694,
      "test_buy_prob_std": 0.19384117424488068,
      "test_buy_prob_min": 0.26453593373298645,