{
  "total_return": 0.07179049258378334,
  "annualized_return": 1.7378825179417694,
  "max_drawdown": -0.04811453428016288,
  "sharpe": 3.829940394527475,
  "sortino": 6.4742610959629365,
  "calmar": 36.119699461754536,
  "trade_count": 10,
  "win_rate": 0.2,
  "avg_net_return_per_trade": -0.006809622604076878,
  "median_net_return_per_trade": -0.007033095720237578,
  "backtest_mode": "a_share_inventory_t0",
  "trade_direction_mode": "sell_only",
  "buy_threshold": 0.6654055744409558,
  "sell_threshold": 0.5830835938453675,
  "initial_capital": 1000000.0,
  "final_equity": 1071108.8338305,
  "final_benchmark_equity": 1079076.0,
  "final_alpha_equity": 992032.8338305,
  "alpha_total_return": -0.007967166169499995,
  "alpha_sharpe": -9.297059519253242,
  "alpha_sortino": -2.40680669350898,
  "alpha_calmar": -13.769899528997358,
  "alpha_max_drawdown": -0.007967166169499995,
  "base_shares": 10600,
  "ending_shares": 10600,
  "base_position_pct": 0.6,
  "max_t0_trade_pct": 0.3,
  "max_participation_rate": 0.05,
  "commission_rate": 0.001,
  "slippage_rate": 0.0005,
  "tp": 0.003,
  "sl": 0.002,
  "stop_loss_cooldown_bars": 6,
  "daily_max_trades": 0,
  "daily_max_losses": 2,
  "daily_loss_limit": 0.0,
  "no_overnight": true
}