{
  "total_return": -0.09425337985256133,
  "annualized_return": -0.7945117566432608,
  "max_drawdown": -0.11635092654315815,
  "sharpe": -6.385042636558738,
  "sortino": -9.9884622220606,
  "calmar": -6.828581260575969,
  "trade_count": 14,
  "win_rate": 0.42857142857142855,
  "avg_net_return_per_trade": -0.004415265583963275,
  "median_net_return_per_trade": -0.005490069344448842,
  "backtest_mode": "a_share_inventory_t0",
  "trade_direction_mode": "sell_only",
  "buy_threshold": 0.6214971184730529,
  "sell_threshold": 0.909114317893982,
  "initial_capital": 1000000.0,
  "final_equity": 904895.2183245001,
  "final_benchmark_equity": 911922.0,
  "final_alpha_equity": 992973.2183245001,
  "alpha_total_return": -0.00702678167549986,
  "alpha_sharpe": -7.2234524883339315,
  "alpha_sortino": -2.4809883928519443,
  "alpha_calmar": -11.70021132648887,
  "alpha_max_drawdown": -0.009110417048399655,
  "base_shares": 9400,
  "ending_shares": 9400,
  "base_position_pct": 0.6,
  "max_t0_trade_pct": 0.3,
  "max_participation_rate": 0.05,
  "commission_rate": 0.001,
  "slippage_rate": 0.0005,
  "tp": 0.003,
  "sl": 0.002,
  "stop_loss_cooldown_bars": 6,
  "daily_max_trades": 0,
  "daily_max_losses": 2,
  "daily_loss_limit": 0.0,
  "no_overnight": true
}