{
  "total_return": 0.08372875453750406,
  "annualized_return": 2.2378802779147193,
  "max_drawdown": -0.04197458429460443,
  "sharpe": 4.422445182700507,
  "sortino": 7.515090029052341,
  "calmar": 53.31512665397343,
  "trade_count": 9,
  "win_rate": 0.4444444444444444,
  "avg_net_return_per_trade": -0.0024348070086703906,
  "median_net_return_per_trade": -0.005088526957451431,
  "backtest_mode": "a_share_inventory_t0",
  "trade_direction_mode": "sell_only",
  "buy_threshold": 0.6558482885360718,
  "sell_threshold": 0.631584882736206,
  "initial_capital": 1000000.0,
  "final_equity": 1081757.4519330002,
  "final_benchmark_equity": 1082604.0,
  "final_alpha_equity": 999153.4519330002,
  "alpha_total_return": -0.0008465480669997971,
  "alpha_sharpe": -1.1099402804493743,
  "alpha_sortino": -0.49290535996204327,
  "alpha_calmar": -4.878223559681897,
  "alpha_max_drawdown": -0.002521157173164812,
  "base_shares": 10700,
  "ending_shares": 10700,
  "base_position_pct": 0.6,
  "max_t0_trade_pct": 0.3,
  "max_participation_rate": 0.05,
  "commission_rate": 0.001,
  "slippage_rate": 0.0005,
  "tp": 0.003,
  "sl": 0.002,
  "stop_loss_cooldown_bars": 0,
  "daily_max_trades": 0,
  "daily_max_losses": 0,
  "daily_loss_limit": 0.0,
  "no_overnight": true
}