{
  "total_return": -0.09933597188250776,
  "annualized_return": -0.8239968547565166,
  "max_drawdown": -0.11713012904380293,
  "sharpe": -6.655642258927074,
  "sortino": -10.565565088895701,
  "calmar": -7.034883863641677,
  "trade_count": 12,
  "win_rate": 0.08333333333333333,
  "avg_net_return_per_trade": -0.005829288651853639,
  "median_net_return_per_trade": -0.007509610535328555,
  "backtest_mode": "a_share_inventory_t0",
  "trade_direction_mode": "sell_only",
  "buy_threshold": 0.6345955163240432,
  "sell_threshold": 0.8987929791212081,
  "initial_capital": 1000000.0,
  "final_equity": 904219.8497005001,
  "final_benchmark_equity": 912204.0,
  "final_alpha_equity": 992015.8497005001,
  "alpha_total_return": -0.007984150299499837,
  "alpha_sharpe": -10.742868990376333,
  "alpha_sortino": -3.3672187091937817,
  "alpha_calmar": -14.376248116281111,
  "alpha_max_drawdown": -0.00866912547557075,
  "base_shares": 9400,
  "ending_shares": 9400,
  "base_position_pct": 0.6,
  "max_t0_trade_pct": 0.3,
  "max_participation_rate": 0.02,
  "commission_rate": 0.0015,
  "slippage_rate": 0.001,
  "tp": 0.003,
  "sl": 0.002,
  "stop_loss_cooldown_bars": 6,
  "daily_max_trades": 0,
  "daily_max_losses": 2,
  "daily_loss_limit": 0.0,
  "no_overnight": true
}