{
  "total_return": -0.04450862289079116,
  "annualized_return": -0.9959077979165497,
  "max_drawdown": -0.06325765680895246,
  "sharpe": -11.356860912224949,
  "sortino": -12.888889715946824,
  "calmar": -15.743671962499963,
  "trade_count": 2,
  "win_rate": 0.0,
  "avg_net_return_per_trade": -0.006376154184989433,
  "median_net_return_per_trade": -0.006376154184989433,
  "backtest_mode": "a_share_inventory_t0",
  "trade_direction_mode": "sell_only",
  "buy_threshold": 0.6261110728865316,
  "sell_threshold": 0.5504182168326377,
  "initial_capital": 1000000.0,
  "final_equity": 955170.3320065001,
  "final_benchmark_equity": 957328.0,
  "final_alpha_equity": 997842.3320065001,
  "alpha_total_return": -0.0021576679934999232,
  "alpha_sharpe": -16.915825709675158,
  "alpha_sortino": -5.91449610317354,
  "alpha_calmar": -106.22448610470329,
  "alpha_max_drawdown": -0.002161612313439365,
  "base_shares": 8400,
  "ending_shares": 8400,
  "base_position_pct": 0.6,
  "max_t0_trade_pct": 0.3,
  "max_participation_rate": 0.05,
  "commission_rate": 0.001,
  "slippage_rate": 0.0005,
  "tp": 0.003,
  "sl": 0.002,
  "no_overnight": true
}