{
  "total_return": 0.07146596996042143,
  "annualized_return": 1.7288891624831169,
  "max_drawdown": -0.05135792367890013,
  "sharpe": 3.776072418716139,
  "sortino": 6.426711610231309,
  "calmar": 33.66353307607358,
  "trade_count": 6,
  "win_rate": 0.16666666666666666,
  "avg_net_return_per_trade": -0.008470136799889076,
  "median_net_return_per_trade": -0.009028565387418693,
  "backtest_mode": "a_share_inventory_t0",
  "trade_direction_mode": "sell_only",
  "buy_threshold": 0.6505905956029889,
  "sell_threshold": 0.6179429918527604,
  "initial_capital": 1000000.0,
  "final_equity": 1069875.9144610001,
  "final_benchmark_equity": 1079288.0,
  "final_alpha_equity": 990587.9144610001,
  "alpha_total_return": -0.00941208553899986,
  "alpha_sharpe": -7.812696626834103,
  "alpha_sortino": -1.4933435390198417,
  "alpha_calmar": -13.651921010518226,
  "alpha_max_drawdown": -0.00941208553899986,
  "base_shares": 10600,
  "ending_shares": 10600,
  "base_position_pct": 0.6,
  "max_t0_trade_pct": 0.3,
  "max_participation_rate": 0.02,
  "commission_rate": 0.001,
  "slippage_rate": 0.001,
  "tp": 0.003,
  "sl": 0.002,
  "stop_loss_cooldown_bars": 0,
  "daily_max_trades": 0,
  "daily_max_losses": 0,
  "daily_loss_limit": 0.0,
  "no_overnight": true
}