{
  "total_return": 0.07645381749602542,
  "annualized_return": 1.934389500712117,
  "max_drawdown": -0.04527559722022034,
  "sharpe": 4.059843026971191,
  "sortino": 6.862003259212942,
  "calmar": 42.724770505030634,
  "trade_count": 26,
  "win_rate": 0.4230769230769231,
  "avg_net_return_per_trade": -0.004061645314966429,
  "median_net_return_per_trade": -0.005114545014143043,
  "backtest_mode": "a_share_inventory_t0",
  "trade_direction_mode": "sell_only",
  "buy_threshold": 0.6558482885360718,
  "sell_threshold": 0.5906979262828828,
  "initial_capital": 1000000.0,
  "final_equity": 1074495.7480020002,
  "final_benchmark_equity": 1082604.0,
  "final_alpha_equity": 991891.7480020002,
  "alpha_total_return": -0.008108251997999805,
  "alpha_sharpe": -7.421432619368052,
  "alpha_sortino": -3.641338313950547,
  "alpha_calmar": -12.847659368234526,
  "alpha_max_drawdown": -0.008729802842999845,
  "base_shares": 10700,
  "ending_shares": 10700,
  "base_position_pct": 0.6,
  "max_t0_trade_pct": 0.3,
  "max_participation_rate": 0.05,
  "commission_rate": 0.001,
  "slippage_rate": 0.0005,
  "tp": 0.003,
  "sl": 0.002,
  "stop_loss_cooldown_bars": 0,
  "daily_max_trades": 0,
  "daily_max_losses": 0,
  "daily_loss_limit": 0.0,
  "no_overnight": true
}