model_label,epoch,train_loss,valid_loss,valid_auc,valid_prob_mean,valid_prob_max
CNN_buy,1,1.1983479648023039,0.8878408074378967,0.5091796875,0.3066921532154083,0.5948408842086792
CNN_buy,2,1.1140156839344952,0.914774477481842,0.49941406250000003,0.34287771582603455,0.7403380274772644
CNN_buy,3,1.0480631622108254,0.9431665539741516,0.4931640625,0.3729325234889984,0.8078417181968689
