model_label,epoch,train_loss,valid_loss,valid_auc,valid_prob_mean,valid_prob_max
CNN_sell,1,1.007670241433221,1.1713842153549194,0.4930155210643016,0.3793080151081085,0.7854081392288208
CNN_sell,2,0.9312078469508404,1.1950381994247437,0.49656319290465634,0.3645658493041992,0.6645036935806274
CNN_sell,3,0.8796231923876582,1.234193205833435,0.4950110864745011,0.35782966017723083,0.6296094655990601
