{
  "model": "CNN",
  "target_col_buy": "buy_label",
  "target_col_sell": "sell_label",
  "feature_count": 194,
  "lookback": 8,
  "params": {
    "channels": 64,
    "kernel_size": 3,
    "dropout": 0.3,
    "output_dim": 1
  },
  "buy_fit": {
    "best_score": 0.5091796875,
    "best_valid_auc": 0.5091796875,
    "epochs_ran": 3,
    "pos_rate": 0.26182432432432434,
    "pos_weight": 2.819354838709677,
    "device": "cpu"
  },
  "sell_fit": {
    "best_score": 0.49656319290465634,
    "best_valid_auc": 0.49656319290465634,
    "epochs_ran": 3,
    "pos_rate": 0.3277027027027027,
    "pos_weight": 2.0515463917525776,
    "device": "cpu"
  },
  "valid_buy_auc": 0.5091796875,
  "valid_buy_positive_rate": 0.16666666666666666,
  "valid_buy_prob_mean": 0.3066921532154083,
  "valid_buy_prob_std": 0.1106552705168724,
  "valid_buy_prob_min": 0.09219316393136978,
  "valid_buy_prob_max": 0.5948408842086792,
  "valid_buy_acc_05": 0.8020833333333334,
  "valid_buy_precision_05": 0.3125,
  "valid_buy_recall_05": 0.15625,
  "valid_buy_f1_05": 0.20833333333333334,
  "valid_buy_q90_threshold": 0.4703642725944519,
  "valid_buy_q95_threshold": 0.5338343977928162,
  "test_buy_auc": 0.4924479166666667,
  "test_buy_positive_rate": 0.21052631578947367,
  "test_buy_prob_mean": 0.29864493012428284,
  "test_buy_prob_std": 0.06044822186231613,
  "test_buy_prob_min": 0.2024570107460022,
  "test_buy_prob_max": 0.4451896846294403,
  "test_buy_acc_05": 0.7894736842105263,
  "test_buy_precision_05": 0.0,
  "test_buy_recall_05": 0.0,
  "test_buy_f1_05": 0.0,
  "test_buy_q90_threshold": 0.39747336506843567,
  "test_buy_q95_threshold": 0.42486777901649475,
  "valid_sell_auc": 0.49656319290465634,
  "valid_sell_positive_rate": 0.4270833333333333,
  "valid_sell_prob_mean": 0.3645658493041992,
  "valid_sell_prob_std": 0.11086740344762802,
  "valid_sell_prob_min": 0.12847676873207092,
  "valid_sell_prob_max": 0.6645036935806274,
  "valid_sell_acc_05": 0.5572916666666666,
  "valid_sell_precision_05": 0.43478260869565216,
  "valid_sell_recall_05": 0.12195121951219512,
  "valid_sell_f1_05": 0.19047619047619047,
  "valid_sell_q90_threshold": 0.5364760160446167,
  "valid_sell_q95_threshold": 0.5777062177658081,
  "test_sell_auc": 0.5763293310463121,
  "test_sell_positive_rate": 0.34868421052631576,
  "test_sell_prob_mean": 0.31943202018737793,
  "test_sell_prob_std": 0.07005603611469269,
  "test_sell_prob_min": 0.17842969298362732,
  "test_sell_prob_max": 0.5270380973815918,
  "test_sell_acc_05": 0.6381578947368421,
  "test_sell_precision_05": 0.0,
  "test_sell_recall_05": 0.0,
  "test_sell_f1_05": 0.0,
  "test_sell_q90_threshold": 0.41151583194732666,
  "test_sell_q95_threshold": 0.43422743678092957
}