{
  "total_return": -0.04508659537681725,
  "annualized_return": -0.5479130316275038,
  "max_drawdown": -0.07891516163583079,
  "sharpe": -2.1168601359243637,
  "sortino": -2.010907969971498,
  "calmar": -6.943064175119529,
  "trade_count": 5,
  "win_rate": 0.2,
  "avg_net_return_per_trade": -0.0027673348138270567,
  "median_net_return_per_trade": -0.0006850498040323299,
  "backtest_mode": "a_share_inventory_t0",
  "trade_direction_mode": "sell_only",
  "buy_threshold": 0.7473482042551041,
  "sell_threshold": 0.9047144800424576,
  "initial_capital": 1000000.0,
  "final_equity": 957276.8152996252,
  "final_benchmark_equity": 957628.0,
  "final_alpha_equity": 999648.8152996252,
  "alpha_total_return": -0.0003511847003748736,
  "alpha_sharpe": -0.45688765487509625,
  "alpha_sortino": -0.23190309036808668,
  "alpha_calmar": -3.2860249651466935,
  "alpha_max_drawdown": -0.0018338233186249164,
  "base_shares": 9900,
  "ending_shares": 9900,
  "base_position_pct": 0.6,
  "max_t0_trade_pct": 0.3,
  "max_participation_rate": 0.02,
  "commission_rate": 0.0015,
  "slippage_rate": 0.00075,
  "tp": 0.003,
  "sl": 0.002,
  "stop_loss_cooldown_bars": 0,
  "daily_max_trades": 0,
  "daily_max_losses": 0,
  "daily_loss_limit": 0.0,
  "no_overnight": true
}