{
  "total_return": -0.05641208103376505,
  "annualized_return": -0.6177751769338384,
  "max_drawdown": -0.08275564753199993,
  "sharpe": -2.844211522243343,
  "sortino": -2.7136164683094997,
  "calmar": -7.465051574817988,
  "trade_count": 12,
  "win_rate": 0.08333333333333333,
  "avg_net_return_per_trade": -0.005968802212842402,
  "median_net_return_per_trade": -0.007984034971514228,
  "backtest_mode": "a_share_inventory_t0",
  "trade_direction_mode": "sell_only",
  "buy_threshold": 0.7226963907480239,
  "sell_threshold": 0.9022319376468658,
  "initial_capital": 1000000.0,
  "final_equity": 943218.0325020002,
  "final_benchmark_equity": 953450.0,
  "final_alpha_equity": 989768.0325020002,
  "alpha_total_return": -0.010231967497999817,
  "alpha_sharpe": -10.500534329700123,
  "alpha_sortino": -3.8056958641184817,
  "alpha_calmar": -15.307590811706453,
  "alpha_max_drawdown": -0.010231967497999817,
  "base_shares": 9800,
  "ending_shares": 9800,
  "base_position_pct": 0.6,
  "max_t0_trade_pct": 0.3,
  "max_participation_rate": 0.02,
  "commission_rate": 0.0015,
  "slippage_rate": 0.001,
  "tp": 0.003,
  "sl": 0.002,
  "stop_loss_cooldown_bars": 0,
  "daily_max_trades": 0,
  "daily_max_losses": 0,
  "daily_loss_limit": 0.0,
  "no_overnight": true
}