{
  "total_return": -0.0561219649797724,
  "annualized_return": -0.6158240377936697,
  "max_drawdown": -0.08147547762875329,
  "sharpe": -2.845201403475908,
  "sortino": -2.696255079845555,
  "calmar": -7.558397394117772,
  "trade_count": 14,
  "win_rate": 0.21428571428571427,
  "avg_net_return_per_trade": -0.005651271624559075,
  "median_net_return_per_trade": -0.005899231696645687,
  "backtest_mode": "a_share_inventory_t0",
  "trade_direction_mode": "sell_only",
  "buy_threshold": 0.7311467230319973,
  "sell_threshold": 0.8743394166231154,
  "initial_capital": 1000000.0,
  "final_equity": 943508.0348304997,
  "final_benchmark_equity": 953450.0,
  "final_alpha_equity": 990058.0348304997,
  "alpha_total_return": -0.0099419651695003,
  "alpha_sharpe": -10.894336280663476,
  "alpha_sortino": -3.040504611191126,
  "alpha_calmar": -15.15559149248189,
  "alpha_max_drawdown": -0.010063912834500477,
  "base_shares": 9800,
  "ending_shares": 9800,
  "base_position_pct": 0.6,
  "max_t0_trade_pct": 0.3,
  "max_participation_rate": 0.05,
  "commission_rate": 0.001,
  "slippage_rate": 0.00075,
  "tp": 0.004,
  "sl": 0.002,
  "stop_loss_cooldown_bars": 0,
  "daily_max_trades": 0,
  "daily_max_losses": 0,
  "daily_loss_limit": 0.0,
  "no_overnight": true
}