{
  "total_return": -0.09794277860167466,
  "annualized_return": -0.8190309482959449,
  "max_drawdown": -0.11694964063245561,
  "sharpe": -6.431867182319914,
  "sortino": -10.158986147003704,
  "calmar": -7.003278880265745,
  "trade_count": 11,
  "win_rate": 0.2727272727272727,
  "avg_net_return_per_trade": -0.004839775015617092,
  "median_net_return_per_trade": -0.0009015848772597722,
  "backtest_mode": "a_share_inventory_t0",
  "trade_direction_mode": "sell_only",
  "buy_threshold": 0.6491788774728775,
  "sell_threshold": 0.8673499226570129,
  "initial_capital": 1000000.0,
  "final_equity": 906427.6886360003,
  "final_benchmark_equity": 913740.0,
  "final_alpha_equity": 992687.6886360003,
  "alpha_total_return": -0.0073123113639996795,
  "alpha_sharpe": -6.664018878210031,
  "alpha_sortino": -1.6324397060540974,
  "alpha_calmar": -13.715969814823877,
  "alpha_max_drawdown": -0.008355017268442677,
  "base_shares": 9500,
  "ending_shares": 9500,
  "base_position_pct": 0.6,
  "max_t0_trade_pct": 0.3,
  "max_participation_rate": 0.02,
  "commission_rate": 0.0015,
  "slippage_rate": 0.0005,
  "tp": 0.003,
  "sl": 0.002,
  "stop_loss_cooldown_bars": 6,
  "daily_max_trades": 0,
  "daily_max_losses": 2,
  "daily_loss_limit": 0.0,
  "no_overnight": true
}