{
  "total_return": -0.05482307923205876,
  "annualized_return": -0.6069732369896808,
  "max_drawdown": -0.08185733194099998,
  "sharpe": -2.7608338975302655,
  "sortino": -2.6312462737186952,
  "calmar": -7.41501369024789,
  "trade_count": 12,
  "win_rate": 0.16666666666666666,
  "avg_net_return_per_trade": -0.004968802212842402,
  "median_net_return_per_trade": -0.006984034971514227,
  "backtest_mode": "a_share_inventory_t0",
  "trade_direction_mode": "sell_only",
  "buy_threshold": 0.7226963907480239,
  "sell_threshold": 0.9022319376468658,
  "initial_capital": 1000000.0,
  "final_equity": 944806.4114150002,
  "final_benchmark_equity": 953450.0,
  "final_alpha_equity": 991356.4114150002,
  "alpha_total_return": -0.008643588584999806,
  "alpha_sharpe": -9.286825052943874,
  "alpha_sortino": -3.6190220542574374,
  "alpha_calmar": -14.495360954776057,
  "alpha_max_drawdown": -0.009239331940999906,
  "base_shares": 9800,
  "ending_shares": 9800,
  "base_position_pct": 0.6,
  "max_t0_trade_pct": 0.3,
  "max_participation_rate": 0.05,
  "commission_rate": 0.001,
  "slippage_rate": 0.001,
  "tp": 0.003,
  "sl": 0.002,
  "stop_loss_cooldown_bars": 0,
  "daily_max_trades": 0,
  "daily_max_losses": 0,
  "daily_loss_limit": 0.0,
  "no_overnight": true
}