model_label,epoch,train_loss,valid_loss,valid_auc,valid_prob_mean,valid_prob_max
LSTM_buy,1,1.4142671082470868,1.451521873474121,0.5139833711262283,0.25485655665397644,0.3405294418334961
LSTM_buy,2,1.214060454755216,1.282984733581543,0.528495842781557,0.360832542181015,0.6506071090698242
LSTM_buy,3,1.0543257851858396,1.2419482469558716,0.5195767195767196,0.5174936652183533,0.8909499049186707
