model_label,epoch,train_loss,valid_loss,valid_auc,valid_prob_mean,valid_prob_max
LSTM_sell,1,0.9143517500645405,0.8911489844322205,0.6175066930508671,0.40403151512145996,0.5067066550254822
LSTM_sell,2,0.8472256644352062,0.8764613270759583,0.5918984984285881,0.47685614228248596,0.7262270450592041
LSTM_sell,3,0.8219835983740317,0.903942346572876,0.5678035153067162,0.5138159394264221,0.7963882684707642
