{
  "model": "LSTM",
  "target_col_buy": "buy_label",
  "target_col_sell": "sell_label",
  "feature_count": 194,
  "lookback": 8,
  "params": {
    "hidden_dim": 256,
    "num_layers": 2,
    "dropout": 0.3,
    "output_dim": 1
  },
  "buy_fit": {
    "best_score": 0.528495842781557,
    "best_valid_auc": 0.528495842781557,
    "epochs_ran": 3,
    "pos_rate": 0.20777027027027026,
    "pos_weight": 3.813008130081301,
    "device": "cpu"
  },
  "sell_fit": {
    "best_score": 0.6175066930508671,
    "best_valid_auc": 0.6175066930508671,
    "epochs_ran": 3,
    "pos_rate": 0.36486486486486486,
    "pos_weight": 1.7407407407407407,
    "device": "cpu"
  },
  "valid_buy_auc": 0.528495842781557,
  "valid_buy_positive_rate": 0.234375,
  "valid_buy_prob_mean": 0.360832542181015,
  "valid_buy_prob_std": 0.10742724686861038,
  "valid_buy_prob_min": 0.1585906445980072,
  "valid_buy_prob_max": 0.6506071090698242,
  "valid_buy_acc_05": 0.6927083333333334,
  "valid_buy_precision_05": 0.18181818181818182,
  "valid_buy_recall_05": 0.08888888888888889,
  "valid_buy_f1_05": 0.11940298507462686,
  "valid_buy_q90_threshold": 0.517827033996582,
  "valid_buy_q95_threshold": 0.5661951899528503,
  "test_buy_auc": 0.5755581668625147,
  "test_buy_positive_rate": 0.24342105263157895,
  "test_buy_prob_mean": 0.31589895486831665,
  "test_buy_prob_std": 0.11423853039741516,
  "test_buy_prob_min": 0.13537830114364624,
  "test_buy_prob_max": 0.6828165054321289,
  "test_buy_acc_05": 0.7039473684210527,
  "test_buy_precision_05": 0.16666666666666666,
  "test_buy_recall_05": 0.05405405405405406,
  "test_buy_f1_05": 0.08163265306122448,
  "test_buy_q90_threshold": 0.47541314363479614,
  "test_buy_q95_threshold": 0.5440991520881653,
  "valid_sell_auc": 0.6175066930508671,
  "valid_sell_positive_rate": 0.3697916666666667,
  "valid_sell_prob_mean": 0.40403151512145996,
  "valid_sell_prob_std": 0.05580125376582146,
  "valid_sell_prob_min": 0.2855319678783417,
  "valid_sell_prob_max": 0.5067066550254822,
  "valid_sell_acc_05": 0.6302083333333334,
  "valid_sell_precision_05": 0.5,
  "valid_sell_recall_05": 0.014084507042253521,
  "valid_sell_f1_05": 0.0273972602739726,
  "valid_sell_q90_threshold": 0.4705069661140442,
  "valid_sell_q95_threshold": 0.48337966203689575,
  "test_sell_auc": 0.5403681428831785,
  "test_sell_positive_rate": 0.3881578947368421,
  "test_sell_prob_mean": 0.3817141056060791,
  "test_sell_prob_std": 0.05230249837040901,
  "test_sell_prob_min": 0.2901686131954193,
  "test_sell_prob_max": 0.5179985165596008,
  "test_sell_acc_05": 0.618421052631579,
  "test_sell_precision_05": 0.5714285714285714,
  "test_sell_recall_05": 0.06779661016949153,
  "test_sell_f1_05": 0.12121212121212122,
  "test_sell_q90_threshold": 0.4513184428215027,
  "test_sell_q95_threshold": 0.4908883273601532
}