{
  "total_return": 0.07532616668192293,
  "annualized_return": 1.8863896475656472,
  "max_drawdown": -0.04437181694938652,
  "sharpe": 4.067724111446403,
  "sortino": 6.9121461043700245,
  "calmar": 42.51323874605789,
  "trade_count": 4,
  "win_rate": 0.25,
  "avg_net_return_per_trade": -0.0041783510975095485,
  "median_net_return_per_trade": -0.003846490203751215,
  "backtest_mode": "a_share_inventory_t0",
  "trade_direction_mode": "sell_only",
  "buy_threshold": 0.6006682366132736,
  "sell_threshold": 0.621973305940628,
  "initial_capital": 1000000.0,
  "final_equity": 1074870.2283872499,
  "final_benchmark_equity": 1078122.0,
  "final_alpha_equity": 996748.2283872499,
  "alpha_total_return": -0.003251771612750143,
  "alpha_sharpe": -3.007344045457684,
  "alpha_sortino": -0.746015109842271,
  "alpha_calmar": -8.383647717880958,
  "alpha_max_drawdown": -0.005537835927907686,
  "base_shares": 10600,
  "ending_shares": 10600,
  "base_position_pct": 0.6,
  "max_t0_trade_pct": 0.3,
  "max_participation_rate": 0.05,
  "commission_rate": 0.0015,
  "slippage_rate": 0.00075,
  "tp": 0.003,
  "sl": 0.002,
  "stop_loss_cooldown_bars": 0,
  "daily_max_trades": 0,
  "daily_max_losses": 0,
  "daily_loss_limit": 0.0,
  "no_overnight": true
}