{
  "total_return": -0.09773550505255268,
  "annualized_return": -0.818730960559144,
  "max_drawdown": -0.11516455091764699,
  "sharpe": -6.565060053848429,
  "sortino": -10.359372280372096,
  "calmar": -7.109227223441441,
  "trade_count": 12,
  "win_rate": 0.0,
  "avg_net_return_per_trade": -0.006132285529280993,
  "median_net_return_per_trade": -0.004372914127511337,
  "backtest_mode": "a_share_inventory_t0",
  "trade_direction_mode": "sell_only",
  "buy_threshold": 0.6396319121122359,
  "sell_threshold": 0.8835047245025632,
  "initial_capital": 1000000.0,
  "final_equity": 905826.6351734998,
  "final_benchmark_equity": 912204.0,
  "final_alpha_equity": 993622.6351734998,
  "alpha_total_return": -0.006377364826500198,
  "alpha_sharpe": -7.36059785360747,
  "alpha_sortino": -2.5881648177416934,
  "alpha_calmar": -14.165274802191997,
  "alpha_max_drawdown": -0.007115026660758916,
  "base_shares": 9400,
  "ending_shares": 9400,
  "base_position_pct": 0.6,
  "max_t0_trade_pct": 0.3,
  "max_participation_rate": 0.05,
  "commission_rate": 0.0015,
  "slippage_rate": 0.00075,
  "tp": 0.003,
  "sl": 0.002,
  "stop_loss_cooldown_bars": 0,
  "daily_max_trades": 0,
  "daily_max_losses": 0,
  "daily_loss_limit": 0.0,
  "no_overnight": true
}