{
  "total_return": -0.024901974776998848,
  "annualized_return": -0.8401006063817813,
  "max_drawdown": -0.028567472885999035,
  "sharpe": -18.28224344222104,
  "sortino": -21.871855878166905,
  "calmar": -29.407592674867505,
  "trade_count": 14,
  "win_rate": 0.14285714285714285,
  "avg_net_return_per_trade": -0.003901565075929994,
  "median_net_return_per_trade": -0.005805160369470816,
  "buy_threshold": 0.7593238848072256,
  "sell_threshold": 0.5588395679573952,
  "initial_capital": 1000000.0,
  "final_equity": 975098.0252230011,
  "commission_rate": 0.001,
  "slippage_rate": 0.0005,
  "tp": 0.003,
  "sl": 0.002,
  "no_overnight": true,
  "position_sizing_mode": "probability_scaled",
  "min_position_pct": 0.25,
  "max_position_pct": 1.0,
  "position_sizing_high_quantile": 0.99,
  "buy_high_threshold": 0.8105785266864927
}