{
  "total_return": 0.033987433553022584,
  "annualized_return": 10.355605471999793,
  "max_drawdown": -0.04663937752691094,
  "sharpe": 7.910520025008036,
  "sortino": 12.086849195513613,
  "calmar": 222.0356707381998,
  "trade_count": 12,
  "win_rate": 0.16666666666666666,
  "avg_net_return_per_trade": -0.004784407814963918,
  "median_net_return_per_trade": -0.0054942920739431385,
  "backtest_mode": "a_share_inventory_t0",
  "trade_direction_mode": "sell_only",
  "buy_threshold": 0.4595914352082699,
  "sell_threshold": 0.5628645781565597,
  "initial_capital": 1000000.0,
  "final_equity": 1033256.4044375005,
  "final_benchmark_equity": 1040804.0,
  "final_alpha_equity": 992452.4044375005,
  "alpha_total_return": -0.0075475955624995095,
  "alpha_sharpe": -22.479655144762088,
  "alpha_sortino": -13.686633531014552,
  "alpha_calmar": -55.22226631530406,
  "alpha_max_drawdown": -0.007668859744499601,
  "base_shares": 10100,
  "ending_shares": 10100,
  "base_position_pct": 0.6,
  "max_t0_trade_pct": 0.3,
  "max_participation_rate": 0.05,
  "commission_rate": 0.001,
  "slippage_rate": 0.0005,
  "tp": 0.003,
  "sl": 0.002,
  "no_overnight": true
}