{
  "total_return": -0.11179961370491909,
  "annualized_return": -0.42581274795097124,
  "max_drawdown": -0.15342948615892493,
  "sharpe": -2.5008494210410195,
  "sortino": -3.5057925418678053,
  "calmar": -2.775299315738482,
  "trade_count": 10,
  "win_rate": 0.4,
  "avg_net_return_per_trade": -0.002480273175450084,
  "median_net_return_per_trade": -0.0004482064439706966,
  "backtest_mode": "a_share_inventory_t0",
  "trade_direction_mode": "sell_only",
  "buy_threshold": 0.6868722345201278,
  "sell_threshold": 0.6760560954993466,
  "initial_capital": 1000000.0,
  "final_equity": 891595.0881715007,
  "final_benchmark_equity": 896351.0,
  "final_alpha_equity": 995244.0881715007,
  "alpha_total_return": -0.004755911828499326,
  "alpha_sharpe": -2.34973343674053,
  "alpha_sortino": -0.6772993389011385,
  "alpha_calmar": -2.982940844535068,
  "alpha_max_drawdown": -0.007395957328585334,
  "base_shares": 9100,
  "ending_shares": 9100,
  "base_position_pct": 0.6,
  "max_t0_trade_pct": 0.3,
  "max_participation_rate": 0.02,
  "commission_rate": 0.0015,
  "slippage_rate": 0.0005,
  "tp": 0.003,
  "sl": 0.002,
  "no_overnight": true
}