{
  "total_return": 0.07887426670864328,
  "annualized_return": 2.032290488943921,
  "max_drawdown": -0.04523604540021542,
  "sharpe": 4.15294357598856,
  "sortino": 7.059659999389765,
  "calmar": 44.9263517834882,
  "trade_count": 4,
  "win_rate": 0.0,
  "avg_net_return_per_trade": -0.009366425172517897,
  "median_net_return_per_trade": -0.008701765380544232,
  "backtest_mode": "a_share_inventory_t0",
  "trade_direction_mode": "sell_only",
  "buy_threshold": 0.5834246009588241,
  "sell_threshold": 0.8427620708942413,
  "initial_capital": 1000000.0,
  "final_equity": 1076911.7944175003,
  "final_benchmark_equity": 1082604.0,
  "final_alpha_equity": 994307.7944175003,
  "alpha_total_return": -0.005692205582499721,
  "alpha_sharpe": -8.948049537993805,
  "alpha_sortino": -1.4459372045803796,
  "alpha_calmar": -14.059266748984868,
  "alpha_max_drawdown": -0.005692205582499943,
  "base_shares": 10700,
  "ending_shares": 10700,
  "base_position_pct": 0.6,
  "max_t0_trade_pct": 0.3,
  "max_participation_rate": 0.05,
  "commission_rate": 0.0015,
  "slippage_rate": 0.001,
  "tp": 0.003,
  "sl": 0.002,
  "stop_loss_cooldown_bars": 6,
  "daily_max_trades": 0,
  "daily_max_losses": 2,
  "daily_loss_limit": 0.0,
  "no_overnight": true
}