{
  "total_return": -0.052867749176927714,
  "annualized_return": -0.5932872895546759,
  "max_drawdown": -0.08024780003625032,
  "sharpe": -2.658963312668995,
  "sortino": -2.5262799699838685,
  "calmar": -7.393190707865766,
  "trade_count": 12,
  "win_rate": 0.3333333333333333,
  "avg_net_return_per_trade": -0.003982799818186007,
  "median_net_return_per_trade": -0.005985401956771715,
  "backtest_mode": "a_share_inventory_t0",
  "trade_direction_mode": "sell_only",
  "buy_threshold": 0.7226963907480239,
  "sell_threshold": 0.9022319376468658,
  "initial_capital": 1000000.0,
  "final_equity": 946760.9749807497,
  "final_benchmark_equity": 953450.0,
  "final_alpha_equity": 993310.9749807497,
  "alpha_total_return": -0.006689025019250394,
  "alpha_sharpe": -7.607991067469384,
  "alpha_sortino": -2.960050666954426,
  "alpha_calmar": -13.788965853493382,
  "alpha_max_drawdown": -0.007629800036250245,
  "base_shares": 9800,
  "ending_shares": 9800,
  "base_position_pct": 0.6,
  "max_t0_trade_pct": 0.3,
  "max_participation_rate": 0.02,
  "commission_rate": 0.001,
  "slippage_rate": 0.00075,
  "tp": 0.003,
  "sl": 0.002,
  "stop_loss_cooldown_bars": 0,
  "daily_max_trades": 0,
  "daily_max_losses": 0,
  "daily_loss_limit": 0.0,
  "no_overnight": true
}