{
  "scenario_count": 12,
  "all_alpha_positive": true,
  "min_alpha_total_return": 0.00032602337424991745,
  "worst_alpha_max_drawdown": -0.0007397325996771897,
  "min_trade_count": 1
}