{
  "total_return": -0.0455592447158395,
  "annualized_return": -0.5385145533771254,
  "max_drawdown": -0.078536074963108,
  "sharpe": -2.3150293833967157,
  "sortino": -2.203913614065357,
  "calmar": -6.856906888077746,
  "trade_count": 10,
  "win_rate": 0.3,
  "avg_net_return_per_trade": -0.0026813874759868926,
  "median_net_return_per_trade": -0.0028583053520808664,
  "backtest_mode": "a_share_inventory_t0",
  "trade_direction_mode": "sell_only",
  "buy_threshold": 0.7795956283807755,
  "sell_threshold": 0.8284404128789902,
  "initial_capital": 1000000.0,
  "final_equity": 953598.9385379999,
  "final_benchmark_equity": 953940.0,
  "final_alpha_equity": 999658.9385379999,
  "alpha_total_return": -0.0003410614620000807,
  "alpha_sharpe": -0.46682667376820686,
  "alpha_sortino": -0.2898588602725315,
  "alpha_calmar": -2.0447968773642056,
  "alpha_max_drawdown": -0.002758777664250145,
  "base_shares": 9800,
  "ending_shares": 9800,
  "base_position_pct": 0.6,
  "max_t0_trade_pct": 0.3,
  "max_participation_rate": 0.05,
  "commission_rate": 0.001,
  "slippage_rate": 0.00075,
  "tp": 0.003,
  "sl": 0.002,
  "stop_loss_cooldown_bars": 0,
  "daily_max_trades": 0,
  "daily_max_losses": 0,
  "daily_loss_limit": 0.0,
  "no_overnight": true
}