{
  "total_return": -0.0024774178731926666,
  "annualized_return": -0.1649998300093154,
  "max_drawdown": -0.02740704647541381,
  "sharpe": 0.5527920614322147,
  "sortino": 0.9585145316976894,
  "calmar": -6.020343350653734,
  "trade_count": 1,
  "win_rate": 0.0,
  "avg_net_return_per_trade": -0.0068593881519823895,
  "median_net_return_per_trade": -0.0068593881519823895,
  "backtest_mode": "a_share_inventory_t0",
  "trade_direction_mode": "sell_only",
  "buy_threshold": 0.6109327335007458,
  "sell_threshold": 0.7023395873606205,
  "initial_capital": 1000000.0,
  "final_equity": 1001083.737745,
  "final_benchmark_equity": 1002520.0,
  "final_alpha_equity": 998563.737745,
  "alpha_total_return": -0.0014362622549999315,
  "alpha_sharpe": -13.048188995641526,
  "alpha_sortino": -2.9049918375376222,
  "alpha_calmar": -69.07721859013506,
  "alpha_max_drawdown": -0.0014362622549999315,
  "base_shares": 10500,
  "ending_shares": 10500,
  "base_position_pct": 0.6,
  "max_t0_trade_pct": 0.3,
  "max_participation_rate": 0.02,
  "commission_rate": 0.001,
  "slippage_rate": 0.001,
  "tp": 0.003,
  "sl": 0.002,
  "no_overnight": true
}