{
  "total_return": -0.09546794056944108,
  "annualized_return": -0.8106186683578195,
  "max_drawdown": -0.11508779285483484,
  "sharpe": -6.192573959770704,
  "sortino": -9.901484554894074,
  "calmar": -7.04348087881299,
  "trade_count": 5,
  "win_rate": 0.2,
  "avg_net_return_per_trade": -0.008143730787471031,
  "median_net_return_per_trade": -0.009800394410783949,
  "backtest_mode": "a_share_inventory_t0",
  "trade_direction_mode": "sell_only",
  "buy_threshold": 0.653843879699707,
  "sell_threshold": 0.9692891389131546,
  "initial_capital": 1000000.0,
  "final_equity": 908914.5172585,
  "final_benchmark_equity": 913740.0,
  "final_alpha_equity": 995174.5172585,
  "alpha_total_return": -0.004825482741499965,
  "alpha_sharpe": -7.489415004885768,
  "alpha_sortino": -2.1329809293830078,
  "alpha_calmar": -12.497616984738258,
  "alpha_max_drawdown": -0.006168059546532656,
  "base_shares": 9500,
  "ending_shares": 9500,
  "base_position_pct": 0.6,
  "max_t0_trade_pct": 0.3,
  "max_participation_rate": 0.02,
  "commission_rate": 0.0015,
  "slippage_rate": 0.001,
  "tp": 0.004,
  "sl": 0.003,
  "stop_loss_cooldown_bars": 6,
  "daily_max_trades": 0,
  "daily_max_losses": 2,
  "daily_loss_limit": 0.0,
  "no_overnight": true
}