{
  "total_return": -0.12006196856315121,
  "annualized_return": -0.4503834602122754,
  "max_drawdown": -0.15738162965388358,
  "sharpe": -2.7034006125801913,
  "sortino": -3.7794039418600405,
  "calmar": -2.8617282792328846,
  "trade_count": 18,
  "win_rate": 0.4444444444444444,
  "avg_net_return_per_trade": -0.0033773969554378204,
  "median_net_return_per_trade": -0.005732117523361888,
  "backtest_mode": "a_share_inventory_t0",
  "trade_direction_mode": "sell_only",
  "buy_threshold": 0.6868722345201278,
  "sell_threshold": 0.6495381474378386,
  "initial_capital": 1000000.0,
  "final_equity": 883301.1545930004,
  "final_benchmark_equity": 896351.0,
  "final_alpha_equity": 986950.1545930004,
  "alpha_total_return": -0.013049845406999605,
  "alpha_sharpe": -6.428169037086563,
  "alpha_sortino": -1.5848042309687767,
  "alpha_calmar": -4.550325060321498,
  "alpha_max_drawdown": -0.013102022974499583,
  "base_shares": 9100,
  "ending_shares": 9100,
  "base_position_pct": 0.6,
  "max_t0_trade_pct": 0.3,
  "max_participation_rate": 0.05,
  "commission_rate": 0.001,
  "slippage_rate": 0.0005,
  "tp": 0.003,
  "sl": 0.002,
  "no_overnight": true
}