{
  "fold": 2,
  "model_summaries": {
    "lstm": {
      "model": "LSTM",
      "target_col_buy": "buy_label",
      "target_col_sell": "sell_label",
      "feature_count": 194,
      "lookback": 8,
      "params": {
        "hidden_dim": 256,
        "num_layers": 2,
        "dropout": 0.3,
        "output_dim": 1
      },
      "buy_fit": {
        "best_score": 0.5632635673868314,
        "best_valid_auc": 0.5632635673868314,
        "epochs_ran": 11,
        "pos_rate": 0.27631578947368424,
        "pos_weight": 2.6190476190476186,
        "device": "cpu"
      },
      "sell_fit": {
        "best_score": 0.5697711379529561,
        "best_valid_auc": 0.5697711379529561,
        "epochs_ran": 20,
        "pos_rate": 0.32205513784461154,
        "pos_weight": 2.105058365758755,
        "device": "cpu"
      },
      "valid_buy_auc": 0.5632635673868314,
      "valid_buy_positive_rate": 0.2727272727272727,
      "valid_buy_prob_mean": 0.47864648699760437,
      "valid_buy_prob_std": 0.07513021677732468,
      "valid_buy_prob_min": 0.3307718336582184,
      "valid_buy_prob_max": 0.7137343883514404,
      "valid_buy_acc_05": 0.6325757575757576,
      "valid_buy_precision_05": 0.3469387755102041,
      "valid_buy_recall_05": 0.39351851851851855,
      "valid_buy_f1_05": 0.368763557483731,
      "valid_buy_q90_threshold": 0.5929534435272217,
      "valid_buy_q95_threshold": 0.6360969543457031,
      "test_buy_auc": 0.5119135988775685,
      "test_buy_positive_rate": 0.26641414141414144,
      "test_buy_prob_mean": 0.4805377125740051,
      "test_buy_prob_std": 0.06720010936260223,
      "test_buy_prob_min": 0.32636258006095886,
      "test_buy_prob_max": 0.6547159552574158,
      "test_buy_acc_05": 0.5618686868686869,
      "test_buy_precision_05": 0.2638888888888889,
      "test_buy_recall_05": 0.36018957345971564,
      "test_buy_f1_05": 0.3046092184368738,
      "test_buy_q90_threshold": 0.5774838924407959,
      "test_buy_q95_threshold": 0.6059660911560059,
      "valid_sell_auc": 0.5697711379529561,
      "valid_sell_positive_rate": 0.3611111111111111,
      "valid_sell_prob_mean": 0.4144684076309204,
      "valid_sell_prob_std": 0.2949603199958801,
      "valid_sell_prob_min": 0.0034675768110901117,
      "valid_sell_prob_max": 0.9912159442901611,
      "valid_sell_acc_05": 0.5707070707070707,
      "valid_sell_precision_05": 0.40939597315436244,
      "valid_sell_recall_05": 0.42657342657342656,
      "valid_sell_f1_05": 0.4178082191780822,
      "valid_sell_q90_threshold": 0.8684365153312683,
      "valid_sell_q95_threshold": 0.9222695231437683,
      "test_sell_auc": 0.5220719178082192,
      "test_sell_positive_rate": 0.3686868686868687,
      "test_sell_prob_mean": 0.35923367738723755,
      "test_sell_prob_std": 0.2800526022911072,
      "test_sell_prob_min": 0.0012827756581827998,
      "test_sell_prob_max": 0.9784230589866638,
      "test_sell_acc_05": 0.5757575757575758,
      "test_sell_precision_05": 0.41338582677165353,
      "test_sell_recall_05": 0.3595890410958904,
      "test_sell_f1_05": 0.38461538461538464,
      "test_sell_q90_threshold": 0.8009424805641174,
      "test_sell_q95_threshold": 0.8708023428916931
    }
  },
  "selected_model_summary": {
    "model": "LSTM",
    "target_col_buy": "buy_label",
    "target_col_sell": "sell_label",
    "feature_count": 194,
    "lookback": 8,
    "params": {
      "hidden_dim": 256,
      "num_layers": 2,
      "dropout": 0.3,
      "output_dim": 1
    },
    "buy_fit": {
      "best_score": 0.5632635673868314,
      "best_valid_auc": 0.5632635673868314,
      "epochs_ran": 11,
      "pos_rate": 0.27631578947368424,
      "pos_weight": 2.6190476190476186,
      "device": "cpu"
    },
    "sell_fit": {
      "best_score": 0.5697711379529561,
      "best_valid_auc": 0.5697711379529561,
      "epochs_ran": 20,
      "pos_rate": 0.32205513784461154,
      "pos_weight": 2.105058365758755,
      "device": "cpu"
    },
    "valid_buy_auc": 0.5632635673868314,
    "valid_buy_positive_rate": 0.2727272727272727,
    "valid_buy_prob_mean": 0.47864648699760437,
    "valid_buy_prob_std": 0.07513021677732468,
    "valid_buy_prob_min": 0.3307718336582184,
    "valid_buy_prob_max": 0.7137343883514404,
    "valid_buy_acc_05": 0.6325757575757576,
    "valid_buy_precision_05": 0.3469387755102041,
    "valid_buy_recall_05": 0.39351851851851855,
    "valid_buy_f1_05": 0.368763557483731,
    "valid_buy_q90_threshold": 0.5929534435272217,
    "valid_buy_q95_threshold": 0.6360969543457031,
    "test_buy_auc": 0.5119135988775685,
    "test_buy_positive_rate": 0.26641414141414144,
    "test_buy_prob_mean": 0.4805377125740051,
    "test_buy_prob_std": 0.06720010936260223,
    "test_buy_prob_min": 0.32636258006095886,
    "test_buy_prob_max": 0.6547159552574158,
    "test_buy_acc_05": 0.5618686868686869,
    "test_buy_precision_05": 0.2638888888888889,
    "test_buy_recall_05": 0.36018957345971564,
    "test_buy_f1_05": 0.3046092184368738,
    "test_buy_q90_threshold": 0.5774838924407959,
    "test_buy_q95_threshold": 0.6059660911560059,
    "valid_sell_auc": 0.5697711379529561,
    "valid_sell_positive_rate": 0.3611111111111111,
    "valid_sell_prob_mean": 0.4144684076309204,
    "valid_sell_prob_std": 0.2949603199958801,
    "valid_sell_prob_min": 0.0034675768110901117,
    "valid_sell_prob_max": 0.9912159442901611,
    "valid_sell_acc_05": 0.5707070707070707,
    "valid_sell_precision_05": 0.40939597315436244,
    "valid_sell_recall_05": 0.42657342657342656,
    "valid_sell_f1_05": 0.4178082191780822,
    "valid_sell_q90_threshold": 0.8684365153312683,
    "valid_sell_q95_threshold": 0.9222695231437683,
    "test_sell_auc": 0.5220719178082192,
    "test_sell_positive_rate": 0.3686868686868687,
    "test_sell_prob_mean": 0.35923367738723755,
    "test_sell_prob_std": 0.2800526022911072,
    "test_sell_prob_min": 0.0012827756581827998,
    "test_sell_prob_max": 0.9784230589866638,
    "test_sell_acc_05": 0.5757575757575758,
    "test_sell_precision_05": 0.41338582677165353,
    "test_sell_recall_05": 0.3595890410958904,
    "test_sell_f1_05": 0.38461538461538464,
    "test_sell_q90_threshold": 0.8009424805641174,
    "test_sell_q95_threshold": 0.8708023428916931
  },
  "t0_stats": {
    "total_return": -0.09372444625998422,
    "annualized_return": -0.7925852373212724,
    "max_drawdown": -0.11592368695511523,
    "sharpe": -6.298438136485839,
    "sortino": -9.891395579649172,
    "calmar": -6.8371293058350995,
    "trade_count": 13,
    "win_rate": 0.38461538461538464,
    "avg_net_return_per_trade": -0.0036839353982737336,
    "median_net_return_per_trade": -0.005373168864175601,
    "backtest_mode": "a_share_inventory_t0",
    "trade_direction_mode": "sell_only",
    "buy_threshold": 0.6360969454050064,
    "sell_threshold": 0.9222695231437683,
    "initial_capital": 1000000.0,
    "final_equity": 905423.6547195002,
    "final_benchmark_equity": 911922.0,
    "final_alpha_equity": 993501.6547195002,
    "alpha_total_return": -0.006498345280499751,
    "alpha_sharpe": -7.132234959043346,
    "alpha_sortino": -2.1347784988837017,
    "alpha_calmar": -12.484622828173851,
    "alpha_max_drawdown": -0.007926851772901644,
    "base_shares": 9400,
    "ending_shares": 9400,
    "base_position_pct": 0.6,
    "max_t0_trade_pct": 0.3,
    "max_participation_rate": 0.05,
    "commission_rate": 0.001,
    "slippage_rate": 0.0005,
    "tp": 0.003,
    "sl": 0.002,
    "stop_loss_cooldown_bars": 0,
    "daily_max_trades": 0,
    "daily_max_losses": 0,
    "daily_loss_limit": 0.0,
    "no_overnight": true
  },
  "stress_stats": {
    "stress_scenario_count": 12,
    "stress_min_alpha_total_return": -0.010464598355999999,
    "stress_worst_alpha_drawdown": -0.011528127574480629,
    "stress_min_trade_count": 13
  },
  "sell_threshold_grid_stats": {
    "sell_grid_best_rule": "sell_only_q90",
    "sell_grid_best_quantile": 0.9,
    "sell_grid_best_alpha_total_return": -0.0021360179564994253,