{
  "total_return": -0.026194702141722703,
  "annualized_return": -0.8548011751126492,
  "max_drawdown": -0.03406548972914847,
  "sharpe": -13.357255546731992,
  "sortino": -16.435490550171707,
  "calmar": -25.092877921588492,
  "trade_count": 1,
  "win_rate": 1.0,
  "avg_net_return_per_trade": 0.0008152163812814059,
  "median_net_return_per_trade": 0.0008152163812814059,
  "backtest_mode": "a_share_inventory_t0",
  "trade_direction_mode": "sell_only",
  "buy_threshold": 0.4095080417989358,
  "sell_threshold": 0.4341893776055725,
  "initial_capital": 1000000.0,
  "final_equity": 973112.9222915,
  "final_benchmark_equity": 972429.0,
  "final_alpha_equity": 1000683.9222915,
  "alpha_total_return": 0.0006839222915000498,
  "alpha_sharpe": 3.915394651285601,
  "alpha_sortino": 2.5176838569953057,
  "alpha_calmar": 74.46437539712772,
  "alpha_max_drawdown": -0.0006843231587501108,
  "base_shares": 7900,
  "ending_shares": 7900,
  "base_position_pct": 0.6,
  "max_t0_trade_pct": 0.3,
  "max_participation_rate": 0.02,
  "commission_rate": 0.001,
  "slippage_rate": 0.00075,
  "tp": 0.003,
  "sl": 0.002,
  "no_overnight": true
}