{
  "total_return": 0.04005851681721784,
  "annualized_return": 16.379707282258003,
  "max_drawdown": -0.023547730535977696,
  "sharpe": 8.85099589236389,
  "sortino": 20.891553083356808,
  "calmar": 695.5960047713329,
  "trade_count": 7,
  "win_rate": 0.7142857142857143,
  "avg_net_return_per_trade": -0.0010111390114836388,
  "median_net_return_per_trade": 0.0015217460354454175,
  "backtest_mode": "a_share_inventory_t0",
  "trade_direction_mode": "sell_only",
  "buy_threshold": 0.4607778406855257,
  "sell_threshold": 0.6313382372260093,
  "initial_capital": 1000000.0,
  "final_equity": 1037633.1003560001,
  "final_benchmark_equity": 1036040.0,
  "final_alpha_equity": 1001593.1003560001,
  "alpha_total_return": 0.0015931003560001322,
  "alpha_sharpe": 4.790613889569185,
  "alpha_sortino": 5.581273167111173,
  "alpha_calmar": 109.3673878196836,
  "alpha_max_drawdown": -0.0011217459969998789,
  "base_shares": 10600,
  "ending_shares": 10600,
  "base_position_pct": 0.6,
  "max_t0_trade_pct": 0.3,
  "max_participation_rate": 0.05,
  "commission_rate": 0.001,
  "slippage_rate": 0.0005,
  "tp": 0.003,
  "sl": 0.002,
  "no_overnight": true
}