{
  "total_return": -0.05995084648732263,
  "annualized_return": -0.6408373777468914,
  "max_drawdown": -0.08393393497693691,
  "sharpe": -3.049593590097703,
  "sortino": -2.8979099783080287,
  "calmar": -7.635021257170638,
  "trade_count": 22,
  "win_rate": 0.22727272727272727,
  "avg_net_return_per_trade": -0.0051474744211989784,
  "median_net_return_per_trade": -0.006138886385917361,
  "backtest_mode": "a_share_inventory_t0",
  "trade_direction_mode": "sell_only",
  "buy_threshold": 0.7311467230319973,
  "sell_threshold": 0.8048594832420349,
  "initial_capital": 1000000.0,
  "final_equity": 939680.6542445004,
  "final_benchmark_equity": 953450.0,
  "final_alpha_equity": 986230.6542445004,
  "alpha_total_return": -0.013769345755499596,
  "alpha_sharpe": -15.359851319634897,
  "alpha_sortino": -6.9029028816761295,
  "alpha_calmar": -14.34093247552526,
  "alpha_max_drawdown": -0.014307719994824275,
  "base_shares": 9800,
  "ending_shares": 9800,
  "base_position_pct": 0.6,
  "max_t0_trade_pct": 0.3,
  "max_participation_rate": 0.05,
  "commission_rate": 0.001,
  "slippage_rate": 0.0005,
  "tp": 0.004,
  "sl": 0.002,
  "stop_loss_cooldown_bars": 0,
  "daily_max_trades": 0,
  "daily_max_losses": 0,
  "daily_loss_limit": 0.0,
  "no_overnight": true
}