{
  "total_return": -0.1143950966713062,
  "annualized_return": -0.8662994754856886,
  "max_drawdown": -0.12576136530542004,
  "sharpe": -7.688055463699383,
  "sortino": -12.000240112125548,
  "calmar": -6.88843885705138,
  "trade_count": 23,
  "win_rate": 0.08695652173913043,
  "avg_net_return_per_trade": -0.007028928887168687,
  "median_net_return_per_trade": -0.007815098770559522,
  "backtest_mode": "a_share_inventory_t0",
  "trade_direction_mode": "sell_only",
  "buy_threshold": 0.6489220082759856,
  "sell_threshold": 0.9102133363485335,
  "initial_capital": 1000000.0,
  "final_equity": 888240.463521,
  "final_benchmark_equity": 906349.0,
  "final_alpha_equity": 981891.463521,
  "alpha_total_return": -0.018108536479000015,
  "alpha_sharpe": -13.253860417077977,
  "alpha_sortino": -4.959013512330785,
  "alpha_calmar": -13.683196772432419,
  "alpha_max_drawdown": -0.019086604947608277,
  "base_shares": 9300,
  "ending_shares": 9300,
  "base_position_pct": 0.6,
  "max_t0_trade_pct": 0.3,
  "max_participation_rate": 0.05,
  "commission_rate": 0.0015,
  "slippage_rate": 0.001,
  "tp": 0.003,
  "sl": 0.002,
  "stop_loss_cooldown_bars": 0,
  "daily_max_trades": 0,
  "daily_max_losses": 0,
  "daily_loss_limit": 0.0,
  "no_overnight": true
}