{
  "scenario_count": 12,
  "all_alpha_positive": false,
  "min_alpha_total_return": -0.002938477415499352,
  "worst_alpha_max_drawdown": -0.004054208082499566,
  "min_trade_count": 9
}