{
  "scenario_count": 12,
  "all_alpha_positive": false,
  "min_alpha_total_return": -0.010464598355999999,
  "worst_alpha_max_drawdown": -0.011528127574480629,
  "min_trade_count": 13
}