side,reason,count,ratio
buy,stop_loss,42374,0.6257050884498391
buy,take_profit,12670,0.18708839077404685
buy,timeout_loss,8413,0.12422846342399811
buy,timeout_win,4265,0.06297805735211601
sell,stop_loss,39572,0.584330055225776
sell,take_profit,13122,0.1937627358908479
sell,timeout_loss,7955,0.11746552080564661
sell,timeout_win,7073,0.10444168807772954
