{
  "total_return": 0.08018711591635186,
  "annualized_return": 2.0866562780336553,
  "max_drawdown": -0.04434864670989602,
  "sharpe": 4.223059233945987,
  "sortino": 7.175372994928571,
  "calmar": 47.05118268170369,
  "trade_count": 4,
  "win_rate": 0.0,
  "avg_net_return_per_trade": -0.007368483526236532,
  "median_net_return_per_trade": -0.006703491321014273,
  "backtest_mode": "a_share_inventory_t0",
  "trade_direction_mode": "sell_only",
  "buy_threshold": 0.5834246009588241,
  "sell_threshold": 0.8427620708942413,
  "initial_capital": 1000000.0,
  "final_equity": 1078222.2555525,
  "final_benchmark_equity": 1082604.0,
  "final_alpha_equity": 995618.2555525,
  "alpha_total_return": -0.004381744447499947,
  "alpha_sharpe": -8.653612781395282,
  "alpha_sortino": -1.4132992513599667,
  "alpha_calmar": -13.897748913864893,
  "alpha_max_drawdown": -0.0044720556044628434,
  "base_shares": 10700,
  "ending_shares": 10700,
  "base_position_pct": 0.6,
  "max_t0_trade_pct": 0.3,
  "max_participation_rate": 0.02,
  "commission_rate": 0.001,
  "slippage_rate": 0.00075,
  "tp": 0.003,
  "sl": 0.002,
  "stop_loss_cooldown_bars": 6,
  "daily_max_trades": 0,
  "daily_max_losses": 2,
  "daily_loss_limit": 0.0,
  "no_overnight": true
}