{
  "total_return": -0.05598952624664921,
  "annualized_return": -0.6153934338941816,
  "max_drawdown": -0.0819699367554888,
  "sharpe": -2.883990543980461,
  "sortino": -2.7334508086863725,
  "calmar": -7.50755042949297,
  "trade_count": 19,
  "win_rate": 0.3157894736842105,
  "avg_net_return_per_trade": -0.0037991244182078005,
  "median_net_return_per_trade": -0.005964747134629242,
  "backtest_mode": "a_share_inventory_t0",
  "trade_direction_mode": "sell_only",
  "buy_threshold": 0.6666267216205597,
  "sell_threshold": 0.7090381681919098,
  "initial_capital": 1000000.0,
  "final_equity": 943177.8565155003,
  "final_benchmark_equity": 953940.0,
  "final_alpha_equity": 989237.8565155003,
  "alpha_total_return": -0.010762143484499664,
  "alpha_sharpe": -10.742668140284021,
  "alpha_sortino": -4.387184136758149,
  "alpha_calmar": -14.009856866335337,
  "alpha_max_drawdown": -0.011725108961711195,
  "base_shares": 9800,
  "ending_shares": 9800,
  "base_position_pct": 0.6,
  "max_t0_trade_pct": 0.3,
  "max_participation_rate": 0.05,
  "commission_rate": 0.001,
  "slippage_rate": 0.0005,
  "tp": 0.004,
  "sl": 0.003,
  "stop_loss_cooldown_bars": 0,
  "daily_max_trades": 0,
  "daily_max_losses": 0,
  "daily_loss_limit": 0.0,
  "no_overnight": true
}