model_label,epoch,train_loss,valid_loss,valid_auc,valid_prob_mean,valid_prob_max
MLP_buy,1,1.3369240954115584,1.0819250345230103,0.37148437500000003,0.44308772683143616,0.9685218334197998
MLP_buy,2,0.9114741344709654,1.2202314138412476,0.36953125,0.47319045662879944,0.9900772571563721
MLP_buy,3,0.869053789087244,1.2909115552902222,0.3787109375,0.496658593416214,0.9895393252372742
