model_label,epoch,train_loss,valid_loss,valid_auc,valid_prob_mean,valid_prob_max
MLP_sell,1,1.2546700464712608,1.2724956274032593,0.5365853658536586,0.45102956891059875,0.9766907095909119
MLP_sell,2,0.9527826840813095,1.4023622274398804,0.4813747228381374,0.41552767157554626,0.9540212750434875
MLP_sell,3,0.7654303167317364,1.5482548475265503,0.4614190687361419,0.404196172952652,0.9561694264411926
