{
  "model": "MLP",
  "target_col_buy": "buy_label",
  "target_col_sell": "sell_label",
  "feature_count": 194,
  "lookback": 8,
  "params": {
    "lookback": 8,
    "hidden_dim": 256,
    "dropout": 0.3,
    "output_dim": 1
  },
  "buy_fit": {
    "best_score": 0.3787109375,
    "best_valid_auc": 0.3787109375,
    "epochs_ran": 3,
    "pos_rate": 0.26182432432432434,
    "pos_weight": 2.819354838709677,
    "device": "cpu"
  },
  "sell_fit": {
    "best_score": 0.5365853658536586,
    "best_valid_auc": 0.5365853658536586,
    "epochs_ran": 3,
    "pos_rate": 0.3277027027027027,
    "pos_weight": 2.0515463917525776,
    "device": "cpu"
  },
  "valid_buy_auc": 0.3787109375,
  "valid_buy_positive_rate": 0.16666666666666666,
  "valid_buy_prob_mean": 0.496658593416214,
  "valid_buy_prob_std": 0.24582159519195557,
  "valid_buy_prob_min": 0.021646471694111824,
  "valid_buy_prob_max": 0.9895393252372742,
  "valid_buy_acc_05": 0.4635416666666667,
  "valid_buy_precision_05": 0.10112359550561797,
  "valid_buy_recall_05": 0.28125,
  "valid_buy_f1_05": 0.1487603305785124,
  "valid_buy_q90_threshold": 0.8364287614822388,
  "valid_buy_q95_threshold": 0.9210503697395325,
  "test_buy_auc": 0.5598958333333334,
  "test_buy_positive_rate": 0.21052631578947367,
  "test_buy_prob_mean": 0.47712206840515137,
  "test_buy_prob_std": 0.2251775562763214,
  "test_buy_prob_min": 0.056598808616399765,
  "test_buy_prob_max": 0.921218991279602,
  "test_buy_acc_05": 0.5789473684210527,
  "test_buy_precision_05": 0.2714285714285714,
  "test_buy_recall_05": 0.59375,
  "test_buy_f1_05": 0.37254901960784315,
  "test_buy_q90_threshold": 0.7878969311714172,
  "test_buy_q95_threshold": 0.8435764312744141,
  "valid_sell_auc": 0.5365853658536586,
  "valid_sell_positive_rate": 0.4270833333333333,
  "valid_sell_prob_mean": 0.45102956891059875,
  "valid_sell_prob_std": 0.2581944763660431,
  "valid_sell_prob_min": 0.050636619329452515,
  "valid_sell_prob_max": 0.9766907095909119,
  "valid_sell_acc_05": 0.5208333333333334,
  "valid_sell_precision_05": 0.4342105263157895,
  "valid_sell_recall_05": 0.4024390243902439,
  "valid_sell_f1_05": 0.4177215189873418,
  "valid_sell_q90_threshold": 0.8468741178512573,
  "valid_sell_q95_threshold": 0.8901801705360413,
  "test_sell_auc": 0.5197255574614065,
  "test_sell_positive_rate": 0.34868421052631576,
  "test_sell_prob_mean": 0.30459338426589966,
  "test_sell_prob_std": 0.17196576297283173,
  "test_sell_prob_min": 0.027655091136693954,
  "test_sell_prob_max": 0.8384290337562561,
  "test_sell_acc_05": 0.5921052631578947,
  "test_sell_precision_05": 0.30434782608695654,
  "test_sell_recall_05": 0.1320754716981132,
  "test_sell_f1_05": 0.18421052631578946,
  "test_sell_q90_threshold": 0.5404893755912781,
  "test_sell_q95_threshold": 0.616594135761261
}