{
  "total_return": 0.03331386983634932,
  "annualized_return": 9.830213582663797,
  "max_drawdown": -0.046669101887618414,
  "sharpe": 7.74385529102917,
  "sortino": 11.872319797776075,
  "calmar": 210.63644220828277,
  "trade_count": 10,
  "win_rate": 0.0,
  "avg_net_return_per_trade": -0.006519887168762425,
  "median_net_return_per_trade": -0.0074048166285765014,
  "backtest_mode": "a_share_inventory_t0",
  "trade_direction_mode": "sell_only",
  "buy_threshold": 0.4595914352082699,
  "sell_threshold": 0.5900460568882486,
  "initial_capital": 1000000.0,
  "final_equity": 1032583.3169303751,
  "final_benchmark_equity": 1040804.0,
  "final_alpha_equity": 991779.3169303751,
  "alpha_total_return": -0.008220683069624979,
  "alpha_sharpe": -21.42111431214386,
  "alpha_sortino": -12.571044137266316,
  "alpha_calmar": -54.890260439775105,
  "alpha_max_drawdown": -0.00822068306962509,
  "base_shares": 10100,
  "ending_shares": 10100,
  "base_position_pct": 0.6,
  "max_t0_trade_pct": 0.3,
  "max_participation_rate": 0.02,
  "commission_rate": 0.0015,
  "slippage_rate": 0.00075,
  "tp": 0.003,
  "sl": 0.002,
  "no_overnight": true
}