{
  "scenario_count": 12,
  "all_alpha_positive": false,
  "min_alpha_total_return": -0.0037654361039999307,
  "worst_alpha_max_drawdown": -0.0037654361039999307,
  "min_trade_count": 3
}