{
  "total_return": 0.07456855119155792,
  "annualized_return": 1.8428028852874188,
  "max_drawdown": -0.04945349675493971,
  "sharpe": 3.96701660233691,
  "sortino": 6.719463626739724,
  "calmar": 37.263348523546995,
  "trade_count": 7,
  "win_rate": 0.42857142857142855,
  "avg_net_return_per_trade": -0.0041590380103229095,
  "median_net_return_per_trade": -0.005088526957451431,
  "backtest_mode": "a_share_inventory_t0",
  "trade_direction_mode": "sell_only",
  "buy_threshold": 0.6654055744409558,
  "sell_threshold": 0.5935635995864867,
  "initial_capital": 1000000.0,
  "final_equity": 1073885.125593,
  "final_benchmark_equity": 1079076.0,
  "final_alpha_equity": 994809.1255930001,
  "alpha_total_return": -0.005190874406999946,
  "alpha_sharpe": -5.290411522922113,
  "alpha_sortino": -0.9195517277634595,
  "alpha_calmar": -12.548649344821792,
  "alpha_max_drawdown": -0.005802874856999818,
  "base_shares": 10600,
  "ending_shares": 10600,
  "base_position_pct": 0.6,
  "max_t0_trade_pct": 0.3,
  "max_participation_rate": 0.05,
  "commission_rate": 0.001,
  "slippage_rate": 0.0005,
  "tp": 0.003,
  "sl": 0.002,
  "stop_loss_cooldown_bars": 6,
  "daily_max_trades": 0,
  "daily_max_losses": 2,
  "daily_loss_limit": 0.0,
  "no_overnight": true
}