{
  "total_return": -0.0983239941368973,
  "annualized_return": -0.8206842001843837,
  "max_drawdown": -0.11577380482660915,
  "sharpe": -6.575737938956487,
  "sortino": -10.427532775862945,
  "calmar": -7.088686438296617,
  "trade_count": 13,
  "win_rate": 0.23076923076923078,
  "avg_net_return_per_trade": -0.00381951897595701,
  "median_net_return_per_trade": -0.00094401784222908,
  "backtest_mode": "a_share_inventory_t0",
  "trade_direction_mode": "sell_only",
  "buy_threshold": 0.6345955163240432,
  "sell_threshold": 0.8987929791212081,
  "initial_capital": 1000000.0,
  "final_equity": 905235.8227342502,
  "final_benchmark_equity": 912204.0,
  "final_alpha_equity": 993031.8227342502,
  "alpha_total_return": -0.006968177265749831,
  "alpha_sharpe": -9.724200962560172,
  "alpha_sortino": -3.1210368824547117,
  "alpha_calmar": -14.995173654465082,
  "alpha_max_drawdown": -0.007310584432393741,
  "base_shares": 9400,
  "ending_shares": 9400,
  "base_position_pct": 0.6,
  "max_t0_trade_pct": 0.3,
  "max_participation_rate": 0.05,
  "commission_rate": 0.0015,
  "slippage_rate": 0.0005,
  "tp": 0.003,
  "sl": 0.002,
  "stop_loss_cooldown_bars": 6,
  "daily_max_trades": 0,
  "daily_max_losses": 2,
  "daily_loss_limit": 0.0,
  "no_overnight": true
}