{
  "total_return": 0.07393881460186935,
  "annualized_return": 1.8219288711002903,
  "max_drawdown": -0.051726080953189535,
  "sharpe": 3.904103904771524,
  "sortino": 6.6277149920213505,
  "calmar": 35.22263503297453,
  "trade_count": 2,
  "win_rate": 0.0,
  "avg_net_return_per_trade": -0.012880392337484333,
  "median_net_return_per_trade": -0.012880392337484333,
  "backtest_mode": "a_share_inventory_t0",
  "trade_direction_mode": "sell_only",
  "buy_threshold": 0.6505905956029889,
  "sell_threshold": 0.6408725291490555,
  "initial_capital": 1000000.0,
  "final_equity": 1072345.0894010002,
  "final_benchmark_equity": 1079288.0,
  "final_alpha_equity": 993057.0894010002,
  "alpha_total_return": -0.006942910598999874,
  "alpha_sharpe": -6.779280856380206,
  "alpha_sortino": -0.844207035256054,
  "alpha_calmar": -13.87904305537331,
  "alpha_max_drawdown": -0.006942910599000096,
  "base_shares": 10600,
  "ending_shares": 10600,
  "base_position_pct": 0.6,
  "max_t0_trade_pct": 0.3,
  "max_participation_rate": 0.05,
  "commission_rate": 0.001,
  "slippage_rate": 0.0005,
  "tp": 0.003,
  "sl": 0.002,
  "stop_loss_cooldown_bars": 0,
  "daily_max_trades": 0,
  "daily_max_losses": 0,
  "daily_loss_limit": 0.0,
  "no_overnight": true
}