{
  "total_return": -0.0572101742137916,
  "annualized_return": -0.6230947240968826,
  "max_drawdown": -0.08226019333475343,
  "sharpe": -2.901648591422206,
  "sortino": -2.7584886563326556,
  "calmar": -7.5746810071456085,
  "trade_count": 15,
  "win_rate": 0.26666666666666666,
  "avg_net_return_per_trade": -0.0049201890687906496,
  "median_net_return_per_trade": -0.0063013447193452895,
  "backtest_mode": "a_share_inventory_t0",
  "trade_direction_mode": "sell_only",
  "buy_threshold": 0.7311467230319973,
  "sell_threshold": 0.8590979468822479,
  "initial_capital": 1000000.0,
  "final_equity": 942420.2521745003,
  "final_benchmark_equity": 953450.0,
  "final_alpha_equity": 988970.2521745003,
  "alpha_total_return": -0.011029747825499703,
  "alpha_sharpe": -12.592623909004482,
  "alpha_sortino": -3.6637312368105586,
  "alpha_calmar": -14.798314970247521,
  "alpha_max_drawdown": -0.011340189741161355,
  "base_shares": 9800,
  "ending_shares": 9800,
  "base_position_pct": 0.6,
  "max_t0_trade_pct": 0.3,
  "max_participation_rate": 0.05,
  "commission_rate": 0.001,
  "slippage_rate": 0.0005,
  "tp": 0.004,
  "sl": 0.002,
  "stop_loss_cooldown_bars": 0,
  "daily_max_trades": 0,
  "daily_max_losses": 0,
  "daily_loss_limit": 0.0,
  "no_overnight": true
}