{
  "total_return": -0.1148448302663777,
  "annualized_return": -0.8674196190341763,
  "max_drawdown": -0.12747212741818736,
  "sharpe": -7.742555105513417,
  "sortino": -12.046918882997145,
  "calmar": -6.804778712043487,
  "trade_count": 12,
  "win_rate": 0.08333333333333333,
  "avg_net_return_per_trade": -0.008933693266765129,
  "median_net_return_per_trade": -0.007582786900324597,
  "backtest_mode": "a_share_inventory_t0",
  "trade_direction_mode": "sell_only",
  "buy_threshold": 0.6604762256145478,
  "sell_threshold": 0.8768073558807371,
  "initial_capital": 1000000.0,
  "final_equity": 887789.3915187495,
  "final_benchmark_equity": 906349.0,
  "final_alpha_equity": 981440.3915187495,
  "alpha_total_return": -0.01855960848125049,
  "alpha_sharpe": -12.100979864827504,
  "alpha_sortino": -3.4886566635042553,
  "alpha_calmar": -13.417107552982419,
  "alpha_max_drawdown": -0.01988263481423158,
  "base_shares": 9300,
  "ending_shares": 9300,
  "base_position_pct": 0.6,
  "max_t0_trade_pct": 0.3,
  "max_participation_rate": 0.02,
  "commission_rate": 0.0015,
  "slippage_rate": 0.00075,
  "tp": 0.003,
  "sl": 0.002,
  "stop_loss_cooldown_bars": 6,
  "daily_max_trades": 0,
  "daily_max_losses": 2,
  "daily_loss_limit": 0.0,
  "no_overnight": true
}