{
  "total_return": -0.09784757309546777,
  "annualized_return": -0.8183235566458582,
  "max_drawdown": -0.1099862308334063,
  "sharpe": -6.408112138357377,
  "sortino": -10.07788973386298,
  "calmar": -7.440236386365077,
  "trade_count": 5,
  "win_rate": 0.2,
  "avg_net_return_per_trade": -0.0030455448396622354,
  "median_net_return_per_trade": -0.000652528326495201,
  "backtest_mode": "a_share_inventory_t0",
  "trade_direction_mode": "sell_only",
  "buy_threshold": 0.667204812169075,
  "sell_threshold": 0.9550599306821823,
  "initial_capital": 1000000.0,
  "final_equity": 904837.2325270001,
  "final_benchmark_equity": 906349.0,
  "final_alpha_equity": 998488.2325270001,
  "alpha_total_return": -0.0015117674729998587,
  "alpha_sharpe": -1.9068153759871491,
  "alpha_sortino": -0.6445760953327079,
  "alpha_calmar": -7.051496983928271,
  "alpha_max_drawdown": -0.003509479791999892,
  "base_shares": 9300,
  "ending_shares": 9300,
  "base_position_pct": 0.6,
  "max_t0_trade_pct": 0.3,
  "max_participation_rate": 0.02,
  "commission_rate": 0.0015,
  "slippage_rate": 0.001,
  "tp": 0.004,
  "sl": 0.002,
  "stop_loss_cooldown_bars": 0,
  "daily_max_trades": 0,
  "daily_max_losses": 0,
  "daily_loss_limit": 0.0,
  "no_overnight": true
}