{
  "total_return": -0.0476184155009719,
  "annualized_return": -0.5547514776561828,
  "max_drawdown": -0.0785472524704709,
  "sharpe": -2.4194705901811067,
  "sortino": -2.297075831095648,
  "calmar": -7.0626464988668625,
  "trade_count": 4,
  "win_rate": 0.5,
  "avg_net_return_per_trade": -0.00288671807101187,
  "median_net_return_per_trade": -0.0026907031135159874,
  "backtest_mode": "a_share_inventory_t0",
  "trade_direction_mode": "sell_only",
  "buy_threshold": 0.6456784754991531,
  "sell_threshold": 0.8729534447193146,
  "initial_capital": 1000000.0,
  "final_equity": 951541.5839414999,
  "final_benchmark_equity": 953940.0,
  "final_alpha_equity": 997601.5839414999,
  "alpha_total_return": -0.002398416058500108,
  "alpha_sharpe": -5.409952736487698,
  "alpha_sortino": -1.0299237408591695,
  "alpha_calmar": -13.02366789078819,
  "alpha_max_drawdown": -0.0029976559537856495,
  "base_shares": 9800,
  "ending_shares": 9800,
  "base_position_pct": 0.6,
  "max_t0_trade_pct": 0.3,
  "max_participation_rate": 0.02,
  "commission_rate": 0.001,
  "slippage_rate": 0.00075,
  "tp": 0.004,
  "sl": 0.003,
  "stop_loss_cooldown_bars": 6,
  "daily_max_trades": 0,
  "daily_max_losses": 2,
  "daily_loss_limit": 0.0,
  "no_overnight": true
}