{
  "total_return": -0.05247394362527702,
  "annualized_return": -0.5909381520789094,
  "max_drawdown": -0.0796879753902936,
  "sharpe": -2.685350016666843,
  "sortino": -2.544294421107385,
  "calmar": -7.415650218048942,
  "trade_count": 14,
  "win_rate": 0.14285714285714285,
  "avg_net_return_per_trade": -0.005871363417927859,
  "median_net_return_per_trade": -0.005808086685047506,
  "backtest_mode": "a_share_inventory_t0",
  "trade_direction_mode": "sell_only",
  "buy_threshold": 0.7235490381717682,
  "sell_threshold": 0.8430290222167969,
  "initial_capital": 1000000.0,
  "final_equity": 946690.3383930004,
  "final_benchmark_equity": 953940.0,
  "final_alpha_equity": 992750.3383930004,
  "alpha_total_return": -0.00724966160699958,
  "alpha_sharpe": -9.146052905033136,
  "alpha_sortino": -3.174047108558295,
  "alpha_calmar": -13.731299849029744,
  "alpha_max_drawdown": -0.008278168674487607,
  "base_shares": 9800,
  "ending_shares": 9800,
  "base_position_pct": 0.6,
  "max_t0_trade_pct": 0.3,
  "max_participation_rate": 0.02,
  "commission_rate": 0.001,
  "slippage_rate": 0.0005,
  "tp": 0.003,
  "sl": 0.002,
  "stop_loss_cooldown_bars": 6,
  "daily_max_trades": 0,
  "daily_max_losses": 2,
  "daily_loss_limit": 0.0,
  "no_overnight": true
}