{
  "total_return": -0.028222885781290286,
  "annualized_return": -0.8752217772509204,
  "max_drawdown": -0.036077607259934585,
  "sharpe": -14.498953825303714,
  "sortino": -17.853721400400733,
  "calmar": -24.25941861789942,
  "trade_count": 2,
  "win_rate": 0.5,
  "avg_net_return_per_trade": -0.00316598763378306,
  "median_net_return_per_trade": -0.00316598763378306,
  "backtest_mode": "a_share_inventory_t0",
  "trade_direction_mode": "sell_only",
  "buy_threshold": 0.5653021192148,
  "sell_threshold": 0.42636435253197147,
  "initial_capital": 1000000.0,
  "final_equity": 971086.1806905002,
  "final_benchmark_equity": 972429.0,
  "final_alpha_equity": 998657.1806905002,
  "alpha_total_return": -0.0013428193094998653,
  "alpha_sharpe": -6.355182210358472,
  "alpha_sortino": -1.5726594991035083,
  "alpha_calmar": -44.87776781324736,
  "alpha_max_drawdown": -0.0020737342813166304,
  "base_shares": 7900,
  "ending_shares": 7900,
  "base_position_pct": 0.6,
  "max_t0_trade_pct": 0.3,
  "max_participation_rate": 0.05,
  "commission_rate": 0.001,
  "slippage_rate": 0.0005,
  "tp": 0.003,
  "sl": 0.002,
  "no_overnight": true
}