{
  "model": "CNN",
  "target_col": "buy_label",
  "label_mode": "path_dependent_opportunity",
  "feature_count": 194,
  "lookback": 32,
  "horizon": 3,
  "valid_buy_auc": 0.5527832752672537,
  "test_buy_auc": 0.5198209655725149,
  "test_sell_auc": 0.5198209655725149,
  "test_action_acc": 0.47994863690241013,
  "test_buy_rate": 0.2813117344922955,
  "test_sell_rate": 0.2813117344922955,
  "pred_prob_mean": 0.5819304585456848,
  "pred_prob_max": 0.9996500015258789,
  "selected_threshold": 0.9813654869794846,
  "selected_quantile": 0.95,
  "selected_threshold_test_stats": {
    "threshold": 0.9813654869794846,
    "horizon": 3,
    "round_trip_cost": 0.003,
    "trade_count": 90,
    "win_rate": 0.35555555555555557,
    "gross_return_mean": -0.0005356864853420277,
    "net_return_mean": -0.003535686485342028,
    "gross_return_median": 8.445363374981474e-05,
    "net_return_median": -0.0029155463662501853,
    "total_return": -0.2759007079473702,
    "max_drawdown": -0.29214003946915257,
    "per_trade_sharpe": -0.3722437791058902,
    "trades_per_year": 117.43382371182614,
    "bar_annualized_sharpe": -40.11952202432791,
    "sharpe": -4.033889984414337,
    "avg_pred_prob": 0.990647499428855,
    "positive_label_rate": 0.3333333333333333,
    "buy_label_rate": 0.0,
    "selected_by": "fixed_validation_buy_probability_quantile",
    "selected_quantile": 0.95
  },
  "output_dir": "outputs\\diagnostics\\model_backtests\\cnn"
}