{
  "model": "CNN",
  "target_col": "label_round_trip_net",
  "feature_count": 194,
  "lookback": 32,
  "horizon": 3,
  "best_valid_auc": 0.5552682464890137,
  "valid_auc": 0.5552682464890137,
  "test_auc": 0.5509376977186426,
  "test_positive_rate": 0.2297510802745819,
  "pred_prob_mean": 0.42967870831489563,
  "pred_prob_std": 0.26053735613822937,
  "pred_prob_min": 0.00174860714469105,
  "pred_prob_max": 0.9979003667831421,
  "selected_threshold": 0.9496736913919449,
  "selected_quantile": 0.95,
  "selected_threshold_test_stats": {
    "threshold": 0.9496736913919449,
    "horizon": 3,
    "round_trip_cost": 0.003,
    "trade_count": 94,
    "win_rate": 0.2765957446808511,
    "gross_return_mean": -0.0006843791334366787,
    "net_return_mean": -0.003684379133436679,
    "gross_return_median": -0.0006223243266008649,
    "net_return_median": -0.003622324326600865,
    "total_return": -0.2953119469230536,
    "max_drawdown": -0.30400482618597136,
    "sharpe": -49.23561978620977,
    "avg_pred_prob": 0.9699965601271772,
    "positive_label_rate": 0.2765957446808511,
    "selected_by": "validation_net_return_mean",
    "selected_quantile": 0.95
  },
  "output_dir": "outputs\\diagnostics\\model_backtests\\cnn"
}