{
  "model": "CNN",
  "target_col": "label_t0_action",
  "label_mode": "t0_action_3class",
  "feature_count": 194,
  "lookback": 32,
  "horizon": 3,
  "valid_buy_auc": 0.5598955568825715,
  "test_buy_auc": 0.5303940027167107,
  "test_sell_auc": 0.4642759463019841,
  "test_action_acc": 0.3437376531015409,
  "test_buy_rate": 0.3280323982615567,
  "test_sell_rate": 0.37090082971157645,
  "pred_prob_mean": 0.4600299894809723,
  "pred_prob_max": 0.9998661279678345,
  "selected_threshold": 0.9800456613302231,
  "selected_quantile": 0.95,
  "selected_threshold_test_stats": {
    "threshold": 0.9800456613302231,
    "horizon": 3,
    "round_trip_cost": 0.003,
    "trade_count": 119,
    "win_rate": 0.2605042016806723,
    "gross_return_mean": -0.0004498897207225468,
    "net_return_mean": -0.0034498897207225474,
    "gross_return_median": -0.000520639642989873,
    "net_return_median": -0.003520639642989873,
    "total_return": -0.3398309548187166,
    "max_drawdown": -0.332094978723683,
    "per_trade_sharpe": -0.41935697013972684,
    "trades_per_year": 155.19853205549424,
    "bar_annualized_sharpe": -45.19726626456327,
    "sharpe": -5.2242947374077,
    "avg_pred_prob": 0.9901590242105371,
    "positive_label_rate": 0.8823529411764706,
    "selected_by": "fixed_validation_buy_probability_quantile",
    "selected_quantile": 0.95
  },
  "output_dir": "outputs\\diagnostics\\model_backtests\\cnn"
}