{
  "total_return": 0.07077456628536782,
  "annualized_return": 1.703391128600746,
  "max_drawdown": -0.05204757040062513,
  "sharpe": 3.738167416056405,
  "sortino": 6.362015195444503,
  "calmar": 32.727582007944925,
  "trade_count": 6,
  "win_rate": 0.0,
  "avg_net_return_per_trade": -0.007869726032041184,
  "median_net_return_per_trade": -0.008033095720237578,
  "backtest_mode": "a_share_inventory_t0",
  "trade_direction_mode": "sell_only",
  "buy_threshold": 0.6505905956029889,
  "sell_threshold": 0.6179429918527604,
  "initial_capital": 1000000.0,
  "final_equity": 1069185.5368290003,
  "final_benchmark_equity": 1079288.0,
  "final_alpha_equity": 989897.5368290003,
  "alpha_total_return": -0.01010246317099961,
  "alpha_sharpe": -8.542479443767409,
  "alpha_sortino": -1.6009318092857256,
  "alpha_calmar": -13.589250135768282,
  "alpha_max_drawdown": -0.010102463170999942,
  "base_shares": 10600,
  "ending_shares": 10600,
  "base_position_pct": 0.6,
  "max_t0_trade_pct": 0.3,
  "max_participation_rate": 0.05,
  "commission_rate": 0.0015,
  "slippage_rate": 0.0005,
  "tp": 0.003,
  "sl": 0.002,
  "stop_loss_cooldown_bars": 0,
  "daily_max_trades": 0,
  "daily_max_losses": 0,
  "daily_loss_limit": 0.0,
  "no_overnight": true
}