{
  "total_return": -0.09942577484491222,
  "annualized_return": -0.8242880246955075,
  "max_drawdown": -0.11721838717150301,
  "sharpe": -6.6623113402687215,
  "sortino": -10.575999130048118,
  "calmar": -7.032071030711983,
  "trade_count": 12,
  "win_rate": 0.08333333333333333,
  "avg_net_return_per_trade": -0.005829288651853639,
  "median_net_return_per_trade": -0.007509610535328555,
  "backtest_mode": "a_share_inventory_t0",
  "trade_direction_mode": "sell_only",
  "buy_threshold": 0.6345955163240432,
  "sell_threshold": 0.8987929791212081,
  "initial_capital": 1000000.0,
  "final_equity": 904129.692196,
  "final_benchmark_equity": 912204.0,
  "final_alpha_equity": 991925.692196,
  "alpha_total_return": -0.00807430780399998,
  "alpha_sharpe": -10.80544805039753,
  "alpha_sortino": -3.4077885948054774,
  "alpha_calmar": -14.379076610211076,
  "alpha_max_drawdown": -0.008759226449528534,
  "base_shares": 9400,
  "ending_shares": 9400,
  "base_position_pct": 0.6,
  "max_t0_trade_pct": 0.3,
  "max_participation_rate": 0.05,
  "commission_rate": 0.0015,
  "slippage_rate": 0.001,
  "tp": 0.003,
  "sl": 0.002,
  "stop_loss_cooldown_bars": 6,
  "daily_max_trades": 0,
  "daily_max_losses": 2,
  "daily_loss_limit": 0.0,
  "no_overnight": true
}