model_label,epoch,train_loss,valid_loss,valid_auc,valid_prob_mean,valid_prob_max
Transformer_LSTM_buy,1,1.0356849754178845,0.8897441029548645,0.4883859440142943,0.3921799659729004,0.5886982679367065
Transformer_LSTM_buy,2,0.9064086691753285,0.9178473353385925,0.4959797498511019,0.4776053726673126,0.7136200070381165
Transformer_LSTM_buy,3,0.8556444999333974,0.911808431148529,0.48034544371649796,0.4354434013366699,0.6893541216850281
