model_label,epoch,train_loss,valid_loss,valid_auc,valid_prob_mean,valid_prob_max
Transformer_LSTM_sell,1,1.044291563936182,0.9676950573921204,0.5672456575682382,0.5101829171180725,0.658647358417511
Transformer_LSTM_sell,2,0.9175323392893817,0.9737436771392822,0.5483870967741935,0.527183473110199,0.6775393486022949
Transformer_LSTM_sell,3,0.876263169017998,0.9884842038154602,0.5462779156327543,0.46296393871307373,0.6643955707550049
