{
  "model": "Transformer_LSTM",
  "target_col_buy": "buy_label",
  "target_col_sell": "sell_label",
  "feature_count": 194,
  "lookback": 8,
  "params": {
    "d_model": 128,
    "nhead": 4,
    "transformer_layers": 2,
    "transformer_dropout": 0.2,
    "lstm_hidden_dim": 128,
    "lstm_num_layers": 1,
    "output_dim": 1
  },
  "buy_fit": {
    "best_score": 0.4959797498511019,
    "best_valid_auc": 0.4959797498511019,
    "epochs_ran": 3,
    "pos_rate": 0.3125,
    "pos_weight": 2.2,
    "device": "cpu"
  },
  "sell_fit": {
    "best_score": 0.5672456575682382,
    "best_valid_auc": 0.5672456575682382,
    "epochs_ran": 3,
    "pos_rate": 0.30574324324324326,
    "pos_weight": 2.270718232044199,
    "device": "cpu"
  },
  "valid_buy_auc": 0.4959797498511019,
  "valid_buy_positive_rate": 0.23958333333333334,
  "valid_buy_prob_mean": 0.4776053726673126,
  "valid_buy_prob_std": 0.10367080569267273,
  "valid_buy_prob_min": 0.2132902592420578,
  "valid_buy_prob_max": 0.7136200070381165,
  "valid_buy_acc_05": 0.5364583333333334,
  "valid_buy_precision_05": 0.24705882352941178,
  "valid_buy_recall_05": 0.45652173913043476,
  "valid_buy_f1_05": 0.32061068702290074,
  "valid_buy_q90_threshold": 0.5951502323150635,
  "valid_buy_q95_threshold": 0.6247819066047668,
  "test_buy_auc": 0.4751718869365928,
  "test_buy_positive_rate": 0.21710526315789475,
  "test_buy_prob_mean": 0.5147565007209778,
  "test_buy_prob_std": 0.08421064913272858,
  "test_buy_prob_min": 0.28995901346206665,
  "test_buy_prob_max": 0.6843404173851013,
  "test_buy_acc_05": 0.42105263157894735,
  "test_buy_precision_05": 0.20430107526881722,
  "test_buy_recall_05": 0.5757575757575758,
  "test_buy_f1_05": 0.30158730158730157,
  "test_buy_q90_threshold": 0.6142532825469971,
  "test_buy_q95_threshold": 0.631459653377533,
  "valid_sell_auc": 0.5672456575682382,
  "valid_sell_positive_rate": 0.3229166666666667,
  "valid_sell_prob_mean": 0.5101829171180725,
  "valid_sell_prob_std": 0.06976989656686783,
  "valid_sell_prob_min": 0.33150726556777954,
  "valid_sell_prob_max": 0.658647358417511,
  "valid_sell_acc_05": 0.5364583333333334,
  "valid_sell_precision_05": 0.37383177570093457,
  "valid_sell_recall_05": 0.6451612903225806,
  "valid_sell_f1_05": 0.47337278106508873,
  "valid_sell_q90_threshold": 0.596900999546051,
  "valid_sell_q95_threshold": 0.6082004308700562,
  "test_sell_auc": 0.4599812558575445,
  "test_sell_positive_rate": 0.3618421052631579,
  "test_sell_prob_mean": 0.40386804938316345,
  "test_sell_prob_std": 0.06392377614974976,
  "test_sell_prob_min": 0.2609538435935974,
  "test_sell_prob_max": 0.5728492140769958,
  "test_sell_acc_05": 0.631578947368421,
  "test_sell_precision_05": 0.4444444444444444,
  "test_sell_recall_05": 0.07272727272727272,
  "test_sell_f1_05": 0.125,
  "test_sell_q90_threshold": 0.47815918922424316,
  "test_sell_q95_threshold": 0.501417875289917
}