{
  "total_return": -0.09510458978051317,
  "annualized_return": -0.8093530953731253,
  "max_drawdown": -0.11484503567950333,
  "sharpe": -6.1757628965666,
  "sortino": -9.839037103259141,
  "calmar": -7.047349418147923,
  "trade_count": 10,
  "win_rate": 0.4,
  "avg_net_return_per_trade": -0.0025764110999029837,
  "median_net_return_per_trade": -0.004732418349436493,
  "backtest_mode": "a_share_inventory_t0",
  "trade_direction_mode": "sell_only",
  "buy_threshold": 0.6520390957593918,
  "sell_threshold": 0.9455077648162842,
  "initial_capital": 1000000.0,
  "final_equity": 909279.6284820002,
  "final_benchmark_equity": 913740.0,
  "final_alpha_equity": 995539.6284820002,
  "alpha_total_return": -0.004460371517999828,
  "alpha_sharpe": -6.256517349832546,
  "alpha_sortino": -2.285696503630511,
  "alpha_calmar": -11.38475588596026,
  "alpha_max_drawdown": -0.006276343279639662,
  "base_shares": 9500,
  "ending_shares": 9500,
  "base_position_pct": 0.6,
  "max_t0_trade_pct": 0.3,
  "max_participation_rate": 0.05,
  "commission_rate": 0.001,
  "slippage_rate": 0.0005,
  "tp": 0.004,
  "sl": 0.003,
  "stop_loss_cooldown_bars": 0,
  "daily_max_trades": 0,
  "daily_max_losses": 0,
  "daily_loss_limit": 0.0,
  "no_overnight": true
}