{
  "total_return": -0.0920282057529076,
  "annualized_return": -0.7862922330306595,
  "max_drawdown": -0.11376667438976396,
  "sharpe": -6.157601242462916,
  "sortino": -9.678395403475204,
  "calmar": -6.911446056134391,
  "trade_count": 10,
  "win_rate": 0.2,
  "avg_net_return_per_trade": -0.0047743413501762115,
  "median_net_return_per_trade": -0.006405956192641279,
  "backtest_mode": "a_share_inventory_t0",
  "trade_direction_mode": "sell_only",
  "buy_threshold": 0.6214971184730529,
  "sell_threshold": 0.9382578879594803,
  "initial_capital": 1000000.0,
  "final_equity": 907118.3007605001,
  "final_benchmark_equity": 911922.0,
  "final_alpha_equity": 995196.3007605001,
  "alpha_total_return": -0.004803699239499859,
  "alpha_sharpe": -8.85375149168652,
  "alpha_sortino": -3.0846540931224258,
  "alpha_calmar": -12.62127836374377,
  "alpha_max_drawdown": -0.005869515205972342,
  "base_shares": 9400,
  "ending_shares": 9400,
  "base_position_pct": 0.6,
  "max_t0_trade_pct": 0.3,
  "max_participation_rate": 0.02,
  "commission_rate": 0.0015,
  "slippage_rate": 0.0005,
  "tp": 0.003,
  "sl": 0.002,
  "stop_loss_cooldown_bars": 6,
  "daily_max_trades": 0,
  "daily_max_losses": 2,
  "daily_loss_limit": 0.0,
  "no_overnight": true
}