{
  "scenario_count": 12,
  "all_alpha_positive": false,
  "min_alpha_total_return": -0.008771408917499945,
  "worst_alpha_max_drawdown": -0.008771408917500056,
  "min_trade_count": 10
}