{
  "total_return": -0.0996646066797714,
  "annualized_return": -0.8242901832363553,
  "max_drawdown": -0.1117834337885577,
  "sharpe": -6.531422544997722,
  "sortino": -10.280370833069819,
  "calmar": -7.3739923287338724,
  "trade_count": 4,
  "win_rate": 0.5,
  "avg_net_return_per_trade": -0.004154811193252363,
  "median_net_return_per_trade": -0.0041353899707762785,
  "backtest_mode": "a_share_inventory_t0",
  "trade_direction_mode": "sell_only",
  "buy_threshold": 0.667204812169075,
  "sell_threshold": 0.9550599306821823,
  "initial_capital": 1000000.0,
  "final_equity": 903014.7914507496,
  "final_benchmark_equity": 906349.0,
  "final_alpha_equity": 996665.7914507496,
  "alpha_total_return": -0.0033342085492503726,
  "alpha_sharpe": -4.313411744820938,
  "alpha_sortino": -1.2323774115661423,
  "alpha_calmar": -11.644745075071,
  "alpha_max_drawdown": -0.004621381698250215,
  "base_shares": 9300,
  "ending_shares": 9300,
  "base_position_pct": 0.6,
  "max_t0_trade_pct": 0.3,
  "max_participation_rate": 0.05,
  "commission_rate": 0.0015,
  "slippage_rate": 0.00075,
  "tp": 0.004,
  "sl": 0.002,
  "stop_loss_cooldown_bars": 0,
  "daily_max_trades": 0,
  "daily_max_losses": 0,
  "daily_loss_limit": 0.0,
  "no_overnight": true
}