{
  "total_return": -0.022711261181506237,
  "annualized_return": -0.8117659380811285,
  "max_drawdown": -0.03204790174117267,
  "sharpe": -12.067884373921563,
  "sortino": -20.17991703196889,
  "calmar": -25.329768689294074,
  "trade_count": 1,
  "win_rate": 0.0,
  "avg_net_return_per_trade": -0.006433489589908634,
  "median_net_return_per_trade": -0.006433489589908634,
  "backtest_mode": "a_share_inventory_t0",
  "trade_direction_mode": "sell_only",
  "buy_threshold": 0.4912304569405676,
  "sell_threshold": 0.6905923112035416,
  "initial_capital": 1000000.0,
  "final_equity": 977200.782832,
  "final_benchmark_equity": 977950.0,
  "final_alpha_equity": 999250.782832,
  "alpha_total_return": -0.000749217167999916,
  "alpha_sharpe": -6.524543932961715,
  "alpha_sortino": -1.9923708798444408,
  "alpha_calmar": -44.43460385095063,
  "alpha_max_drawdown": -0.0011933987344212582,
  "base_shares": 9000,
  "ending_shares": 9000,
  "base_position_pct": 0.6,
  "max_t0_trade_pct": 0.3,
  "max_participation_rate": 0.05,
  "commission_rate": 0.001,
  "slippage_rate": 0.0005,
  "tp": 0.003,
  "sl": 0.002,
  "no_overnight": true
}