{
  "model": "LSTM",
  "target_col_buy": "buy_label",
  "target_col_sell": "sell_label",
  "feature_count": 194,
  "lookback": 24,
  "params": {
    "hidden_dim": 256,
    "num_layers": 2,
    "dropout": 0.3,
    "output_dim": 1
  },
  "buy_fit": {
    "best_score": 0.5443710325171655,
    "best_valid_auc": 0.5443710325171655,
    "epochs_ran": 11,
    "pos_rate": 0.3060453400503778,
    "pos_weight": 2.267489711934157,
    "device": "cpu"
  },
  "sell_fit": {
    "best_score": 0.5624545114083621,
    "best_valid_auc": 0.5624545114083621,
    "epochs_ran": 15,
    "pos_rate": 0.4156171284634761,
    "pos_weight": 1.406060606060606,
    "device": "cpu"
  },
  "valid_buy_auc": 0.5443710325171655,
  "valid_buy_positive_rate": 0.32087628865979384,
  "valid_buy_prob_mean": 0.48584291338920593,
  "valid_buy_prob_std": 0.09669801592826843,
  "valid_buy_prob_min": 0.27781715989112854,
  "valid_buy_prob_max": 0.8289773464202881,
  "valid_buy_acc_05": 0.5631443298969072,
  "valid_buy_precision_05": 0.3469387755102041,
  "valid_buy_recall_05": 0.40963855421686746,
  "valid_buy_f1_05": 0.3756906077348066,
  "valid_buy_q90_threshold": 0.6067854166030884,
  "valid_buy_q95_threshold": 0.6456784605979919,
  "test_buy_auc": 0.5079690136524008,
  "test_buy_positive_rate": 0.3170103092783505,
  "test_buy_prob_mean": 0.48745569586753845,
  "test_buy_prob_std": 0.08262179046869278,
  "test_buy_prob_min": 0.3147185444831848,
  "test_buy_prob_max": 0.7404016256332397,
  "test_buy_acc_05": 0.5425257731958762,
  "test_buy_precision_05": 0.3280757097791798,
  "test_buy_recall_05": 0.42276422764227645,
  "test_buy_f1_05": 0.369449378330373,
  "test_buy_q90_threshold": 0.5981662273406982,
  "test_buy_q95_threshold": 0.6476801633834839,
  "valid_sell_auc": 0.5624545114083621,
  "valid_sell_positive_rate": 0.37757731958762886,
  "valid_sell_prob_mean": 0.4983394145965576,
  "valid_sell_prob_std": 0.2312328815460205,
  "valid_sell_prob_min": 0.07665877044200897,
  "valid_sell_prob_max": 0.9725436568260193,
  "valid_sell_acc_05": 0.5528350515463918,
  "valid_sell_precision_05": 0.4325,
  "valid_sell_recall_05": 0.590443686006826,
  "valid_sell_f1_05": 0.49927849927849927,
  "valid_sell_q90_threshold": 0.8062928915023804,
  "valid_sell_q95_threshold": 0.8729534149169922,
  "test_sell_auc": 0.5663186669380871,
  "test_sell_positive_rate": 0.35309278350515466,
  "test_sell_prob_mean": 0.5044836401939392,
  "test_sell_prob_std": 0.21951313316822052,
  "test_sell_prob_min": 0.07015901058912277,
  "test_sell_prob_max": 0.9256360530853271,
  "test_sell_acc_05": 0.5270618556701031,
  "test_sell_precision_05": 0.38686131386861317,
  "test_sell_recall_05": 0.5802919708029197,
  "test_sell_f1_05": 0.4642335766423358,
  "test_sell_q90_threshold": 0.8122938871383667,
  "test_sell_q95_threshold": 0.857385516166687
}