{
  "total_return": 0.07436103454226073,
  "annualized_return": 1.838106917981417,
  "max_drawdown": -0.04843838169040804,
  "sharpe": 3.9274787016175363,
  "sortino": 6.666279502583735,
  "calmar": 37.94732304909778,
  "trade_count": 3,
  "win_rate": 0.0,
  "avg_net_return_per_trade": -0.009522826995419209,
  "median_net_return_per_trade": -0.008998812500565997,
  "backtest_mode": "a_share_inventory_t0",
  "trade_direction_mode": "sell_only",
  "buy_threshold": 0.6333531647920608,
  "sell_threshold": 0.5907886266708374,
  "initial_capital": 1000000.0,
  "final_equity": 1072766.682767,
  "final_benchmark_equity": 1079288.0,
  "final_alpha_equity": 993478.682767,
  "alpha_total_return": -0.006521317232999979,
  "alpha_sharpe": -7.035353610974309,
  "alpha_sortino": -1.0650715168341325,
  "alpha_calmar": -13.918292219922645,
  "alpha_max_drawdown": -0.006521317232999979,
  "base_shares": 10600,
  "ending_shares": 10600,
  "base_position_pct": 0.6,
  "max_t0_trade_pct": 0.3,
  "max_participation_rate": 0.05,
  "commission_rate": 0.001,
  "slippage_rate": 0.0005,
  "tp": 0.003,
  "sl": 0.002,
  "stop_loss_cooldown_bars": 6,
  "daily_max_trades": 0,
  "daily_max_losses": 2,
  "daily_loss_limit": 0.0,
  "no_overnight": true
}