model,side,valid_auc,raw_weight,weight,weight_method
transformer_lstm,buy,0.4959797498511019,0.0,0.0,valid_auc_edge_over_0p5
lstm,buy,0.5527099463966647,0.05270994639666471,0.5718901453957994,valid_auc_edge_over_0p5
cnn,buy,0.5394580107206671,0.039458010720667125,0.4281098546042006,valid_auc_edge_over_0p5
mlp,buy,0.474538415723645,0.0,0.0,valid_auc_edge_over_0p5
