model,side,valid_auc,raw_weight,weight,weight_method
transformer_lstm,sell,0.5672456575682382,0.06724565756823819,0.3314984709480123,valid_auc_edge_over_0p5
lstm,sell,0.5197270471464019,0.019727047146401944,0.0972477064220182,valid_auc_edge_over_0p5
cnn,sell,0.5688585607940446,0.06885856079404462,0.33944954128440363,valid_auc_edge_over_0p5
mlp,sell,0.5470223325062035,0.04702233250620347,0.23180428134556585,valid_auc_edge_over_0p5
