{
  "model": "auc_weighted_ensemble",
  "member_models": [
    "transformer_lstm",
    "lstm",
    "cnn",
    "mlp"
  ],
  "buy_weight_method": "valid_auc_edge_over_0p5",
  "sell_weight_method": "valid_auc_edge_over_0p5",
  "feature_count": 194,
  "lookback": 8,
  "valid_buy_auc": 0.5540500297796307,
  "valid_buy_positive_rate": 0.23958333333333334,
  "valid_buy_prob_mean": 0.3782930807586646,
  "valid_buy_prob_std": 0.04443435484202444,
  "valid_buy_prob_min": 0.30669250631756084,
  "valid_buy_prob_max": 0.49360486061006836,
  "valid_buy_acc_05": 0.7604166666666666,
  "valid_buy_precision_05": 0.0,
  "valid_buy_recall_05": 0.0,
  "valid_buy_f1_05": 0.0,
  "valid_buy_q90_threshold": 0.4399831427125824,
  "valid_buy_q95_threshold": 0.4649245523000572,
  "test_buy_auc": 0.5301757066462949,
  "test_buy_positive_rate": 0.21710526315789475,
  "test_buy_prob_mean": 0.4206493135420363,
  "test_buy_prob_std": 0.02785858859873878,
  "test_buy_prob_min": 0.3503668480620439,
  "test_buy_prob_max": 0.48381079851329234,
  "test_buy_acc_05": 0.7828947368421053,
  "test_buy_precision_05": 0.0,
  "test_buy_recall_05": 0.0,
  "test_buy_f1_05": 0.0,
  "test_buy_q90_threshold": 0.45937411876602974,
  "test_buy_q95_threshold": 0.4639543935632475,
  "valid_sell_auc": 0.5807692307692307,
  "valid_sell_positive_rate": 0.3229166666666667,
  "valid_sell_prob_mean": 0.37784271325774127,
  "valid_sell_prob_std": 0.06366579800675444,
  "valid_sell_prob_min": 0.2489655837462218,
  "valid_sell_prob_max": 0.5656825994132856,
  "valid_sell_acc_05": 0.6666666666666666,
  "valid_sell_precision_05": 0.3333333333333333,
  "valid_sell_recall_05": 0.03225806451612903,
  "valid_sell_f1_05": 0.058823529411764705,
  "valid_sell_q90_threshold": 0.4658236539509683,
  "valid_sell_q95_threshold": 0.4885400796045951,
  "test_sell_auc": 0.5780693533270853,
  "test_sell_positive_rate": 0.3618421052631579,
  "test_sell_prob_mean": 0.32764073036105623,
  "test_sell_prob_std": 0.05169694340517133,
  "test_sell_prob_min": 0.23300045522710236,
  "test_sell_prob_max": 0.5047702004603289,
  "test_sell_acc_05": 0.6447368421052632,
  "test_sell_precision_05": 1.0,
  "test_sell_recall_05": 0.01818181818181818,
  "test_sell_f1_05": 0.03571428571428571,
  "test_sell_q90_threshold": 0.39448285628805113,
  "test_sell_q95_threshold": 0.4279019673341823
}