{
  "total_return": 0.08121855170498016,
  "annualized_return": 2.113260776035661,
  "max_drawdown": -0.04479052204663059,
  "sharpe": 4.279710780320611,
  "sortino": 7.272547675412037,
  "calmar": 47.18098114229578,
  "trade_count": 1,
  "win_rate": 0.0,
  "avg_net_return_per_trade": -0.0003967243214456034,
  "median_net_return_per_trade": -0.0003967243214456034,
  "backtest_mode": "a_share_inventory_t0",
  "trade_direction_mode": "sell_only",
  "buy_threshold": 0.701366928219795,
  "sell_threshold": 0.6161839395761487,
  "initial_capital": 1000000.0,
  "final_equity": 1079614.02337425,
  "final_benchmark_equity": 1079288.0,
  "final_alpha_equity": 1000326.0233742499,
  "alpha_total_return": 0.00032602337424991745,
  "alpha_sharpe": 0.9781989358979037,
  "alpha_sortino": 0.14991398509115847,
  "alpha_calmar": 7.115991156737222,
  "alpha_max_drawdown": -0.000667784963763407,
  "base_shares": 10600,
  "ending_shares": 10600,
  "base_position_pct": 0.6,
  "max_t0_trade_pct": 0.3,
  "max_participation_rate": 0.05,
  "commission_rate": 0.0015,
  "slippage_rate": 0.00075,
  "tp": 0.004,
  "sl": 0.002,
  "stop_loss_cooldown_bars": 6,
  "daily_max_trades": 0,
  "daily_max_losses": 2,
  "daily_loss_limit": 0.0,
  "no_overnight": true
}