{
  "total_return": -0.09689843369967777,
  "annualized_return": -0.8038966441552571,
  "max_drawdown": -0.11891341670022104,
  "sharpe": -6.51919759899872,
  "sortino": -10.256444318266237,
  "calmar": -6.760352754659036,
  "trade_count": 13,
  "win_rate": 0.07692307692307693,
  "avg_net_return_per_trade": -0.005111572991451161,
  "median_net_return_per_trade": -0.007227692275800276,
  "backtest_mode": "a_share_inventory_t0",
  "trade_direction_mode": "sell_only",
  "buy_threshold": 0.6360969454050064,
  "sell_threshold": 0.9222695231437683,
  "initial_capital": 1000000.0,
  "final_equity": 902252.6508279999,
  "final_benchmark_equity": 911922.0,
  "final_alpha_equity": 990330.6508279999,
  "alpha_total_return": -0.00966934917200013,
  "alpha_sharpe": -9.225829774775988,
  "alpha_sortino": -2.8458508798941673,
  "alpha_calmar": -13.67104773302899,
  "alpha_max_drawdown": -0.010522185370635317,
  "base_shares": 9400,
  "ending_shares": 9400,
  "base_position_pct": 0.6,
  "max_t0_trade_pct": 0.3,
  "max_participation_rate": 0.05,
  "commission_rate": 0.0015,
  "slippage_rate": 0.00075,
  "tp": 0.003,
  "sl": 0.002,
  "stop_loss_cooldown_bars": 0,
  "daily_max_trades": 0,
  "daily_max_losses": 0,
  "daily_loss_limit": 0.0,
  "no_overnight": true
}