{
  "model": "CNN",
  "target_col_buy": "buy_label",
  "target_col_sell": "sell_label",
  "feature_count": 194,
  "lookback": 32,
  "params": {
    "channels": 64,
    "kernel_size": 3,
    "dropout": 0.3,
    "output_dim": 1
  },
  "buy_fit": {
    "best_score": 0.4861816219796411,
    "best_valid_auc": 0.4861816219796411,
    "epochs_ran": 11,
    "pos_rate": 0.24749163879598662,
    "pos_weight": 3.0405405405405403,
    "device": "cpu"
  },
  "sell_fit": {
    "best_score": 0.579096846882756,
    "best_valid_auc": 0.579096846882756,
    "epochs_ran": 15,
    "pos_rate": 0.31720317725752506,
    "pos_weight": 2.152553542009885,
    "device": "cpu"
  },
  "valid_buy_auc": 0.4861816219796411,
  "valid_buy_positive_rate": 0.19721283783783783,
  "valid_buy_prob_mean": 0.3739655613899231,
  "valid_buy_prob_std": 0.10743999481201172,
  "valid_buy_prob_min": 0.1870923936367035,
  "valid_buy_prob_max": 0.7048561573028564,
  "valid_buy_acc_05": 0.7263513513513513,
  "valid_buy_precision_05": 0.24930747922437674,
  "valid_buy_recall_05": 0.19271948608137046,
  "valid_buy_f1_05": 0.21739130434782608,
  "valid_buy_q90_threshold": 0.5321436524391174,
  "valid_buy_q95_threshold": 0.5770191550254822,
  "test_buy_auc": 0.5848207353055361,
  "test_buy_positive_rate": 0.17905405405405406,
  "test_buy_prob_mean": 0.5011550784111023,
  "test_buy_prob_std": 0.13039931654930115,
  "test_buy_prob_min": 0.26254191994667053,
  "test_buy_prob_max": 0.8924526572227478,
  "test_buy_acc_05": 0.5527871621621622,
  "test_buy_precision_05": 0.21777777777777776,
  "test_buy_recall_05": 0.5778301886792453,
  "test_buy_f1_05": 0.31633311814073595,
  "test_buy_q90_threshold": 0.6708934903144836,
  "test_buy_q95_threshold": 0.7332209348678589,
  "valid_sell_auc": 0.579096846882756,
  "valid_sell_positive_rate": 0.21326013513513514,
  "valid_sell_prob_mean": 0.5180760025978088,
  "valid_sell_prob_std": 0.09272455424070358,
  "valid_sell_prob_min": 0.2434884011745453,
  "valid_sell_prob_max": 0.7664373517036438,
  "valid_sell_acc_05": 0.4953547297297297,
  "valid_sell_precision_05": 0.24743777452415813,
  "valid_sell_recall_05": 0.6693069306930693,
  "valid_sell_f1_05": 0.36130411544628543,
  "valid_sell_q90_threshold": 0.6311958432197571,
  "valid_sell_q95_threshold": 0.6743459105491638,
  "test_sell_auc": 0.46272353049869636,
  "test_sell_positive_rate": 0.22381756756756757,
  "test_sell_prob_mean": 0.4003818929195404,
  "test_sell_prob_std": 0.11334726959466934,
  "test_sell_prob_min": 0.04516053572297096,
  "test_sell_prob_max": 0.6365182399749756,
  "test_sell_acc_05": 0.6393581081081081,
  "test_sell_precision_05": 0.18110236220472442,
  "test_sell_recall_05": 0.17358490566037735,
  "test_sell_f1_05": 0.17726396917148363,
  "test_sell_q90_threshold": 0.5469040274620056,
  "test_sell_q95_threshold": 0.5768928527832031
}