{
  "scenario_count": 12,
  "all_alpha_positive": false,
  "min_alpha_total_return": -0.0019157811869999763,
  "worst_alpha_max_drawdown": -0.0037699438051592704,
  "min_trade_count": 3
}