{
  "total_return": -0.08775066964596712,
  "annualized_return": -0.769618723600384,
  "max_drawdown": -0.10966238839971898,
  "sharpe": -5.862498799995215,
  "sortino": -9.252697972385509,
  "calmar": -7.018073697201694,
  "trade_count": 6,
  "win_rate": 0.6666666666666666,
  "avg_net_return_per_trade": -0.0006896409955349394,
  "median_net_return_per_trade": 0.00042690522047084383,
  "backtest_mode": "a_share_inventory_t0",
  "trade_direction_mode": "sell_only",
  "buy_threshold": 0.6214971184730529,
  "sell_threshold": 0.9585493022203445,
  "initial_capital": 1000000.0,
  "final_equity": 911391.8159835001,
  "final_benchmark_equity": 911922.0,
  "final_alpha_equity": 999469.8159835001,
  "alpha_total_return": -0.0005301840164998461,
  "alpha_sharpe": -0.7876072728733025,
  "alpha_sortino": -0.2503321124945229,
  "alpha_calmar": -2.838716092494121,
  "alpha_max_drawdown": -0.0029735225053664216,
  "base_shares": 9400,
  "ending_shares": 9400,
  "base_position_pct": 0.6,
  "max_t0_trade_pct": 0.3,
  "max_participation_rate": 0.05,
  "commission_rate": 0.001,
  "slippage_rate": 0.0005,
  "tp": 0.003,
  "sl": 0.002,
  "stop_loss_cooldown_bars": 6,
  "daily_max_trades": 0,
  "daily_max_losses": 2,
  "daily_loss_limit": 0.0,
  "no_overnight": true
}