{
  "total_return": -0.09728830230831598,
  "annualized_return": -0.8168411249095,
  "max_drawdown": -0.11663235090051305,
  "sharpe": -6.387384497035994,
  "sortino": -10.074080178925405,
  "calmar": -7.003555348089162,
  "trade_count": 11,
  "win_rate": 0.18181818181818182,
  "avg_net_return_per_trade": -0.005403929421915363,
  "median_net_return_per_trade": -0.0008584786000513898,
  "backtest_mode": "a_share_inventory_t0",
  "trade_direction_mode": "sell_only",
  "buy_threshold": 0.6491788774728775,
  "sell_threshold": 0.8673499226570129,
  "initial_capital": 1000000.0,
  "final_equity": 907085.3358670003,
  "final_benchmark_equity": 913740.0,
  "final_alpha_equity": 993345.3358670003,
  "alpha_total_return": -0.006654664132999755,
  "alpha_sharpe": -5.677060233856785,
  "alpha_sortino": -1.4125939041435567,
  "alpha_calmar": -12.942996681841501,
  "alpha_max_drawdown": -0.008098519211049204,
  "base_shares": 9500,
  "ending_shares": 9500,
  "base_position_pct": 0.6,
  "max_t0_trade_pct": 0.3,
  "max_participation_rate": 0.05,
  "commission_rate": 0.001,
  "slippage_rate": 0.001,
  "tp": 0.003,
  "sl": 0.002,
  "stop_loss_cooldown_bars": 6,
  "daily_max_trades": 0,
  "daily_max_losses": 2,
  "daily_loss_limit": 0.0,
  "no_overnight": true
}