{
  "total_return": -0.09374781548796085,
  "annualized_return": -0.8045567748077309,
  "max_drawdown": -0.11422092781610038,
  "sharpe": -6.0965981076360025,
  "sortino": -9.682762101874236,
  "calmar": -7.043864816989536,
  "trade_count": 13,
  "win_rate": 0.5384615384615384,
  "avg_net_return_per_trade": -0.001883749327788809,
  "median_net_return_per_trade": 0.0011118290537158763,
  "backtest_mode": "a_share_inventory_t0",
  "trade_direction_mode": "sell_only",
  "buy_threshold": 0.6520390957593918,
  "sell_threshold": 0.9141968786716461,
  "initial_capital": 1000000.0,
  "final_equity": 910642.976346,
  "final_benchmark_equity": 913740.0,
  "final_alpha_equity": 996902.976346,
  "alpha_total_return": -0.0030970236539999974,
  "alpha_sharpe": -3.3465134554603817,
  "alpha_sortino": -1.7716538843237866,
  "alpha_calmar": -8.197297395657515,
  "alpha_max_drawdown": -0.006116639888709807,
  "base_shares": 9500,
  "ending_shares": 9500,
  "base_position_pct": 0.6,
  "max_t0_trade_pct": 0.3,
  "max_participation_rate": 0.05,
  "commission_rate": 0.001,
  "slippage_rate": 0.0005,
  "tp": 0.004,
  "sl": 0.003,
  "stop_loss_cooldown_bars": 0,
  "daily_max_trades": 0,
  "daily_max_losses": 0,
  "daily_loss_limit": 0.0,
  "no_overnight": true
}