{
  "model": "LSTM",
  "target_col_buy": "buy_label",
  "target_col_sell": "sell_label",
  "feature_count": 194,
  "lookback": 24,
  "params": {
    "hidden_dim": 256,
    "num_layers": 2,
    "dropout": 0.3,
    "output_dim": 1
  },
  "buy_fit": {
    "best_score": 0.5242828654701641,
    "best_valid_auc": 0.5242828654701641,
    "epochs_ran": 20,
    "pos_rate": 0.2991183879093199,
    "pos_weight": 2.343157894736842,
    "device": "cpu"
  },
  "sell_fit": {
    "best_score": 0.5728800127955331,
    "best_valid_auc": 0.5728800127955331,
    "epochs_ran": 11,
    "pos_rate": 0.41435768261964734,
    "pos_weight": 1.4133738601823709,
    "device": "cpu"
  },
  "valid_buy_auc": 0.5242828654701641,
  "valid_buy_positive_rate": 0.3170103092783505,
  "valid_buy_prob_mean": 0.41979509592056274,
  "valid_buy_prob_std": 0.33977463841438293,
  "valid_buy_prob_min": 0.00038009576383046806,
  "valid_buy_prob_max": 0.9898972511291504,
  "valid_buy_acc_05": 0.5244845360824743,
  "valid_buy_precision_05": 0.305993690851735,
  "valid_buy_recall_05": 0.3943089430894309,
  "valid_buy_f1_05": 0.34458259325044405,
  "valid_buy_q90_threshold": 0.9161869287490845,
  "valid_buy_q95_threshold": 0.9503372311592102,
  "test_buy_auc": 0.46320997586484314,
  "test_buy_positive_rate": 0.2912371134020619,
  "test_buy_prob_mean": 0.5152988433837891,
  "test_buy_prob_std": 0.3031098246574402,
  "test_buy_prob_min": 0.00034047901863232255,
  "test_buy_prob_max": 0.9858851432800293,
  "test_buy_acc_05": 0.44072164948453607,
  "test_buy_precision_05": 0.25586854460093894,
  "test_buy_recall_05": 0.4823008849557522,
  "test_buy_f1_05": 0.3343558282208589,
  "test_buy_q90_threshold": 0.8999138474464417,
  "test_buy_q95_threshold": 0.9403729438781738,
  "valid_sell_auc": 0.5728800127955331,
  "valid_sell_positive_rate": 0.35309278350515466,
  "valid_sell_prob_mean": 0.4738580882549286,
  "valid_sell_prob_std": 0.0500846765935421,
  "valid_sell_prob_min": 0.34489905834198,
  "valid_sell_prob_max": 0.5919497609138489,
  "valid_sell_acc_05": 0.625,
  "valid_sell_precision_05": 0.462882096069869,
  "valid_sell_recall_05": 0.38686131386861317,
  "valid_sell_f1_05": 0.42147117296222664,
  "valid_sell_q90_threshold": 0.5417351722717285,
  "valid_sell_q95_threshold": 0.5626334547996521,
  "test_sell_auc": 0.5537691305763595,
  "test_sell_positive_rate": 0.42783505154639173,
  "test_sell_prob_mean": 0.4519658088684082,
  "test_sell_prob_std": 0.046985380351543427,
  "test_sell_prob_min": 0.3338010311126709,
  "test_sell_prob_max": 0.5771623253822327,
  "test_sell_acc_05": 0.5695876288659794,
  "test_sell_precision_05": 0.49242424242424243,
  "test_sell_recall_05": 0.19578313253012047,
  "test_sell_f1_05": 0.2801724137931034,
  "test_sell_q90_threshold": 0.5187731981277466,
  "test_sell_q95_threshold": 0.5334783792495728
}