{
  "total_return": -0.04975674664380658,
  "annualized_return": -0.5844885681071785,
  "max_drawdown": -0.0790585597192267,
  "sharpe": -2.3602977972086014,
  "sortino": -2.2426973554915293,
  "calmar": -7.39310923678557,
  "trade_count": 8,
  "win_rate": 0.0,
  "avg_net_return_per_trade": -0.0065156395230409996,
  "median_net_return_per_trade": -0.007712908025389261,
  "backtest_mode": "a_share_inventory_t0",
  "trade_direction_mode": "sell_only",
  "buy_threshold": 0.7788469702005386,
  "sell_threshold": 0.807967272400856,
  "initial_capital": 1000000.0,
  "final_equity": 952595.10540825,
  "final_benchmark_equity": 957628.0,
  "final_alpha_equity": 994967.10540825,
  "alpha_total_return": -0.005032894591750048,
  "alpha_sharpe": -9.862493315918533,
  "alpha_sortino": -2.6066532080679234,
  "alpha_calmar": -16.43499413495526,
  "alpha_max_drawdown": -0.0050600466566705915,
  "base_shares": 9900,
  "ending_shares": 9900,
  "base_position_pct": 0.6,
  "max_t0_trade_pct": 0.3,
  "max_participation_rate": 0.05,
  "commission_rate": 0.0015,
  "slippage_rate": 0.00075,
  "tp": 0.003,
  "sl": 0.002,
  "stop_loss_cooldown_bars": 6,
  "daily_max_trades": 0,
  "daily_max_losses": 2,
  "daily_loss_limit": 0.0,
  "no_overnight": true
}