{
  "fold": 10,
  "model_summaries": {
    "transformer_lstm": {
      "model": "Transformer_LSTM",
      "target_col_buy": "buy_label",
      "target_col_sell": "sell_label",
      "feature_count": 194,
      "lookback": 8,
      "params": {
        "d_model": 128,
        "nhead": 4,
        "transformer_layers": 2,
        "transformer_dropout": 0.2,
        "lstm_hidden_dim": 128,
        "lstm_num_layers": 1,
        "output_dim": 1
      },
      "buy_fit": {
        "best_score": 0.45194637376837343,
        "best_valid_auc": 0.45194637376837343,
        "epochs_ran": 3,
        "pos_rate": 0.2533783783783784,
        "pos_weight": 2.9466666666666663,
        "device": "cpu"
      },
      "sell_fit": {
        "best_score": 0.4436196535878403,
        "best_valid_auc": 0.4436196535878403,
        "epochs_ran": 3,
        "pos_rate": 0.36317567567567566,
        "pos_weight": 1.7534883720930234,
        "device": "cpu"
      },
      "valid_buy_auc": 0.45194637376837343,
      "valid_buy_positive_rate": 0.21354166666666666,
      "valid_buy_prob_mean": 0.3998536169528961,
      "valid_buy_prob_std": 0.10455185174942017,
      "valid_buy_prob_min": 0.1796138435602188,
      "valid_buy_prob_max": 0.6636006832122803,
      "valid_buy_acc_05": 0.6822916666666666,
      "valid_buy_precision_05": 0.14285714285714285,
      "valid_buy_recall_05": 0.0975609756097561,
      "valid_buy_f1_05": 0.11594202898550725,
      "valid_buy_q90_threshold": 0.5319852232933044,
      "valid_buy_q95_threshold": 0.579421877861023,
      "test_buy_auc": 0.4535809018567639,
      "test_buy_positive_rate": 0.4276315789473684,
      "test_buy_prob_mean": 0.39627817273139954,
      "test_buy_prob_std": 0.08532419800758362,
      "test_buy_prob_min": 0.2391621321439743,
      "test_buy_prob_max": 0.5620033144950867,
      "test_buy_acc_05": 0.4934210526315789,
      "test_buy_precision_05": 0.22727272727272727,
      "test_buy_recall_05": 0.07692307692307693,
      "test_buy_f1_05": 0.11494252873563218,
      "test_buy_q90_threshold": 0.5202545523643494,
      "test_buy_q95_threshold": 0.541812002658844,
      "valid_sell_auc": 0.4436196535878403,
      "valid_sell_positive_rate": 0.359375,
      "valid_sell_prob_mean": 0.5127322673797607,
      "valid_sell_prob_std": 0.11922279745340347,
      "valid_sell_prob_min": 0.2690235674381256,
      "valid_sell_prob_max": 0.7256021499633789,
      "valid_sell_acc_05": 0.4322916666666667,
      "valid_sell_precision_05": 0.3076923076923077,
      "valid_sell_recall_05": 0.463768115942029,
      "valid_sell_f1_05": 0.3699421965317919,
      "valid_sell_q90_threshold": 0.6712540984153748,
      "valid_sell_q95_threshold": 0.6938775181770325,
      "test_sell_auc": 0.44300766283524906,
      "test_sell_positive_rate": 0.23684210526315788,
      "test_sell_prob_mean": 0.4612388610839844,
      "test_sell_prob_std": 0.12036069482564926,
      "test_sell_prob_min": 0.18620280921459198,
      "test_sell_prob_max": 0.7111382484436035,
      "test_sell_acc_05": 0.5460526315789473,
      "test_sell_precision_05": 0.22033898305084745,
      "test_sell_recall_05": 0.3611111111111111,
      "test_sell_f1_05": 0.2736842105263158,
      "test_sell_q90_threshold": 0.6142967343330383,
      "test_sell_q95_threshold": 0.6461681127548218
    },
    "lstm": {
      "model": "LSTM",
      "target_col_buy": "buy_label",
      "target_col_sell": "sell_label",
      "feature_count": 194,
      "lookback": 8,
      "params": {
        "hidden_dim": 256,
        "num_layers": 2,
        "dropout": 0.3,
        "output_dim": 1
      },
      "buy_fit": {
        "best_score": 0.47859796478759487,
        "best_valid_auc": 0.47859796478759487,
        "epochs_ran": 3,
        "pos_rate": 0.2533783783783784,
        "pos_weight": 2.9466666666666663,
        "device": "cpu"
      },
      "sell_fit": {
        "best_score": 0.49039707788382236,
        "best_valid_auc": 0.49039707788382236,
        "epochs_ran": 3,
        "pos_rate": 0.36317567567567566,
        "pos_weight": 1.7534883720930234,
        "device": "cpu"
      },
      "valid_buy_auc": 0.47859796478759487,
      "valid_buy_positive_rate": 0.21354166666666666,
      "valid_buy_prob_mean": 0.4404674470424652,
      "valid_buy_prob_std": 0.12251218408346176,
      "valid_buy_prob_min": 0.1715359091758728,
      "valid_buy_prob_max": 0.7455746531486511,
      "valid_buy_acc_05": 0.640625,
      "valid_buy_precision_05": 0.22,
      "valid_buy_recall_05": 0.2682926829268293,
      "valid_buy_f1_05": 0.24175824175824176,
      "valid_buy_q90_threshold": 0.6065386533737183,
      "valid_buy_q95_threshold": 0.6547813415527344,
      "test_buy_auc": 0.5041556145004421,
      "test_buy_positive_rate": 0.4276315789473684,
      "test_buy_prob_mean": 0.3737666606903076,
      "test_buy_prob_std": 0.12671416997909546,
      "test_buy_prob_min": 0.16376134753227234,
      "test_buy_prob_max": 0.6187514662742615,
      "test_buy_acc_05": 0.5394736842105263,
      "test_buy_precision_05": 0.41935483870967744,
      "test_buy_recall_05": 0.2,
      "test_buy_f1_05": 0.2708333333333333,
      "test_buy_q90_threshold": 0.5493514537811279,
      "test_buy_q95_threshold": 0.5886586308479309,
      "valid_sell_auc": 0.49039707788382236,
      "valid_sell_positive_rate": 0.359375,
      "valid_sell_prob_mean": 0.4212929308414459,
      "valid_sell_prob_std": 0.0328308530151844,
      "valid_sell_prob_min": 0.34838756918907166,
      "valid_sell_prob_max": 0.4902968108654022,
      "valid_sell_acc_05": 0.640625,
      "valid_sell_precision_05": 0.0,
      "valid_sell_recall_05": 0.0,
      "valid_sell_f1_05": 0.0,
      "valid_sell_q90_threshold": 0.46298840641975403,
      "valid_sell_q95_threshold": 0.47372546792030334,
      "test_sell_auc": 0.5282567049808429,
      "test_sell_positive_rate": 0.23684210526315788,
      "test_sell_prob_mean": 0.43251705169677734,
      "test_sell_prob_std": 0.04800146073102951,
      "test_sell_prob_min": 0.3297923505306244,
      "test_sell_prob_max": 0.5317919254302979,
      "test_sell_acc_05": 0.6973684210526315,
      "test_sell_precision_05": 0.14285714285714285,
      "test_sell_recall_05": 0.05555555555555555,
      "test_sell_f1_05": 0.08,
      "test_sell_q90_threshold": 0.49927663803100586,
      "test_sell_q95_threshold": 0.5176074504852295
    },
    "cnn": {
      "model": "CNN",
      "target_col_buy": "buy_label",
      "target_col_sell": "sell_label",
      "feature_count": 194,
      "lookback": 8,
      "params": {
        "channels": 64,
        "kernel_size": 3,
        "dropout": 0.3,
        "output_dim": 1
      },
      "buy_fit": {
        "best_score": 0.5892424487158779,
        "best_valid_auc": 0.5892424487158779,
        "epochs_ran": 3,
        "pos_rate": 0.2533783783783784,
        "pos_weight": 2.9466666666666663,
        "device": "cpu"
      },
      "sell_fit": {
        "best_score": 0.4629433250854247,
        "best_valid_auc": 0.4629433250854247,
        "epochs_ran": 3,
        "pos_rate": 0.36317567567567566,
        "pos_weight": 1.7534883720930234,
        "device": "cpu"
      },
      "valid_buy_auc": 0.5892424487158779,
      "valid_buy_positive_rate": 0.21354166666666666,
      "valid_buy_prob_mean": 0.29710811376571655,
      "valid_buy_prob_std": 0.11224443465471268,
      "valid_buy_prob_min": 0.12285821884870529,
      "valid_buy_prob_max": 0.5125051140785217,
      "valid_buy_acc_05": 0.78125,
      "valid_buy_precision_05": 0.3333333333333333,
      "valid_buy_recall_05": 0.024390243902439025,
      "valid_buy_f1_05": 0.045454545454545456,
      "valid_buy_q90_threshold": 0.4583854377269745,
      "valid_buy_q95_threshold": 0.48568710684776306,
      "test_buy_auc": 0.430946065428824,
      "test_buy_positive_rate": 0.4276315789473684,
      "test_buy_prob_mean": 0.1115456148982048,
      "test_buy_prob_std": 0.0677616074681282,
      "test_buy_prob_min": 0.009729523211717606,
      "test_buy_prob_max": 0.2929021716117859,