{
  "total_return": -0.056372837471649784,
  "annualized_return": -0.6179751346145174,
  "max_drawdown": -0.08121617560331096,
  "sharpe": -2.890376828656776,
  "sortino": -2.7373924182106295,
  "calmar": -7.609015445801467,
  "trade_count": 14,
  "win_rate": 0.07142857142857142,
  "avg_net_return_per_trade": -0.008766519736844818,
  "median_net_return_per_trade": -0.008804780749677218,
  "backtest_mode": "a_share_inventory_t0",
  "trade_direction_mode": "sell_only",
  "buy_threshold": 0.7235490381717682,
  "sell_threshold": 0.8430290222167969,
  "initial_capital": 1000000.0,
  "final_equity": 942794.8833710002,
  "final_benchmark_equity": 953940.0,
  "final_alpha_equity": 988854.8833710002,
  "alpha_total_return": -0.011145116628999863,
  "alpha_sharpe": -12.501902029065906,
  "alpha_sortino": -4.214906192125577,
  "alpha_calmar": -14.435464268899787,
  "alpha_max_drawdown": -0.011749992859076852,
  "base_shares": 9800,
  "ending_shares": 9800,
  "base_position_pct": 0.6,
  "max_t0_trade_pct": 0.3,
  "max_participation_rate": 0.05,
  "commission_rate": 0.0015,
  "slippage_rate": 0.001,
  "tp": 0.003,
  "sl": 0.002,
  "stop_loss_cooldown_bars": 6,
  "daily_max_trades": 0,
  "daily_max_losses": 2,
  "daily_loss_limit": 0.0,
  "no_overnight": true
}