{
  "total_return": 0.07605892215348953,
  "annualized_return": 1.9006217661788782,
  "max_drawdown": -0.04808772166103925,
  "sharpe": 4.04319683170765,
  "sortino": 6.84684535673935,
  "calmar": 39.524055216755364,
  "trade_count": 4,
  "win_rate": 0.5,
  "avg_net_return_per_trade": -0.0052028326139934265,
  "median_net_return_per_trade": -0.00430418011478367,
  "backtest_mode": "a_share_inventory_t0",
  "trade_direction_mode": "sell_only",
  "buy_threshold": 0.6654055744409558,
  "sell_threshold": 0.6038862615823746,
  "initial_capital": 1000000.0,
  "final_equity": 1075374.548679,
  "final_benchmark_equity": 1079076.0,
  "final_alpha_equity": 996298.548679,
  "alpha_total_return": -0.003701451320999971,
  "alpha_sharpe": -4.132212495272751,
  "alpha_sortino": -0.6015639050792124,
  "alpha_calmar": -13.137364231872269,
  "alpha_max_drawdown": -0.003992154848999951,
  "base_shares": 10600,
  "ending_shares": 10600,
  "base_position_pct": 0.6,
  "max_t0_trade_pct": 0.3,
  "max_participation_rate": 0.02,
  "commission_rate": 0.001,
  "slippage_rate": 0.0005,
  "tp": 0.003,
  "sl": 0.002,
  "stop_loss_cooldown_bars": 6,
  "daily_max_trades": 0,
  "daily_max_losses": 2,
  "daily_loss_limit": 0.0,
  "no_overnight": true
}