{
  "total_return": -0.09818867632213002,
  "annualized_return": -0.8202368292950251,
  "max_drawdown": -0.1156407603842099,
  "sharpe": -6.565877042599067,
  "sortino": -10.412181702171477,
  "calmar": -7.0929733302499445,
  "trade_count": 13,
  "win_rate": 0.23076923076923078,
  "avg_net_return_per_trade": -0.00381951897595701,
  "median_net_return_per_trade": -0.00094401784222908,
  "backtest_mode": "a_share_inventory_t0",
  "trade_direction_mode": "sell_only",
  "buy_threshold": 0.6345955163240432,
  "sell_threshold": 0.8987929791212081,
  "initial_capital": 1000000.0,
  "final_equity": 905371.6747837502,
  "final_benchmark_equity": 912204.0,
  "final_alpha_equity": 993167.6747837502,
  "alpha_total_return": -0.006832325216249768,
  "alpha_sharpe": -9.64604081247843,
  "alpha_sortino": -3.1049798335065546,
  "alpha_calmar": -14.996852857532039,
  "alpha_max_drawdown": -0.007174752634954262,
  "base_shares": 9400,
  "ending_shares": 9400,
  "base_position_pct": 0.6,
  "max_t0_trade_pct": 0.3,
  "max_participation_rate": 0.02,
  "commission_rate": 0.0015,
  "slippage_rate": 0.0005,
  "tp": 0.003,
  "sl": 0.002,
  "stop_loss_cooldown_bars": 6,
  "daily_max_trades": 0,
  "daily_max_losses": 2,
  "daily_loss_limit": 0.0,
  "no_overnight": true
}