{
  "scenario_count": 12,
  "all_alpha_positive": false,
  "min_alpha_total_return": -0.011409687737499619,
  "worst_alpha_max_drawdown": -0.012558078218078084,
  "min_trade_count": 17
}