{
  "model": "LSTM",
  "target_col_buy": "buy_label",
  "target_col_sell": "sell_label",
  "feature_count": 194,
  "lookback": 24,
  "params": {
    "hidden_dim": 256,
    "num_layers": 2,
    "dropout": 0.3,
    "output_dim": 1
  },
  "buy_fit": {
    "best_score": 0.5363512000994901,
    "best_valid_auc": 0.5363512000994901,
    "epochs_ran": 11,
    "pos_rate": 0.2704659949622166,
    "pos_weight": 2.6973224679860306,
    "device": "cpu"
  },
  "sell_fit": {
    "best_score": 0.544677550703843,
    "best_valid_auc": 0.544677550703843,
    "epochs_ran": 18,
    "pos_rate": 0.34005037783375314,
    "pos_weight": 1.9407407407407409,
    "device": "cpu"
  },
  "valid_buy_auc": 0.5363512000994901,
  "valid_buy_positive_rate": 0.2770618556701031,
  "valid_buy_prob_mean": 0.5368258953094482,
  "valid_buy_prob_std": 0.10450683534145355,
  "valid_buy_prob_min": 0.34405362606048584,
  "valid_buy_prob_max": 0.842314600944519,
  "valid_buy_acc_05": 0.4832474226804124,
  "valid_buy_precision_05": 0.2924107142857143,
  "valid_buy_recall_05": 0.6093023255813953,
  "valid_buy_f1_05": 0.3951734539969834,
  "valid_buy_q90_threshold": 0.6818945407867432,
  "valid_buy_q95_threshold": 0.7235490083694458,
  "test_buy_auc": 0.5437966429790377,
  "test_buy_positive_rate": 0.2667525773195876,
  "test_buy_prob_mean": 0.5014327764511108,
  "test_buy_prob_std": 0.10591481626033783,
  "test_buy_prob_min": 0.28790274262428284,
  "test_buy_prob_max": 0.8089591860771179,
  "test_buy_acc_05": 0.5592783505154639,
  "test_buy_precision_05": 0.3076923076923077,
  "test_buy_recall_05": 0.5217391304347826,
  "test_buy_f1_05": 0.3870967741935484,
  "test_buy_q90_threshold": 0.656476616859436,
  "test_buy_q95_threshold": 0.7071671485900879,
  "valid_sell_auc": 0.544677550703843,
  "valid_sell_positive_rate": 0.31056701030927836,
  "valid_sell_prob_mean": 0.5153115391731262,
  "valid_sell_prob_std": 0.22070929408073425,
  "valid_sell_prob_min": 0.09227894246578217,
  "valid_sell_prob_max": 0.9428258538246155,
  "valid_sell_acc_05": 0.5219072164948454,
  "valid_sell_precision_05": 0.3466981132075472,
  "valid_sell_recall_05": 0.6099585062240664,
  "valid_sell_f1_05": 0.4421052631578947,
  "valid_sell_q90_threshold": 0.8055225610733032,
  "valid_sell_q95_threshold": 0.8430290222167969,
  "test_sell_auc": 0.48255481709369596,
  "test_sell_positive_rate": 0.30541237113402064,
  "test_sell_prob_mean": 0.49724575877189636,
  "test_sell_prob_std": 0.2420816868543625,
  "test_sell_prob_min": 0.05568549782037735,
  "test_sell_prob_max": 0.9684841632843018,
  "test_sell_acc_05": 0.49355670103092786,
  "test_sell_precision_05": 0.30303030303030304,
  "test_sell_recall_05": 0.5063291139240507,
  "test_sell_f1_05": 0.3791469194312796,
  "test_sell_q90_threshold": 0.8255860209465027,
  "test_sell_q95_threshold": 0.8659284710884094
}