model_label,epoch,train_loss,valid_loss,valid_auc,valid_prob_mean,valid_prob_max
MLP_buy,1,1.4306720463005271,1.3783583641052246,0.49750249750249753,0.18496477603912354,0.7773895263671875
MLP_buy,2,1.1239759148778141,1.2708734273910522,0.47866419294990725,0.253983736038208,0.9381894469261169
MLP_buy,3,0.8601396212706695,1.2432695627212524,0.4813757670900528,0.2923131585121155,0.9560691118240356
