model_label,epoch,train_loss,valid_loss,valid_auc,valid_prob_mean,valid_prob_max
MLP_sell,1,1.1997349777737178,1.2736250162124634,0.5297453703703704,0.25281909108161926,0.5096589922904968
MLP_sell,2,0.9011891419823105,1.35104238986969,0.4986111111111111,0.29768240451812744,0.676520586013794
MLP_sell,3,0.8097426794670723,1.118849277496338,0.5792824074074074,0.35166457295417786,0.8599271178245544
