{
  "model": "MLP",
  "target_col_buy": "buy_label",
  "target_col_sell": "sell_label",
  "feature_count": 194,
  "lookback": 8,
  "params": {
    "lookback": 8,
    "hidden_dim": 256,
    "dropout": 0.3,
    "output_dim": 1
  },
  "buy_fit": {
    "best_score": 0.49750249750249753,
    "best_valid_auc": 0.49750249750249753,
    "epochs_ran": 3,
    "pos_rate": 0.28209459459459457,
    "pos_weight": 2.544910179640719,
    "device": "cpu"
  },
  "sell_fit": {
    "best_score": 0.5792824074074074,
    "best_valid_auc": 0.5792824074074074,
    "epochs_ran": 3,
    "pos_rate": 0.33952702702702703,
    "pos_weight": 1.9452736318407962,
    "device": "cpu"
  },
  "valid_buy_auc": 0.49750249750249753,
  "valid_buy_positive_rate": 0.2552083333333333,
  "valid_buy_prob_mean": 0.18496477603912354,
  "valid_buy_prob_std": 0.12181514501571655,
  "valid_buy_prob_min": 0.0068932208232581615,
  "valid_buy_prob_max": 0.7773895263671875,
  "valid_buy_acc_05": 0.7552083333333334,
  "valid_buy_precision_05": 0.75,
  "valid_buy_recall_05": 0.061224489795918366,
  "valid_buy_f1_05": 0.11320754716981132,
  "valid_buy_q90_threshold": 0.34648945927619934,
  "valid_buy_q95_threshold": 0.39579370617866516,
  "test_buy_auc": 0.49035625141819833,
  "test_buy_positive_rate": 0.2565789473684211,
  "test_buy_prob_mean": 0.21898026764392853,
  "test_buy_prob_std": 0.0950591042637825,
  "test_buy_prob_min": 0.03111467882990837,
  "test_buy_prob_max": 0.42262783646583557,
  "test_buy_acc_05": 0.743421052631579,
  "test_buy_precision_05": 0.0,
  "test_buy_recall_05": 0.0,
  "test_buy_f1_05": 0.0,
  "test_buy_q90_threshold": 0.3520023822784424,
  "test_buy_q95_threshold": 0.3793998956680298,
  "valid_sell_auc": 0.5792824074074074,
  "valid_sell_positive_rate": 0.375,
  "valid_sell_prob_mean": 0.35166457295417786,
  "valid_sell_prob_std": 0.17949414253234863,
  "valid_sell_prob_min": 0.02197321318089962,
  "valid_sell_prob_max": 0.8599271178245544,
  "valid_sell_acc_05": 0.5989583333333334,
  "valid_sell_precision_05": 0.43902439024390244,
  "valid_sell_recall_05": 0.25,
  "valid_sell_f1_05": 0.3185840707964602,
  "valid_sell_q90_threshold": 0.6090959906578064,
  "valid_sell_q95_threshold": 0.6763197183609009,
  "test_sell_auc": 0.6243161094224925,
  "test_sell_positive_rate": 0.3092105263157895,
  "test_sell_prob_mean": 0.32218366861343384,
  "test_sell_prob_std": 0.15602411329746246,
  "test_sell_prob_min": 0.04814690724015236,
  "test_sell_prob_max": 0.8041806221008301,
  "test_sell_acc_05": 0.6973684210526315,
  "test_sell_precision_05": 0.5217391304347826,
  "test_sell_recall_05": 0.2553191489361702,
  "test_sell_f1_05": 0.34285714285714286,
  "test_sell_q90_threshold": 0.5389475226402283,
  "test_sell_q95_threshold": 0.6155728101730347
}