{
  "total_return": -0.02700553438629405,
  "annualized_return": -0.9633502318992688,
  "max_drawdown": -0.05656446388910419,
  "sharpe": -9.338982421873188,
  "sortino": -12.776596279569015,
  "calmar": -17.031014981206877,
  "trade_count": 2,
  "win_rate": 1.0,
  "avg_net_return_per_trade": 0.0012189028053556398,
  "median_net_return_per_trade": 0.0012189028053556398,
  "backtest_mode": "a_share_inventory_t0",
  "trade_direction_mode": "sell_only",
  "buy_threshold": 0.36078413022845357,
  "sell_threshold": 0.5647386208508278,
  "initial_capital": 1000000.0,
  "final_equity": 971090.3154445,
  "final_benchmark_equity": 970336.0,
  "final_alpha_equity": 1000754.3154445,
  "alpha_total_return": 0.0007543154444999978,
  "alpha_sharpe": 6.704394153234971,
  "alpha_sortino": 6.0237963300200255,
  "alpha_calmar": 186.38802511268563,
  "alpha_max_drawdown": -0.0005115174791315846,
  "base_shares": 10300,
  "ending_shares": 10300,
  "base_position_pct": 0.6,
  "max_t0_trade_pct": 0.3,
  "max_participation_rate": 0.05,
  "commission_rate": 0.001,
  "slippage_rate": 0.0005,
  "tp": 0.003,
  "sl": 0.002,
  "no_overnight": true
}