{
  "model": "LSTM",
  "target_col_buy": "buy_label",
  "target_col_sell": "sell_label",
  "feature_count": 194,
  "lookback": 24,
  "params": {
    "hidden_dim": 256,
    "num_layers": 2,
    "dropout": 0.3,
    "output_dim": 1
  },
  "buy_fit": {
    "best_score": 0.5727977448907681,
    "best_valid_auc": 0.5727977448907681,
    "epochs_ran": 11,
    "pos_rate": 0.276448362720403,
    "pos_weight": 2.6173120728929384,
    "device": "cpu"
  },
  "sell_fit": {
    "best_score": 0.5598305607121611,
    "best_valid_auc": 0.5598305607121611,
    "epochs_ran": 20,
    "pos_rate": 0.3217884130982368,
    "pos_weight": 2.1076320939334634,
    "device": "cpu"
  },
  "valid_buy_auc": 0.5727977448907681,
  "valid_buy_positive_rate": 0.2770618556701031,
  "valid_buy_prob_mean": 0.4838627278804779,
  "valid_buy_prob_std": 0.08019572496414185,
  "valid_buy_prob_min": 0.3271557688713074,
  "valid_buy_prob_max": 0.7003915309906006,
  "valid_buy_acc_05": 0.6018041237113402,
  "valid_buy_precision_05": 0.3246268656716418,
  "valid_buy_recall_05": 0.4046511627906977,
  "valid_buy_f1_05": 0.36024844720496896,
  "valid_buy_q90_threshold": 0.6050807237625122,
  "valid_buy_q95_threshold": 0.6491788625717163,
  "test_buy_auc": 0.5288301997094198,
  "test_buy_positive_rate": 0.2615979381443299,
  "test_buy_prob_mean": 0.48407572507858276,
  "test_buy_prob_std": 0.06823229789733887,
  "test_buy_prob_min": 0.3136788308620453,
  "test_buy_prob_max": 0.6703391671180725,
  "test_buy_acc_05": 0.5695876288659794,
  "test_buy_precision_05": 0.28664495114006516,
  "test_buy_recall_05": 0.43349753694581283,
  "test_buy_f1_05": 0.34509803921568627,
  "test_buy_q90_threshold": 0.5745621919631958,
  "test_buy_q95_threshold": 0.6067181825637817,
  "valid_sell_auc": 0.5598305607121611,
  "valid_sell_positive_rate": 0.3646907216494845,
  "valid_sell_prob_mean": 0.5093414187431335,
  "valid_sell_prob_std": 0.2107720524072647,
  "valid_sell_prob_min": 0.054405905306339264,
  "valid_sell_prob_max": 0.9566166996955872,
  "valid_sell_acc_05": 0.5257731958762887,
  "valid_sell_precision_05": 0.3940149625935162,
  "valid_sell_recall_05": 0.558303886925795,
  "valid_sell_f1_05": 0.4619883040935672,
  "valid_sell_q90_threshold": 0.8092809915542603,
  "valid_sell_q95_threshold": 0.8673499226570129,
  "test_sell_auc": 0.5231521283474134,
  "test_sell_positive_rate": 0.37242268041237114,
  "test_sell_prob_mean": 0.521202027797699,
  "test_sell_prob_std": 0.19697533547878265,
  "test_sell_prob_min": 0.074061818420887,
  "test_sell_prob_max": 0.960522472858429,
  "test_sell_acc_05": 0.5012886597938144,
  "test_sell_precision_05": 0.38497652582159625,
  "test_sell_recall_05": 0.5674740484429066,
  "test_sell_f1_05": 0.45874125874125876,
  "test_sell_q90_threshold": 0.7844609022140503,
  "test_sell_q95_threshold": 0.8425210118293762
}