{
  "total_return": -0.09869679688347466,
  "annualized_return": -0.8211354777570997,
  "max_drawdown": -0.11082618641517172,
  "sharpe": -6.463674312175869,
  "sortino": -10.169691827410873,
  "calmar": -7.4092189248577185,
  "trade_count": 4,
  "win_rate": 0.5,
  "avg_net_return_per_trade": -0.0031545133367728816,
  "median_net_return_per_trade": -0.003135082401253649,
  "backtest_mode": "a_share_inventory_t0",
  "trade_direction_mode": "sell_only",
  "buy_threshold": 0.667204812169075,
  "sell_threshold": 0.9550599306821823,
  "initial_capital": 1000000.0,
  "final_equity": 903985.4814490001,
  "final_benchmark_equity": 906349.0,
  "final_alpha_equity": 997636.4814490001,
  "alpha_total_return": -0.0023635185509999213,
  "alpha_sharpe": -3.265260627581531,
  "alpha_sortino": -0.9642766222920189,
  "alpha_calmar": -9.81131041402086,
  "alpha_max_drawdown": -0.003917449316999999,
  "base_shares": 9300,
  "ending_shares": 9300,
  "base_position_pct": 0.6,
  "max_t0_trade_pct": 0.3,
  "max_participation_rate": 0.02,
  "commission_rate": 0.0015,
  "slippage_rate": 0.0005,
  "tp": 0.004,
  "sl": 0.002,
  "stop_loss_cooldown_bars": 0,
  "daily_max_trades": 0,
  "daily_max_losses": 0,
  "daily_loss_limit": 0.0,
  "no_overnight": true
}