{
  "total_return": -0.03561291126423782,
  "annualized_return": -0.17453637475410377,
  "max_drawdown": -0.09233994804187184,
  "sharpe": -1.20149610919059,
  "sortino": -1.3768788090544348,
  "calmar": -1.8901502378467843,
  "trade_count": 47,
  "win_rate": 0.2765957446808511,
  "avg_net_return_per_trade": -0.004106636314199305,
  "median_net_return_per_trade": -0.00513386872044663,
  "backtest_mode": "a_share_inventory_t0",
  "trade_direction_mode": "sell_only",
  "buy_threshold": 0.5876382724393838,
  "sell_threshold": 0.7648406952126675,
  "initial_capital": 1000000.0,
  "final_equity": 964281.0061560012,
  "final_benchmark_equity": 986910.0,
  "final_alpha_equity": 977371.0061560012,
  "alpha_total_return": -0.022628993843998746,
  "alpha_sharpe": -10.081903171355496,
  "alpha_sortino": -5.146916128578731,
  "alpha_calmar": -4.702915577187902,
  "alpha_max_drawdown": -0.024246402792049482,
  "base_shares": 11000,
  "ending_shares": 11000,
  "base_position_pct": 0.6,
  "max_t0_trade_pct": 0.3,
  "max_participation_rate": 0.05,
  "commission_rate": 0.001,
  "slippage_rate": 0.0005,
  "tp": 0.003,
  "sl": 0.002,
  "no_overnight": true
}