{
  "total_return": -0.09798940553381386,
  "annualized_return": -0.8191860155713759,
  "max_drawdown": -0.11719229104421869,
  "sharpe": -6.435424839780617,
  "sortino": -10.150242733221775,
  "calmar": -6.990101552518355,
  "trade_count": 11,
  "win_rate": 0.18181818181818182,
  "avg_net_return_per_trade": -0.005512621175661376,
  "median_net_return_per_trade": -0.0012698448085451358,
  "backtest_mode": "a_share_inventory_t0",
  "trade_direction_mode": "sell_only",
  "buy_threshold": 0.6491788774728775,
  "sell_threshold": 0.8673499226570129,
  "initial_capital": 1000000.0,
  "final_equity": 906380.8357963748,
  "final_benchmark_equity": 913740.0,
  "final_alpha_equity": 992640.8357963748,
  "alpha_total_return": -0.007359164203625146,
  "alpha_sharpe": -6.2053466832613084,
  "alpha_sortino": -1.5207964728788361,
  "alpha_calmar": -13.476785667090315,
  "alpha_max_drawdown": -0.008554706065633355,
  "base_shares": 9500,
  "ending_shares": 9500,
  "base_position_pct": 0.6,
  "max_t0_trade_pct": 0.3,
  "max_participation_rate": 0.02,
  "commission_rate": 0.0015,
  "slippage_rate": 0.00075,
  "tp": 0.003,
  "sl": 0.002,
  "stop_loss_cooldown_bars": 6,
  "daily_max_trades": 0,
  "daily_max_losses": 2,
  "daily_loss_limit": 0.0,
  "no_overnight": true
}