{
  "total_return": -0.04875324388210189,
  "annualized_return": -0.5630127527311969,
  "max_drawdown": -0.07846269469105438,
  "sharpe": -2.441416368578136,
  "sortino": -2.320245449445348,
  "calmar": -7.175546990172218,
  "trade_count": 2,
  "win_rate": 0.0,
  "avg_net_return_per_trade": -0.006851964327753642,
  "median_net_return_per_trade": -0.006851964327753642,
  "backtest_mode": "a_share_inventory_t0",
  "trade_direction_mode": "sell_only",
  "buy_threshold": 0.7298367828130722,
  "sell_threshold": 0.933867600560188,
  "initial_capital": 1000000.0,
  "final_equity": 950873.8673894999,
  "final_benchmark_equity": 953450.0,
  "final_alpha_equity": 997423.8673894999,
  "alpha_total_return": -0.002576132610500048,
  "alpha_sharpe": -6.281521476186396,
  "alpha_sortino": -0.654816119093236,
  "alpha_calmar": -16.23514972057475,
  "alpha_max_drawdown": -0.002576132610500048,
  "base_shares": 9800,
  "ending_shares": 9800,
  "base_position_pct": 0.6,
  "max_t0_trade_pct": 0.3,
  "max_participation_rate": 0.02,
  "commission_rate": 0.0015,
  "slippage_rate": 0.0005,
  "tp": 0.003,
  "sl": 0.002,
  "stop_loss_cooldown_bars": 6,
  "daily_max_trades": 0,
  "daily_max_losses": 2,
  "daily_loss_limit": 0.0,
  "no_overnight": true
}