{
  "total_return": -0.09654549558713277,
  "annualized_return": -0.8139313728343958,
  "max_drawdown": -0.10869836385833742,
  "sharpe": -6.316139365667306,
  "sortino": -9.923380596422382,
  "calmar": -7.487981823674573,
  "trade_count": 5,
  "win_rate": 0.6,
  "avg_net_return_per_trade": -0.0020455448396622354,
  "median_net_return_per_trade": 0.00034747167350479904,
  "backtest_mode": "a_share_inventory_t0",
  "trade_direction_mode": "sell_only",
  "buy_threshold": 0.667204812169075,
  "sell_threshold": 0.9550599306821823,
  "initial_capital": 1000000.0,
  "final_equity": 906143.185018,
  "final_benchmark_equity": 906349.0,
  "final_alpha_equity": 999794.185018,
  "alpha_total_return": -0.0002058149820000077,
  "alpha_sharpe": -0.2746933759017056,
  "alpha_sortino": -0.09938611153408757,
  "alpha_calmar": -1.1928485697924938,
  "alpha_max_drawdown": -0.002853230528000017,
  "base_shares": 9300,
  "ending_shares": 9300,
  "base_position_pct": 0.6,
  "max_t0_trade_pct": 0.3,
  "max_participation_rate": 0.02,
  "commission_rate": 0.001,
  "slippage_rate": 0.001,
  "tp": 0.004,
  "sl": 0.002,
  "stop_loss_cooldown_bars": 0,
  "daily_max_trades": 0,
  "daily_max_losses": 0,
  "daily_loss_limit": 0.0,
  "no_overnight": true
}