{
  "total_return": 0.013033806834452877,
  "annualized_return": 1.5635471400494105,
  "max_drawdown": -0.024271085053557906,
  "sharpe": 3.3476002400031275,
  "sortino": 6.865257457423656,
  "calmar": 64.42015825000001,
  "trade_count": 8,
  "win_rate": 0.25,
  "avg_net_return_per_trade": -0.003375997709317593,
  "median_net_return_per_trade": -0.005616445464343419,
  "backtest_mode": "a_share_inventory_t0",
  "trade_direction_mode": "sell_only",
  "buy_threshold": 0.7054184544772757,
  "sell_threshold": 0.6122887900886655,
  "initial_capital": 1000000.0,
  "final_equity": 1010298.6155559998,
  "final_benchmark_equity": 1014040.0,
  "final_alpha_equity": 996258.6155559998,
  "alpha_total_return": -0.0037413844440001842,
  "alpha_sharpe": -13.21550129629742,
  "alpha_sortino": -9.538774766558138,
  "alpha_calmar": -63.75275511684069,
  "alpha_max_drawdown": -0.0037413844440001842,
  "base_shares": 10800,
  "ending_shares": 10800,
  "base_position_pct": 0.6,
  "max_t0_trade_pct": 0.3,
  "max_participation_rate": 0.02,
  "commission_rate": 0.001,
  "slippage_rate": 0.00075,
  "tp": 0.003,
  "sl": 0.002,
  "no_overnight": true
}