{
  "model": "MLP",
  "target_col_buy": "buy_label",
  "target_col_sell": "sell_label",
  "feature_count": 194,
  "lookback": 32,
  "params": {
    "lookback": 32,
    "hidden_dim": 256,
    "dropout": 0.3,
    "output_dim": 1
  },
  "buy_fit": {
    "best_score": 0.5215419100538613,
    "best_valid_auc": 0.5215419100538613,
    "epochs_ran": 22,
    "pos_rate": 0.26306438127090304,
    "pos_weight": 2.80135081446166,
    "device": "cpu"
  },
  "sell_fit": {
    "best_score": 0.5159416710891165,
    "best_valid_auc": 0.5159416710891165,
    "epochs_ran": 24,
    "pos_rate": 0.31406772575250835,
    "pos_weight": 2.184026622296173,
    "device": "cpu"
  },
  "valid_buy_auc": 0.5215419100538613,
  "valid_buy_positive_rate": 0.22001689189189189,
  "valid_buy_prob_mean": 0.43990063667297363,
  "valid_buy_prob_std": 0.20191557705402374,
  "valid_buy_prob_min": 0.004247300326824188,
  "valid_buy_prob_max": 0.9800293445587158,
  "valid_buy_acc_05": 0.5684121621621622,
  "valid_buy_precision_05": 0.23265741728922093,
  "valid_buy_recall_05": 0.418426103646833,
  "valid_buy_f1_05": 0.299039780521262,
  "valid_buy_q90_threshold": 0.71197509765625,
  "valid_buy_q95_threshold": 0.7818459868431091,
  "test_buy_auc": 0.5677987580074502,
  "test_buy_positive_rate": 0.19721283783783783,
  "test_buy_prob_mean": 0.3846533000469208,
  "test_buy_prob_std": 0.18112044036388397,
  "test_buy_prob_min": 0.02779192477464676,
  "test_buy_prob_max": 0.9056074023246765,
  "test_buy_acc_05": 0.6727195945945946,
  "test_buy_precision_05": 0.25555555555555554,
  "test_buy_recall_05": 0.34475374732334046,
  "test_buy_f1_05": 0.2935278030993619,
  "test_buy_q90_threshold": 0.64155113697052,
  "test_buy_q95_threshold": 0.7110475897789001,
  "valid_sell_auc": 0.5159416710891165,
  "valid_sell_positive_rate": 0.32136824324324326,
  "valid_sell_prob_mean": 0.34249502420425415,
  "valid_sell_prob_std": 0.1975797712802887,
  "valid_sell_prob_min": 0.01649433933198452,
  "valid_sell_prob_max": 0.9712186455726624,
  "valid_sell_acc_05": 0.6190878378378378,
  "valid_sell_precision_05": 0.36310679611650487,
  "valid_sell_recall_05": 0.2457293035479632,
  "valid_sell_f1_05": 0.29310344827586204,
  "valid_sell_q90_threshold": 0.6353438496589661,
  "valid_sell_q95_threshold": 0.7204961776733398,
  "test_sell_auc": 0.5428102230512906,
  "test_sell_positive_rate": 0.21326013513513514,
  "test_sell_prob_mean": 0.4123344421386719,
  "test_sell_prob_std": 0.1929340660572052,
  "test_sell_prob_min": 0.01933681033551693,
  "test_sell_prob_max": 0.930828332901001,
  "test_sell_acc_05": 0.622043918918919,
  "test_sell_precision_05": 0.2454308093994778,
  "test_sell_recall_05": 0.3722772277227723,
  "test_sell_f1_05": 0.2958300550747443,
  "test_sell_q90_threshold": 0.6832231879234314,
  "test_sell_q95_threshold": 0.7497872114181519
}