{
  "total_return": -0.09538013623205766,
  "annualized_return": -0.798559919676571,
  "max_drawdown": -0.11746651973975564,
  "sharpe": -6.417424409526759,
  "sortino": -10.069401802351445,
  "calmar": -6.798191701309974,
  "trade_count": 13,
  "win_rate": 0.15384615384615385,
  "avg_net_return_per_trade": -0.004836042020018814,
  "median_net_return_per_trade": -0.007226204175571068,
  "backtest_mode": "a_share_inventory_t0",
  "trade_direction_mode": "sell_only",
  "buy_threshold": 0.6360969454050064,
  "sell_threshold": 0.9222695231437683,
  "initial_capital": 1000000.0,
  "final_equity": 903769.5210960004,
  "final_benchmark_equity": 911922.0,
  "final_alpha_equity": 991847.5210960004,
  "alpha_total_return": -0.008152478903999505,
  "alpha_sharpe": -8.117065153017341,
  "alpha_sortino": -2.4480813710514426,
  "alpha_calmar": -12.937757882026826,
  "alpha_max_drawdown": -0.009479708111760132,
  "base_shares": 9400,
  "ending_shares": 9400,
  "base_position_pct": 0.6,
  "max_t0_trade_pct": 0.3,
  "max_participation_rate": 0.05,
  "commission_rate": 0.001,
  "slippage_rate": 0.001,
  "tp": 0.003,
  "sl": 0.002,
  "stop_loss_cooldown_bars": 0,
  "daily_max_trades": 0,
  "daily_max_losses": 0,
  "daily_loss_limit": 0.0,
  "no_overnight": true
}