{
  "total_return": -0.10542971954014857,
  "annualized_return": -0.8420253324644865,
  "max_drawdown": -0.11943520714408618,
  "sharpe": -7.078713305629734,
  "sortino": -11.12933619118127,
  "calmar": -7.050059631484294,
  "trade_count": 12,
  "win_rate": 0.25,
  "avg_net_return_per_trade": -0.005065679374611922,
  "median_net_return_per_trade": -0.006745743948944169,
  "backtest_mode": "a_share_inventory_t0",
  "trade_direction_mode": "sell_only",
  "buy_threshold": 0.9011711865663528,
  "sell_threshold": 0.8903881818056105,
  "initial_capital": 1000000.0,
  "final_equity": 897232.5216145,
  "final_benchmark_equity": 906349.0,
  "final_alpha_equity": 990883.5216145,
  "alpha_total_return": -0.009116478385500004,
  "alpha_sharpe": -6.984979394113994,
  "alpha_sortino": -2.327466512189823,
  "alpha_calmar": -11.243652724784836,
  "alpha_max_drawdown": -0.012517708883281853,
  "base_shares": 9300,
  "ending_shares": 9300,
  "base_position_pct": 0.6,
  "max_t0_trade_pct": 0.3,
  "max_participation_rate": 0.05,
  "commission_rate": 0.001,
  "slippage_rate": 0.0005,
  "tp": 0.004,
  "sl": 0.002,
  "stop_loss_cooldown_bars": 6,
  "daily_max_trades": 0,
  "daily_max_losses": 2,
  "daily_loss_limit": 0.0,
  "no_overnight": true
}