{
  "total_return": -0.11325910428567054,
  "annualized_return": -0.4302146119795317,
  "max_drawdown": -0.15390970512193192,
  "sharpe": -2.5367166002732,
  "sortino": -3.5575264790235823,
  "calmar": -2.795240310795883,
  "trade_count": 11,
  "win_rate": 0.36363636363636365,
  "avg_net_return_per_trade": -0.0031588680640414926,
  "median_net_return_per_trade": -0.005533787159630318,
  "backtest_mode": "a_share_inventory_t0",
  "trade_direction_mode": "sell_only",
  "buy_threshold": 0.6868722345201278,
  "sell_threshold": 0.6760560954993466,
  "initial_capital": 1000000.0,
  "final_equity": 890130.0194177496,
  "final_benchmark_equity": 896351.0,
  "final_alpha_equity": 993779.0194177496,
  "alpha_total_return": -0.006220980582250402,
  "alpha_sharpe": -3.67742150970273,
  "alpha_sortino": -0.9972754821154243,
  "alpha_calmar": -3.2958470521342886,
  "alpha_max_drawdown": -0.008732248971066836,
  "base_shares": 9100,
  "ending_shares": 9100,
  "base_position_pct": 0.6,
  "max_t0_trade_pct": 0.3,
  "max_participation_rate": 0.05,
  "commission_rate": 0.001,
  "slippage_rate": 0.00075,
  "tp": 0.003,
  "sl": 0.002,
  "no_overnight": true
}