{
  "lookback": 32,
  "lookback_minutes": 160,
  "horizon": 9,
  "horizon_minutes": 45,
  "best_valid_auc": 0.5728850986839048,
  "valid_auc": 0.5728850986839048,
  "test_auc": 0.522266015601978,
  "train_positive_rate": 0.34691895088060143,
  "valid_positive_rate": 0.3444971349535665,
  "test_positive_rate": 0.38644670552207844,
  "valid_action_metrics": {
    "accuracy": 0.41592570638213794,
    "buy_auc": 0.5728850986839048,
    "sell_auc": 0.550305627197753,
    "buy_positive_rate": 0.3444971349535665,
    "sell_positive_rate": 0.44161232957913454,
    "hold_rate": 0.21389053546729894
  },
  "test_action_metrics": {
    "accuracy": 0.403832855872765,
    "buy_auc": 0.522266015601978,
    "sell_auc": 0.5236019375507037,
    "buy_positive_rate": 0.38644670552207844,
    "sell_positive_rate": 0.4470018769139583,
    "hold_rate": 0.16655141756396324
  },
  "test_trade_return_mean_all": 0.0005045056858486609,
  "test_trade_return_mean_label_1": -3.827202438783944e-06,
  "selected_threshold": 0.5197072476148604,
  "selected_quantile": 0.95,
  "selected_threshold_test_stats": {
    "threshold": 0.5197072476148604,
    "horizon": 9,
    "round_trip_cost": 0.003,
    "trade_count": 69,
    "win_rate": 0.42028985507246375,
    "gross_return_mean": 0.0009606823116227036,
    "net_return_mean": -0.0020393176883772967,
    "gross_return_median": 0.00024209167204647386,
    "net_return_median": -0.002757908327953526,
    "total_return": -0.1428508964741827,
    "max_drawdown": -0.2365694318652204,
    "per_trade_sharpe": -0.1026980864091385,
    "trades_per_year": 90.01919880937616,
    "bar_annualized_sharpe": -11.068548007556391,
    "sharpe": -0.9743835043518504,
    "avg_pred_prob": 0.5339567808137424,
    "positive_label_rate": 0.5362318840579711,
    "buy_label_rate": 0.4492753623188406,
    "selected_by": "validation_net_return_mean",
    "selected_quantile": 0.95
  },
  "output_dir": "outputs\\diagnostics\\horizon_compare\\lb32_h9",
  "seed": 42
}