{
  "lookback": 32,
  "lookback_minutes": 160,
  "horizon": 9,
  "horizon_minutes": 45,
  "best_valid_auc": 0.6157226356122604,
  "valid_auc": 0.6157226356122604,
  "test_auc": 0.5557191448537507,
  "train_positive_rate": 0.2625966127465473,
  "valid_positive_rate": 0.2779095040505829,
  "test_positive_rate": 0.3124567815864862,
  "test_trade_return_mean_all": 0.0005045056858486609,
  "test_trade_return_mean_label_1": 0.013226277851531824,
  "selected_threshold": 0.7105388849973677,
  "selected_quantile": 0.95,
  "selected_threshold_test_stats": {
    "threshold": 0.7105388849973677,
    "horizon": 9,
    "round_trip_cost": 0.003,
    "trade_count": 75,
    "win_rate": 0.4,
    "gross_return_mean": 0.0008967531456924904,
    "net_return_mean": -0.00210324685430751,
    "gross_return_median": 0.0003201536737633681,
    "net_return_median": -0.002679846326236632,
    "total_return": -0.15739385806601092,
    "max_drawdown": -0.24254981725827007,
    "sharpe": -11.879944617814909,
    "avg_pred_prob": 0.7248295489947001,
    "positive_label_rate": 0.4,
    "selected_by": "validation_net_return_mean",
    "selected_quantile": 0.95
  },
  "output_dir": "outputs\\diagnostics\\horizon_compare\\lb32_h9"
}