{
  "total_return": -0.04555905431207763,
  "annualized_return": -0.5517466592621143,
  "max_drawdown": -0.07897695868298349,
  "sharpe": -2.140915402815513,
  "sortino": -2.031405812687578,
  "calmar": -6.986172530102689,
  "trade_count": 5,
  "win_rate": 0.6,
  "avg_net_return_per_trade": -0.002343896763251593,
  "median_net_return_per_trade": 0.00031698336762131865,
  "backtest_mode": "a_share_inventory_t0",
  "trade_direction_mode": "sell_only",
  "buy_threshold": 0.7473482042551041,
  "sell_threshold": 0.9047144800424576,
  "initial_capital": 1000000.0,
  "final_equity": 956803.1870285,
  "final_benchmark_equity": 957628.0,
  "final_alpha_equity": 999175.1870285,
  "alpha_total_return": -0.0008248129714999441,
  "alpha_sharpe": -1.0236708392506688,
  "alpha_sortino": -0.4717794502305276,
  "alpha_calmar": -5.231899458413735,
  "alpha_max_drawdown": -0.002694783716999938,
  "base_shares": 9900,
  "ending_shares": 9900,
  "base_position_pct": 0.6,
  "max_t0_trade_pct": 0.3,
  "max_participation_rate": 0.05,
  "commission_rate": 0.0015,
  "slippage_rate": 0.0005,
  "tp": 0.003,
  "sl": 0.002,
  "stop_loss_cooldown_bars": 0,
  "daily_max_trades": 0,
  "daily_max_losses": 0,
  "daily_loss_limit": 0.0,
  "no_overnight": true
}