{
  "total_return": 0.07694355571262257,
  "annualized_return": 1.9504078208072322,
  "max_drawdown": -0.04421118426913018,
  "sharpe": 4.149309920812743,
  "sortino": 7.075874222045021,
  "calmar": 44.115710833131345,
  "trade_count": 7,
  "win_rate": 0.42857142857142855,
  "avg_net_return_per_trade": -0.002112183911175352,
  "median_net_return_per_trade": -0.002524113886607557,
  "backtest_mode": "a_share_inventory_t0",
  "trade_direction_mode": "sell_only",
  "buy_threshold": 0.9503372311592102,
  "sell_threshold": 0.5417352020740509,
  "initial_capital": 1000000.0,
  "final_equity": 1076486.9316450004,
  "final_benchmark_equity": 1078122.0,
  "final_alpha_equity": 998364.9316450004,
  "alpha_total_return": -0.0016350683549996026,
  "alpha_sharpe": -1.9459475708489142,
  "alpha_sortino": -0.751806177998468,
  "alpha_calmar": -8.582535825048918,
  "alpha_max_drawdown": -0.0027499677613259665,
  "base_shares": 10600,
  "ending_shares": 10600,
  "base_position_pct": 0.6,
  "max_t0_trade_pct": 0.3,
  "max_participation_rate": 0.05,
  "commission_rate": 0.001,
  "slippage_rate": 0.0005,
  "tp": 0.004,
  "sl": 0.003,
  "stop_loss_cooldown_bars": 6,
  "daily_max_trades": 0,
  "daily_max_losses": 2,
  "daily_loss_limit": 0.0,
  "no_overnight": true
}