{
  "total_return": -0.09278091894931217,
  "annualized_return": -0.789106549626974,
  "max_drawdown": -0.11558941061511485,
  "sharpe": -6.22085685682339,
  "sortino": -9.809582038219357,
  "calmar": -6.826806585721857,
  "trade_count": 10,
  "win_rate": 0.1,
  "avg_net_return_per_trade": -0.006322323818865291,
  "median_net_return_per_trade": -0.008069482554248383,
  "backtest_mode": "a_share_inventory_t0",
  "trade_direction_mode": "sell_only",
  "buy_threshold": 0.6214971184730529,
  "sell_threshold": 0.9382578879594803,
  "initial_capital": 1000000.0,
  "final_equity": 906366.2951145002,
  "final_benchmark_equity": 911922.0,
  "final_alpha_equity": 994444.2951145002,
  "alpha_total_return": -0.005555704885499835,
  "alpha_sharpe": -8.16318245638759,
  "alpha_sortino": -3.396912351083687,
  "alpha_calmar": -11.160363588186641,
  "alpha_max_drawdown": -0.007634263541886344,
  "base_shares": 9400,
  "ending_shares": 9400,
  "base_position_pct": 0.6,
  "max_t0_trade_pct": 0.3,
  "max_participation_rate": 0.05,
  "commission_rate": 0.0015,
  "slippage_rate": 0.001,
  "tp": 0.003,
  "sl": 0.002,
  "stop_loss_cooldown_bars": 6,
  "daily_max_trades": 0,
  "daily_max_losses": 2,
  "daily_loss_limit": 0.0,
  "no_overnight": true
}