{
  "total_return": -0.054047622279350116,
  "annualized_return": -0.6020603503441697,
  "max_drawdown": -0.08205929493026054,
  "sharpe": -2.7687847653212696,
  "sortino": -2.647138727736808,
  "calmar": -7.3368940210349205,
  "trade_count": 12,
  "win_rate": 0.0,
  "avg_net_return_per_trade": -0.00763935423213745,
  "median_net_return_per_trade": -0.009296411502005605,
  "backtest_mode": "a_share_inventory_t0",
  "trade_direction_mode": "sell_only",
  "buy_threshold": 0.6666267216205597,
  "sell_threshold": 0.7634641826152802,
  "initial_capital": 1000000.0,
  "final_equity": 945118.0477235003,
  "final_benchmark_equity": 953940.0,
  "final_alpha_equity": 991178.0477235003,
  "alpha_total_return": -0.008821952276499734,
  "alpha_sharpe": -10.290432090562517,
  "alpha_sortino": -4.00501112426499,
  "alpha_calmar": -15.117549398080568,
  "alpha_max_drawdown": -0.009040127072999837,
  "base_shares": 9800,
  "ending_shares": 9800,
  "base_position_pct": 0.6,
  "max_t0_trade_pct": 0.3,
  "max_participation_rate": 0.02,
  "commission_rate": 0.0015,
  "slippage_rate": 0.001,
  "tp": 0.004,
  "sl": 0.003,
  "stop_loss_cooldown_bars": 0,
  "daily_max_trades": 0,
  "daily_max_losses": 0,
  "daily_loss_limit": 0.0,
  "no_overnight": true
}