{
  "total_return": 0.08177636037554725,
  "annualized_return": 2.136701411076088,
  "max_drawdown": -0.04497135044203149,
  "sharpe": 4.313780242885717,
  "sortino": 7.3148576103376755,
  "calmar": 47.51250273950116,
  "trade_count": 3,
  "win_rate": 0.6666666666666666,
  "avg_net_return_per_trade": -0.0004933021393146225,
  "median_net_return_per_trade": 0.0020861981401736926,
  "backtest_mode": "a_share_inventory_t0",
  "trade_direction_mode": "sell_only",
  "buy_threshold": 0.669258889555931,
  "sell_threshold": 0.6061013400554657,
  "initial_capital": 1000000.0,
  "final_equity": 1080171.00425675,
  "final_benchmark_equity": 1079288.0,
  "final_alpha_equity": 1000883.00425675,
  "alpha_total_return": 0.0008830042567500307,
  "alpha_sharpe": 1.4066674808468864,
  "alpha_sortino": 0.4528591131591915,
  "alpha_calmar": 6.27457737525938,
  "alpha_max_drawdown": -0.0020589282560026234,
  "base_shares": 10600,
  "ending_shares": 10600,
  "base_position_pct": 0.6,
  "max_t0_trade_pct": 0.3,
  "max_participation_rate": 0.05,
  "commission_rate": 0.001,
  "slippage_rate": 0.00075,
  "tp": 0.004,
  "sl": 0.002,
  "stop_loss_cooldown_bars": 0,
  "daily_max_trades": 0,
  "daily_max_losses": 0,
  "daily_loss_limit": 0.0,
  "no_overnight": true
}