model,side,valid_auc,raw_weight,weight,weight_method
transformer_lstm,buy,0.5610067474672317,0.06100674746723167,0.2944516336132092,valid_auc_edge_over_0p5
lstm,buy,0.5656223143407321,0.06562231434073207,0.3167288613359819,valid_auc_edge_over_0p5
cnn,buy,0.559016696681967,0.05901669668196696,0.28484656976335904,valid_auc_edge_over_0p5
mlp,buy,0.5215419100538613,0.021541910053861302,0.10397293528744989,valid_auc_edge_over_0p5
