model,side,valid_auc,raw_weight,weight,weight_method
transformer_lstm,sell,0.548733489406972,0.048733489406971975,0.39143727873999223,valid_auc_edge_over_0p5
lstm,sell,0.5551516975256904,0.05515169752569038,0.4429896291041883,valid_auc_edge_over_0p5
cnn,sell,0.5046719877801373,0.004671987780137332,0.037526354160509215,valid_auc_edge_over_0p5
mlp,sell,0.5159416710891165,0.015941671089116483,0.1280467379953102,valid_auc_edge_over_0p5
