{
  "model": "auc_weighted_ensemble",
  "member_models": [
    "transformer_lstm",
    "lstm",
    "cnn",
    "mlp"
  ],
  "buy_weight_method": "valid_auc_edge_over_0p5",
  "sell_weight_method": "valid_auc_edge_over_0p5",
  "feature_count": 194,
  "lookback": 32,
  "valid_buy_auc": 0.5634836592409541,
  "valid_buy_positive_rate": 0.22001689189189189,
  "valid_buy_prob_mean": 0.4835567434156575,
  "valid_buy_prob_std": 0.06289514642352426,
  "valid_buy_prob_min": 0.3015562796132023,
  "valid_buy_prob_max": 0.6375765983428497,
  "valid_buy_acc_05": 0.5755912162162162,
  "valid_buy_precision_05": 0.24844074844074845,
  "valid_buy_recall_05": 0.45873320537428025,
  "valid_buy_f1_05": 0.32231962238705325,
  "valid_buy_q90_threshold": 0.5650801686863608,
  "valid_buy_q95_threshold": 0.5876382724393838,
  "test_buy_auc": 0.5784761091592726,
  "test_buy_positive_rate": 0.19721283783783783,
  "test_buy_prob_mean": 0.4391149268798538,
  "test_buy_prob_std": 0.061450173597716366,
  "test_buy_prob_min": 0.2912556206713527,
  "test_buy_prob_max": 0.6363417252576685,
  "test_buy_acc_05": 0.721706081081081,
  "test_buy_precision_05": 0.2658536585365854,
  "test_buy_recall_05": 0.2334047109207709,
  "test_buy_f1_05": 0.24857468643101482,
  "test_buy_q90_threshold": 0.520152071495529,
  "test_buy_q95_threshold": 0.5424804762296619,
  "valid_sell_auc": 0.5598731567787775,
  "valid_sell_positive_rate": 0.32136824324324326,
  "valid_sell_prob_mean": 0.42148195639209723,
  "valid_sell_prob_std": 0.19864576891207017,
  "valid_sell_prob_min": 0.051293110868462236,
  "valid_sell_prob_max": 0.9121402729271497,
  "valid_sell_acc_05": 0.5848817567567568,
  "valid_sell_precision_05": 0.3646341463414634,
  "valid_sell_recall_05": 0.392904073587385,
  "valid_sell_f1_05": 0.3782416192283365,
  "valid_sell_q90_threshold": 0.7121069622934496,
  "valid_sell_q95_threshold": 0.7648406952126675,
  "test_sell_auc": 0.5696869203828596,
  "test_sell_positive_rate": 0.21326013513513514,
  "test_sell_prob_mean": 0.4024839539490988,
  "test_sell_prob_std": 0.18637829966077388,
  "test_sell_prob_min": 0.06948985787120106,
  "test_sell_prob_max": 0.8535559434378701,
  "test_sell_acc_05": 0.6418918918918919,
  "test_sell_precision_05": 0.2466765140324963,
  "test_sell_recall_05": 0.3306930693069307,
  "test_sell_f1_05": 0.2825719120135364,
  "test_sell_q90_threshold": 0.6902430961953294,
  "test_sell_q95_threshold": 0.751288251105792
}