{
  "total_return": -0.059592176232082905,
  "annualized_return": -0.638560884189756,
  "max_drawdown": -0.08290429516562592,
  "sharpe": -3.020726423020071,
  "sortino": -2.8698737044038296,
  "calmar": -7.702386021303736,
  "trade_count": 18,
  "win_rate": 0.1111111111111111,
  "avg_net_return_per_trade": -0.0053200968067537375,
  "median_net_return_per_trade": -0.00554334991213806,
  "backtest_mode": "a_share_inventory_t0",
  "trade_direction_mode": "sell_only",
  "buy_threshold": 0.7226963907480239,
  "sell_threshold": 0.8749759793281555,
  "initial_capital": 1000000.0,
  "final_equity": 940039.1839010001,
  "final_benchmark_equity": 953450.0,
  "final_alpha_equity": 986589.1839010001,
  "alpha_total_return": -0.013410816098999967,
  "alpha_sharpe": -13.28657352915761,
  "alpha_sortino": -4.8029183521269685,
  "alpha_calmar": -14.896754500498263,
  "alpha_max_drawdown": -0.013451702164681723,
  "base_shares": 9800,
  "ending_shares": 9800,
  "base_position_pct": 0.6,
  "max_t0_trade_pct": 0.3,
  "max_participation_rate": 0.05,
  "commission_rate": 0.001,
  "slippage_rate": 0.0005,
  "tp": 0.003,
  "sl": 0.002,
  "stop_loss_cooldown_bars": 0,
  "daily_max_trades": 0,
  "daily_max_losses": 0,
  "daily_loss_limit": 0.0,
  "no_overnight": true
}