{
  "total_return": -0.0976261037492423,
  "annualized_return": -0.8175834356165002,
  "max_drawdown": -0.10976717854568296,
  "sharpe": -6.3888660937659445,
  "sortino": -10.041506314257525,
  "calmar": -7.448341539326693,
  "trade_count": 4,
  "win_rate": 0.5,
  "avg_net_return_per_trade": -0.0021545133367728815,
  "median_net_return_per_trade": -0.002135082401253649,
  "backtest_mode": "a_share_inventory_t0",
  "trade_direction_mode": "sell_only",
  "buy_threshold": 0.667204812169075,
  "sell_threshold": 0.9550599306821823,
  "initial_capital": 1000000.0,
  "final_equity": 905059.360966,
  "final_benchmark_equity": 906349.0,
  "final_alpha_equity": 998710.360966,
  "alpha_total_return": -0.001289639034000034,
  "alpha_sharpe": -1.8700842103628617,
  "alpha_sortino": -0.5575738149651259,
  "alpha_calmar": -6.239742225608783,
  "alpha_max_drawdown": -0.00338913790651052,
  "base_shares": 9300,
  "ending_shares": 9300,
  "base_position_pct": 0.6,
  "max_t0_trade_pct": 0.3,
  "max_participation_rate": 0.02,
  "commission_rate": 0.001,
  "slippage_rate": 0.0005,
  "tp": 0.004,
  "sl": 0.002,
  "stop_loss_cooldown_bars": 0,
  "daily_max_trades": 0,
  "daily_max_losses": 0,
  "daily_loss_limit": 0.0,
  "no_overnight": true
}