{
  "total_return": -0.03118296854913849,
  "annualized_return": -0.900040770249124,
  "max_drawdown": -0.037289509945191424,
  "sharpe": -16.496136979372924,
  "sortino": -20.65392976475589,
  "calmar": -24.136567403862774,
  "trade_count": 10,
  "win_rate": 0.1,
  "avg_net_return_per_trade": -0.004918217776185215,
  "median_net_return_per_trade": -0.00510931190995489,
  "backtest_mode": "a_share_inventory_t0",
  "buy_threshold": 0.7113386557652474,
  "sell_threshold": 0.520902542146417,
  "initial_capital": 1000000.0,
  "final_equity": 968128.2025415,
  "final_benchmark_equity": 972429.0,
  "final_alpha_equity": 995699.2025415,
  "alpha_total_return": -0.004300797458499983,
  "alpha_sharpe": -13.81002636175575,
  "alpha_sortino": -12.30021615921551,
  "alpha_calmar": -56.56466257212793,
  "alpha_max_drawdown": -0.0047554364885000755,
  "base_shares": 7900,
  "ending_shares": 7900,
  "base_position_pct": 0.6,
  "max_t0_trade_pct": 0.3,
  "max_participation_rate": 0.05,
  "commission_rate": 0.0015,
  "slippage_rate": 0.001,
  "tp": 0.003,
  "sl": 0.002,
  "no_overnight": true
}