{
  "total_return": -0.10679257371562167,
  "annualized_return": -0.8459646591900588,
  "max_drawdown": -0.11877393807265102,
  "sharpe": -7.113236882519332,
  "sortino": -11.173173112777508,
  "calmar": -7.122477143703054,
  "trade_count": 33,
  "win_rate": 0.48484848484848486,
  "avg_net_return_per_trade": -0.002537777236683534,
  "median_net_return_per_trade": -0.00524847390557259,
  "backtest_mode": "a_share_inventory_t0",
  "trade_direction_mode": "sell_only",
  "buy_threshold": 0.6489220082759856,
  "sell_threshold": 0.8671775877475738,
  "initial_capital": 1000000.0,
  "final_equity": 895865.6115850006,
  "final_benchmark_equity": 906349.0,
  "final_alpha_equity": 989516.6115850006,
  "alpha_total_return": -0.010483388414999406,
  "alpha_sharpe": -9.112790863160779,
  "alpha_sortino": -6.010820680837006,
  "alpha_calmar": -13.136166300537681,
  "alpha_max_drawdown": -0.012192912953306267,
  "base_shares": 9300,
  "ending_shares": 9300,
  "base_position_pct": 0.6,
  "max_t0_trade_pct": 0.3,
  "max_participation_rate": 0.05,
  "commission_rate": 0.001,
  "slippage_rate": 0.0005,
  "tp": 0.003,
  "sl": 0.002,
  "stop_loss_cooldown_bars": 0,
  "daily_max_trades": 0,
  "daily_max_losses": 0,
  "daily_loss_limit": 0.0,
  "no_overnight": true
}