{
  "fold": 2,
  "model_summaries": {
    "lstm": {
      "model": "LSTM",
      "target_col_buy": "buy_label",
      "target_col_sell": "sell_label",
      "feature_count": 194,
      "lookback": 24,
      "params": {
        "hidden_dim": 256,
        "num_layers": 2,
        "dropout": 0.3,
        "output_dim": 1
      },
      "buy_fit": {
        "best_score": 0.5727977448907681,
        "best_valid_auc": 0.5727977448907681,
        "epochs_ran": 11,
        "pos_rate": 0.276448362720403,
        "pos_weight": 2.6173120728929384,
        "device": "cpu"
      },
      "sell_fit": {
        "best_score": 0.5598305607121611,
        "best_valid_auc": 0.5598305607121611,
        "epochs_ran": 20,
        "pos_rate": 0.3217884130982368,
        "pos_weight": 2.1076320939334634,
        "device": "cpu"
      },
      "valid_buy_auc": 0.5727977448907681,
      "valid_buy_positive_rate": 0.2770618556701031,
      "valid_buy_prob_mean": 0.4838627278804779,
      "valid_buy_prob_std": 0.08019572496414185,
      "valid_buy_prob_min": 0.3271557688713074,
      "valid_buy_prob_max": 0.7003915309906006,
      "valid_buy_acc_05": 0.6018041237113402,
      "valid_buy_precision_05": 0.3246268656716418,
      "valid_buy_recall_05": 0.4046511627906977,
      "valid_buy_f1_05": 0.36024844720496896,
      "valid_buy_q90_threshold": 0.6050807237625122,
      "valid_buy_q95_threshold": 0.6491788625717163,
      "test_buy_auc": 0.5288301997094198,
      "test_buy_positive_rate": 0.2615979381443299,
      "test_buy_prob_mean": 0.48407572507858276,
      "test_buy_prob_std": 0.06823229789733887,
      "test_buy_prob_min": 0.3136788308620453,
      "test_buy_prob_max": 0.6703391671180725,
      "test_buy_acc_05": 0.5695876288659794,
      "test_buy_precision_05": 0.28664495114006516,
      "test_buy_recall_05": 0.43349753694581283,
      "test_buy_f1_05": 0.34509803921568627,
      "test_buy_q90_threshold": 0.5745621919631958,
      "test_buy_q95_threshold": 0.6067181825637817,
      "valid_sell_auc": 0.5598305607121611,
      "valid_sell_positive_rate": 0.3646907216494845,
      "valid_sell_prob_mean": 0.5093414187431335,
      "valid_sell_prob_std": 0.2107720524072647,
      "valid_sell_prob_min": 0.054405905306339264,
      "valid_sell_prob_max": 0.9566166996955872,
      "valid_sell_acc_05": 0.5257731958762887,
      "valid_sell_precision_05": 0.3940149625935162,
      "valid_sell_recall_05": 0.558303886925795,
      "valid_sell_f1_05": 0.4619883040935672,
      "valid_sell_q90_threshold": 0.8092809915542603,
      "valid_sell_q95_threshold": 0.8673499226570129,
      "test_sell_auc": 0.5231521283474134,
      "test_sell_positive_rate": 0.37242268041237114,
      "test_sell_prob_mean": 0.521202027797699,
      "test_sell_prob_std": 0.19697533547878265,
      "test_sell_prob_min": 0.074061818420887,
      "test_sell_prob_max": 0.960522472858429,
      "test_sell_acc_05": 0.5012886597938144,
      "test_sell_precision_05": 0.38497652582159625,
      "test_sell_recall_05": 0.5674740484429066,
      "test_sell_f1_05": 0.45874125874125876,
      "test_sell_q90_threshold": 0.7844609022140503,
      "test_sell_q95_threshold": 0.8425210118293762
    }
  },
  "selected_model_summary": {
    "model": "LSTM",
    "target_col_buy": "buy_label",
    "target_col_sell": "sell_label",
    "feature_count": 194,
    "lookback": 24,
    "params": {
      "hidden_dim": 256,
      "num_layers": 2,
      "dropout": 0.3,
      "output_dim": 1
    },
    "buy_fit": {
      "best_score": 0.5727977448907681,
      "best_valid_auc": 0.5727977448907681,
      "epochs_ran": 11,
      "pos_rate": 0.276448362720403,
      "pos_weight": 2.6173120728929384,
      "device": "cpu"
    },
    "sell_fit": {
      "best_score": 0.5598305607121611,
      "best_valid_auc": 0.5598305607121611,
      "epochs_ran": 20,
      "pos_rate": 0.3217884130982368,
      "pos_weight": 2.1076320939334634,
      "device": "cpu"
    },
    "valid_buy_auc": 0.5727977448907681,
    "valid_buy_positive_rate": 0.2770618556701031,
    "valid_buy_prob_mean": 0.4838627278804779,
    "valid_buy_prob_std": 0.08019572496414185,
    "valid_buy_prob_min": 0.3271557688713074,
    "valid_buy_prob_max": 0.7003915309906006,
    "valid_buy_acc_05": 0.6018041237113402,
    "valid_buy_precision_05": 0.3246268656716418,
    "valid_buy_recall_05": 0.4046511627906977,
    "valid_buy_f1_05": 0.36024844720496896,
    "valid_buy_q90_threshold": 0.6050807237625122,
    "valid_buy_q95_threshold": 0.6491788625717163,
    "test_buy_auc": 0.5288301997094198,
    "test_buy_positive_rate": 0.2615979381443299,
    "test_buy_prob_mean": 0.48407572507858276,
    "test_buy_prob_std": 0.06823229789733887,
    "test_buy_prob_min": 0.3136788308620453,
    "test_buy_prob_max": 0.6703391671180725,
    "test_buy_acc_05": 0.5695876288659794,
    "test_buy_precision_05": 0.28664495114006516,
    "test_buy_recall_05": 0.43349753694581283,
    "test_buy_f1_05": 0.34509803921568627,
    "test_buy_q90_threshold": 0.5745621919631958,
    "test_buy_q95_threshold": 0.6067181825637817,
    "valid_sell_auc": 0.5598305607121611,
    "valid_sell_positive_rate": 0.3646907216494845,
    "valid_sell_prob_mean": 0.5093414187431335,
    "valid_sell_prob_std": 0.2107720524072647,
    "valid_sell_prob_min": 0.054405905306339264,
    "valid_sell_prob_max": 0.9566166996955872,
    "valid_sell_acc_05": 0.5257731958762887,
    "valid_sell_precision_05": 0.3940149625935162,
    "valid_sell_recall_05": 0.558303886925795,
    "valid_sell_f1_05": 0.4619883040935672,
    "valid_sell_q90_threshold": 0.8092809915542603,
    "valid_sell_q95_threshold": 0.8673499226570129,
    "test_sell_auc": 0.5231521283474134,
    "test_sell_positive_rate": 0.37242268041237114,
    "test_sell_prob_mean": 0.521202027797699,
    "test_sell_prob_std": 0.19697533547878265,
    "test_sell_prob_min": 0.074061818420887,
    "test_sell_prob_max": 0.960522472858429,
    "test_sell_acc_05": 0.5012886597938144,
    "test_sell_precision_05": 0.38497652582159625,
    "test_sell_recall_05": 0.5674740484429066,
    "test_sell_f1_05": 0.45874125874125876,
    "test_sell_q90_threshold": 0.7844609022140503,
    "test_sell_q95_threshold": 0.8425210118293762
  },
  "t0_stats": {
    "total_return": -0.09713688570874102,
    "annualized_return": -0.816330962920526,
    "max_drawdown": -0.11646800864187223,
    "sharpe": -6.382836189042132,
    "sortino": -10.06659947642353,
    "calmar": -7.009057443668193,
    "trade_count": 12,
    "win_rate": 0.5,
    "avg_net_return_per_trade": -0.004399713941760214,
    "median_net_return_per_trade": -0.0024778123558352157,
    "backtest_mode": "a_share_inventory_t0",
    "trade_direction_mode": "sell_only",
    "buy_threshold": 0.6491788774728775,
    "sell_threshold": 0.8673499226570129,
    "initial_capital": 1000000.0,
    "final_equity": 907237.4860800002,
    "final_benchmark_equity": 913740.0,
    "final_alpha_equity": 993497.4860800002,
    "alpha_total_return": -0.006502513919999786,
    "alpha_sharpe": -6.035908946829921,
    "alpha_sortino": -1.5266250233929215,
    "alpha_calmar": -12.504502562784428,
    "alpha_max_drawdown": -0.008200445572486226,
    "base_shares": 9500,
    "ending_shares": 9500,
    "base_position_pct": 0.6,
    "max_t0_trade_pct": 0.3,
    "max_participation_rate": 0.05,
    "commission_rate": 0.001,
    "slippage_rate": 0.0005,
    "tp": 0.003,
    "sl": 0.002,
    "stop_loss_cooldown_bars": 6,
    "daily_max_trades": 0,
    "daily_max_losses": 2,
    "daily_loss_limit": 0.0,
    "no_overnight": true
  },
  "stress_stats": {
    "stress_scenario_count": 12,
    "stress_min_alpha_total_return": -0.008785079699499487,
    "stress_worst_alpha_drawdown": -0.00975895386931791,
    "stress_min_trade_count": 11
  },
  "sell_threshold_grid_stats": {
    "sell_grid_best_rule": "sell_only_q97",
    "sell_grid_best_quantile": 0.97,
    "sell_grid_best_alpha_total_return": -0.0013100488559999457,
    "sell_grid_best_trade_count": 5,