{
  "fold": 11,
  "model_summaries": {
    "transformer_lstm": {
      "model": "Transformer_LSTM",
      "target_col_buy": "buy_label",
      "target_col_sell": "sell_label",
      "feature_count": 194,
      "lookback": 8,
      "params": {
        "d_model": 128,
        "nhead": 4,
        "transformer_layers": 2,
        "transformer_dropout": 0.2,
        "lstm_hidden_dim": 128,
        "lstm_num_layers": 1,
        "output_dim": 1
      },
      "buy_fit": {
        "best_score": 0.5472545182456545,
        "best_valid_auc": 0.5472545182456545,
        "epochs_ran": 3,
        "pos_rate": 0.24493243243243243,
        "pos_weight": 3.0827586206896553,
        "device": "cpu"
      },
      "sell_fit": {
        "best_score": 0.45480769230769236,
        "best_valid_auc": 0.45480769230769236,
        "epochs_ran": 3,
        "pos_rate": 0.3581081081081081,
        "pos_weight": 1.7924528301886793,
        "device": "cpu"
      },
      "valid_buy_auc": 0.5472545182456545,
      "valid_buy_positive_rate": 0.3802083333333333,
      "valid_buy_prob_mean": 0.3953070342540741,
      "valid_buy_prob_std": 0.08916082978248596,
      "valid_buy_prob_min": 0.21915096044540405,
      "valid_buy_prob_max": 0.6201443672180176,
      "valid_buy_acc_05": 0.5989583333333334,
      "valid_buy_precision_05": 0.4090909090909091,
      "valid_buy_recall_05": 0.1232876712328767,
      "valid_buy_f1_05": 0.18947368421052632,
      "valid_buy_q90_threshold": 0.5098676085472107,
      "valid_buy_q95_threshold": 0.5593964457511902,
      "test_buy_auc": 0.39566020313942757,
      "test_buy_positive_rate": 0.25,
      "test_buy_prob_mean": 0.41971611976623535,
      "test_buy_prob_std": 0.07299088686704636,
      "test_buy_prob_min": 0.2553936541080475,
      "test_buy_prob_max": 0.5728942155838013,
      "test_buy_acc_05": 0.631578947368421,
      "test_buy_precision_05": 0.09090909090909091,
      "test_buy_recall_05": 0.05263157894736842,
      "test_buy_f1_05": 0.06666666666666667,
      "test_buy_q90_threshold": 0.5092559456825256,
      "test_buy_q95_threshold": 0.5252476930618286,
      "valid_sell_auc": 0.45480769230769236,
      "valid_sell_positive_rate": 0.2708333333333333,
      "valid_sell_prob_mean": 0.4309206008911133,
      "valid_sell_prob_std": 0.12634219229221344,
      "valid_sell_prob_min": 0.17952631413936615,
      "valid_sell_prob_max": 0.6881274580955505,
      "valid_sell_acc_05": 0.5364583333333334,
      "valid_sell_precision_05": 0.17543859649122806,
      "valid_sell_recall_05": 0.19230769230769232,
      "valid_sell_f1_05": 0.1834862385321101,
      "valid_sell_q90_threshold": 0.6168212294578552,
      "valid_sell_q95_threshold": 0.6415472626686096,
      "test_sell_auc": 0.5007336757153338,
      "test_sell_positive_rate": 0.3815789473684211,
      "test_sell_prob_mean": 0.5012159943580627,
      "test_sell_prob_std": 0.09005607664585114,
      "test_sell_prob_min": 0.31034886837005615,
      "test_sell_prob_max": 0.7406466007232666,
      "test_sell_acc_05": 0.46710526315789475,
      "test_sell_precision_05": 0.3283582089552239,
      "test_sell_recall_05": 0.3793103448275862,
      "test_sell_f1_05": 0.352,
      "test_sell_q90_threshold": 0.6424656510353088,
      "test_sell_q95_threshold": 0.661643922328949
    },
    "lstm": {
      "model": "LSTM",
      "target_col_buy": "buy_label",
      "target_col_sell": "sell_label",
      "feature_count": 194,
      "lookback": 8,
      "params": {
        "hidden_dim": 256,
        "num_layers": 2,
        "dropout": 0.3,
        "output_dim": 1
      },
      "buy_fit": {
        "best_score": 0.5905375848969725,
        "best_valid_auc": 0.5905375848969725,
        "epochs_ran": 3,
        "pos_rate": 0.24493243243243243,
        "pos_weight": 3.0827586206896553,
        "device": "cpu"
      },
      "sell_fit": {
        "best_score": 0.41387362637362635,
        "best_valid_auc": 0.41387362637362635,
        "epochs_ran": 3,
        "pos_rate": 0.3581081081081081,
        "pos_weight": 1.7924528301886793,
        "device": "cpu"
      },
      "valid_buy_auc": 0.5905375848969725,
      "valid_buy_positive_rate": 0.3802083333333333,
      "valid_buy_prob_mean": 0.32468387484550476,
      "valid_buy_prob_std": 0.0695333331823349,
      "valid_buy_prob_min": 0.20709291100502014,
      "valid_buy_prob_max": 0.47605225443840027,
      "valid_buy_acc_05": 0.6197916666666666,
      "valid_buy_precision_05": 0.0,
      "valid_buy_recall_05": 0.0,
      "valid_buy_f1_05": 0.0,
      "valid_buy_q90_threshold": 0.43347296118736267,
      "valid_buy_q95_threshold": 0.4592578113079071,
      "test_buy_auc": 0.49722991689750695,
      "test_buy_positive_rate": 0.25,
      "test_buy_prob_mean": 0.31197285652160645,
      "test_buy_prob_std": 0.05725898593664169,
      "test_buy_prob_min": 0.22215360403060913,
      "test_buy_prob_max": 0.470767080783844,
      "test_buy_acc_05": 0.75,
      "test_buy_precision_05": 0.0,
      "test_buy_recall_05": 0.0,
      "test_buy_f1_05": 0.0,
      "test_buy_q90_threshold": 0.4104764461517334,
      "test_buy_q95_threshold": 0.4409773349761963,
      "valid_sell_auc": 0.41387362637362635,
      "valid_sell_positive_rate": 0.2708333333333333,
      "valid_sell_prob_mean": 0.4775104224681854,
      "valid_sell_prob_std": 0.1347879022359848,
      "valid_sell_prob_min": 0.20693521201610565,
      "valid_sell_prob_max": 0.7921426296234131,
      "valid_sell_acc_05": 0.421875,
      "valid_sell_precision_05": 0.1958762886597938,
      "valid_sell_recall_05": 0.36538461538461536,
      "valid_sell_f1_05": 0.2550335570469799,
      "valid_sell_q90_threshold": 0.6189368367195129,
      "valid_sell_q95_threshold": 0.685467004776001,
      "test_sell_auc": 0.5590608950843727,
      "test_sell_positive_rate": 0.3815789473684211,
      "test_sell_prob_mean": 0.5254079103469849,
      "test_sell_prob_std": 0.09995092451572418,
      "test_sell_prob_min": 0.3347809612751007,
      "test_sell_prob_max": 0.8040339946746826,
      "test_sell_acc_05": 0.5263157894736842,
      "test_sell_precision_05": 0.4186046511627907,
      "test_sell_recall_05": 0.6206896551724138,
      "test_sell_f1_05": 0.5,
      "test_sell_q90_threshold": 0.6525364518165588,
      "test_sell_q95_threshold": 0.7212523221969604
    },
    "cnn": {
      "model": "CNN",
      "target_col_buy": "buy_label",
      "target_col_sell": "sell_label",
      "feature_count": 194,
      "lookback": 8,
      "params": {
        "channels": 64,
        "kernel_size": 3,
        "dropout": 0.3,
        "output_dim": 1
      },
      "buy_fit": {
        "best_score": 0.34165995165189356,
        "best_valid_auc": 0.34165995165189356,
        "epochs_ran": 3,
        "pos_rate": 0.24493243243243243,
        "pos_weight": 3.0827586206896553,
        "device": "cpu"
      },
      "sell_fit": {
        "best_score": 0.46744505494505495,
        "best_valid_auc": 0.46744505494505495,
        "epochs_ran": 3,
        "pos_rate": 0.3581081081081081,
        "pos_weight": 1.7924528301886793,
        "device": "cpu"
      },
      "valid_buy_auc": 0.34165995165189356,
      "valid_buy_positive_rate": 0.3802083333333333,
      "valid_buy_prob_mean": 0.197595477104187,
      "valid_buy_prob_std": 0.08225920796394348,
      "valid_buy_prob_min": 0.03206339105963707,
      "valid_buy_prob_max": 0.33463481068611145,
      "valid_buy_acc_05": 0.6197916666666666,
      "valid_buy_precision_05": 0.0,
      "valid_buy_recall_05": 0.0,
      "valid_buy_f1_05": 0.0,
      "valid_buy_q90_threshold": 0.2882223129272461,
      "valid_buy_q95_threshold": 0.3002597391605377,
      "test_buy_auc": 0.5131578947368423,
      "test_buy_positive_rate": 0.25,
      "test_buy_prob_mean": 0.17638427019119263,
      "test_buy_prob_std": 0.07563403248786926,
      "test_buy_prob_min": 0.017978370189666748,
      "test_buy_prob_max": 0.3297048509120941,
      "test_buy_acc_05": 0.75,
      "test_buy_precision_05": 0.0,