{
  "fold": 0,
  "model_summaries": {
    "lstm": {
      "model": "LSTM",
      "target_col_buy": "buy_label",
      "target_col_sell": "sell_label",
      "feature_count": 194,
      "lookback": 16,
      "params": {
        "hidden_dim": 256,
        "num_layers": 2,
        "dropout": 0.3,
        "output_dim": 1
      },
      "buy_fit": {
        "best_score": 0.5478845196615232,
        "best_valid_auc": 0.5478845196615232,
        "epochs_ran": 11,
        "pos_rate": 0.25722361809045224,
        "pos_weight": 2.887667887667888,
        "device": "cpu"
      },
      "sell_fit": {
        "best_score": 0.5499871478310991,
        "best_valid_auc": 0.5499871478310991,
        "epochs_ran": 15,
        "pos_rate": 0.3401381909547739,
        "pos_weight": 1.9399815327793168,
        "device": "cpu"
      },
      "valid_buy_auc": 0.5478845196615232,
      "valid_buy_positive_rate": 0.26785714285714285,
      "valid_buy_prob_mean": 0.5050607919692993,
      "valid_buy_prob_std": 0.10214442014694214,
      "valid_buy_prob_min": 0.2700164020061493,
      "valid_buy_prob_max": 0.7558245658874512,
      "valid_buy_acc_05": 0.5153061224489796,
      "valid_buy_precision_05": 0.2896039603960396,
      "valid_buy_recall_05": 0.5571428571428572,
      "valid_buy_f1_05": 0.3811074918566775,
      "valid_buy_q90_threshold": 0.6482102870941162,
      "valid_buy_q95_threshold": 0.6873311400413513,
      "test_buy_auc": 0.46403820148749153,
      "test_buy_positive_rate": 0.2602040816326531,
      "test_buy_prob_mean": 0.4944300055503845,
      "test_buy_prob_std": 0.10184502601623535,
      "test_buy_prob_min": 0.27274560928344727,
      "test_buy_prob_max": 0.7589248418807983,
      "test_buy_acc_05": 0.5012755102040817,
      "test_buy_precision_05": 0.23209169054441262,
      "test_buy_recall_05": 0.39705882352941174,
      "test_buy_f1_05": 0.29294755877034356,
      "test_buy_q90_threshold": 0.6416681408882141,
      "test_buy_q95_threshold": 0.676427960395813,
      "valid_sell_auc": 0.5499871478310991,
      "valid_sell_positive_rate": 0.2971938775510204,
      "valid_sell_prob_mean": 0.5167915225028992,
      "valid_sell_prob_std": 0.19434328377246857,
      "valid_sell_prob_min": 0.10059089958667755,
      "valid_sell_prob_max": 0.9479100704193115,
      "valid_sell_acc_05": 0.5089285714285714,
      "valid_sell_precision_05": 0.32325581395348835,
      "valid_sell_recall_05": 0.5965665236051502,
      "valid_sell_f1_05": 0.4193061840120664,
      "valid_sell_q90_threshold": 0.7865294814109802,
      "valid_sell_q95_threshold": 0.8585168123245239,
      "test_sell_auc": 0.5337311014698207,
      "test_sell_positive_rate": 0.2971938775510204,
      "test_sell_prob_mean": 0.52033531665802,
      "test_sell_prob_std": 0.20281371474266052,
      "test_sell_prob_min": 0.11041789501905441,
      "test_sell_prob_max": 0.922886073589325,
      "test_sell_acc_05": 0.5063775510204082,
      "test_sell_precision_05": 0.3157894736842105,
      "test_sell_recall_05": 0.5665236051502146,
      "test_sell_f1_05": 0.4055299539170507,
      "test_sell_q90_threshold": 0.8226278424263,
      "test_sell_q95_threshold": 0.8645635843276978
    }
  },
  "selected_model_summary": {
    "model": "LSTM",
    "target_col_buy": "buy_label",
    "target_col_sell": "sell_label",
    "feature_count": 194,
    "lookback": 16,
    "params": {
      "hidden_dim": 256,
      "num_layers": 2,
      "dropout": 0.3,
      "output_dim": 1
    },
    "buy_fit": {
      "best_score": 0.5478845196615232,
      "best_valid_auc": 0.5478845196615232,
      "epochs_ran": 11,
      "pos_rate": 0.25722361809045224,
      "pos_weight": 2.887667887667888,
      "device": "cpu"
    },
    "sell_fit": {
      "best_score": 0.5499871478310991,
      "best_valid_auc": 0.5499871478310991,
      "epochs_ran": 15,
      "pos_rate": 0.3401381909547739,
      "pos_weight": 1.9399815327793168,
      "device": "cpu"
    },
    "valid_buy_auc": 0.5478845196615232,
    "valid_buy_positive_rate": 0.26785714285714285,
    "valid_buy_prob_mean": 0.5050607919692993,
    "valid_buy_prob_std": 0.10214442014694214,
    "valid_buy_prob_min": 0.2700164020061493,
    "valid_buy_prob_max": 0.7558245658874512,
    "valid_buy_acc_05": 0.5153061224489796,
    "valid_buy_precision_05": 0.2896039603960396,
    "valid_buy_recall_05": 0.5571428571428572,
    "valid_buy_f1_05": 0.3811074918566775,
    "valid_buy_q90_threshold": 0.6482102870941162,
    "valid_buy_q95_threshold": 0.6873311400413513,
    "test_buy_auc": 0.46403820148749153,
    "test_buy_positive_rate": 0.2602040816326531,
    "test_buy_prob_mean": 0.4944300055503845,
    "test_buy_prob_std": 0.10184502601623535,
    "test_buy_prob_min": 0.27274560928344727,
    "test_buy_prob_max": 0.7589248418807983,
    "test_buy_acc_05": 0.5012755102040817,
    "test_buy_precision_05": 0.23209169054441262,
    "test_buy_recall_05": 0.39705882352941174,
    "test_buy_f1_05": 0.29294755877034356,
    "test_buy_q90_threshold": 0.6416681408882141,
    "test_buy_q95_threshold": 0.676427960395813,
    "valid_sell_auc": 0.5499871478310991,
    "valid_sell_positive_rate": 0.2971938775510204,
    "valid_sell_prob_mean": 0.5167915225028992,
    "valid_sell_prob_std": 0.19434328377246857,
    "valid_sell_prob_min": 0.10059089958667755,
    "valid_sell_prob_max": 0.9479100704193115,
    "valid_sell_acc_05": 0.5089285714285714,
    "valid_sell_precision_05": 0.32325581395348835,
    "valid_sell_recall_05": 0.5965665236051502,
    "valid_sell_f1_05": 0.4193061840120664,
    "valid_sell_q90_threshold": 0.7865294814109802,
    "valid_sell_q95_threshold": 0.8585168123245239,
    "test_sell_auc": 0.5337311014698207,
    "test_sell_positive_rate": 0.2971938775510204,
    "test_sell_prob_mean": 0.52033531665802,
    "test_sell_prob_std": 0.20281371474266052,
    "test_sell_prob_min": 0.11041789501905441,
    "test_sell_prob_max": 0.922886073589325,
    "test_sell_acc_05": 0.5063775510204082,
    "test_sell_precision_05": 0.3157894736842105,
    "test_sell_recall_05": 0.5665236051502146,
    "test_sell_f1_05": 0.4055299539170507,
    "test_sell_q90_threshold": 0.8226278424263,
    "test_sell_q95_threshold": 0.8645635843276978
  },
  "t0_stats": {
    "total_return": -0.04903616860859461,
    "annualized_return": -0.5651604953027525,
    "max_drawdown": -0.07994273903068783,
    "sharpe": -2.4610702688344603,
    "sortino": -2.3372774811201755,
    "calmar": -7.069566319034964,
    "trade_count": 10,
    "win_rate": 0.3,
    "avg_net_return_per_trade": -0.003279189567116034,
    "median_net_return_per_trade": -0.005231839964819793,
    "backtest_mode": "a_share_inventory_t0",
    "trade_direction_mode": "sell_only",
    "buy_threshold": 0.6873311519622802,
    "sell_threshold": 0.8585168212652204,
    "initial_capital": 1000000.0,
    "final_equity": 950591.0535695,
    "final_benchmark_equity": 953450.0,
    "final_alpha_equity": 997141.0535695,
    "alpha_total_return": -0.002858946430499998,
    "alpha_sharpe": -3.9526597854301313,
    "alpha_sortino": -1.8252486521245948,
    "alpha_calmar": -9.014795904456072,
    "alpha_max_drawdown": -0.0051375455335044284,
    "base_shares": 9800,
    "ending_shares": 9800,
    "base_position_pct": 0.6,
    "max_t0_trade_pct": 0.3,
    "max_participation_rate": 0.05,
    "commission_rate": 0.001,
    "slippage_rate": 0.0005,
    "tp": 0.004,
    "sl": 0.002,
    "stop_loss_cooldown_bars": 6,
    "daily_max_trades": 0,
    "daily_max_losses": 2,
    "daily_loss_limit": 0.0,
    "no_overnight": true
  },
  "stress_stats": {
    "stress_scenario_count": 12,
    "stress_min_alpha_total_return": -0.008200359063999851,
    "stress_worst_alpha_drawdown": -0.008537776361206117,
    "stress_min_trade_count": 10
  },
  "sell_threshold_grid_stats": {
    "sell_grid_best_rule": "sell_only_q97",
    "sell_grid_best_quantile": 0.97,
    "sell_grid_best_alpha_total_return": -0.001959231266999817,
    "sell_grid_best_trade_count": 6,
    "sell_grid_result_count": 6
  },