{
  "total_return": 0.07983622816903968,
  "annualized_return": 2.072037599929509,
  "max_drawdown": -0.04455785684736524,
  "sharpe": 4.20428627419101,
  "sortino": 7.144376257679617,
  "calmar": 46.50218270208459,
  "trade_count": 4,
  "win_rate": 0.0,
  "avg_net_return_per_trade": -0.008366425172517896,
  "median_net_return_per_trade": -0.007701765380544231,
  "backtest_mode": "a_share_inventory_t0",
  "trade_direction_mode": "sell_only",
  "buy_threshold": 0.5834246009588241,
  "sell_threshold": 0.8427620708942413,
  "initial_capital": 1000000.0,
  "final_equity": 1077872.0060700001,
  "final_benchmark_equity": 1082604.0,
  "final_alpha_equity": 995268.0060700001,
  "alpha_total_return": -0.0047319939299999,
  "alpha_sharpe": -8.856155064521538,
  "alpha_sortino": -1.402202797301833,
  "alpha_calmar": -13.99305857545775,
  "alpha_max_drawdown": -0.00478529245163406,
  "base_shares": 10700,
  "ending_shares": 10700,
  "base_position_pct": 0.6,
  "max_t0_trade_pct": 0.3,
  "max_participation_rate": 0.02,
  "commission_rate": 0.001,
  "slippage_rate": 0.001,
  "tp": 0.003,
  "sl": 0.002,
  "stop_loss_cooldown_bars": 6,
  "daily_max_trades": 0,
  "daily_max_losses": 2,
  "daily_loss_limit": 0.0,
  "no_overnight": true
}