{
  "total_return": -0.05465468322510392,
  "annualized_return": -0.606274383091588,
  "max_drawdown": -0.08098697266514898,
  "sharpe": -2.8114551540051123,
  "sortino": -2.6687063386575054,
  "calmar": -7.4860729218550635,
  "trade_count": 19,
  "win_rate": 0.3684210526315789,
  "avg_net_return_per_trade": -0.0036580312160995714,
  "median_net_return_per_trade": -0.005964747134629242,
  "backtest_mode": "a_share_inventory_t0",
  "trade_direction_mode": "sell_only",
  "buy_threshold": 0.6666267216205597,
  "sell_threshold": 0.726577639579773,
  "initial_capital": 1000000.0,
  "final_equity": 944511.5222055006,
  "final_benchmark_equity": 953940.0,
  "final_alpha_equity": 990571.5222055006,
  "alpha_total_return": -0.009428477794499401,
  "alpha_sharpe": -10.00246840158239,
  "alpha_sortino": -4.144222385753347,
  "alpha_calmar": -14.415077042270838,
  "alpha_max_drawdown": -0.010085561424786893,
  "base_shares": 9800,
  "ending_shares": 9800,
  "base_position_pct": 0.6,
  "max_t0_trade_pct": 0.3,
  "max_participation_rate": 0.05,
  "commission_rate": 0.001,
  "slippage_rate": 0.0005,
  "tp": 0.004,
  "sl": 0.003,
  "stop_loss_cooldown_bars": 0,
  "daily_max_trades": 0,
  "daily_max_losses": 0,
  "daily_loss_limit": 0.0,
  "no_overnight": true
}