{
  "total_return": -0.04606993166723372,
  "annualized_return": -0.22079267993201268,
  "max_drawdown": -0.09936555444086292,
  "sharpe": -1.5761305852972498,
  "sortino": -1.8106733217873623,
  "calmar": -2.2220243340303276,
  "trade_count": 46,
  "win_rate": 0.06521739130434782,
  "avg_net_return_per_trade": -0.005769553957181013,
  "median_net_return_per_trade": -0.006912257332107038,
  "backtest_mode": "a_share_inventory_t0",
  "trade_direction_mode": "sell_only",
  "buy_threshold": 0.5876382724393838,
  "sell_threshold": 0.7648406952126675,
  "initial_capital": 1000000.0,
  "final_equity": 953825.1360252497,
  "final_benchmark_equity": 986910.0,
  "final_alpha_equity": 966915.1360252497,
  "alpha_total_return": -0.0330848639747503,
  "alpha_sharpe": -12.389010909247343,
  "alpha_sortino": -5.524180619823412,
  "alpha_calmar": -4.794025511866343,
  "alpha_max_drawdown": -0.034006090240764064,
  "base_shares": 11000,
  "ending_shares": 11000,
  "base_position_pct": 0.6,
  "max_t0_trade_pct": 0.3,
  "max_participation_rate": 0.05,
  "commission_rate": 0.0015,
  "slippage_rate": 0.00075,
  "tp": 0.003,
  "sl": 0.002,
  "no_overnight": true
}