{
  "total_return": -0.1000872087829463,
  "annualized_return": -0.8260349130227654,
  "max_drawdown": -0.11909386555278056,
  "sharpe": -6.5341536644224485,
  "sortino": -10.36887962389591,
  "calmar": -6.93599883746052,
  "trade_count": 20,
  "win_rate": 0.35,
  "avg_net_return_per_trade": -0.004075475105456352,
  "median_net_return_per_trade": -0.005655943903027369,
  "backtest_mode": "a_share_inventory_t0",
  "trade_direction_mode": "sell_only",
  "buy_threshold": 0.6491788774728775,
  "sell_threshold": 0.8289981484413147,
  "initial_capital": 1000000.0,
  "final_equity": 904272.8686905003,
  "final_benchmark_equity": 913740.0,
  "final_alpha_equity": 990532.8686905003,
  "alpha_total_return": -0.009467131309499721,
  "alpha_sharpe": -11.62417238999668,
  "alpha_sortino": -4.792228126644183,
  "alpha_calmar": -14.024951667290475,
  "alpha_max_drawdown": -0.01040552775993242,
  "base_shares": 9500,
  "ending_shares": 9500,
  "base_position_pct": 0.6,
  "max_t0_trade_pct": 0.3,
  "max_participation_rate": 0.05,
  "commission_rate": 0.001,
  "slippage_rate": 0.0005,
  "tp": 0.003,
  "sl": 0.002,
  "stop_loss_cooldown_bars": 6,
  "daily_max_trades": 0,
  "daily_max_losses": 2,
  "daily_loss_limit": 0.0,
  "no_overnight": true
}