model,side,valid_auc,raw_weight,weight,weight_method
transformer_lstm,buy,0.5269505658129839,0.02695056581298394,0.20291479820627828,valid_auc_edge_over_0p5
lstm,buy,0.5272483621203097,0.027248362120309677,0.20515695067264558,valid_auc_edge_over_0p5
cnn,buy,0.5786182251340083,0.07861822513400829,0.5919282511210762,valid_auc_edge_over_0p5
mlp,buy,0.4912150089338892,0.0,0.0,valid_auc_edge_over_0p5
