{
  "model": "auc_weighted_ensemble",
  "member_models": [
    "transformer_lstm",
    "lstm",
    "cnn",
    "mlp"
  ],
  "buy_weight_method": "valid_auc_edge_over_0p5",
  "sell_weight_method": "valid_auc_edge_over_0p5",
  "feature_count": 194,
  "lookback": 8,
  "valid_buy_auc": 0.5410958904109588,
  "valid_buy_positive_rate": 0.23958333333333334,
  "valid_buy_prob_mean": 0.33297376483318614,
  "valid_buy_prob_std": 0.051630363222834146,
  "valid_buy_prob_min": 0.2341409429840977,
  "valid_buy_prob_max": 0.43733885466651534,
  "valid_buy_acc_05": 0.7604166666666666,
  "valid_buy_precision_05": 0.0,
  "valid_buy_recall_05": 0.0,
  "valid_buy_f1_05": 0.0,
  "valid_buy_q90_threshold": 0.3956992654522439,
  "valid_buy_q95_threshold": 0.40356216017206964,
  "test_buy_auc": 0.3981770833333333,
  "test_buy_positive_rate": 0.21052631578947367,
  "test_buy_prob_mean": 0.3093726292980322,
  "test_buy_prob_std": 0.05347393522432517,
  "test_buy_prob_min": 0.19663399007722668,
  "test_buy_prob_max": 0.41011296112441165,
  "test_buy_acc_05": 0.7894736842105263,
  "test_buy_precision_05": 0.0,
  "test_buy_recall_05": 0.0,
  "test_buy_f1_05": 0.0,
  "test_buy_q90_threshold": 0.3814965431332054,
  "test_buy_q95_threshold": 0.3907140984747041,
  "valid_sell_auc": 0.5294051753108547,
  "valid_sell_positive_rate": 0.4114583333333333,
  "valid_sell_prob_mean": 0.44481364202996093,
  "valid_sell_prob_std": 0.06394082487625515,
  "valid_sell_prob_min": 0.2743332087993622,
  "valid_sell_prob_max": 0.5983994603157043,
  "valid_sell_acc_05": 0.5052083333333334,
  "valid_sell_precision_05": 0.2894736842105263,
  "valid_sell_recall_05": 0.13924050632911392,
  "valid_sell_f1_05": 0.18803418803418803,
  "valid_sell_q90_threshold": 0.5247949540615082,
  "valid_sell_q95_threshold": 0.5443313121795654,
  "test_sell_auc": 0.48356009070294786,
  "test_sell_positive_rate": 0.35526315789473684,
  "test_sell_prob_mean": 0.4818678947263642,
  "test_sell_prob_std": 0.07921519480454264,
  "test_sell_prob_min": 0.34250539541244507,
  "test_sell_prob_max": 0.6475650072097778,
  "test_sell_acc_05": 0.5131578947368421,
  "test_sell_precision_05": 0.3148148148148148,
  "test_sell_recall_05": 0.3148148148148148,
  "test_sell_f1_05": 0.3148148148148148,
  "test_sell_q90_threshold": 0.6076095938682556,
  "test_sell_q95_threshold": 0.6223311960697173
}