model_label,epoch,train_loss,valid_loss,valid_auc,valid_prob_mean,valid_prob_max
LSTM_buy,1,1.3928537755399137,1.6478930711746216,0.5424188950726212,0.2530295252799988,0.3463574945926666
LSTM_buy,2,1.1878383868449442,1.4024524688720703,0.5808334464503869,0.3494766652584076,0.5802952647209167
LSTM_buy,3,1.053470949868898,1.2490973472595215,0.5922356454459075,0.4855494499206543,0.8260767459869385
