model_label,epoch,train_loss,valid_loss,valid_auc,valid_prob_mean,valid_prob_max
LSTM_sell,1,0.8580119271536131,0.8174578547477722,0.4243686868686869,0.4518723487854004,0.6164915561676025
LSTM_sell,2,0.8129776490701212,0.8866558074951172,0.415530303030303,0.5214073061943054,0.7881263494491577
LSTM_sell,3,0.7935460838111671,0.9366506934165955,0.40252525252525256,0.5505071878433228,0.8326554298400879
