{
  "model": "LSTM",
  "target_col_buy": "buy_label",
  "target_col_sell": "sell_label",
  "feature_count": 194,
  "lookback": 8,
  "params": {
    "hidden_dim": 256,
    "num_layers": 2,
    "dropout": 0.3,
    "output_dim": 1
  },
  "buy_fit": {
    "best_score": 0.5922356454459075,
    "best_valid_auc": 0.5922356454459075,
    "epochs_ran": 3,
    "pos_rate": 0.20945945945945946,
    "pos_weight": 3.774193548387097,
    "device": "cpu"
  },
  "sell_fit": {
    "best_score": 0.4243686868686869,
    "best_valid_auc": 0.4243686868686869,
    "epochs_ran": 3,
    "pos_rate": 0.3952702702702703,
    "pos_weight": 1.5299145299145298,
    "device": "cpu"
  },
  "valid_buy_auc": 0.5922356454459075,
  "valid_buy_positive_rate": 0.2760416666666667,
  "valid_buy_prob_mean": 0.4855494499206543,
  "valid_buy_prob_std": 0.16461826860904694,
  "valid_buy_prob_min": 0.1970466524362564,
  "valid_buy_prob_max": 0.8260767459869385,
  "valid_buy_acc_05": 0.5833333333333334,
  "valid_buy_precision_05": 0.3411764705882353,
  "valid_buy_recall_05": 0.5471698113207547,
  "valid_buy_f1_05": 0.42028985507246375,
  "valid_buy_q90_threshold": 0.7281277179718018,
  "valid_buy_q95_threshold": 0.7891330718994141,
  "test_buy_auc": 0.5603322949117342,
  "test_buy_positive_rate": 0.29605263157894735,
  "test_buy_prob_mean": 0.4157088100910187,
  "test_buy_prob_std": 0.16376274824142456,
  "test_buy_prob_min": 0.15269504487514496,
  "test_buy_prob_max": 0.7581299543380737,
  "test_buy_acc_05": 0.6381578947368421,
  "test_buy_precision_05": 0.4107142857142857,
  "test_buy_recall_05": 0.5111111111111111,
  "test_buy_f1_05": 0.45544554455445546,
  "test_buy_q90_threshold": 0.6439623236656189,
  "test_buy_q95_threshold": 0.7021092772483826,
  "valid_sell_auc": 0.4243686868686869,
  "valid_sell_positive_rate": 0.3125,
  "valid_sell_prob_mean": 0.4518723487854004,
  "valid_sell_prob_std": 0.06722947210073471,
  "valid_sell_prob_min": 0.3482927680015564,
  "valid_sell_prob_max": 0.6164915561676025,
  "valid_sell_acc_05": 0.609375,
  "valid_sell_precision_05": 0.3170731707317073,
  "valid_sell_recall_05": 0.21666666666666667,
  "valid_sell_f1_05": 0.25742574257425743,
  "valid_sell_q90_threshold": 0.5697126984596252,
  "valid_sell_q95_threshold": 0.5898268222808838,
  "test_sell_auc": 0.4815446981011307,
  "test_sell_positive_rate": 0.28289473684210525,
  "test_sell_prob_mean": 0.43936291337013245,
  "test_sell_prob_std": 0.04508453607559204,
  "test_sell_prob_min": 0.3807758688926697,
  "test_sell_prob_max": 0.5611381530761719,
  "test_sell_acc_05": 0.6973684210526315,
  "test_sell_precision_05": 0.42105263157894735,
  "test_sell_recall_05": 0.18604651162790697,
  "test_sell_f1_05": 0.25806451612903225,
  "test_sell_q90_threshold": 0.5107564330101013,
  "test_sell_q95_threshold": 0.5348308682441711
}