{
  "total_return": -0.025884127765499865,
  "annualized_return": -0.9578801165204655,
  "max_drawdown": -0.03707764377554068,
  "sharpe": -8.985224352083383,
  "sortino": -11.60111470052522,
  "calmar": -25.834438734004944,
  "trade_count": 3,
  "win_rate": 0.0,
  "avg_net_return_per_trade": -0.006586416674401477,
  "median_net_return_per_trade": -0.007341844202309207,
  "backtest_mode": "a_share_inventory_t0",
  "trade_direction_mode": "sell_only",
  "buy_threshold": 0.7559412996219077,
  "sell_threshold": 0.6503495338446286,
  "initial_capital": 1000000.0,
  "final_equity": 974115.8722345001,
  "final_benchmark_equity": 977200.0,
  "final_alpha_equity": 996915.8722345001,
  "alpha_total_return": -0.0030841277654998223,
  "alpha_sharpe": -12.718745315934756,
  "alpha_sortino": -3.9835885197439156,
  "alpha_calmar": -95.65489728957648,
  "alpha_max_drawdown": -0.0032551335304998874,
  "base_shares": 10000,
  "ending_shares": 10000,
  "base_position_pct": 0.6,
  "max_t0_trade_pct": 0.3,
  "max_participation_rate": 0.02,
  "commission_rate": 0.0015,
  "slippage_rate": 0.001,
  "tp": 0.003,
  "sl": 0.002,
  "no_overnight": true
}