{
  "total_return": -0.055852292994853836,
  "annualized_return": -0.6140020035166458,
  "max_drawdown": -0.08093539114404735,
  "sharpe": -2.831117420554772,
  "sortino": -2.685936363380255,
  "calmar": -7.586322804369427,
  "trade_count": 12,
  "win_rate": 0.16666666666666666,
  "avg_net_return_per_trade": -0.006882843160755267,
  "median_net_return_per_trade": -0.00675555182602083,
  "backtest_mode": "a_share_inventory_t0",
  "trade_direction_mode": "sell_only",
  "buy_threshold": 0.7311467230319973,
  "sell_threshold": 0.8743394166231154,
  "initial_capital": 1000000.0,
  "final_equity": 943777.6011040001,
  "final_benchmark_equity": 953450.0,
  "final_alpha_equity": 990327.6011040001,
  "alpha_total_return": -0.009672398895999912,
  "alpha_sharpe": -10.75729031384366,
  "alpha_sortino": -2.940950393321991,
  "alpha_calmar": -15.203419923332728,
  "alpha_max_drawdown": -0.009780339115999848,
  "base_shares": 9800,
  "ending_shares": 9800,
  "base_position_pct": 0.6,
  "max_t0_trade_pct": 0.3,
  "max_participation_rate": 0.02,
  "commission_rate": 0.001,
  "slippage_rate": 0.001,
  "tp": 0.004,
  "sl": 0.002,
  "stop_loss_cooldown_bars": 0,
  "daily_max_trades": 0,
  "daily_max_losses": 0,
  "daily_loss_limit": 0.0,
  "no_overnight": true
}