{
  "total_return": 0.0775546577168722,
  "annualized_return": 1.9749383557357238,
  "max_drawdown": -0.04453888448702248,
  "sharpe": 4.176769794945024,
  "sortino": 7.126346186365845,
  "calmar": 44.34189087764808,
  "trade_count": 3,
  "win_rate": 0.3333333333333333,
  "avg_net_return_per_trade": -0.00312355492088778,
  "median_net_return_per_trade": -0.004524090284510281,
  "backtest_mode": "a_share_inventory_t0",
  "trade_direction_mode": "sell_only",
  "buy_threshold": 0.9503372311592102,
  "sell_threshold": 0.5626334697008133,
  "initial_capital": 1000000.0,
  "final_equity": 1077097.7745420001,
  "final_benchmark_equity": 1078122.0,
  "final_alpha_equity": 998975.7745420001,
  "alpha_total_return": -0.00102422545799985,
  "alpha_sharpe": -1.4991708430653647,
  "alpha_sortino": -0.47386529240949776,
  "alpha_calmar": -4.904077756610814,
  "alpha_max_drawdown": -0.003027227609125327,
  "base_shares": 10600,
  "ending_shares": 10600,
  "base_position_pct": 0.6,
  "max_t0_trade_pct": 0.3,
  "max_participation_rate": 0.05,
  "commission_rate": 0.001,
  "slippage_rate": 0.001,
  "tp": 0.004,
  "sl": 0.003,
  "stop_loss_cooldown_bars": 6,
  "daily_max_trades": 0,
  "daily_max_losses": 2,
  "daily_loss_limit": 0.0,
  "no_overnight": true
}