model_label,epoch,train_loss,valid_loss,valid_auc,valid_prob_mean,valid_prob_max
Transformer_LSTM_buy,1,1.1884788435858649,1.083069086074829,0.4548838594401429,0.38868531584739685,0.5628527402877808
Transformer_LSTM_buy,2,0.9499519515681911,1.0642807483673096,0.4938951756998214,0.4853907525539398,0.7414629459381104
Transformer_LSTM_buy,3,0.8923777100202199,1.0649713277816772,0.5269505658129839,0.47780919075012207,0.7903475761413574
