model_label,epoch,train_loss,valid_loss,valid_auc,valid_prob_mean,valid_prob_max
Transformer_LSTM_sell,1,0.9885983306008417,1.0097956657409668,0.45984093200403264,0.41443291306495667,0.5687838792800903
Transformer_LSTM_sell,2,0.8460850296793757,0.9963447451591492,0.4838131511145961,0.43758025765419006,0.662511944770813
Transformer_LSTM_sell,3,0.8085772314587155,1.053249716758728,0.48123669765878796,0.38664865493774414,0.6567491888999939
