{
  "model": "Transformer_LSTM",
  "target_col_buy": "buy_label",
  "target_col_sell": "sell_label",
  "feature_count": 194,
  "lookback": 8,
  "params": {
    "d_model": 128,
    "nhead": 4,
    "transformer_layers": 2,
    "transformer_dropout": 0.2,
    "lstm_hidden_dim": 128,
    "lstm_num_layers": 1,
    "output_dim": 1
  },
  "buy_fit": {
    "best_score": 0.5269505658129839,
    "best_valid_auc": 0.5269505658129839,
    "epochs_ran": 3,
    "pos_rate": 0.25506756756756754,
    "pos_weight": 2.920529801324504,
    "device": "cpu"
  },
  "sell_fit": {
    "best_score": 0.4838131511145961,
    "best_valid_auc": 0.4838131511145961,
    "epochs_ran": 3,
    "pos_rate": 0.35135135135135137,
    "pos_weight": 1.8461538461538463,
    "device": "cpu"
  },
  "valid_buy_auc": 0.5269505658129839,
  "valid_buy_positive_rate": 0.23958333333333334,
  "valid_buy_prob_mean": 0.47780919075012207,
  "valid_buy_prob_std": 0.1403747797012329,
  "valid_buy_prob_min": 0.1323591023683548,
  "valid_buy_prob_max": 0.7903475761413574,
  "valid_buy_acc_05": 0.5364583333333334,
  "valid_buy_precision_05": 0.26881720430107525,
  "valid_buy_recall_05": 0.5434782608695652,
  "valid_buy_f1_05": 0.3597122302158273,
  "valid_buy_q90_threshold": 0.6521375775337219,
  "valid_buy_q95_threshold": 0.6784766316413879,
  "test_buy_auc": 0.44583333333333336,
  "test_buy_positive_rate": 0.21052631578947367,
  "test_buy_prob_mean": 0.4308798015117645,
  "test_buy_prob_std": 0.18044409155845642,
  "test_buy_prob_min": 0.10219056159257889,
  "test_buy_prob_max": 0.7778160572052002,
  "test_buy_acc_05": 0.5328947368421053,
  "test_buy_precision_05": 0.2,
  "test_buy_recall_05": 0.40625,
  "test_buy_f1_05": 0.26804123711340205,
  "test_buy_q90_threshold": 0.6658207774162292,
  "test_buy_q95_threshold": 0.6888467669487,
  "valid_sell_auc": 0.4838131511145961,
  "valid_sell_positive_rate": 0.4114583333333333,
  "valid_sell_prob_mean": 0.43758025765419006,
  "valid_sell_prob_std": 0.0782770961523056,
  "valid_sell_prob_min": 0.2747143507003784,
  "valid_sell_prob_max": 0.662511944770813,
  "valid_sell_acc_05": 0.5,
  "valid_sell_precision_05": 0.2571428571428571,
  "valid_sell_recall_05": 0.11392405063291139,
  "valid_sell_f1_05": 0.15789473684210525,
  "valid_sell_q90_threshold": 0.5393137335777283,
  "valid_sell_q95_threshold": 0.610554575920105,
  "test_sell_auc": 0.481859410430839,
  "test_sell_positive_rate": 0.35526315789473684,
  "test_sell_prob_mean": 0.4641266465187073,
  "test_sell_prob_std": 0.12137596309185028,
  "test_sell_prob_min": 0.2503218948841095,
  "test_sell_prob_max": 0.7205523252487183,
  "test_sell_acc_05": 0.506578947368421,
  "test_sell_precision_05": 0.3333333333333333,
  "test_sell_recall_05": 0.3888888888888889,
  "test_sell_f1_05": 0.358974358974359,
  "test_sell_q90_threshold": 0.6264607906341553,
  "test_sell_q95_threshold": 0.6824281215667725
}