model_label,epoch,train_loss,valid_loss,valid_auc,valid_prob_mean,valid_prob_max
Transformer_LSTM_buy,1,1.1853000956612665,1.037485957145691,0.45194637376837343,0.3998536169528961,0.6636006832122803
Transformer_LSTM_buy,2,0.960559210261783,1.0769704580307007,0.38943627846874496,0.48494577407836914,0.7367814779281616
Transformer_LSTM_buy,3,0.9233085625880474,1.1009620428085327,0.406557906638669,0.4745516777038574,0.7637783288955688
