model_label,epoch,train_loss,valid_loss,valid_auc,valid_prob_mean,valid_prob_max
Transformer_LSTM_sell,1,0.9387257131370338,0.9308766722679138,0.38847649346058677,0.5269184112548828,0.6661307215690613
Transformer_LSTM_sell,2,0.8290921175802076,0.9471372961997986,0.4107458465889007,0.5409265160560608,0.7307483553886414
Transformer_LSTM_sell,3,0.7795196884387249,0.9453713893890381,0.4436196535878403,0.5127322673797607,0.7256021499633789
