model_label,epoch,train_loss,valid_loss,valid_auc,valid_prob_mean,valid_prob_max
CNN_buy,1,1.1592975854873657,1.4581612348556519,0.44888403308880903,0.22245259582996368,0.38645684719085693
CNN_buy,2,1.0414045050337508,1.3165587186813354,0.4729202434836897,0.2707304060459137,0.4922635555267334
CNN_buy,3,0.9649503553235853,1.2386990785598755,0.5128765412829717,0.30654671788215637,0.5499393939971924
