model_label,epoch,train_loss,valid_loss,valid_auc,valid_prob_mean,valid_prob_max
CNN_sell,1,0.9607206695788616,0.9081899523735046,0.5146341463414635,0.5409066677093506,0.8537265658378601
CNN_sell,2,0.8892964785163467,0.9165201187133789,0.5123059866962306,0.5231673121452332,0.8540142774581909
CNN_sell,3,0.8486340609756676,0.9058761596679688,0.5656319290465632,0.4885905683040619,0.7760922312736511
