{
  "model": "CNN",
  "target_col_buy": "buy_label",
  "target_col_sell": "sell_label",
  "feature_count": 194,
  "lookback": 8,
  "params": {
    "channels": 64,
    "kernel_size": 3,
    "dropout": 0.3,
    "output_dim": 1
  },
  "buy_fit": {
    "best_score": 0.5128765412829717,
    "best_valid_auc": 0.5128765412829717,
    "epochs_ran": 3,
    "pos_rate": 0.2195945945945946,
    "pos_weight": 3.5538461538461537,
    "device": "cpu"
  },
  "sell_fit": {
    "best_score": 0.5656319290465632,
    "best_valid_auc": 0.5656319290465632,
    "epochs_ran": 3,
    "pos_rate": 0.3716216216216216,
    "pos_weight": 1.6909090909090911,
    "device": "cpu"
  },
  "valid_buy_auc": 0.5128765412829717,
  "valid_buy_positive_rate": 0.22395833333333334,
  "valid_buy_prob_mean": 0.30654671788215637,
  "valid_buy_prob_std": 0.0901123434305191,
  "valid_buy_prob_min": 0.16743682324886322,
  "valid_buy_prob_max": 0.5499393939971924,
  "valid_buy_acc_05": 0.7864583333333334,
  "valid_buy_precision_05": 0.625,
  "valid_buy_recall_05": 0.11627906976744186,
  "valid_buy_f1_05": 0.19607843137254902,
  "valid_buy_q90_threshold": 0.4464978873729706,
  "valid_buy_q95_threshold": 0.4967822730541229,
  "test_buy_auc": 0.49327018943170486,
  "test_buy_positive_rate": 0.2236842105263158,
  "test_buy_prob_mean": 0.2519390285015106,
  "test_buy_prob_std": 0.09730648994445801,
  "test_buy_prob_min": 0.026411637663841248,
  "test_buy_prob_max": 0.4969576895236969,
  "test_buy_acc_05": 0.7763157894736842,
  "test_buy_precision_05": 0.0,
  "test_buy_recall_05": 0.0,
  "test_buy_f1_05": 0.0,
  "test_buy_q90_threshold": 0.3746560215950012,
  "test_buy_q95_threshold": 0.4055093824863434,
  "valid_sell_auc": 0.5656319290465632,
  "valid_sell_positive_rate": 0.4270833333333333,
  "valid_sell_prob_mean": 0.4885905683040619,
  "valid_sell_prob_std": 0.10309390723705292,
  "valid_sell_prob_min": 0.3168962299823761,
  "valid_sell_prob_max": 0.7760922312736511,
  "valid_sell_acc_05": 0.5625,
  "valid_sell_precision_05": 0.48333333333333334,
  "valid_sell_recall_05": 0.35365853658536583,
  "valid_sell_f1_05": 0.4084507042253521,
  "valid_sell_q90_threshold": 0.6716490983963013,
  "valid_sell_q95_threshold": 0.7195908427238464,
  "test_sell_auc": 0.4993205202873229,
  "test_sell_positive_rate": 0.3355263157894737,
  "test_sell_prob_mean": 0.5667784214019775,
  "test_sell_prob_std": 0.13935315608978271,
  "test_sell_prob_min": 0.35794830322265625,
  "test_sell_prob_max": 0.8676604628562927,
  "test_sell_acc_05": 0.45394736842105265,
  "test_sell_precision_05": 0.32608695652173914,
  "test_sell_recall_05": 0.5882352941176471,
  "test_sell_f1_05": 0.4195804195804196,
  "test_sell_q90_threshold": 0.7612359523773193,
  "test_sell_q95_threshold": 0.8088573813438416
}