{
  "total_return": -0.048757687118880844,
  "annualized_return": -0.5769067715588805,
  "max_drawdown": -0.0790035462946359,
  "sharpe": -2.307441400511351,
  "sortino": -2.1903049399695425,
  "calmar": -7.302289563146492,
  "trade_count": 8,
  "win_rate": 0.125,
  "avg_net_return_per_trade": -0.005515639523040999,
  "median_net_return_per_trade": -0.00671290802538926,
  "backtest_mode": "a_share_inventory_t0",
  "trade_direction_mode": "sell_only",
  "buy_threshold": 0.7788469702005386,
  "sell_threshold": 0.807967272400856,
  "initial_capital": 1000000.0,
  "final_equity": 953596.6376055,
  "final_benchmark_equity": 957628.0,
  "final_alpha_equity": 995968.6376055,
  "alpha_total_return": -0.004031362394500082,
  "alpha_sharpe": -8.854734860668541,
  "alpha_sortino": -2.3105487867457857,
  "alpha_calmar": -16.369084710842564,
  "alpha_max_drawdown": -0.0041022849378152815,
  "base_shares": 9900,
  "ending_shares": 9900,
  "base_position_pct": 0.6,
  "max_t0_trade_pct": 0.3,
  "max_participation_rate": 0.05,
  "commission_rate": 0.001,
  "slippage_rate": 0.00075,
  "tp": 0.003,
  "sl": 0.002,
  "stop_loss_cooldown_bars": 6,
  "daily_max_trades": 0,
  "daily_max_losses": 2,
  "daily_loss_limit": 0.0,
  "no_overnight": true
}