{
  "total_return": -0.02300892771749463,
  "annualized_return": -0.8158886755556942,
  "max_drawdown": -0.032342860313748,
  "sharpe": -12.231551517434152,
  "sortino": -20.454809977782546,
  "calmar": -25.22623749541669,
  "trade_count": 1,
  "win_rate": 0.0,
  "avg_net_return_per_trade": -0.00843164849219796,
  "median_net_return_per_trade": -0.00843164849219796,
  "backtest_mode": "a_share_inventory_t0",
  "trade_direction_mode": "sell_only",
  "buy_threshold": 0.4912304569405676,
  "sell_threshold": 0.6888126702694877,
  "initial_capital": 1000000.0,
  "final_equity": 976903.143086,
  "final_benchmark_equity": 977950.0,
  "final_alpha_equity": 998953.143086,
  "alpha_total_return": -0.0010468569139999717,
  "alpha_sharpe": -8.216692635637147,
  "alpha_sortino": -2.690557657244564,
  "alpha_calmar": -51.613617599894035,
  "alpha_max_drawdown": -0.0014204806908069134,
  "base_shares": 9000,
  "ending_shares": 9000,
  "base_position_pct": 0.6,
  "max_t0_trade_pct": 0.3,
  "max_participation_rate": 0.02,
  "commission_rate": 0.0015,
  "slippage_rate": 0.00075,
  "tp": 0.003,
  "sl": 0.002,
  "no_overnight": true
}