{
  "total_return": -0.049776263816055266,
  "annualized_return": -0.5846354002401426,
  "max_drawdown": -0.07905966813962906,
  "sharpe": -2.360413423229945,
  "sortino": -2.240796409280511,
  "calmar": -7.394862816874021,
  "trade_count": 8,
  "win_rate": 0.125,
  "avg_net_return_per_trade": -0.007047253598521538,
  "median_net_return_per_trade": -0.008321410357136624,
  "backtest_mode": "a_share_inventory_t0",
  "trade_direction_mode": "sell_only",
  "buy_threshold": 0.7788469702005386,
  "sell_threshold": 0.807967272400856,
  "initial_capital": 1000000.0,
  "final_equity": 952575.539931,
  "final_benchmark_equity": 957628.0,
  "final_alpha_equity": 994947.539931,
  "alpha_total_return": -0.005052460069000064,
  "alpha_sharpe": -9.565445669827938,
  "alpha_sortino": -2.363037023491516,
  "alpha_calmar": -16.489036998167133,
  "alpha_max_drawdown": -0.005062274480962747,
  "base_shares": 9900,
  "ending_shares": 9900,
  "base_position_pct": 0.6,
  "max_t0_trade_pct": 0.3,
  "max_participation_rate": 0.02,
  "commission_rate": 0.0015,
  "slippage_rate": 0.001,
  "tp": 0.003,
  "sl": 0.002,
  "stop_loss_cooldown_bars": 6,
  "daily_max_trades": 0,
  "daily_max_losses": 2,
  "daily_loss_limit": 0.0,
  "no_overnight": true
}