{
  "total_return": -0.04879462268722301,
  "annualized_return": -0.9976223186896839,
  "max_drawdown": -0.06384335898260907,
  "sharpe": -12.514391076591533,
  "sortino": -14.289256248512347,
  "calmar": -15.626093842609945,
  "trade_count": 6,
  "win_rate": 0.0,
  "avg_net_return_per_trade": -0.008794123333360193,
  "median_net_return_per_trade": -0.009218065805101257,
  "backtest_mode": "a_share_inventory_t0",
  "trade_direction_mode": "sell_only",
  "buy_threshold": 0.6261110728865316,
  "sell_threshold": 0.5253765133082089,
  "initial_capital": 1000000.0,
  "final_equity": 950885.7723059999,
  "final_benchmark_equity": 957328.0,
  "final_alpha_equity": 993557.7723059999,
  "alpha_total_return": -0.006442227694000158,
  "alpha_sharpe": -28.62043522350033,
  "alpha_sortino": -16.45423322073578,
  "alpha_calmar": -84.1088198025905,
  "alpha_max_drawdown": -0.006442227694000158,
  "base_shares": 8400,
  "ending_shares": 8400,
  "base_position_pct": 0.6,
  "max_t0_trade_pct": 0.3,
  "max_participation_rate": 0.05,
  "commission_rate": 0.0015,
  "slippage_rate": 0.001,
  "tp": 0.003,
  "sl": 0.002,
  "no_overnight": true
}