{
  "total_return": -0.0063600078239245406,
  "annualized_return": -0.3711280208529011,
  "max_drawdown": -0.015641032464234428,
  "sharpe": -3.298397080539271,
  "sortino": -5.645320625202024,
  "calmar": -23.727846719936238,
  "trade_count": 1,
  "win_rate": 0.0,
  "avg_net_return_per_trade": -0.0016965643091113557,
  "median_net_return_per_trade": -0.0016965643091113557,
  "backtest_mode": "a_share_inventory_t0",
  "trade_direction_mode": "sell_only",
  "buy_threshold": 0.5368165940785212,
  "sell_threshold": 0.46066038028567957,
  "initial_capital": 1000000.0,
  "final_equity": 993395.5567380001,
  "final_benchmark_equity": 993604.0,
  "final_alpha_equity": 999791.5567380001,
  "alpha_total_return": -0.00020844326199986885,
  "alpha_sharpe": -1.8408533743543163,
  "alpha_sortino": -0.6637162897562797,
  "alpha_calmar": -19.81501031532583,
  "alpha_max_drawdown": -0.0007590429679480426,
  "base_shares": 8200,
  "ending_shares": 8200,
  "base_position_pct": 0.6,
  "max_t0_trade_pct": 0.3,
  "max_participation_rate": 0.05,
  "commission_rate": 0.0015,
  "slippage_rate": 0.0005,
  "tp": 0.003,
  "sl": 0.002,
  "no_overnight": true
}