{
  "total_return": -0.09163985277385778,
  "annualized_return": -0.7848264906524232,
  "max_drawdown": -0.1134847231623416,
  "sharpe": -6.134366390881209,
  "sortino": -9.671983250306253,
  "calmar": -6.915701680213972,
  "trade_count": 12,
  "win_rate": 0.25,
  "avg_net_return_per_trade": -0.004526940206516475,
  "median_net_return_per_trade": -0.006070892274013025,
  "backtest_mode": "a_share_inventory_t0",
  "trade_direction_mode": "sell_only",
  "buy_threshold": 0.6214971184730529,
  "sell_threshold": 0.9382578879594803,
  "initial_capital": 1000000.0,
  "final_equity": 907506.2886877496,
  "final_benchmark_equity": 911922.0,
  "final_alpha_equity": 995584.2886877496,
  "alpha_total_return": -0.004415711312250381,
  "alpha_sharpe": -6.9314005004689125,
  "alpha_sortino": -2.87466472186223,
  "alpha_calmar": -13.01576568535864,
  "alpha_max_drawdown": -0.005247016216170741,
  "base_shares": 9400,
  "ending_shares": 9400,
  "base_position_pct": 0.6,
  "max_t0_trade_pct": 0.3,
  "max_participation_rate": 0.05,
  "commission_rate": 0.001,
  "slippage_rate": 0.00075,
  "tp": 0.003,
  "sl": 0.002,
  "stop_loss_cooldown_bars": 6,
  "daily_max_trades": 0,
  "daily_max_losses": 2,
  "daily_loss_limit": 0.0,
  "no_overnight": true
}