model_label,epoch,train_loss,valid_loss,valid_auc,valid_prob_mean,valid_prob_max
Transformer_LSTM_buy,1,1.3568485781953141,1.2889851331710815,0.5597883597883597,0.32766997814178467,0.4416404962539673
Transformer_LSTM_buy,2,1.06194032527305,1.1507047414779663,0.5606953892668178,0.45111265778541565,0.598760724067688
Transformer_LSTM_buy,3,0.9742951296471261,1.195870041847229,0.47785336356764924,0.5006651878356934,0.7330186367034912
