model_label,epoch,train_loss,valid_loss,valid_auc,valid_prob_mean,valid_prob_max
Transformer_LSTM_sell,1,0.9347214714900868,0.9048187732696533,0.5179839366779186,0.46065548062324524,0.6609659790992737
Transformer_LSTM_sell,2,0.8363711495657224,0.9109015464782715,0.5254335932953091,0.503215491771698,0.7220266461372375
Transformer_LSTM_sell,3,0.80441998468863,0.9134404063224792,0.5305552322197649,0.5068289041519165,0.741690456867218
