{
  "model": "Transformer_LSTM",
  "target_col_buy": "buy_label",
  "target_col_sell": "sell_label",
  "feature_count": 194,
  "lookback": 8,
  "params": {
    "d_model": 128,
    "nhead": 4,
    "transformer_layers": 2,
    "transformer_dropout": 0.2,
    "lstm_hidden_dim": 128,
    "lstm_num_layers": 1,
    "output_dim": 1
  },
  "buy_fit": {
    "best_score": 0.5606953892668178,
    "best_valid_auc": 0.5606953892668178,
    "epochs_ran": 3,
    "pos_rate": 0.20777027027027026,
    "pos_weight": 3.813008130081301,
    "device": "cpu"
  },
  "sell_fit": {
    "best_score": 0.5305552322197649,
    "best_valid_auc": 0.5305552322197649,
    "epochs_ran": 3,
    "pos_rate": 0.36486486486486486,
    "pos_weight": 1.7407407407407407,
    "device": "cpu"
  },
  "valid_buy_auc": 0.5606953892668178,
  "valid_buy_positive_rate": 0.234375,
  "valid_buy_prob_mean": 0.45111265778541565,
  "valid_buy_prob_std": 0.08761433511972427,
  "valid_buy_prob_min": 0.1953669786453247,
  "valid_buy_prob_max": 0.598760724067688,
  "valid_buy_acc_05": 0.6041666666666666,
  "valid_buy_precision_05": 0.26865671641791045,
  "valid_buy_recall_05": 0.4,
  "valid_buy_f1_05": 0.32142857142857145,
  "valid_buy_q90_threshold": 0.5567920804023743,
  "valid_buy_q95_threshold": 0.5694175958633423,
  "test_buy_auc": 0.5598119858989424,
  "test_buy_positive_rate": 0.24342105263157895,
  "test_buy_prob_mean": 0.4087642431259155,
  "test_buy_prob_std": 0.103510282933712,
  "test_buy_prob_min": 0.16658107936382294,
  "test_buy_prob_max": 0.5976709127426147,
  "test_buy_acc_05": 0.7171052631578947,
  "test_buy_precision_05": 0.39285714285714285,
  "test_buy_recall_05": 0.2972972972972973,
  "test_buy_f1_05": 0.3384615384615385,
  "test_buy_q90_threshold": 0.5284531712532043,
  "test_buy_q95_threshold": 0.5524002909660339,
  "valid_sell_auc": 0.5305552322197649,
  "valid_sell_positive_rate": 0.3697916666666667,
  "valid_sell_prob_mean": 0.5068289041519165,
  "valid_sell_prob_std": 0.13268566131591797,
  "valid_sell_prob_min": 0.23827718198299408,
  "valid_sell_prob_max": 0.741690456867218,
  "valid_sell_acc_05": 0.5416666666666666,
  "valid_sell_precision_05": 0.41237113402061853,
  "valid_sell_recall_05": 0.5633802816901409,
  "valid_sell_f1_05": 0.47619047619047616,
  "valid_sell_q90_threshold": 0.6984481811523438,
  "valid_sell_q95_threshold": 0.7157787084579468,
  "test_sell_auc": 0.5400036449790413,
  "test_sell_positive_rate": 0.3881578947368421,
  "test_sell_prob_mean": 0.45373401045799255,
  "test_sell_prob_std": 0.11101663112640381,
  "test_sell_prob_min": 0.24344512820243835,
  "test_sell_prob_max": 0.6757867336273193,
  "test_sell_acc_05": 0.5592105263157895,
  "test_sell_precision_05": 0.42,
  "test_sell_recall_05": 0.3559322033898305,
  "test_sell_f1_05": 0.3853211009174312,
  "test_sell_q90_threshold": 0.6190999150276184,
  "test_sell_q95_threshold": 0.6507845520973206
}