{
  "total_return": -0.11057792122094623,
  "annualized_return": -0.8564275382864035,
  "max_drawdown": -0.1236323830319428,
  "sharpe": -7.465552525559028,
  "sortino": -11.57883875852964,
  "calmar": -6.92721047094214,
  "trade_count": 14,
  "win_rate": 0.2857142857142857,
  "avg_net_return_per_trade": -0.005706715919665498,
  "median_net_return_per_trade": -0.006122343911406589,
  "backtest_mode": "a_share_inventory_t0",
  "trade_direction_mode": "sell_only",
  "buy_threshold": 0.6604762256145478,
  "sell_threshold": 0.8594841599464417,
  "initial_capital": 1000000.0,
  "final_equity": 892068.9988855002,
  "final_benchmark_equity": 906349.0,
  "final_alpha_equity": 985719.9988855002,
  "alpha_total_return": -0.014280001114499785,
  "alpha_sharpe": -8.893564569634776,
  "alpha_sortino": -2.6572875151882256,
  "alpha_calmar": -13.068008322578624,
  "alpha_max_drawdown": -0.016220915389293045,
  "base_shares": 9300,
  "ending_shares": 9300,
  "base_position_pct": 0.6,
  "max_t0_trade_pct": 0.3,
  "max_participation_rate": 0.05,
  "commission_rate": 0.001,
  "slippage_rate": 0.0005,
  "tp": 0.003,
  "sl": 0.002,
  "stop_loss_cooldown_bars": 6,
  "daily_max_trades": 0,
  "daily_max_losses": 2,
  "daily_loss_limit": 0.0,
  "no_overnight": true
}