{
  "total_return": -0.0459553592631442,
  "annualized_return": -0.22029752418617965,
  "max_drawdown": -0.09925657881477457,
  "sharpe": -1.571539244881241,
  "sortino": -1.805945660257374,
  "calmar": -2.21947529137875,
  "trade_count": 46,
  "win_rate": 0.06521739130434782,
  "avg_net_return_per_trade": -0.005769553957181013,
  "median_net_return_per_trade": -0.006912257332107038,
  "backtest_mode": "a_share_inventory_t0",
  "trade_direction_mode": "sell_only",
  "buy_threshold": 0.5876382724393838,
  "sell_threshold": 0.7648406952126675,
  "initial_capital": 1000000.0,
  "final_equity": 953939.6958263747,
  "final_benchmark_equity": 986910.0,
  "final_alpha_equity": 967029.6958263747,
  "alpha_total_return": -0.03297030417362534,
  "alpha_sharpe": -12.551898638739395,
  "alpha_sortino": -5.467623320566086,
  "alpha_calmar": -4.794737447497215,
  "alpha_max_drawdown": -0.033891616368413646,
  "base_shares": 11000,
  "ending_shares": 11000,
  "base_position_pct": 0.6,
  "max_t0_trade_pct": 0.3,
  "max_participation_rate": 0.02,
  "commission_rate": 0.0015,
  "slippage_rate": 0.00075,
  "tp": 0.003,
  "sl": 0.002,
  "no_overnight": true
}