{
  "total_return": 0.05676176343096917,
  "annualized_return": 54.341804437630906,
  "max_drawdown": -0.019952746270810784,
  "sharpe": 14.48521358154289,
  "sortino": 23.874009682093078,
  "calmar": 2723.5250576572744,
  "trade_count": 13,
  "win_rate": 0.0,
  "avg_net_return_per_trade": -0.006587510033660403,
  "median_net_return_per_trade": -0.007062619938455302,
  "backtest_mode": "a_share_inventory_t0",
  "trade_direction_mode": "sell_only",
  "buy_threshold": 0.4856871202588081,
  "sell_threshold": 0.7281160473823547,
  "initial_capital": 1000000.0,
  "final_equity": 1055888.878214375,
  "final_benchmark_equity": 1066316.0,
  "final_alpha_equity": 989572.8782143751,
  "alpha_total_return": -0.010427121785624882,
  "alpha_sharpe": -32.38594370535534,
  "alpha_sortino": -23.91312046446757,
  "alpha_calmar": -50.4497901494167,
  "alpha_max_drawdown": -0.010570235241000092,
  "base_shares": 11800,
  "ending_shares": 11800,
  "base_position_pct": 0.6,
  "max_t0_trade_pct": 0.3,
  "max_participation_rate": 0.05,
  "commission_rate": 0.0015,
  "slippage_rate": 0.00075,
  "tp": 0.003,
  "sl": 0.002,
  "no_overnight": true
}