{
  "lookback": 6,
  "lookback_minutes": 30,
  "horizon": 12,
  "horizon_minutes": 60,
  "best_valid_auc": 0.5738029298515981,
  "valid_auc": 0.5738029298515981,
  "test_auc": 0.5229637373271918,
  "train_positive_rate": 0.359956097766896,
  "valid_positive_rate": 0.3588884509262909,
  "test_positive_rate": 0.3944619629483642,
  "valid_action_metrics": {
    "accuracy": 0.4320063066614111,
    "buy_auc": 0.5738029298515981,
    "sell_auc": 0.543066653254184,
    "buy_positive_rate": 0.3588884509262909,
    "sell_positive_rate": 0.4562475364603863,
    "hold_rate": 0.18486401261332283
  },
  "test_action_metrics": {
    "accuracy": 0.41880173433188805,
    "buy_auc": 0.5229637373271918,
    "sell_auc": 0.5303931923265109,
    "buy_positive_rate": 0.3944619629483642,
    "sell_positive_rate": 0.45969649191959006,
    "hold_rate": 0.14584154513204572
  },
  "test_trade_return_mean_all": 0.0006661114750419357,
  "test_trade_return_mean_label_1": -4.1797926702577834e-05,
  "selected_threshold": 0.4339441373944282,
  "selected_quantile": 0.95,
  "selected_threshold_test_stats": {
    "threshold": 0.4339441373944282,
    "horizon": 12,
    "round_trip_cost": 0.003,
    "trade_count": 65,
    "win_rate": 0.4,
    "gross_return_mean": 0.0008713222567290159,
    "net_return_mean": -0.0021286777432709854,
    "gross_return_median": -0.000674157303370837,
    "net_return_median": -0.003674157303370837,
    "total_return": -0.14226097289417317,
    "max_drawdown": -0.22469487480648176,
    "per_trade_sharpe": -0.09800843260107898,
    "trades_per_year": 76.30860573864715,
    "bar_annualized_sharpe": -10.563108615954373,
    "sharpe": -0.856150674254404,
    "avg_pred_prob": 0.44309526911148656,
    "positive_label_rate": 0.5076923076923077,
    "buy_label_rate": 0.4461538461538462,
    "selected_by": "validation_net_return_mean",
    "selected_quantile": 0.95
  },
  "output_dir": "outputs\\diagnostics\\robustness\\lb6_h12\\seed_7",
  "seed": 7
}