{
  "total_return": -0.10639864153205103,
  "annualized_return": -0.844835588331678,
  "max_drawdown": -0.12027098578552331,
  "sharpe": -7.133498466597243,
  "sortino": -11.240795450546264,
  "calmar": -7.024433888304993,
  "trade_count": 12,
  "win_rate": 0.25,
  "avg_net_return_per_trade": -0.005936988792796895,
  "median_net_return_per_trade": -0.007743746763017364,
  "backtest_mode": "a_share_inventory_t0",
  "trade_direction_mode": "sell_only",
  "buy_threshold": 0.9011711865663528,
  "sell_threshold": 0.8903881818056105,
  "initial_capital": 1000000.0,
  "final_equity": 896260.7161107496,
  "final_benchmark_equity": 906349.0,
  "final_alpha_equity": 989911.7161107496,
  "alpha_total_return": -0.010088283889250316,
  "alpha_sharpe": -7.851433085925239,
  "alpha_sortino": -2.5209741616394044,
  "alpha_calmar": -11.6117115780428,
  "alpha_max_drawdown": -0.013313854362198785,
  "base_shares": 9300,
  "ending_shares": 9300,
  "base_position_pct": 0.6,
  "max_t0_trade_pct": 0.3,
  "max_participation_rate": 0.05,
  "commission_rate": 0.001,
  "slippage_rate": 0.00075,
  "tp": 0.004,
  "sl": 0.002,
  "stop_loss_cooldown_bars": 6,
  "daily_max_trades": 0,
  "daily_max_losses": 2,
  "daily_loss_limit": 0.0,
  "no_overnight": true
}