{
  "total_return": -0.028685319155919653,
  "annualized_return": -0.8794654979194798,
  "max_drawdown": -0.03609416618930572,
  "sharpe": -14.765690811246639,
  "sortino": -18.138636794729884,
  "calmar": -24.365862707754008,
  "trade_count": 3,
  "win_rate": 0.3333333333333333,
  "avg_net_return_per_trade": -0.004019337292339939,
  "median_net_return_per_trade": -0.005726036609453697,
  "backtest_mode": "a_share_inventory_t0",
  "trade_direction_mode": "sell_only",
  "buy_threshold": 0.5653021192148,
  "sell_threshold": 0.42125144182567537,
  "initial_capital": 1000000.0,
  "final_equity": 970624.0761060002,
  "final_benchmark_equity": 972429.0,
  "final_alpha_equity": 998195.0761060002,
  "alpha_total_return": -0.001804923893999777,
  "alpha_sharpe": -8.399925373493897,
  "alpha_sortino": -2.4788369016593066,
  "alpha_calmar": -48.62102499178622,
  "alpha_max_drawdown": -0.002531251048999872,
  "base_shares": 7900,
  "ending_shares": 7900,
  "base_position_pct": 0.6,
  "max_t0_trade_pct": 0.3,
  "max_participation_rate": 0.05,
  "commission_rate": 0.001,
  "slippage_rate": 0.0005,
  "tp": 0.003,
  "sl": 0.002,
  "no_overnight": true
}