{
  "total_return": -0.11226983176541605,
  "annualized_return": -0.8608847617861791,
  "max_drawdown": -0.12514492274861788,
  "sharpe": -7.559273614756788,
  "sortino": -11.756762773534648,
  "calmar": -6.8791025866503785,
  "trade_count": 12,
  "win_rate": 0.08333333333333333,
  "avg_net_return_per_trade": -0.007933693266765128,
  "median_net_return_per_trade": -0.006582786900324596,
  "backtest_mode": "a_share_inventory_t0",
  "trade_direction_mode": "sell_only",
  "buy_threshold": 0.6604762256145478,
  "sell_threshold": 0.8768073558807371,
  "initial_capital": 1000000.0,
  "final_equity": 890372.05321525,
  "final_benchmark_equity": 906349.0,
  "final_alpha_equity": 984023.05321525,
  "alpha_total_return": -0.015976946784749924,
  "alpha_sharpe": -10.935409424171578,
  "alpha_sortino": -2.9184601874819505,
  "alpha_calmar": -13.435251697474131,
  "alpha_max_drawdown": -0.017427744334967077,
  "base_shares": 9300,
  "ending_shares": 9300,
  "base_position_pct": 0.6,
  "max_t0_trade_pct": 0.3,
  "max_participation_rate": 0.05,
  "commission_rate": 0.001,
  "slippage_rate": 0.00075,
  "tp": 0.003,
  "sl": 0.002,
  "stop_loss_cooldown_bars": 6,
  "daily_max_trades": 0,
  "daily_max_losses": 2,
  "daily_loss_limit": 0.0,
  "no_overnight": true
}