{
  "total_return": -0.05126061545332983,
  "annualized_return": -0.5821640486881866,
  "max_drawdown": -0.08044365901034733,
  "sharpe": -2.6195944817729737,
  "sortino": -2.4922416441928803,
  "calmar": -7.236916568070378,
  "trade_count": 13,
  "win_rate": 0.3076923076923077,
  "avg_net_return_per_trade": -0.004400760429900467,
  "median_net_return_per_trade": -0.006952211086574731,
  "backtest_mode": "a_share_inventory_t0",
  "trade_direction_mode": "sell_only",
  "buy_threshold": 0.6666267216205597,
  "sell_threshold": 0.7783007025718689,
  "initial_capital": 1000000.0,
  "final_equity": 947902.5964095,
  "final_benchmark_equity": 953940.0,
  "final_alpha_equity": 993962.5964095,
  "alpha_total_return": -0.006037403590499979,
  "alpha_sharpe": -9.071483839429304,
  "alpha_sortino": -3.7420544674915086,
  "alpha_calmar": -14.89904715352888,
  "alpha_max_drawdown": -0.006413114197083125,
  "base_shares": 9800,
  "ending_shares": 9800,
  "base_position_pct": 0.6,
  "max_t0_trade_pct": 0.3,
  "max_participation_rate": 0.05,
  "commission_rate": 0.001,
  "slippage_rate": 0.0005,
  "tp": 0.004,
  "sl": 0.003,
  "stop_loss_cooldown_bars": 0,
  "daily_max_trades": 0,
  "daily_max_losses": 0,
  "daily_loss_limit": 0.0,
  "no_overnight": true
}