{
  "total_return": 0.0018431220982388918,
  "annualized_return": 0.14323893831716483,
  "max_drawdown": -0.01570561660914549,
  "sharpe": 1.2895979478049528,
  "sortino": 2.1260284743523643,
  "calmar": 9.120236529507272,
  "trade_count": 3,
  "win_rate": 0.0,
  "avg_net_return_per_trade": -0.005639213628036467,
  "median_net_return_per_trade": -0.005525986582260442,
  "backtest_mode": "a_share_inventory_t0",
  "trade_direction_mode": "sell_only",
  "buy_threshold": 0.5084829671873515,
  "sell_threshold": 0.591096103807371,
  "initial_capital": 1000000.0,
  "final_equity": 1002875.020514,
  "final_benchmark_equity": 1005665.0,
  "final_alpha_equity": 997210.020514,
  "alpha_total_return": -0.002789979486000016,
  "alpha_sharpe": -20.71170632298154,
  "alpha_sortino": -7.7879743879669565,
  "alpha_calmar": -65.88144860030519,
  "alpha_max_drawdown": -0.002789979486000016,
  "base_shares": 10300,
  "ending_shares": 10300,
  "base_position_pct": 0.6,
  "max_t0_trade_pct": 0.3,
  "max_participation_rate": 0.05,
  "commission_rate": 0.001,
  "slippage_rate": 0.0005,
  "tp": 0.003,
  "sl": 0.002,
  "no_overnight": true
}