{
  "total_return": -0.028546113798911033,
  "annualized_return": -0.8782032210839251,
  "max_drawdown": -0.03590037658653844,
  "sharpe": -14.730822015782056,
  "sortino": -18.044269394104607,
  "calmar": -24.46222866122315,
  "trade_count": 5,
  "win_rate": 0.4,
  "avg_net_return_per_trade": -0.0031394134741029784,
  "median_net_return_per_trade": -0.005329904431190966,
  "backtest_mode": "a_share_inventory_t0",
  "trade_direction_mode": "sell_only",
  "buy_threshold": 0.5653021192148,
  "sell_threshold": 0.4009751998181837,
  "initial_capital": 1000000.0,
  "final_equity": 970763.182488,
  "final_benchmark_equity": 972429.0,
  "final_alpha_equity": 998334.182488,
  "alpha_total_return": -0.0016658175120000118,
  "alpha_sharpe": -8.03808398547698,
  "alpha_sortino": -4.359732885485279,
  "alpha_calmar": -42.88788427089569,
  "alpha_max_drawdown": -0.0026614385315000266,
  "base_shares": 7900,
  "ending_shares": 7900,
  "base_position_pct": 0.6,
  "max_t0_trade_pct": 0.3,
  "max_participation_rate": 0.05,
  "commission_rate": 0.001,
  "slippage_rate": 0.0005,
  "tp": 0.003,
  "sl": 0.002,
  "no_overnight": true
}