{
  "total_return": -0.029649519447326966,
  "annualized_return": -0.8878613505664221,
  "max_drawdown": -0.03598936228350669,
  "sharpe": -15.712947159177075,
  "sortino": -19.59728157531944,
  "calmar": -24.670105115291634,
  "trade_count": 10,
  "win_rate": 0.1,
  "avg_net_return_per_trade": -0.003918217776185215,
  "median_net_return_per_trade": -0.00410931190995489,
  "backtest_mode": "a_share_inventory_t0",
  "buy_threshold": 0.7113386557652472,
  "sell_threshold": 0.520902542146417,
  "initial_capital": 1000000.0,
  "final_equity": 969660.5613610001,
  "final_benchmark_equity": 972429.0,
  "final_alpha_equity": 997231.5613610001,
  "alpha_total_return": -0.0027684386389998927,
  "alpha_sharpe": -9.659107209818165,
  "alpha_sortino": -9.001886633707016,
  "alpha_calmar": -54.319669917339446,
  "alpha_max_drawdown": -0.003360204658999999,
  "base_shares": 7900,
  "ending_shares": 7900,
  "base_position_pct": 0.6,
  "max_t0_trade_pct": 0.3,
  "max_participation_rate": 0.02,
  "commission_rate": 0.001,
  "slippage_rate": 0.001,
  "tp": 0.003,
  "sl": 0.002,
  "no_overnight": true
}