{
  "total_return": -0.09882476004856422,
  "annualized_return": -0.8219430872998743,
  "max_drawdown": -0.11819383006132089,
  "sharpe": -6.511068604979372,
  "sortino": -10.241134398818708,
  "calmar": -6.954196228969286,
  "trade_count": 12,
  "win_rate": 0.4166666666666667,
  "avg_net_return_per_trade": -0.004636782753112354,
  "median_net_return_per_trade": -0.005141485539527754,
  "backtest_mode": "a_share_inventory_t0",
  "trade_direction_mode": "sell_only",
  "buy_threshold": 0.6491788774728775,
  "sell_threshold": 0.8549883365631104,
  "initial_capital": 1000000.0,
  "final_equity": 905541.4339890005,
  "final_benchmark_equity": 913740.0,
  "final_alpha_equity": 991801.4339890005,
  "alpha_total_return": -0.008198566010999442,
  "alpha_sharpe": -6.476230779117902,
  "alpha_sortino": -1.551454283130923,
  "alpha_calmar": -13.74660717803991,
  "alpha_max_drawdown": -0.009283419625852551,
  "base_shares": 9500,
  "ending_shares": 9500,
  "base_position_pct": 0.6,
  "max_t0_trade_pct": 0.3,
  "max_participation_rate": 0.05,
  "commission_rate": 0.001,
  "slippage_rate": 0.0005,
  "tp": 0.003,
  "sl": 0.002,
  "stop_loss_cooldown_bars": 6,
  "daily_max_trades": 0,
  "daily_max_losses": 2,
  "daily_loss_limit": 0.0,
  "no_overnight": true
}