{
  "total_return": -0.09902592984777292,
  "annualized_return": -0.8222142545848969,
  "max_drawdown": -0.11115172730840794,
  "sharpe": -6.482574628180692,
  "sortino": -10.190902846853328,
  "calmar": -7.397224267181509,
  "trade_count": 3,
  "win_rate": 0.3333333333333333,
  "avg_net_return_per_trade": -0.004012728485367857,
  "median_net_return_per_trade": -0.00680469645836945,
  "backtest_mode": "a_share_inventory_t0",
  "trade_direction_mode": "sell_only",
  "buy_threshold": 0.667204812169075,
  "sell_threshold": 0.9736860555410385,
  "initial_capital": 1000000.0,
  "final_equity": 903655.3689850001,
  "final_benchmark_equity": 906349.0,
  "final_alpha_equity": 997306.3689850001,
  "alpha_total_return": -0.0026936310149999754,
  "alpha_sharpe": -4.19475995361063,
  "alpha_sortino": -1.1413239201665302,
  "alpha_calmar": -10.969934119237358,
  "alpha_max_drawdown": -0.003982862607010973,
  "base_shares": 9300,
  "ending_shares": 9300,
  "base_position_pct": 0.6,
  "max_t0_trade_pct": 0.3,
  "max_participation_rate": 0.05,
  "commission_rate": 0.001,
  "slippage_rate": 0.0005,
  "tp": 0.004,
  "sl": 0.002,
  "stop_loss_cooldown_bars": 0,
  "daily_max_trades": 0,
  "daily_max_losses": 0,
  "daily_loss_limit": 0.0,
  "no_overnight": true
}