{
  "total_return": -0.0478425940515671,
  "annualized_return": -0.9716731551077575,
  "max_drawdown": -0.050825081511991055,
  "sharpe": -10.455556493235513,
  "sortino": -8.697070270630158,
  "calmar": -19.11798517978791,
  "trade_count": 7,
  "win_rate": 0.7142857142857143,
  "avg_net_return_per_trade": -0.0016806730203545693,
  "median_net_return_per_trade": 0.0009168407922025583,
  "backtest_mode": "a_share_inventory_t0",
  "trade_direction_mode": "sell_only",
  "buy_threshold": 0.40356216017206964,
  "sell_threshold": 0.5474767136573792,
  "initial_capital": 1000000.0,
  "final_equity": 954905.3322220001,
  "final_benchmark_equity": 955045.0,
  "final_alpha_equity": 999860.3322220001,
  "alpha_total_return": -0.00013966777799989671,
  "alpha_sharpe": -0.6062147544192862,
  "alpha_sortino": -0.47109173809426585,
  "alpha_calmar": -7.243660020129907,
  "alpha_max_drawdown": -0.0013946961798230184,
  "base_shares": 11100,
  "ending_shares": 11100,
  "base_position_pct": 0.6,
  "max_t0_trade_pct": 0.3,
  "max_participation_rate": 0.05,
  "commission_rate": 0.001,
  "slippage_rate": 0.0005,
  "tp": 0.003,
  "sl": 0.002,
  "no_overnight": true
}