{
  "total_return": -0.027284344812798622,
  "annualized_return": -0.9645970481653363,
  "max_drawdown": -0.05684096296053409,
  "sharpe": -9.38184295218486,
  "sortino": -12.818129397461677,
  "calmar": -16.97010391669608,
  "trade_count": 1,
  "win_rate": 1.0,
  "avg_net_return_per_trade": 0.0007402831431001537,
  "median_net_return_per_trade": 0.0007402831431001537,
  "backtest_mode": "a_share_inventory_t0",
  "trade_direction_mode": "sell_only",
  "buy_threshold": 0.36078413022845357,
  "sell_threshold": 0.5730968947606966,
  "initial_capital": 1000000.0,
  "final_equity": 970812.05065,
  "final_benchmark_equity": 970336.0,
  "final_alpha_equity": 1000476.05065,
  "alpha_total_return": 0.0004760506499998929,
  "alpha_sharpe": 7.125732047086735,
  "alpha_sortino": NaN,
  "alpha_calmar": 226.72913681958636,
  "alpha_max_drawdown": -0.00026094463483783414,
  "base_shares": 10300,
  "ending_shares": 10300,
  "base_position_pct": 0.6,
  "max_t0_trade_pct": 0.3,
  "max_participation_rate": 0.05,
  "commission_rate": 0.001,
  "slippage_rate": 0.0005,
  "tp": 0.003,
  "sl": 0.002,
  "no_overnight": true
}