{
  "total_return": -0.09542882144015341,
  "annualized_return": -0.7987331374747461,
  "max_drawdown": -0.11815297094002508,
  "sharpe": -6.426523461952637,
  "sortino": -10.102884759818899,
  "calmar": -6.760161264841882,
  "trade_count": 9,
  "win_rate": 0.3333333333333333,
  "avg_net_return_per_trade": -0.004524904096945562,
  "median_net_return_per_trade": -0.006014968642107929,
  "backtest_mode": "a_share_inventory_t0",
  "trade_direction_mode": "sell_only",
  "buy_threshold": 0.6360969454050064,
  "sell_threshold": 0.9349373030662537,
  "initial_capital": 1000000.0,
  "final_equity": 903720.8816520004,
  "final_benchmark_equity": 911922.0,
  "final_alpha_equity": 991798.8816520004,
  "alpha_total_return": -0.008201118347999636,
  "alpha_sharpe": -7.639497628865181,
  "alpha_sortino": -2.3013096262953607,
  "alpha_calmar": -12.342794430137854,
  "alpha_max_drawdown": -0.009992358916734112,
  "base_shares": 9400,
  "ending_shares": 9400,
  "base_position_pct": 0.6,
  "max_t0_trade_pct": 0.3,
  "max_participation_rate": 0.05,
  "commission_rate": 0.001,
  "slippage_rate": 0.0005,
  "tp": 0.003,
  "sl": 0.002,
  "stop_loss_cooldown_bars": 0,
  "daily_max_trades": 0,
  "daily_max_losses": 0,
  "daily_loss_limit": 0.0,
  "no_overnight": true
}