{
  "lookback": 24,
  "lookback_minutes": 120,
  "horizon": 6,
  "horizon_minutes": 30,
  "best_valid_auc": 0.5846525184575869,
  "valid_auc": 0.5846525184575869,
  "test_auc": 0.5313606681520289,
  "train_positive_rate": 0.321805590744025,
  "valid_positive_rate": 0.32810186556114895,
  "test_positive_rate": 0.36383377751455925,
  "valid_action_metrics": {
    "accuracy": 0.43006613364919555,
    "buy_auc": 0.5846525184575869,
    "sell_auc": 0.578223397580353,
    "buy_positive_rate": 0.32810186556114895,
    "sell_positive_rate": 0.41368078175895767,
    "hold_rate": 0.2582173526798934
  },
  "test_action_metrics": {
    "accuracy": 0.3938406870002961,
    "buy_auc": 0.5313606681520289,
    "sell_auc": 0.5385503121023016,
    "buy_positive_rate": 0.36383377751455925,
    "sell_positive_rate": 0.426019149146185,
    "hold_rate": 0.21014707333925575
  },
  "test_trade_return_mean_all": 0.00034572891931054897,
  "test_trade_return_mean_label_1": -4.8266875357583465e-05,
  "selected_threshold": 0.4949609637260437,
  "selected_quantile": 0.95,
  "selected_threshold_test_stats": {
    "threshold": 0.4949609637260437,
    "horizon": 6,
    "round_trip_cost": 0.003,
    "trade_count": 117,
    "win_rate": 0.3418803418803419,
    "gross_return_mean": -0.0006992204601790216,
    "net_return_mean": -0.0036992204601790225,
    "gross_return_median": -0.0006992395769600535,
    "net_return_median": -0.0036992395769600535,
    "total_return": -0.3583670084102307,
    "max_drawdown": -0.39156153886567924,
    "per_trade_sharpe": -0.2808911026217979,
    "trades_per_year": 140.51380881160878,
    "bar_annualized_sharpe": -30.273754487290645,
    "sharpe": -3.3296415772410057,
    "avg_pred_prob": 0.5122385600693206,
    "positive_label_rate": 0.5555555555555556,
    "buy_label_rate": 0.4017094017094017,
    "selected_by": "validation_net_return_mean",
    "selected_quantile": 0.95
  },
  "output_dir": "outputs\\diagnostics\\horizon_compare\\lb24_h6",
  "seed": 42
}