{
  "lookback": 24,
  "lookback_minutes": 120,
  "horizon": 6,
  "horizon_minutes": 30,
  "best_valid_auc": 0.639921188311793,
  "valid_auc": 0.639921188311793,
  "test_auc": 0.5746915160802883,
  "train_positive_rate": 0.22776792500633392,
  "valid_positive_rate": 0.247557003257329,
  "test_positive_rate": 0.28506564011450003,
  "test_trade_return_mean_all": 0.00034572891931054897,
  "test_trade_return_mean_label_1": 0.01114491047316048,
  "selected_threshold": 0.682903528213501,
  "selected_quantile": 0.85,
  "selected_threshold_test_stats": {
    "threshold": 0.682903528213501,
    "horizon": 6,
    "round_trip_cost": 0.003,
    "trade_count": 266,
    "win_rate": 0.3383458646616541,
    "gross_return_mean": 1.2683741457811154e-05,
    "net_return_mean": -0.002987316258542189,
    "gross_return_median": -0.0007061964527986242,
    "net_return_median": -0.0037061964527986243,
    "total_return": -0.5596743440892806,
    "max_drawdown": -0.5648803832986997,
    "sharpe": -23.709532854805843,
    "avg_pred_prob": 0.7083827886814461,
    "positive_label_rate": 0.3383458646616541,
    "selected_by": "validation_net_return_mean",
    "selected_quantile": 0.85
  },
  "output_dir": "outputs\\diagnostics\\horizon_compare\\lb24_h6"
}