{
  "total_return": -0.09544405242253562,
  "annualized_return": -0.8109333124377794,
  "max_drawdown": -0.11290160925698478,
  "sharpe": -6.3579421823957745,
  "sortino": -10.10195660937116,
  "calmar": -7.1826550372009885,
  "trade_count": 9,
  "win_rate": 0.5555555555555556,
  "avg_net_return_per_trade": -0.0022174758653927787,
  "median_net_return_per_trade": 5.002592112479925e-05,
  "backtest_mode": "a_share_inventory_t0",
  "trade_direction_mode": "sell_only",
  "buy_threshold": 0.6396319121122359,
  "sell_threshold": 0.9055556589365006,
  "initial_capital": 1000000.0,
  "final_equity": 908127.1344585002,
  "final_benchmark_equity": 912204.0,
  "final_alpha_equity": 995923.1344585002,
  "alpha_total_return": -0.0040768655414997745,
  "alpha_sharpe": -5.627247631040883,
  "alpha_sortino": -1.7670647082502533,
  "alpha_calmar": -11.65333466963907,
  "alpha_max_drawdown": -0.0056279766269998754,
  "base_shares": 9400,
  "ending_shares": 9400,
  "base_position_pct": 0.6,
  "max_t0_trade_pct": 0.3,
  "max_participation_rate": 0.05,
  "commission_rate": 0.001,
  "slippage_rate": 0.0005,
  "tp": 0.003,
  "sl": 0.002,
  "stop_loss_cooldown_bars": 0,
  "daily_max_trades": 0,
  "daily_max_losses": 0,
  "daily_loss_limit": 0.0,
  "no_overnight": true
}