{
  "total_return": -0.09437221466445045,
  "annualized_return": -0.8067779963493444,
  "max_drawdown": -0.11434914978163757,
  "sharpe": -6.114696913337936,
  "sortino": -9.76723513914733,
  "calmar": -7.055391298404726,
  "trade_count": 6,
  "win_rate": 0.3333333333333333,
  "avg_net_return_per_trade": -0.0035081378767754124,
  "median_net_return_per_trade": -0.004957544909947262,
  "backtest_mode": "a_share_inventory_t0",
  "trade_direction_mode": "sell_only",
  "buy_threshold": 0.6520390957593918,
  "sell_threshold": 0.9555450081825256,
  "initial_capital": 1000000.0,
  "final_equity": 910015.5519555003,
  "final_benchmark_equity": 913740.0,
  "final_alpha_equity": 996275.5519555003,
  "alpha_total_return": -0.003724448044499784,
  "alpha_sharpe": -5.402128399607904,
  "alpha_sortino": -1.5126977424264054,
  "alpha_calmar": -10.03398687378018,
  "alpha_max_drawdown": -0.005980236046622678,
  "base_shares": 9500,
  "ending_shares": 9500,
  "base_position_pct": 0.6,
  "max_t0_trade_pct": 0.3,
  "max_participation_rate": 0.05,
  "commission_rate": 0.001,
  "slippage_rate": 0.0005,
  "tp": 0.004,
  "sl": 0.003,
  "stop_loss_cooldown_bars": 0,
  "daily_max_trades": 0,
  "daily_max_losses": 0,
  "daily_loss_limit": 0.0,
  "no_overnight": true
}