{
  "total_return": -0.04938347490541317,
  "annualized_return": -0.5677834117056054,
  "max_drawdown": -0.0785236110820221,
  "sharpe": -2.473798110780748,
  "sortino": -2.350936351085582,
  "calmar": -7.2307348564564276,
  "trade_count": 2,
  "win_rate": 0.0,
  "avg_net_return_per_trade": -0.006850413920110484,
  "median_net_return_per_trade": -0.006850413920110484,
  "backtest_mode": "a_share_inventory_t0",
  "trade_direction_mode": "sell_only",
  "buy_threshold": 0.7298367828130722,
  "sell_threshold": 0.933867600560188,
  "initial_capital": 1000000.0,
  "final_equity": 950243.8834167498,
  "final_benchmark_equity": 953450.0,
  "final_alpha_equity": 996793.8834167498,
  "alpha_total_return": -0.003206116583250207,
  "alpha_sharpe": -7.220164240593693,
  "alpha_sortino": -0.9423387621368375,
  "alpha_calmar": -16.156199409255187,
  "alpha_max_drawdown": -0.003206116583250207,
  "base_shares": 9800,
  "ending_shares": 9800,
  "base_position_pct": 0.6,
  "max_t0_trade_pct": 0.3,
  "max_participation_rate": 0.05,
  "commission_rate": 0.001,
  "slippage_rate": 0.00075,
  "tp": 0.003,
  "sl": 0.002,
  "stop_loss_cooldown_bars": 6,
  "daily_max_trades": 0,
  "daily_max_losses": 2,
  "daily_loss_limit": 0.0,
  "no_overnight": true
}