{
  "total_return": -0.09603907039692294,
  "annualized_return": -0.8008925403012452,
  "max_drawdown": -0.1181110416498401,
  "sharpe": -6.459701101186576,
  "sortino": -10.15565968959423,
  "calmar": -6.7808439339280815,
  "trade_count": 13,
  "win_rate": 0.15384615384615385,
  "avg_net_return_per_trade": -0.004683935398273734,
  "median_net_return_per_trade": -0.006373168864175601,
  "backtest_mode": "a_share_inventory_t0",
  "trade_direction_mode": "sell_only",
  "buy_threshold": 0.6360969454050064,
  "sell_threshold": 0.9222695231437683,
  "initial_capital": 1000000.0,
  "final_equity": 903111.2063292501,
  "final_benchmark_equity": 911922.0,
  "final_alpha_equity": 991189.2063292501,
  "alpha_total_return": -0.008810793670749884,
  "alpha_sharpe": -8.865783033923346,
  "alpha_sortino": -2.7806821605322645,
  "alpha_calmar": -13.416321311510341,
  "alpha_max_drawdown": -0.00983190382038146,
  "base_shares": 9400,
  "ending_shares": 9400,
  "base_position_pct": 0.6,
  "max_t0_trade_pct": 0.3,
  "max_participation_rate": 0.05,
  "commission_rate": 0.0015,
  "slippage_rate": 0.0005,
  "tp": 0.003,
  "sl": 0.002,
  "stop_loss_cooldown_bars": 0,
  "daily_max_trades": 0,
  "daily_max_losses": 0,
  "daily_loss_limit": 0.0,
  "no_overnight": true
}