{
  "fold": 1,
  "model_summaries": {
    "transformer_lstm": {
      "model": "Transformer_LSTM",
      "target_col_buy": "buy_label",
      "target_col_sell": "sell_label",
      "feature_count": 194,
      "lookback": 8,
      "params": {
        "d_model": 128,
        "nhead": 4,
        "transformer_layers": 2,
        "transformer_dropout": 0.2,
        "lstm_hidden_dim": 128,
        "lstm_num_layers": 1,
        "output_dim": 1
      },
      "buy_fit": {
        "best_score": 0.4959797498511019,
        "best_valid_auc": 0.4959797498511019,
        "epochs_ran": 3,
        "pos_rate": 0.3125,
        "pos_weight": 2.2,
        "device": "cpu"
      },
      "sell_fit": {
        "best_score": 0.5672456575682382,
        "best_valid_auc": 0.5672456575682382,
        "epochs_ran": 3,
        "pos_rate": 0.30574324324324326,
        "pos_weight": 2.270718232044199,
        "device": "cpu"
      },
      "valid_buy_auc": 0.4959797498511019,
      "valid_buy_positive_rate": 0.23958333333333334,
      "valid_buy_prob_mean": 0.4776053726673126,
      "valid_buy_prob_std": 0.10367080569267273,
      "valid_buy_prob_min": 0.2132902592420578,
      "valid_buy_prob_max": 0.7136200070381165,
      "valid_buy_acc_05": 0.5364583333333334,
      "valid_buy_precision_05": 0.24705882352941178,
      "valid_buy_recall_05": 0.45652173913043476,
      "valid_buy_f1_05": 0.32061068702290074,
      "valid_buy_q90_threshold": 0.5951502323150635,
      "valid_buy_q95_threshold": 0.6247819066047668,
      "test_buy_auc": 0.4751718869365928,
      "test_buy_positive_rate": 0.21710526315789475,
      "test_buy_prob_mean": 0.5147565007209778,
      "test_buy_prob_std": 0.08421064913272858,
      "test_buy_prob_min": 0.28995901346206665,
      "test_buy_prob_max": 0.6843404173851013,
      "test_buy_acc_05": 0.42105263157894735,
      "test_buy_precision_05": 0.20430107526881722,
      "test_buy_recall_05": 0.5757575757575758,
      "test_buy_f1_05": 0.30158730158730157,
      "test_buy_q90_threshold": 0.6142532825469971,
      "test_buy_q95_threshold": 0.631459653377533,
      "valid_sell_auc": 0.5672456575682382,
      "valid_sell_positive_rate": 0.3229166666666667,
      "valid_sell_prob_mean": 0.5101829171180725,
      "valid_sell_prob_std": 0.06976989656686783,
      "valid_sell_prob_min": 0.33150726556777954,
      "valid_sell_prob_max": 0.658647358417511,
      "valid_sell_acc_05": 0.5364583333333334,
      "valid_sell_precision_05": 0.37383177570093457,
      "valid_sell_recall_05": 0.6451612903225806,
      "valid_sell_f1_05": 0.47337278106508873,
      "valid_sell_q90_threshold": 0.596900999546051,
      "valid_sell_q95_threshold": 0.6082004308700562,
      "test_sell_auc": 0.4599812558575445,
      "test_sell_positive_rate": 0.3618421052631579,
      "test_sell_prob_mean": 0.40386804938316345,
      "test_sell_prob_std": 0.06392377614974976,
      "test_sell_prob_min": 0.2609538435935974,
      "test_sell_prob_max": 0.5728492140769958,
      "test_sell_acc_05": 0.631578947368421,
      "test_sell_precision_05": 0.4444444444444444,
      "test_sell_recall_05": 0.07272727272727272,
      "test_sell_f1_05": 0.125,
      "test_sell_q90_threshold": 0.47815918922424316,
      "test_sell_q95_threshold": 0.501417875289917
    },
    "lstm": {
      "model": "LSTM",
      "target_col_buy": "buy_label",
      "target_col_sell": "sell_label",
      "feature_count": 194,
      "lookback": 8,
      "params": {
        "hidden_dim": 256,
        "num_layers": 2,
        "dropout": 0.3,
        "output_dim": 1
      },
      "buy_fit": {
        "best_score": 0.5527099463966647,
        "best_valid_auc": 0.5527099463966647,
        "epochs_ran": 3,
        "pos_rate": 0.3125,
        "pos_weight": 2.2,
        "device": "cpu"
      },
      "sell_fit": {
        "best_score": 0.5197270471464019,
        "best_valid_auc": 0.5197270471464019,
        "epochs_ran": 3,
        "pos_rate": 0.30574324324324326,
        "pos_weight": 2.270718232044199,
        "device": "cpu"
      },
      "valid_buy_auc": 0.5527099463966647,
      "valid_buy_positive_rate": 0.23958333333333334,
      "valid_buy_prob_mean": 0.34358444809913635,
      "valid_buy_prob_std": 0.03064912185072899,
      "valid_buy_prob_min": 0.2941843867301941,
      "valid_buy_prob_max": 0.4114728569984436,
      "valid_buy_acc_05": 0.7604166666666666,
      "valid_buy_precision_05": 0.0,
      "valid_buy_recall_05": 0.0,
      "valid_buy_f1_05": 0.0,
      "valid_buy_q90_threshold": 0.3864171504974365,
      "valid_buy_q95_threshold": 0.40171074867248535,
      "test_buy_auc": 0.4199134199134199,
      "test_buy_positive_rate": 0.21710526315789475,
      "test_buy_prob_mean": 0.37149620056152344,
      "test_buy_prob_std": 0.02768290601670742,
      "test_buy_prob_min": 0.3135223686695099,
      "test_buy_prob_max": 0.4477759003639221,
      "test_buy_acc_05": 0.7828947368421053,
      "test_buy_precision_05": 0.0,
      "test_buy_recall_05": 0.0,
      "test_buy_f1_05": 0.0,
      "test_buy_q90_threshold": 0.40070652961730957,
      "test_buy_q95_threshold": 0.42493608593940735,
      "valid_sell_auc": 0.5197270471464019,
      "valid_sell_positive_rate": 0.3229166666666667,
      "valid_sell_prob_mean": 0.4801141321659088,
      "valid_sell_prob_std": 0.08586004376411438,
      "valid_sell_prob_min": 0.33308175206184387,
      "valid_sell_prob_max": 0.6848834753036499,
      "valid_sell_acc_05": 0.5572916666666666,
      "valid_sell_precision_05": 0.3380281690140845,
      "valid_sell_recall_05": 0.3870967741935484,
      "valid_sell_f1_05": 0.3609022556390977,
      "valid_sell_q90_threshold": 0.6059815287590027,
      "valid_sell_q95_threshold": 0.6424797773361206,
      "test_sell_auc": 0.46822867853795685,
      "test_sell_positive_rate": 0.3618421052631579,
      "test_sell_prob_mean": 0.4097130298614502,
      "test_sell_prob_std": 0.04351966455578804,
      "test_sell_prob_min": 0.3275059759616852,
      "test_sell_prob_max": 0.5626494288444519,
      "test_sell_acc_05": 0.6447368421052632,
      "test_sell_precision_05": 0.6,
      "test_sell_recall_05": 0.05454545454545454,
      "test_sell_f1_05": 0.1,
      "test_sell_q90_threshold": 0.46677854657173157,
      "test_sell_q95_threshold": 0.48871394991874695
    },
    "cnn": {
      "model": "CNN",
      "target_col_buy": "buy_label",
      "target_col_sell": "sell_label",
      "feature_count": 194,
      "lookback": 8,
      "params": {
        "channels": 64,
        "kernel_size": 3,
        "dropout": 0.3,
        "output_dim": 1
      },
      "buy_fit": {
        "best_score": 0.5394580107206671,
        "best_valid_auc": 0.5394580107206671,
        "epochs_ran": 3,
        "pos_rate": 0.3125,
        "pos_weight": 2.2,
        "device": "cpu"
      },
      "sell_fit": {
        "best_score": 0.5688585607940446,
        "best_valid_auc": 0.5688585607940446,
        "epochs_ran": 3,
        "pos_rate": 0.30574324324324326,
        "pos_weight": 2.270718232044199,
        "device": "cpu"
      },
      "valid_buy_auc": 0.5394580107206671,
      "valid_buy_positive_rate": 0.23958333333333334,
      "valid_buy_prob_mean": 0.42465856671333313,
      "valid_buy_prob_std": 0.0767209380865097,
      "valid_buy_prob_min": 0.3009963929653168,
      "valid_buy_prob_max": 0.6153251528739929,
      "valid_buy_acc_05": 0.7291666666666666,
      "valid_buy_precision_05": 0.42105263157894735,
      "valid_buy_recall_05": 0.34782608695652173,
      "valid_buy_f1_05": 0.38095238095238093,
      "valid_buy_q90_threshold": 0.5400364995002747,
      "valid_buy_q95_threshold": 0.5744850635528564,
      "test_buy_auc": 0.5928189457601222,
      "test_buy_positive_rate": 0.21710526315789475,
      "test_buy_prob_mean": 0.4863104522228241,
      "test_buy_prob_std": 0.05833347141742706,
      "test_buy_prob_min": 0.3788582384586334,
      "test_buy_prob_max": 0.6495106220245361,
      "test_buy_acc_05": 0.631578947368421,