{
  "total_return": -0.04843118765455445,
  "annualized_return": -0.5744008692163363,
  "max_drawdown": -0.07899484867456874,
  "sharpe": -2.2918153716650025,
  "sortino": -2.1777167259378043,
  "calmar": -7.271371220453473,
  "trade_count": 10,
  "win_rate": 0.4,
  "avg_net_return_per_trade": -0.0034481545156290067,
  "median_net_return_per_trade": -0.0029126029196857002,
  "backtest_mode": "a_share_inventory_t0",
  "trade_direction_mode": "sell_only",
  "buy_threshold": 0.7788469702005386,
  "sell_threshold": 0.7753896653652192,
  "initial_capital": 1000000.0,
  "final_equity": 953923.9451560006,
  "final_benchmark_equity": 957628.0,
  "final_alpha_equity": 996295.9451560006,
  "alpha_total_return": -0.0037040548439994936,
  "alpha_sharpe": -7.225046636888629,
  "alpha_sortino": -1.9805595905104878,
  "alpha_calmar": -14.15877111097675,
  "alpha_max_drawdown": -0.004369110818378652,
  "base_shares": 9900,
  "ending_shares": 9900,
  "base_position_pct": 0.6,
  "max_t0_trade_pct": 0.3,
  "max_participation_rate": 0.05,
  "commission_rate": 0.001,
  "slippage_rate": 0.0005,
  "tp": 0.003,
  "sl": 0.002,
  "stop_loss_cooldown_bars": 6,
  "daily_max_trades": 0,
  "daily_max_losses": 2,
  "daily_loss_limit": 0.0,
  "no_overnight": true
}