{
  "total_return": -0.006658191439093963,
  "annualized_return": -0.38470074424279577,
  "max_drawdown": -0.015937901221093398,
  "sharpe": -3.4414384180850583,
  "sortino": -5.852067043307468,
  "calmar": -24.13747826054125,
  "trade_count": 1,
  "win_rate": 0.0,
  "avg_net_return_per_trade": -0.0036983673441862664,
  "median_net_return_per_trade": -0.0036983673441862664,
  "backtest_mode": "a_share_inventory_t0",
  "trade_direction_mode": "sell_only",
  "buy_threshold": 0.5368165940785212,
  "sell_threshold": 0.46066038028567957,
  "initial_capital": 1000000.0,
  "final_equity": 993097.446476,
  "final_benchmark_equity": 993604.0,
  "final_alpha_equity": 999493.446476,
  "alpha_total_return": -0.0005065535239999752,
  "alpha_sharpe": -4.116197229389393,
  "alpha_sortino": -1.1323193751037068,
  "alpha_calmar": -39.82246833896178,
  "alpha_max_drawdown": -0.0009081289147966354,
  "base_shares": 8200,
  "ending_shares": 8200,
  "base_position_pct": 0.6,
  "max_t0_trade_pct": 0.3,
  "max_participation_rate": 0.02,
  "commission_rate": 0.0015,
  "slippage_rate": 0.001,
  "tp": 0.003,
  "sl": 0.002,
  "no_overnight": true
}