{
  "total_return": -0.05511626190399954,
  "annualized_return": -0.6085254195426396,
  "max_drawdown": -0.08013053879619891,
  "sharpe": -2.7611113636430664,
  "sortino": -2.6290616935526296,
  "calmar": -7.594176061767673,
  "trade_count": 12,
  "win_rate": 0.16666666666666666,
  "avg_net_return_per_trade": -0.007048616767216176,
  "median_net_return_per_trade": -0.00704906513540415,
  "backtest_mode": "a_share_inventory_t0",
  "trade_direction_mode": "sell_only",
  "buy_threshold": 0.7211705774068828,
  "sell_threshold": 0.8075392246246337,
  "initial_capital": 1000000.0,
  "final_equity": 944605.9422770003,
  "final_benchmark_equity": 950804.0,
  "final_alpha_equity": 993801.9422770003,
  "alpha_total_return": -0.00619805772299975,
  "alpha_sharpe": -9.053757720163395,
  "alpha_sortino": -3.247223540255144,
  "alpha_calmar": -15.76889813695754,
  "alpha_max_drawdown": -0.00619805772299975,
  "base_shares": 9800,
  "ending_shares": 9800,
  "base_position_pct": 0.6,
  "max_t0_trade_pct": 0.3,
  "max_participation_rate": 0.02,
  "commission_rate": 0.001,
  "slippage_rate": 0.001,
  "tp": 0.003,
  "sl": 0.002,
  "stop_loss_cooldown_bars": 6,
  "daily_max_trades": 0,
  "daily_max_losses": 2,
  "daily_loss_limit": 0.0,
  "no_overnight": true
}