{
  "model": "LSTM",
  "target_col_buy": "buy_label",
  "target_col_sell": "sell_label",
  "feature_count": 194,
  "lookback": 32,
  "params": {
    "hidden_dim": 256,
    "num_layers": 2,
    "dropout": 0.3,
    "output_dim": 1
  },
  "buy_fit": {
    "best_score": 0.5388844523619387,
    "best_valid_auc": 0.5388844523619387,
    "epochs_ran": 15,
    "pos_rate": 0.26536371237458195,
    "pos_weight": 2.7684127609294995,
    "device": "cpu"
  },
  "sell_fit": {
    "best_score": 0.5362664962100241,
    "best_valid_auc": 0.5362664962100241,
    "epochs_ran": 12,
    "pos_rate": 0.32410117056856186,
    "pos_weight": 2.0854563044179297,
    "device": "cpu"
  },
  "valid_buy_auc": 0.5388844523619387,
  "valid_buy_positive_rate": 0.24662162162162163,
  "valid_buy_prob_mean": 0.4745534360408783,
  "valid_buy_prob_std": 0.11829902231693268,
  "valid_buy_prob_min": 0.05503145605325699,
  "valid_buy_prob_max": 0.7818196415901184,
  "valid_buy_acc_05": 0.5456081081081081,
  "valid_buy_precision_05": 0.2696629213483146,
  "valid_buy_recall_05": 0.4931506849315068,
  "valid_buy_f1_05": 0.3486682808716707,
  "valid_buy_q90_threshold": 0.6179592609405518,
  "valid_buy_q95_threshold": 0.644768238067627,
  "test_buy_auc": 0.5203208606164273,
  "test_buy_positive_rate": 0.22001689189189189,
  "test_buy_prob_mean": 0.48792195320129395,
  "test_buy_prob_std": 0.10717134922742844,
  "test_buy_prob_min": 0.06438558548688889,
  "test_buy_prob_max": 0.7467862367630005,
  "test_buy_acc_05": 0.5088682432432432,
  "test_buy_precision_05": 0.22750424448217318,
  "test_buy_recall_05": 0.5143953934740882,
  "test_buy_f1_05": 0.3154796939376104,
  "test_buy_q90_threshold": 0.6154882311820984,
  "test_buy_q95_threshold": 0.6416715383529663,
  "valid_sell_auc": 0.5362664962100241,
  "valid_sell_positive_rate": 0.30658783783783783,
  "valid_sell_prob_mean": 0.48126116394996643,
  "valid_sell_prob_std": 0.09205082803964615,
  "valid_sell_prob_min": 0.20760144293308258,
  "valid_sell_prob_max": 0.7212592363357544,
  "valid_sell_acc_05": 0.5641891891891891,
  "valid_sell_precision_05": 0.3432377049180328,
  "valid_sell_recall_05": 0.46143250688705234,
  "valid_sell_f1_05": 0.3936545240893067,
  "valid_sell_q90_threshold": 0.6026679277420044,
  "valid_sell_q95_threshold": 0.6410127878189087,
  "test_sell_auc": 0.5589765374384571,
  "test_sell_positive_rate": 0.32136824324324326,
  "test_sell_prob_mean": 0.5115025639533997,
  "test_sell_prob_std": 0.07792814821004868,
  "test_sell_prob_min": 0.26582956314086914,
  "test_sell_prob_max": 0.7141085863113403,
  "test_sell_acc_05": 0.4978885135135135,
  "test_sell_precision_05": 0.34844192634560905,
  "test_sell_recall_05": 0.6465177398160316,
  "test_sell_f1_05": 0.4528301886792453,
  "test_sell_q90_threshold": 0.6114163398742676,
  "test_sell_q95_threshold": 0.6401644349098206
}