model_label,epoch,train_loss,valid_loss,valid_auc,valid_prob_mean,valid_prob_max
Transformer_LSTM_buy,1,1.2680091954566337,1.4001020193099976,0.5472545182456545,0.3953070342540741,0.6201443672180176
Transformer_LSTM_buy,2,0.9844004753473643,1.5571695566177368,0.4294923448831588,0.39066770672798157,0.6868979334831238
Transformer_LSTM_buy,3,0.9310162421819326,1.5812395811080933,0.4404282260849545,0.39549317955970764,0.7513622641563416
