model_label,epoch,train_loss,valid_loss,valid_auc,valid_prob_mean,valid_prob_max
Transformer_LSTM_sell,1,0.9416792602152437,0.8877752423286438,0.40975274725274724,0.4971429407596588,0.6691343188285828
Transformer_LSTM_sell,2,0.8348079919815063,0.8787073493003845,0.4100274725274725,0.4621022641658783,0.6432109475135803
Transformer_LSTM_sell,3,0.7980734206534721,0.883535623550415,0.45480769230769236,0.4309206008911133,0.6881274580955505
