{
  "model": "Transformer_LSTM",
  "target_col_buy": "buy_label",
  "target_col_sell": "sell_label",
  "feature_count": 194,
  "lookback": 8,
  "params": {
    "d_model": 128,
    "nhead": 4,
    "transformer_layers": 2,
    "transformer_dropout": 0.2,
    "lstm_hidden_dim": 128,
    "lstm_num_layers": 1,
    "output_dim": 1
  },
  "buy_fit": {
    "best_score": 0.5472545182456545,
    "best_valid_auc": 0.5472545182456545,
    "epochs_ran": 3,
    "pos_rate": 0.24493243243243243,
    "pos_weight": 3.0827586206896553,
    "device": "cpu"
  },
  "sell_fit": {
    "best_score": 0.45480769230769236,
    "best_valid_auc": 0.45480769230769236,
    "epochs_ran": 3,
    "pos_rate": 0.3581081081081081,
    "pos_weight": 1.7924528301886793,
    "device": "cpu"
  },
  "valid_buy_auc": 0.5472545182456545,
  "valid_buy_positive_rate": 0.3802083333333333,
  "valid_buy_prob_mean": 0.3953070342540741,
  "valid_buy_prob_std": 0.08916082978248596,
  "valid_buy_prob_min": 0.21915096044540405,
  "valid_buy_prob_max": 0.6201443672180176,
  "valid_buy_acc_05": 0.5989583333333334,
  "valid_buy_precision_05": 0.4090909090909091,
  "valid_buy_recall_05": 0.1232876712328767,
  "valid_buy_f1_05": 0.18947368421052632,
  "valid_buy_q90_threshold": 0.5098676085472107,
  "valid_buy_q95_threshold": 0.5593964457511902,
  "test_buy_auc": 0.39566020313942757,
  "test_buy_positive_rate": 0.25,
  "test_buy_prob_mean": 0.41971611976623535,
  "test_buy_prob_std": 0.07299088686704636,
  "test_buy_prob_min": 0.2553936541080475,
  "test_buy_prob_max": 0.5728942155838013,
  "test_buy_acc_05": 0.631578947368421,
  "test_buy_precision_05": 0.09090909090909091,
  "test_buy_recall_05": 0.05263157894736842,
  "test_buy_f1_05": 0.06666666666666667,
  "test_buy_q90_threshold": 0.5092559456825256,
  "test_buy_q95_threshold": 0.5252476930618286,
  "valid_sell_auc": 0.45480769230769236,
  "valid_sell_positive_rate": 0.2708333333333333,
  "valid_sell_prob_mean": 0.4309206008911133,
  "valid_sell_prob_std": 0.12634219229221344,
  "valid_sell_prob_min": 0.17952631413936615,
  "valid_sell_prob_max": 0.6881274580955505,
  "valid_sell_acc_05": 0.5364583333333334,
  "valid_sell_precision_05": 0.17543859649122806,
  "valid_sell_recall_05": 0.19230769230769232,
  "valid_sell_f1_05": 0.1834862385321101,
  "valid_sell_q90_threshold": 0.6168212294578552,
  "valid_sell_q95_threshold": 0.6415472626686096,
  "test_sell_auc": 0.5007336757153338,
  "test_sell_positive_rate": 0.3815789473684211,
  "test_sell_prob_mean": 0.5012159943580627,
  "test_sell_prob_std": 0.09005607664585114,
  "test_sell_prob_min": 0.31034886837005615,
  "test_sell_prob_max": 0.7406466007232666,
  "test_sell_acc_05": 0.46710526315789475,
  "test_sell_precision_05": 0.3283582089552239,
  "test_sell_recall_05": 0.3793103448275862,
  "test_sell_f1_05": 0.352,
  "test_sell_q90_threshold": 0.6424656510353088,
  "test_sell_q95_threshold": 0.661643922328949
}