model,side,valid_auc,raw_weight,weight,weight_method
transformer_lstm,buy,0.541340411413404,0.041340411413404055,0.346303501945525,valid_auc_edge_over_0p5
lstm,buy,0.47976111479761113,0.0,0.0,valid_auc_edge_over_0p5
cnn,buy,0.5672196416721964,0.0672196416721964,0.5630906058921626,valid_auc_edge_over_0p5
mlp,buy,0.5108161911081619,0.010816191108161899,0.09060589216231235,valid_auc_edge_over_0p5
