model,side,valid_auc,raw_weight,weight,weight_method
transformer_lstm,sell,0.4877239548772395,0.0,0.0,valid_auc_edge_over_0p5
lstm,sell,0.5607166556071665,0.06071665560716655,0.42068965517241363,valid_auc_edge_over_0p5
cnn,sell,0.5331121433311214,0.033112143331121446,0.2294252873563219,valid_auc_edge_over_0p5
mlp,sell,0.5504976775049768,0.0504976775049768,0.34988505747126447,valid_auc_edge_over_0p5
