{
  "model": "auc_weighted_ensemble",
  "member_models": [
    "transformer_lstm",
    "lstm",
    "cnn",
    "mlp"
  ],
  "buy_weight_method": "valid_auc_edge_over_0p5",
  "sell_weight_method": "valid_auc_edge_over_0p5",
  "feature_count": 194,
  "lookback": 8,
  "valid_buy_auc": 0.5599203715992037,
  "valid_buy_positive_rate": 0.2864583333333333,
  "valid_buy_prob_mean": 0.31980101400161015,
  "valid_buy_prob_std": 0.062228365151023673,
  "valid_buy_prob_min": 0.15135076785332757,
  "valid_buy_prob_max": 0.4672425155377241,
  "valid_buy_acc_05": 0.7135416666666666,
  "valid_buy_precision_05": 0.0,
  "valid_buy_recall_05": 0.0,
  "valid_buy_f1_05": 0.0,
  "valid_buy_q90_threshold": 0.39476100459255853,
  "valid_buy_q95_threshold": 0.4095080417989358,
  "test_buy_auc": 0.5348958333333333,
  "test_buy_positive_rate": 0.21052631578947367,
  "test_buy_prob_mean": 0.2748598692706706,
  "test_buy_prob_std": 0.05622363954790873,
  "test_buy_prob_min": 0.16541225490900055,
  "test_buy_prob_max": 0.38995003573526066,
  "test_buy_acc_05": 0.7894736842105263,
  "test_buy_precision_05": 0.0,
  "test_buy_recall_05": 0.0,
  "test_buy_f1_05": 0.0,
  "test_buy_q90_threshold": 0.3377714006941539,
  "test_buy_q95_threshold": 0.34736157520661215,
  "valid_sell_auc": 0.5604512276045123,
  "valid_sell_positive_rate": 0.2864583333333333,
  "valid_sell_prob_mean": 0.32091057990833766,
  "valid_sell_prob_std": 0.05976660177602033,
  "valid_sell_prob_min": 0.1838141185970142,
  "valid_sell_prob_max": 0.4837114608493345,
  "valid_sell_acc_05": 0.7135416666666666,
  "valid_sell_precision_05": 0.0,
  "valid_sell_recall_05": 0.0,
  "valid_sell_f1_05": 0.0,
  "valid_sell_q90_threshold": 0.39615412498822156,
  "valid_sell_q95_threshold": 0.4341893776055725,
  "test_sell_auc": 0.5158823529411765,
  "test_sell_positive_rate": 0.32894736842105265,
  "test_sell_prob_mean": 0.31198637351573993,
  "test_sell_prob_std": 0.06352697476521033,
  "test_sell_prob_min": 0.19984004043642128,
  "test_sell_prob_max": 0.4498044974296942,
  "test_sell_acc_05": 0.6710526315789473,
  "test_sell_precision_05": 0.0,
  "test_sell_recall_05": 0.0,
  "test_sell_f1_05": 0.0,
  "test_sell_q90_threshold": 0.3939001492748315,
  "test_sell_q95_threshold": 0.4188130886040885
}