{
  "model": "MLP",
  "target_col": "label_round_trip_net",
  "feature_count": 194,
  "lookback": 32,
  "horizon": 3,
  "best_valid_auc": 0.5773630596347836,
  "valid_auc": 0.5773630596347836,
  "test_auc": 0.5542036596018514,
  "test_positive_rate": 0.2297510802745819,
  "pred_prob_mean": 0.4267253577709198,
  "pred_prob_std": 0.24882599711418152,
  "pred_prob_min": 0.004727011546492577,
  "pred_prob_max": 0.9969918727874756,
  "selected_threshold": 0.8360861659049988,
  "selected_quantile": 0.9,
  "selected_threshold_test_stats": {
    "threshold": 0.8360861659049988,
    "horizon": 3,
    "round_trip_cost": 0.003,
    "trade_count": 243,
    "win_rate": 0.3004115226337449,
    "gross_return_mean": -1.103532139797808e-05,
    "net_return_mean": -0.0030110353213979786,
    "gross_return_median": -0.0004997501249375258,
    "net_return_median": -0.003499750124937526,
    "total_return": -0.523473606624748,
    "max_drawdown": -0.5296927529735097,
    "sharpe": -38.90003730641735,
    "avg_pred_prob": 0.8952479026445146,
    "positive_label_rate": 0.3004115226337449,
    "selected_by": "validation_net_return_mean",
    "selected_quantile": 0.9
  },
  "output_dir": "outputs\\diagnostics\\model_backtests\\mlp"
}