{
  "model": "MLP",
  "target_col": "label_round_trip_net",
  "feature_count": 194,
  "lookback": 32,
  "horizon": 3,
  "best_valid_auc": 0.5851610610883425,
  "valid_auc": 0.5851610610883425,
  "test_auc": 0.5514533236800141,
  "test_positive_rate": 0.2297510802745819,
  "pred_prob_mean": 0.397462397813797,
  "pred_prob_std": 0.30167579650878906,
  "pred_prob_min": 1.2281730960239656e-05,
  "pred_prob_max": 0.9999817609786987,
  "selected_threshold": 0.9670019805431366,
  "selected_quantile": 0.95,
  "selected_threshold_test_stats": {
    "threshold": 0.9670019805431366,
    "horizon": 3,
    "round_trip_cost": 0.003,
    "trade_count": 124,
    "win_rate": 0.28225806451612906,
    "gross_return_mean": -0.0009592108663175184,
    "net_return_mean": -0.003959210866317519,
    "gross_return_median": -0.0011507927398834994,
    "net_return_median": -0.0041507927398834995,
    "total_return": -0.3915147419393784,
    "max_drawdown": -0.4048398570389359,
    "sharpe": -48.12074650962523,
    "avg_pred_prob": 0.9838195866154086,
    "positive_label_rate": 0.28225806451612906,
    "selected_by": "validation_net_return_mean",
    "selected_quantile": 0.95
  },
  "output_dir": "outputs\\diagnostics\\model_backtests\\mlp"
}