{
  "model": "MLP",
  "target_col": "label_t0_action",
  "label_mode": "t0_action_3class",
  "feature_count": 194,
  "lookback": 32,
  "horizon": 3,
  "valid_buy_auc": 0.5400928987693131,
  "test_buy_auc": 0.5180987823401679,
  "test_sell_auc": 0.5031372416199555,
  "test_action_acc": 0.36477676807585935,
  "test_buy_rate": 0.3280323982615567,
  "test_sell_rate": 0.37090082971157645,
  "pred_prob_mean": 0.3437473475933075,
  "pred_prob_max": 0.9998360872268677,
  "selected_threshold": 0.9511050790548325,
  "selected_quantile": 0.95,
  "selected_threshold_test_stats": {
    "threshold": 0.9511050790548325,
    "horizon": 3,
    "round_trip_cost": 0.003,
    "trade_count": 118,
    "win_rate": 0.3389830508474576,
    "gross_return_mean": 0.0002015337104712717,
    "net_return_mean": -0.0027984662895287286,
    "gross_return_median": 0.00032321727342965456,
    "net_return_median": -0.0026767827265703455,
    "total_return": -0.28485703795624084,
    "max_drawdown": -0.29004183212892465,
    "per_trade_sharpe": -0.3171196583526605,
    "trades_per_year": 153.85047099652948,
    "bar_annualized_sharpe": -34.178379416268896,
    "sharpe": -3.9334404535930605,
    "avg_pred_prob": 0.9744412277714681,
    "positive_label_rate": 1.076271186440678,
    "selected_by": "fixed_validation_buy_probability_quantile",
    "selected_quantile": 0.95
  },
  "output_dir": "outputs\\diagnostics\\model_backtests\\mlp"
}