{
  "scenario_count": 12,
  "all_alpha_positive": false,
  "min_alpha_total_return": -0.005764414392999795,
  "worst_alpha_max_drawdown": -0.007304029476791651,
  "min_trade_count": 12
}