model_label,epoch,train_loss,valid_loss,valid_auc,valid_prob_mean,valid_prob_max
LSTM_buy,1,1.0520814077274219,0.8782103061676025,0.5527099463966647,0.34358444809913635,0.4114728569984436
LSTM_buy,2,0.9555146871386347,0.8728770613670349,0.5390113162596784,0.42210447788238525,0.5897266268730164
LSTM_buy,3,0.9177398713859352,0.9127853512763977,0.5238237045860632,0.497607558965683,0.7422717809677124
