model_label,epoch,train_loss,valid_loss,valid_auc,valid_prob_mean,valid_prob_max
LSTM_sell,1,1.0620715698680363,1.0544706583023071,0.5096774193548388,0.3590424954891205,0.42371097207069397
LSTM_sell,2,0.9687444181055636,1.006348967552185,0.5044665012406948,0.43919941782951355,0.6153109669685364
LSTM_sell,3,0.9201591723674053,0.9910154342651367,0.5197270471464019,0.4801141321659088,0.6848834753036499
