{
  "model": "LSTM",
  "target_col_buy": "buy_label",
  "target_col_sell": "sell_label",
  "feature_count": 194,
  "lookback": 8,
  "params": {
    "hidden_dim": 256,
    "num_layers": 2,
    "dropout": 0.3,
    "output_dim": 1
  },
  "buy_fit": {
    "best_score": 0.5527099463966647,
    "best_valid_auc": 0.5527099463966647,
    "epochs_ran": 3,
    "pos_rate": 0.3125,
    "pos_weight": 2.2,
    "device": "cpu"
  },
  "sell_fit": {
    "best_score": 0.5197270471464019,
    "best_valid_auc": 0.5197270471464019,
    "epochs_ran": 3,
    "pos_rate": 0.30574324324324326,
    "pos_weight": 2.270718232044199,
    "device": "cpu"
  },
  "valid_buy_auc": 0.5527099463966647,
  "valid_buy_positive_rate": 0.23958333333333334,
  "valid_buy_prob_mean": 0.34358444809913635,
  "valid_buy_prob_std": 0.03064912185072899,
  "valid_buy_prob_min": 0.2941843867301941,
  "valid_buy_prob_max": 0.4114728569984436,
  "valid_buy_acc_05": 0.7604166666666666,
  "valid_buy_precision_05": 0.0,
  "valid_buy_recall_05": 0.0,
  "valid_buy_f1_05": 0.0,
  "valid_buy_q90_threshold": 0.3864171504974365,
  "valid_buy_q95_threshold": 0.40171074867248535,
  "test_buy_auc": 0.4199134199134199,
  "test_buy_positive_rate": 0.21710526315789475,
  "test_buy_prob_mean": 0.37149620056152344,
  "test_buy_prob_std": 0.02768290601670742,
  "test_buy_prob_min": 0.3135223686695099,
  "test_buy_prob_max": 0.4477759003639221,
  "test_buy_acc_05": 0.7828947368421053,
  "test_buy_precision_05": 0.0,
  "test_buy_recall_05": 0.0,
  "test_buy_f1_05": 0.0,
  "test_buy_q90_threshold": 0.40070652961730957,
  "test_buy_q95_threshold": 0.42493608593940735,
  "valid_sell_auc": 0.5197270471464019,
  "valid_sell_positive_rate": 0.3229166666666667,
  "valid_sell_prob_mean": 0.4801141321659088,
  "valid_sell_prob_std": 0.08586004376411438,
  "valid_sell_prob_min": 0.33308175206184387,
  "valid_sell_prob_max": 0.6848834753036499,
  "valid_sell_acc_05": 0.5572916666666666,
  "valid_sell_precision_05": 0.3380281690140845,
  "valid_sell_recall_05": 0.3870967741935484,
  "valid_sell_f1_05": 0.3609022556390977,
  "valid_sell_q90_threshold": 0.6059815287590027,
  "valid_sell_q95_threshold": 0.6424797773361206,
  "test_sell_auc": 0.46822867853795685,
  "test_sell_positive_rate": 0.3618421052631579,
  "test_sell_prob_mean": 0.4097130298614502,
  "test_sell_prob_std": 0.04351966455578804,
  "test_sell_prob_min": 0.3275059759616852,
  "test_sell_prob_max": 0.5626494288444519,
  "test_sell_acc_05": 0.6447368421052632,
  "test_sell_precision_05": 0.6,
  "test_sell_recall_05": 0.05454545454545454,
  "test_sell_f1_05": 0.1,
  "test_sell_q90_threshold": 0.46677854657173157,
  "test_sell_q95_threshold": 0.48871394991874695
}