{
  "total_return": 0.0635686117976042,
  "annualized_return": 1.4481045327252327,
  "max_drawdown": -0.04916799050959786,
  "sharpe": 3.4171398336375316,
  "sortino": 5.796032598357356,
  "calmar": 29.45218052876403,
  "trade_count": 36,
  "win_rate": 0.3611111111111111,
  "avg_net_return_per_trade": -0.003756492515263329,
  "median_net_return_per_trade": -0.005291712616666164,
  "backtest_mode": "a_share_inventory_t0",
  "trade_direction_mode": "sell_only",
  "buy_threshold": 0.6860697031021118,
  "sell_threshold": 0.8472542226314544,
  "initial_capital": 1000000.0,
  "final_equity": 1062892.182160501,
  "final_benchmark_equity": 1079076.0,
  "final_alpha_equity": 983816.1821605009,
  "alpha_total_return": -0.01618381783949907,
  "alpha_sharpe": -12.803534925210027,
  "alpha_sortino": -7.492596588897822,
  "alpha_calmar": -13.039716405565333,
  "alpha_max_drawdown": -0.01618381783949907,
  "base_shares": 10600,
  "ending_shares": 10600,
  "base_position_pct": 0.6,
  "max_t0_trade_pct": 0.3,
  "max_participation_rate": 0.05,
  "commission_rate": 0.001,
  "slippage_rate": 0.0005,
  "tp": 0.003,
  "sl": 0.002,
  "stop_loss_cooldown_bars": 0,
  "daily_max_trades": 0,
  "daily_max_losses": 0,
  "daily_loss_limit": 0.0,
  "no_overnight": true
}