{
  "total_return": -0.049682894527904864,
  "annualized_return": -0.5700327397867353,
  "max_drawdown": -0.0785352811423432,
  "sharpe": -2.4893069173858215,
  "sortino": -2.365628666185206,
  "calmar": -7.2583013837254295,
  "trade_count": 2,
  "win_rate": 0.0,
  "avg_net_return_per_trade": -0.006851964327753642,
  "median_net_return_per_trade": -0.006851964327753642,
  "backtest_mode": "a_share_inventory_t0",
  "trade_direction_mode": "sell_only",
  "buy_threshold": 0.7298367828130722,
  "sell_threshold": 0.933867600560188,
  "initial_capital": 1000000.0,
  "final_equity": 949944.58116675,
  "final_benchmark_equity": 953450.0,
  "final_alpha_equity": 996494.58116675,
  "alpha_total_return": -0.0035054188332499514,
  "alpha_sharpe": -7.410851496494592,
  "alpha_sortino": -1.03396980102837,
  "alpha_calmar": -16.118859132708284,
  "alpha_max_drawdown": -0.0035054188332499514,
  "base_shares": 9800,
  "ending_shares": 9800,
  "base_position_pct": 0.6,
  "max_t0_trade_pct": 0.3,
  "max_participation_rate": 0.05,
  "commission_rate": 0.0015,
  "slippage_rate": 0.0005,
  "tp": 0.003,
  "sl": 0.002,
  "stop_loss_cooldown_bars": 6,
  "daily_max_trades": 0,
  "daily_max_losses": 2,
  "daily_loss_limit": 0.0,
  "no_overnight": true
}