{
  "lookback": 12,
  "lookback_minutes": 60,
  "horizon": 3,
  "horizon_minutes": 15,
  "best_valid_auc": 0.6869007303032283,
  "valid_auc": 0.6869007303032283,
  "test_auc": 0.6341677043766776,
  "train_positive_rate": 0.1702900080206003,
  "valid_positive_rate": 0.20112392783200236,
  "test_positive_rate": 0.22959384858044163,
  "test_trade_return_mean_all": 0.00018560163781411308,
  "test_trade_return_mean_label_1": 0.00867635785389033,
  "selected_threshold": 0.7749912738800048,
  "selected_quantile": 0.95,
  "selected_threshold_test_stats": {
    "threshold": 0.7749912738800048,
    "horizon": 3,
    "round_trip_cost": 0.003,
    "trade_count": 138,
    "win_rate": 0.35507246376811596,
    "gross_return_mean": 0.00039154658395810837,
    "net_return_mean": -0.0026084534160418916,
    "gross_return_median": 0.0005750607696357601,
    "net_return_median": -0.00242493923036424,
    "total_return": -0.3091765843813056,
    "max_drawdown": -0.3413320117509262,
    "sharpe": -24.031783683698325,
    "avg_pred_prob": 0.7895574509233668,
    "positive_label_rate": 0.35507246376811596,
    "selected_by": "validation_net_return_mean",
    "selected_quantile": 0.95
  },
  "output_dir": "outputs\\diagnostics\\horizon_compare\\lb12_h3"
}