{
  "lookback": 12,
  "lookback_minutes": 60,
  "horizon": 3,
  "horizon_minutes": 15,
  "best_valid_auc": 0.6156014209641518,
  "valid_auc": 0.6156014209641518,
  "test_auc": 0.5699814233925968,
  "train_positive_rate": 0.27658406855502554,
  "valid_positive_rate": 0.29261559696342304,
  "test_positive_rate": 0.3281742902208202,
  "valid_action_metrics": {
    "accuracy": 0.4296559203391502,
    "buy_auc": 0.6156014209641518,
    "sell_auc": 0.613622012858081,
    "buy_positive_rate": 0.29261559696342304,
    "sell_positive_rate": 0.3544316277235532,
    "hold_rate": 0.35295277531302377
  },
  "test_action_metrics": {
    "accuracy": 0.3864353312302839,
    "buy_auc": 0.5699814233925968,
    "sell_auc": 0.5604034704041755,
    "buy_positive_rate": 0.3281742902208202,
    "sell_positive_rate": 0.37046529968454256,
    "hold_rate": 0.3013604100946372
  },
  "test_trade_return_mean_all": 0.00018560163781411308,
  "test_trade_return_mean_label_1": -6.8362054109583e-05,
  "selected_threshold": 0.5190039873123169,
  "selected_quantile": 0.95,
  "selected_threshold_test_stats": {
    "threshold": 0.5190039873123169,
    "horizon": 3,
    "round_trip_cost": 0.003,
    "trade_count": 170,
    "win_rate": 0.3411764705882353,
    "gross_return_mean": 0.0005978182953476714,
    "net_return_mean": -0.002402181704652329,
    "gross_return_median": -0.0002921260784659596,
    "net_return_median": -0.0032921260784659597,
    "total_return": -0.34518029835376196,
    "max_drawdown": -0.3911619253441183,
    "per_trade_sharpe": -0.1831899298027044,
    "trades_per_year": 197.0343437014511,
    "bar_annualized_sharpe": -19.743761577447373,
    "sharpe": -2.571417303728824,
    "avg_pred_prob": 0.534325638588737,
    "positive_label_rate": 0.5588235294117647,
    "buy_label_rate": 0.38235294117647056,
    "selected_by": "validation_net_return_mean",
    "selected_quantile": 0.95
  },
  "output_dir": "outputs\\diagnostics\\horizon_compare\\lb12_h3",
  "seed": 42
}