{
  "total_return": -0.08940979358597079,
  "annualized_return": -0.776225588852597,
  "max_drawdown": -0.11140095132813788,
  "sharpe": -5.990510153977062,
  "sortino": -9.450359557860176,
  "calmar": -6.967854220258677,
  "trade_count": 12,
  "win_rate": 0.4166666666666667,
  "avg_net_return_per_trade": -0.0033223653295663467,
  "median_net_return_per_trade": -0.005405956192641279,
  "backtest_mode": "a_share_inventory_t0",
  "trade_direction_mode": "sell_only",
  "buy_threshold": 0.6214971184730529,
  "sell_threshold": 0.9382578879594803,
  "initial_capital": 1000000.0,
  "final_equity": 909734.25162,
  "final_benchmark_equity": 911922.0,
  "final_alpha_equity": 997812.25162,
  "alpha_total_return": -0.002187748380000021,
  "alpha_sharpe": -2.6621882517440576,
  "alpha_sortino": -1.4617620335536579,
  "alpha_calmar": -7.900600950390622,
  "alpha_max_drawdown": -0.004354355792887898,
  "base_shares": 9400,
  "ending_shares": 9400,
  "base_position_pct": 0.6,
  "max_t0_trade_pct": 0.3,
  "max_participation_rate": 0.05,
  "commission_rate": 0.001,
  "slippage_rate": 0.0005,
  "tp": 0.003,
  "sl": 0.002,
  "stop_loss_cooldown_bars": 6,
  "daily_max_trades": 0,
  "daily_max_losses": 2,
  "daily_loss_limit": 0.0,
  "no_overnight": true
}