{
  "total_return": -0.002771682974281875,
  "annualized_return": -0.18271852384942255,
  "max_drawdown": -0.027697183163039707,
  "sharpe": 0.42608509334513256,
  "sortino": 0.7396002508591811,
  "calmar": -6.5970074564567955,
  "trade_count": 1,
  "win_rate": 0.0,
  "avg_net_return_per_trade": -0.00785938815198239,
  "median_net_return_per_trade": -0.00785938815198239,
  "backtest_mode": "a_share_inventory_t0",
  "trade_direction_mode": "sell_only",
  "buy_threshold": 0.6109327335007458,
  "sell_threshold": 0.7023395873606205,
  "initial_capital": 1000000.0,
  "final_equity": 1000788.4221175,
  "final_benchmark_equity": 1002520.0,
  "final_alpha_equity": 998268.4221175,
  "alpha_total_return": -0.0017315778825000017,
  "alpha_sharpe": -12.978123463985018,
  "alpha_sortino": -2.847872071675695,
  "alpha_calmar": -68.36274654703855,
  "alpha_max_drawdown": -0.0017315778825000017,
  "base_shares": 10500,
  "ending_shares": 10500,
  "base_position_pct": 0.6,
  "max_t0_trade_pct": 0.3,
  "max_participation_rate": 0.05,
  "commission_rate": 0.0015,
  "slippage_rate": 0.001,
  "tp": 0.003,
  "sl": 0.002,
  "no_overnight": true
}