{
  "model": "LSTM",
  "target_col_buy": "buy_label",
  "target_col_sell": "sell_label",
  "feature_count": 194,
  "lookback": 16,
  "params": {
    "hidden_dim": 256,
    "num_layers": 2,
    "dropout": 0.3,
    "output_dim": 1
  },
  "buy_fit": {
    "best_score": 0.5160919540229885,
    "best_valid_auc": 0.5160919540229885,
    "epochs_ran": 15,
    "pos_rate": 0.2490577889447236,
    "pos_weight": 3.0151324085750315,
    "device": "cpu"
  },
  "sell_fit": {
    "best_score": 0.5590693471877117,
    "best_valid_auc": 0.5590693471877117,
    "epochs_ran": 11,
    "pos_rate": 0.3417085427135678,
    "pos_weight": 1.9264705882352944,
    "device": "cpu"
  },
  "valid_buy_auc": 0.5160919540229885,
  "valid_buy_positive_rate": 0.2602040816326531,
  "valid_buy_prob_mean": 0.41927266120910645,
  "valid_buy_prob_std": 0.16688232123851776,
  "valid_buy_prob_min": 0.0586603544652462,
  "valid_buy_prob_max": 0.7359969019889832,
  "valid_buy_acc_05": 0.5573979591836735,
  "valid_buy_precision_05": 0.264026402640264,
  "valid_buy_recall_05": 0.39215686274509803,
  "valid_buy_f1_05": 0.3155818540433925,
  "valid_buy_q90_threshold": 0.6435075998306274,
  "valid_buy_q95_threshold": 0.6692588925361633,
  "test_buy_auc": 0.4928794045716607,
  "test_buy_positive_rate": 0.24362244897959184,
  "test_buy_prob_mean": 0.47531259059906006,
  "test_buy_prob_std": 0.18302421271800995,
  "test_buy_prob_min": 0.032568447291851044,
  "test_buy_prob_max": 0.7880172729492188,
  "test_buy_acc_05": 0.45790816326530615,
  "test_buy_precision_05": 0.2328767123287671,
  "test_buy_recall_05": 0.5340314136125655,
  "test_buy_f1_05": 0.32432432432432434,
  "test_buy_q90_threshold": 0.6839329600334167,
  "test_buy_q95_threshold": 0.7201405167579651,
  "valid_sell_auc": 0.5590693471877117,
  "valid_sell_positive_rate": 0.2971938775510204,
  "valid_sell_prob_mean": 0.47511497139930725,
  "valid_sell_prob_std": 0.07738097012042999,
  "valid_sell_prob_min": 0.31155475974082947,
  "valid_sell_prob_max": 0.6507378220558167,
  "valid_sell_acc_05": 0.5943877551020408,
  "valid_sell_precision_05": 0.3588039867109635,
  "valid_sell_recall_05": 0.463519313304721,
  "valid_sell_f1_05": 0.4044943820224719,
  "valid_sell_q90_threshold": 0.5814172029495239,
  "valid_sell_q95_threshold": 0.6061013340950012,
  "test_sell_auc": 0.5800653939457863,
  "test_sell_positive_rate": 0.3635204081632653,
  "test_sell_prob_mean": 0.4247950315475464,
  "test_sell_prob_std": 0.07604292780160904,
  "test_sell_prob_min": 0.2153196483850479,
  "test_sell_prob_max": 0.6506446003913879,
  "test_sell_acc_05": 0.6071428571428571,
  "test_sell_precision_05": 0.4206896551724138,
  "test_sell_recall_05": 0.21403508771929824,
  "test_sell_f1_05": 0.2837209302325581,
  "test_sell_q90_threshold": 0.5370951294898987,
  "test_sell_q95_threshold": 0.5584264993667603
}