{
  "lookback": 6,
  "lookback_minutes": 30,
  "horizon": 12,
  "horizon_minutes": 60,
  "best_valid_auc": 0.5705432133528414,
  "valid_auc": 0.5705432133528414,
  "test_auc": 0.5254331627194982,
  "train_positive_rate": 0.359956097766896,
  "valid_positive_rate": 0.3588884509262909,
  "test_positive_rate": 0.3944619629483642,
  "valid_action_metrics": {
    "accuracy": 0.42303902246748126,
    "buy_auc": 0.5705432133528414,
    "sell_auc": 0.5424638939359661,
    "buy_positive_rate": 0.3588884509262909,
    "sell_positive_rate": 0.4562475364603863,
    "hold_rate": 0.18486401261332283
  },
  "test_action_metrics": {
    "accuracy": 0.42156089869925106,
    "buy_auc": 0.5254331627194982,
    "sell_auc": 0.5307368444098577,
    "buy_positive_rate": 0.3944619629483642,
    "sell_positive_rate": 0.45969649191959006,
    "hold_rate": 0.14584154513204572
  },
  "test_trade_return_mean_all": 0.0006661114750419357,
  "test_trade_return_mean_label_1": -4.1797926702577834e-05,
  "selected_threshold": 0.43941468745470047,
  "selected_quantile": 0.95,
  "selected_threshold_test_stats": {
    "threshold": 0.43941468745470047,
    "horizon": 12,
    "round_trip_cost": 0.003,
    "trade_count": 74,
    "win_rate": 0.35135135135135137,
    "gross_return_mean": -0.00019550859542656732,
    "net_return_mean": -0.0031955085954265684,
    "gross_return_median": -0.001552362319413969,
    "net_return_median": -0.004552362319413969,
    "total_return": -0.22343710557592267,
    "max_drawdown": -0.2959128164505539,
    "per_trade_sharpe": -0.15125574508141418,
    "trades_per_year": 86.87150414034775,
    "bar_annualized_sharpe": -16.301973429013852,
    "sharpe": -1.4097774184855454,
    "avg_pred_prob": 0.44859777592323924,
    "positive_label_rate": 0.5,
    "buy_label_rate": 0.4594594594594595,
    "selected_by": "validation_net_return_mean",
    "selected_quantile": 0.95
  },
  "output_dir": "outputs\\diagnostics\\robustness\\lb6_h12\\seed_11",
  "seed": 11
}