{
  "total_return": 0.08049502028347577,
  "annualized_return": 2.0830990141134236,
  "max_drawdown": -0.04595175708449051,
  "sharpe": 4.2443756069244145,
  "sortino": 7.204942801483941,
  "calmar": 45.332303839508775,
  "trade_count": 3,
  "win_rate": 0.6666666666666666,
  "avg_net_return_per_trade": -0.0014933021393146232,
  "median_net_return_per_trade": 0.0010861981401736926,
  "backtest_mode": "a_share_inventory_t0",
  "trade_direction_mode": "sell_only",
  "buy_threshold": 0.669258889555931,
  "sell_threshold": 0.6061013400554657,
  "initial_capital": 1000000.0,
  "final_equity": 1078891.565673375,
  "final_benchmark_equity": 1079288.0,
  "final_alpha_equity": 999603.565673375,
  "alpha_total_return": -0.00039643432662495037,
  "alpha_sharpe": -0.6409240813060196,
  "alpha_sortino": -0.19373363023000365,
  "alpha_calmar": -2.437378742399267,
  "alpha_max_drawdown": -0.0023591033900047798,
  "base_shares": 10600,
  "ending_shares": 10600,
  "base_position_pct": 0.6,
  "max_t0_trade_pct": 0.3,
  "max_participation_rate": 0.02,
  "commission_rate": 0.0015,
  "slippage_rate": 0.00075,
  "tp": 0.004,
  "sl": 0.002,
  "stop_loss_cooldown_bars": 0,
  "daily_max_trades": 0,
  "daily_max_losses": 0,
  "daily_loss_limit": 0.0,
  "no_overnight": true
}