{
  "model": "LSTM",
  "target_col_buy": "buy_label",
  "target_col_sell": "sell_label",
  "feature_count": 194,
  "lookback": 24,
  "params": {
    "hidden_dim": 256,
    "num_layers": 2,
    "dropout": 0.3,
    "output_dim": 1
  },
  "buy_fit": {
    "best_score": 0.5309372797744891,
    "best_valid_auc": 0.5309372797744891,
    "epochs_ran": 11,
    "pos_rate": 0.2704659949622166,
    "pos_weight": 2.6973224679860306,
    "device": "cpu"
  },
  "sell_fit": {
    "best_score": 0.541148640787994,
    "best_valid_auc": 0.541148640787994,
    "epochs_ran": 16,
    "pos_rate": 0.34005037783375314,
    "pos_weight": 1.9407407407407409,
    "device": "cpu"
  },
  "valid_buy_auc": 0.5309372797744891,
  "valid_buy_positive_rate": 0.2770618556701031,
  "valid_buy_prob_mean": 0.5693918466567993,
  "valid_buy_prob_std": 0.11857754737138748,
  "valid_buy_prob_min": 0.3587665259838104,
  "valid_buy_prob_max": 0.8905450105667114,
  "valid_buy_acc_05": 0.42912371134020616,
  "valid_buy_precision_05": 0.2840909090909091,
  "valid_buy_recall_05": 0.6976744186046512,
  "valid_buy_f1_05": 0.4037685060565276,
  "valid_buy_q90_threshold": 0.7363318800926208,
  "valid_buy_q95_threshold": 0.7795956134796143,
  "test_buy_auc": 0.5522104208586978,
  "test_buy_positive_rate": 0.2667525773195876,
  "test_buy_prob_mean": 0.5388850569725037,
  "test_buy_prob_std": 0.1223018690943718,
  "test_buy_prob_min": 0.3240894079208374,
  "test_buy_prob_max": 0.8532059192657471,
  "test_buy_acc_05": 0.5077319587628866,
  "test_buy_precision_05": 0.30248306997742663,
  "test_buy_recall_05": 0.6473429951690821,
  "test_buy_f1_05": 0.4123076923076923,
  "test_buy_q90_threshold": 0.7366161346435547,
  "test_buy_q95_threshold": 0.78641676902771,
  "valid_sell_auc": 0.541148640787994,
  "valid_sell_positive_rate": 0.31056701030927836,
  "valid_sell_prob_mean": 0.5185108184814453,
  "valid_sell_prob_std": 0.1987108588218689,
  "valid_sell_prob_min": 0.10609392076730728,
  "valid_sell_prob_max": 0.9151535630226135,
  "valid_sell_acc_05": 0.5038659793814433,
  "valid_sell_precision_05": 0.330188679245283,
  "valid_sell_recall_05": 0.5809128630705395,
  "valid_sell_f1_05": 0.42105263157894735,
  "valid_sell_q90_threshold": 0.7698721885681152,
  "valid_sell_q95_threshold": 0.8284404277801514,
  "test_sell_auc": 0.5332112131388803,
  "test_sell_positive_rate": 0.30541237113402064,
  "test_sell_prob_mean": 0.4676557779312134,
  "test_sell_prob_std": 0.19118139147758484,
  "test_sell_prob_min": 0.10048374533653259,
  "test_sell_prob_max": 0.9196030497550964,
  "test_sell_acc_05": 0.5682989690721649,
  "test_sell_precision_05": 0.34591194968553457,
  "test_sell_recall_05": 0.4641350210970464,
  "test_sell_f1_05": 0.3963963963963964,
  "test_sell_q90_threshold": 0.7478105425834656,
  "test_sell_q95_threshold": 0.8098713159561157
}