{
  "total_return": -0.10538734075939993,
  "annualized_return": -0.841901332332935,
  "max_drawdown": -0.11862841342045749,
  "sharpe": -6.998527160453282,
  "sortino": -10.998712188442791,
  "calmar": -7.096961917116468,
  "trade_count": 19,
  "win_rate": 0.3157894736842105,
  "avg_net_return_per_trade": -0.0038830531786255753,
  "median_net_return_per_trade": -0.005890244485465265,
  "backtest_mode": "a_share_inventory_t0",
  "trade_direction_mode": "sell_only",
  "buy_threshold": 0.6604762256145478,
  "sell_threshold": 0.8176878952980042,
  "initial_capital": 1000000.0,
  "final_equity": 897275.0265145001,
  "final_benchmark_equity": 906349.0,
  "final_alpha_equity": 990926.0265145001,
  "alpha_total_return": -0.009073973485499875,
  "alpha_sharpe": -9.454695403395101,
  "alpha_sortino": -4.218707394512867,
  "alpha_calmar": -12.321174405049137,
  "alpha_max_drawdown": -0.011373435055100578,
  "base_shares": 9300,
  "ending_shares": 9300,
  "base_position_pct": 0.6,
  "max_t0_trade_pct": 0.3,
  "max_participation_rate": 0.05,
  "commission_rate": 0.001,
  "slippage_rate": 0.0005,
  "tp": 0.003,
  "sl": 0.002,
  "stop_loss_cooldown_bars": 6,
  "daily_max_trades": 0,
  "daily_max_losses": 2,
  "daily_loss_limit": 0.0,
  "no_overnight": true
}