model_label,epoch,train_loss,valid_loss,valid_auc,valid_prob_mean,valid_prob_max
LSTM_buy,1,1.2133542170395721,1.1656752824783325,0.5303379937559387,0.29361844062805176,0.46199461817741394
LSTM_buy,2,1.0465766320357452,1.1026837825775146,0.5405185285733678,0.3483482897281647,0.6357821226119995
LSTM_buy,3,0.9605129860542916,1.0794802904129028,0.5281661463282203,0.41290464997291565,0.7526480555534363
