model_label,epoch,train_loss,valid_loss,valid_auc,valid_prob_mean,valid_prob_max
LSTM_sell,1,0.9305121737557489,0.880345344543457,0.4207233137279439,0.39720192551612854,0.5084223747253418
LSTM_sell,2,0.8644947248536188,0.8705324530601501,0.4851708171693155,0.44693851470947266,0.6263644099235535
LSTM_sell,3,0.8403718906479913,0.887688398361206,0.5119509448129146,0.49281057715415955,0.7269025444984436
