{
  "model": "LSTM",
  "target_col_buy": "buy_label",
  "target_col_sell": "sell_label",
  "feature_count": 194,
  "lookback": 8,
  "params": {
    "hidden_dim": 256,
    "num_layers": 2,
    "dropout": 0.3,
    "output_dim": 1
  },
  "buy_fit": {
    "best_score": 0.5405185285733678,
    "best_valid_auc": 0.5405185285733678,
    "epochs_ran": 3,
    "pos_rate": 0.2685810810810811,
    "pos_weight": 2.723270440251572,
    "device": "cpu"
  },
  "sell_fit": {
    "best_score": 0.5119509448129146,
    "best_valid_auc": 0.5119509448129146,
    "epochs_ran": 3,
    "pos_rate": 0.36317567567567566,
    "pos_weight": 1.7534883720930234,
    "device": "cpu"
  },
  "valid_buy_auc": 0.5405185285733678,
  "valid_buy_positive_rate": 0.2760416666666667,
  "valid_buy_prob_mean": 0.3483482897281647,
  "valid_buy_prob_std": 0.0860988050699234,
  "valid_buy_prob_min": 0.22971788048744202,
  "valid_buy_prob_max": 0.6357821226119995,
  "valid_buy_acc_05": 0.7239583333333334,
  "valid_buy_precision_05": 0.5,
  "valid_buy_recall_05": 0.11320754716981132,
  "valid_buy_f1_05": 0.18461538461538463,
  "valid_buy_q90_threshold": 0.4618583619594574,
  "valid_buy_q95_threshold": 0.5017867684364319,
  "test_buy_auc": 0.5482311579872555,
  "test_buy_positive_rate": 0.26973684210526316,
  "test_buy_prob_mean": 0.33858659863471985,
  "test_buy_prob_std": 0.07915223389863968,
  "test_buy_prob_min": 0.22929635643959045,
  "test_buy_prob_max": 0.6215624213218689,
  "test_buy_acc_05": 0.7039473684210527,
  "test_buy_precision_05": 0.3,
  "test_buy_recall_05": 0.07317073170731707,
  "test_buy_f1_05": 0.11764705882352941,
  "test_buy_q90_threshold": 0.4447898864746094,
  "test_buy_q95_threshold": 0.5373361110687256,
  "valid_sell_auc": 0.5119509448129146,
  "valid_sell_positive_rate": 0.3177083333333333,
  "valid_sell_prob_mean": 0.49281057715415955,
  "valid_sell_prob_std": 0.118641197681427,
  "valid_sell_prob_min": 0.2384246289730072,
  "valid_sell_prob_max": 0.7269025444984436,
  "valid_sell_acc_05": 0.5052083333333334,
  "valid_sell_precision_05": 0.3111111111111111,
  "valid_sell_recall_05": 0.45901639344262296,
  "valid_sell_f1_05": 0.3708609271523179,
  "valid_sell_q90_threshold": 0.6553128361701965,
  "valid_sell_q95_threshold": 0.6769586801528931,
  "test_sell_auc": 0.4664705882352942,
  "test_sell_positive_rate": 0.32894736842105265,
  "test_sell_prob_mean": 0.516114354133606,
  "test_sell_prob_std": 0.08855797350406647,
  "test_sell_prob_min": 0.30968257784843445,
  "test_sell_prob_max": 0.7194682359695435,
  "test_sell_acc_05": 0.4605263157894737,
  "test_sell_precision_05": 0.3048780487804878,
  "test_sell_recall_05": 0.5,
  "test_sell_f1_05": 0.3787878787878788,
  "test_sell_q90_threshold": 0.620536208152771,
  "test_sell_q95_threshold": 0.6524353623390198
}