{
  "total_return": -0.04932578944646293,
  "annualized_return": -0.5673487933052128,
  "max_drawdown": -0.07853082970586023,
  "sharpe": -2.4709024778701063,
  "sortino": -2.3477490728719315,
  "calmar": -7.224535834273445,
  "trade_count": 2,
  "win_rate": 0.0,
  "avg_net_return_per_trade": -0.006699175968898627,
  "median_net_return_per_trade": -0.006699175968898627,
  "backtest_mode": "a_share_inventory_t0",
  "trade_direction_mode": "sell_only",
  "buy_threshold": 0.7298367828130722,
  "sell_threshold": 0.9257666182518005,
  "initial_capital": 1000000.0,
  "final_equity": 950301.5462630001,
  "final_benchmark_equity": 953450.0,
  "final_alpha_equity": 996851.5462630001,
  "alpha_total_return": -0.003148453736999901,
  "alpha_sharpe": -7.21000649042506,
  "alpha_sortino": -0.9566276805822903,
  "alpha_calmar": -15.893531765656013,
  "alpha_max_drawdown": -0.0032019148412391063,
  "base_shares": 9800,
  "ending_shares": 9800,
  "base_position_pct": 0.6,
  "max_t0_trade_pct": 0.3,
  "max_participation_rate": 0.05,
  "commission_rate": 0.001,
  "slippage_rate": 0.0005,
  "tp": 0.003,
  "sl": 0.002,
  "stop_loss_cooldown_bars": 6,
  "daily_max_trades": 0,
  "daily_max_losses": 2,
  "daily_loss_limit": 0.0,
  "no_overnight": true
}