{
  "total_return": 0.07138595092128619,
  "annualized_return": 1.7229083068697228,
  "max_drawdown": -0.04735704672705765,
  "sharpe": 3.804058858443901,
  "sortino": 6.423104693978993,
  "calmar": 36.38124473427799,
  "trade_count": 17,
  "win_rate": 0.4117647058823529,
  "avg_net_return_per_trade": -0.0038506717666674534,
  "median_net_return_per_trade": -0.005088526957451431,
  "backtest_mode": "a_share_inventory_t0",
  "trade_direction_mode": "sell_only",
  "buy_threshold": 0.6860697031021118,
  "sell_threshold": 0.9222766733169556,
  "initial_capital": 1000000.0,
  "final_equity": 1070704.5494565002,
  "final_benchmark_equity": 1079076.0,
  "final_alpha_equity": 991628.5494565002,
  "alpha_total_return": -0.008371450543499748,
  "alpha_sharpe": -9.885492736686661,
  "alpha_sortino": -3.972768060804299,
  "alpha_calmar": -13.732792307064143,
  "alpha_max_drawdown": -0.008371450543499748,
  "base_shares": 10600,
  "ending_shares": 10600,
  "base_position_pct": 0.6,
  "max_t0_trade_pct": 0.3,
  "max_participation_rate": 0.05,
  "commission_rate": 0.001,
  "slippage_rate": 0.0005,
  "tp": 0.003,
  "sl": 0.002,
  "stop_loss_cooldown_bars": 0,
  "daily_max_trades": 0,
  "daily_max_losses": 0,
  "daily_loss_limit": 0.0,
  "no_overnight": true
}