{
  "lookback": 24,
  "lookback_minutes": 120,
  "horizon": 3,
  "horizon_minutes": 15,
  "best_valid_auc": 0.6168578899954957,
  "valid_auc": 0.6168578899954957,
  "test_auc": 0.5702309321121225,
  "train_positive_rate": 0.27650635476924373,
  "valid_positive_rate": 0.29296219524232553,
  "test_positive_rate": 0.3281681800236873,
  "valid_action_metrics": {
    "accuracy": 0.4366794985687494,
    "buy_auc": 0.6168578899954957,
    "sell_auc": 0.6129330354786925,
    "buy_positive_rate": 0.29296219524232553,
    "sell_positive_rate": 0.3548514460566578,
    "hold_rate": 0.35218635870101667
  },
  "test_action_metrics": {
    "accuracy": 0.38491906829846034,
    "buy_auc": 0.5702309321121225,
    "sell_auc": 0.5628188603058553,
    "buy_positive_rate": 0.3281681800236873,
    "sell_positive_rate": 0.3706079747335176,
    "hold_rate": 0.3012238452427951
  },
  "test_trade_return_mean_all": 0.00018592244793410836,
  "test_trade_return_mean_label_1": -6.770385537476304e-05,
  "selected_threshold": 0.5029648542404175,
  "selected_quantile": 0.95,
  "selected_threshold_test_stats": {
    "threshold": 0.5029648542404175,
    "horizon": 3,
    "round_trip_cost": 0.003,
    "trade_count": 179,
    "win_rate": 0.3240223463687151,
    "gross_return_mean": 0.00021291536508389242,
    "net_return_mean": -0.002787084634916108,
    "gross_return_median": -0.0009093389106119565,
    "net_return_median": -0.0039093389106119565,
    "total_return": -0.401563202057728,
    "max_drawdown": -0.4417856657396385,
    "per_trade_sharpe": -0.22347718502325375,
    "trades_per_year": 203.0405124168347,
    "bar_annualized_sharpe": -24.085823188262815,
    "sharpe": -3.1843774705739,
    "avg_pred_prob": 0.5201214971489081,
    "positive_label_rate": 0.5418994413407822,
    "buy_label_rate": 0.3743016759776536,
    "selected_by": "validation_net_return_mean",
    "selected_quantile": 0.95
  },
  "output_dir": "outputs\\diagnostics\\horizon_compare\\lb24_h3",
  "seed": 42
}