{
  "lookback": 24,
  "lookback_minutes": 120,
  "horizon": 3,
  "horizon_minutes": 15,
  "best_valid_auc": 0.6882270848025281,
  "valid_auc": 0.6882270848025281,
  "test_auc": 0.6363369256403888,
  "train_positive_rate": 0.170248701600304,
  "valid_positive_rate": 0.2013621557595499,
  "test_positive_rate": 0.22976707461508092,
  "test_trade_return_mean_all": 0.00018592244793410836,
  "test_trade_return_mean_label_1": 0.008678720027294503,
  "selected_threshold": 0.780855655670166,
  "selected_quantile": 0.95,
  "selected_threshold_test_stats": {
    "threshold": 0.780855655670166,
    "horizon": 3,
    "round_trip_cost": 0.003,
    "trade_count": 121,
    "win_rate": 0.34710743801652894,
    "gross_return_mean": -0.000290603354253875,
    "net_return_mean": -0.0032906033542538754,
    "gross_return_median": -0.00035066187428767215,
    "net_return_median": -0.003350661874287672,
    "total_return": -0.3356209716838997,
    "max_drawdown": -0.3560330912264832,
    "sharpe": -27.426586809559268,
    "avg_pred_prob": 0.7949477636124477,
    "positive_label_rate": 0.34710743801652894,
    "selected_by": "validation_net_return_mean",
    "selected_quantile": 0.95
  },
  "output_dir": "outputs\\diagnostics\\horizon_compare\\lb24_h3"
}