{
  "scenario_count": 12,
  "all_alpha_positive": false,
  "min_alpha_total_return": -0.0026717580892501314,
  "worst_alpha_max_drawdown": -0.0034459417815705384,
  "min_trade_count": 6
}