{
  "model": "LogisticRegression",
  "target_col_buy": "buy_label",
  "target_col_sell": "sell_label",
  "feature_count": 194,
  "lookback_aligned_to_sequence_models": 32,
  "params": {
    "max_iter": 2000,
    "C": 1.0,
    "class_weight": "balanced",
    "random_state": 42
  },
  "valid_buy_auc": 0.5678310529244279,
  "valid_buy_positive_rate": 0.25108652706440143,
  "valid_buy_prob_mean": 0.5161846644334459,
  "valid_buy_prob_std": 0.1005045177038329,
  "valid_buy_prob_min": 0.056853211394424424,
  "valid_buy_prob_max": 0.9974578563865892,
  "valid_buy_acc_05": 0.5226195179770842,
  "valid_buy_precision_05": 0.28447789275634994,
  "valid_buy_recall_05": 0.5948072383949646,
  "valid_buy_f1_05": 0.3848797250859107,
  "valid_buy_q90_threshold": 0.642036893605146,
  "valid_buy_q95_threshold": 0.6897639108911902,
  "test_buy_auc": 0.5239744160422753,
  "test_buy_positive_rate": 0.2813117344922955,
  "test_buy_prob_mean": 0.5194466919798839,
  "test_buy_prob_std": 0.08129677943411663,
  "test_buy_prob_min": 0.1844073658502416,
  "test_buy_prob_max": 0.9999105623547963,
  "test_buy_acc_05": 0.49170288423548003,
  "test_buy_precision_05": 0.29430719656283566,
  "test_buy_recall_05": 0.577247191011236,
  "test_buy_f1_05": 0.389850604695281,
  "test_buy_q90_threshold": 0.625996068805563,
  "test_buy_q95_threshold": 0.6711848767576571,
  "valid_sell_auc": 0.5532145059618809,
  "valid_sell_positive_rate": 0.2906953773212169,
  "valid_sell_prob_mean": 0.5383761433443006,
  "valid_sell_prob_std": 0.08929613770086617,
  "valid_sell_prob_min": 0.004691297494814347,
  "valid_sell_prob_max": 0.9202444416478807,
  "valid_sell_acc_05": 0.46009482418016595,
  "valid_sell_precision_05": 0.3129170992139997,
  "valid_sell_recall_05": 0.7169554875976895,
  "valid_sell_f1_05": 0.43568036341110883,
  "valid_sell_q90_threshold": 0.6485819639918645,
  "valid_sell_q95_threshold": 0.6901160413100603,
  "test_sell_auc": 0.5168316804019656,
  "test_sell_positive_rate": 0.29879494271039114,
  "test_sell_prob_mean": 0.5534785190859447,
  "test_sell_prob_std": 0.07158168986476979,
  "test_sell_prob_min": 3.099231411974446e-05,
  "test_sell_prob_max": 0.8950130168091783,
  "test_sell_acc_05": 0.3969774792572106,
  "test_sell_precision_05": 0.3057027504415847,
  "test_sell_recall_05": 0.80099173553719,
  "test_sell_f1_05": 0.44251666514473564,
  "test_sell_q90_threshold": 0.6466945893029631,
  "test_sell_q95_threshold": 0.6813014460065245
}