{
  "total_return": 0.07349797790913337,
  "annualized_return": 1.8155866664446552,
  "max_drawdown": -0.04834251178749793,
  "sharpe": 3.9623552145723124,
  "sortino": 6.737257782117696,
  "calmar": 37.55673007694631,
  "trade_count": 2,
  "win_rate": 0.0,
  "avg_net_return_per_trade": -0.009925370480530323,
  "median_net_return_per_trade": -0.009925370480530323,
  "backtest_mode": "a_share_inventory_t0",
  "trade_direction_mode": "sell_only",
  "buy_threshold": 0.6164289712905884,
  "sell_threshold": 0.62716144323349,
  "initial_capital": 1000000.0,
  "final_equity": 1073042.8147665,
  "final_benchmark_equity": 1078122.0,
  "final_alpha_equity": 994920.8147664999,
  "alpha_total_return": -0.005079185233500039,
  "alpha_sharpe": -5.627896950230525,
  "alpha_sortino": -0.7355959125119707,
  "alpha_calmar": -14.102438840372454,
  "alpha_max_drawdown": -0.005079185233500372,
  "base_shares": 10600,
  "ending_shares": 10600,
  "base_position_pct": 0.6,
  "max_t0_trade_pct": 0.3,
  "max_participation_rate": 0.05,
  "commission_rate": 0.001,
  "slippage_rate": 0.00075,
  "tp": 0.003,
  "sl": 0.002,
  "stop_loss_cooldown_bars": 6,
  "daily_max_trades": 0,
  "daily_max_losses": 2,
  "daily_loss_limit": 0.0,
  "no_overnight": true
}