{
  "total_return": -0.03438978453280295,
  "annualized_return": -0.9214500197963876,
  "max_drawdown": -0.03717412436272316,
  "sharpe": -16.764121134354102,
  "sortino": -19.26487362574928,
  "calmar": -24.78740348543041,
  "trade_count": 9,
  "win_rate": 0.0,
  "avg_net_return_per_trade": -0.006502424061630531,
  "median_net_return_per_trade": -0.006530624812145721,
  "backtest_mode": "a_share_inventory_t0",
  "buy_threshold": 0.5505254559569545,
  "sell_threshold": 0.46384699194966206,
  "initial_capital": 1000000.0,
  "final_equity": 964923.6666039999,
  "final_benchmark_equity": 972429.0,
  "final_alpha_equity": 992494.6666039999,
  "alpha_total_return": -0.0075053333960001245,
  "alpha_sharpe": -19.294457069928075,
  "alpha_sortino": -10.65539971352129,
  "alpha_calmar": -56.1872977678629,
  "alpha_max_drawdown": -0.0075053333960001245,
  "base_shares": 7900,
  "ending_shares": 7900,
  "base_position_pct": 0.6,
  "max_t0_trade_pct": 0.3,
  "max_participation_rate": 0.05,
  "commission_rate": 0.001,
  "slippage_rate": 0.001,
  "tp": 0.003,
  "sl": 0.002,
  "no_overnight": true
}