{
  "total_return": -0.0904546516560566,
  "annualized_return": -0.7802947599054519,
  "max_drawdown": -0.11352274385924899,
  "sharpe": -6.0849489065790205,
  "sortino": -9.593128212061117,
  "calmar": -6.873466350257525,
  "trade_count": 15,
  "win_rate": 0.5333333333333333,
  "avg_net_return_per_trade": -0.0016954888711711812,
  "median_net_return_per_trade": 0.00022609227638559475,
  "backtest_mode": "a_share_inventory_t0",
  "trade_direction_mode": "sell_only",
  "buy_threshold": 0.6360969454050064,
  "sell_threshold": 0.8860275483131409,
  "initial_capital": 1000000.0,
  "final_equity": 908690.3757165001,
  "final_benchmark_equity": 911922.0,
  "final_alpha_equity": 996768.3757165001,
  "alpha_total_return": -0.0032316242834998787,
  "alpha_sharpe": -3.8663099313718754,
  "alpha_sortino": -1.5581876469803755,
  "alpha_calmar": -7.052824508002507,
  "alpha_max_drawdown": -0.007149321774974626,
  "base_shares": 9400,
  "ending_shares": 9400,
  "base_position_pct": 0.6,
  "max_t0_trade_pct": 0.3,
  "max_participation_rate": 0.05,
  "commission_rate": 0.001,
  "slippage_rate": 0.0005,
  "tp": 0.003,
  "sl": 0.002,
  "stop_loss_cooldown_bars": 0,
  "daily_max_trades": 0,
  "daily_max_losses": 0,
  "daily_loss_limit": 0.0,
  "no_overnight": true
}