side,reason,count,ratio
buy,stop_loss,34347,0.5073037441843291
buy,timeout_loss,16442,0.24284764788420354
buy,take_profit,11709,0.1729414371169042
buy,timeout_win,5207,0.07690717081456318
sell,stop_loss,32522,0.48034857100657263
sell,timeout_loss,15674,0.23150432021268738
sell,take_profit,11570,0.17088841296802304
sell,timeout_win,7939,0.11725869581271693
