{
  "total_return": -0.044076823269906806,
  "annualized_return": -0.5396157586189778,
  "max_drawdown": -0.07891027415177465,
  "sharpe": -2.062501807586145,
  "sortino": -1.95722372570308,
  "calmar": -6.838346012853665,
  "trade_count": 5,
  "win_rate": 0.6,
  "avg_net_return_per_trade": -0.0013438967632515926,
  "median_net_return_per_trade": 0.0013169833676213187,
  "backtest_mode": "a_share_inventory_t0",
  "trade_direction_mode": "sell_only",
  "buy_threshold": 0.7473482042551041,
  "sell_threshold": 0.9047144800424576,
  "initial_capital": 1000000.0,
  "final_equity": 958289.0865925002,
  "final_benchmark_equity": 957628.0,
  "final_alpha_equity": 1000661.0865925002,
  "alpha_total_return": 0.000661086592500304,
  "alpha_sharpe": 0.8438374894881794,
  "alpha_sortino": 0.4332096237343374,
  "alpha_calmar": 5.6148517157944475,
  "alpha_max_drawdown": -0.0020369324900418873,
  "base_shares": 9900,
  "ending_shares": 9900,
  "base_position_pct": 0.6,
  "max_t0_trade_pct": 0.3,
  "max_participation_rate": 0.02,
  "commission_rate": 0.001,
  "slippage_rate": 0.0005,
  "tp": 0.003,
  "sl": 0.002,
  "stop_loss_cooldown_bars": 0,
  "daily_max_trades": 0,
  "daily_max_losses": 0,
  "daily_loss_limit": 0.0,
  "no_overnight": true
}