{
  "total_return": 0.0014739331128936772,
  "annualized_return": 0.1130133398202382,
  "max_drawdown": -0.01570561660914549,
  "sharpe": 1.1344133429353933,
  "sortino": 1.8656913105180246,
  "calmar": 7.195727657991457,
  "trade_count": 3,
  "win_rate": 0.0,
  "avg_net_return_per_trade": -0.007071659952242382,
  "median_net_return_per_trade": -0.0073546742127879,
  "backtest_mode": "a_share_inventory_t0",
  "trade_direction_mode": "sell_only",
  "buy_threshold": 0.5084829671873515,
  "sell_threshold": 0.602220640428732,
  "initial_capital": 1000000.0,
  "final_equity": 1002505.451264,
  "final_benchmark_equity": 1005665.0,
  "final_alpha_equity": 996840.451264,
  "alpha_total_return": -0.003159548735999995,
  "alpha_sharpe": -19.03744616688011,
  "alpha_sortino": -6.419760971287149,
  "alpha_calmar": -65.04340382037671,
  "alpha_max_drawdown": -0.003159548735999995,
  "base_shares": 10300,
  "ending_shares": 10300,
  "base_position_pct": 0.6,
  "max_t0_trade_pct": 0.3,
  "max_participation_rate": 0.05,
  "commission_rate": 0.001,
  "slippage_rate": 0.001,
  "tp": 0.003,
  "sl": 0.002,
  "no_overnight": true
}