{
  "total_return": -0.04921723223853214,
  "annualized_return": -0.997746563335974,
  "max_drawdown": -0.06286319491627035,
  "sharpe": -12.805828975753096,
  "sortino": -14.379393991565717,
  "calmar": -15.871712608067519,
  "trade_count": 8,
  "win_rate": 0.125,
  "avg_net_return_per_trade": -0.007396763714734255,
  "median_net_return_per_trade": -0.007853688357638718,
  "backtest_mode": "a_share_inventory_t0",
  "trade_direction_mode": "sell_only",
  "buy_threshold": 0.4654643074304277,
  "sell_threshold": 0.4923507358704377,
  "initial_capital": 1000000.0,
  "final_equity": 950463.3047515,
  "final_benchmark_equity": 957328.0,
  "final_alpha_equity": 993135.3047515,
  "alpha_total_return": -0.006864695248499975,
  "alpha_sharpe": -21.3876120855483,
  "alpha_sortino": -9.451642275691434,
  "alpha_calmar": -79.79616899989718,
  "alpha_max_drawdown": -0.007077864172740589,
  "base_shares": 8400,
  "ending_shares": 8400,
  "base_position_pct": 0.6,
  "max_t0_trade_pct": 0.3,
  "max_participation_rate": 0.05,
  "commission_rate": 0.001,
  "slippage_rate": 0.0005,
  "tp": 0.003,
  "sl": 0.002,
  "no_overnight": true
}