{
  "scenario_count": 12,
  "all_alpha_positive": false,
  "min_alpha_total_return": -0.007853865819999917,
  "worst_alpha_max_drawdown": -0.007853865819999917,
  "min_trade_count": 3
}