{
  "model": "Transformer_LSTM",
  "target_col_buy": "buy_label",
  "target_col_sell": "sell_label",
  "feature_count": 194,
  "lookback": 32,
  "params": {
    "d_model": 128,
    "nhead": 4,
    "transformer_layers": 2,
    "transformer_dropout": 0.2,
    "lstm_hidden_dim": 128,
    "lstm_num_layers": 1,
    "output_dim": 1
  },
  "buy_fit": {
    "best_score": 0.586858939338813,
    "best_valid_auc": 0.586858939338813,
    "epochs_ran": 14,
    "pos_rate": 0.24749163879598662,
    "pos_weight": 3.0405405405405403,
    "device": "cpu"
  },
  "sell_fit": {
    "best_score": 0.583489846569198,
    "best_valid_auc": 0.583489846569198,
    "epochs_ran": 14,
    "pos_rate": 0.31720317725752506,
    "pos_weight": 2.152553542009885,
    "device": "cpu"
  },
  "valid_buy_auc": 0.586858939338813,
  "valid_buy_positive_rate": 0.19721283783783783,
  "valid_buy_prob_mean": 0.31149613857269287,
  "valid_buy_prob_std": 0.1302909404039383,
  "valid_buy_prob_min": 0.04477894306182861,
  "valid_buy_prob_max": 0.6876817941665649,
  "valid_buy_acc_05": 0.7622466216216216,
  "valid_buy_precision_05": 0.2798165137614679,
  "valid_buy_recall_05": 0.13062098501070663,
  "valid_buy_f1_05": 0.1781021897810219,
  "valid_buy_q90_threshold": 0.4920513927936554,
  "valid_buy_q95_threshold": 0.5395408868789673,
  "test_buy_auc": 0.6148672257162824,
  "test_buy_positive_rate": 0.17905405405405406,
  "test_buy_prob_mean": 0.3367091119289398,
  "test_buy_prob_std": 0.13050879538059235,
  "test_buy_prob_min": 0.07046397030353546,
  "test_buy_prob_max": 0.7764930129051208,
  "test_buy_acc_05": 0.7706925675675675,
  "test_buy_precision_05": 0.28363636363636363,
  "test_buy_recall_05": 0.18396226415094338,
  "test_buy_f1_05": 0.22317596566523606,
  "test_buy_q90_threshold": 0.5128977298736572,
  "test_buy_q95_threshold": 0.5568610429763794,
  "valid_sell_auc": 0.583489846569198,
  "valid_sell_positive_rate": 0.21326013513513514,
  "valid_sell_prob_mean": 0.4756062924861908,
  "valid_sell_prob_std": 0.12589149177074432,
  "valid_sell_prob_min": 0.12100909650325775,
  "valid_sell_prob_max": 0.7698295712471008,
  "valid_sell_acc_05": 0.5641891891891891,
  "valid_sell_precision_05": 0.25396825396825395,
  "valid_sell_recall_05": 0.5386138613861386,
  "valid_sell_f1_05": 0.34517766497461927,
  "valid_sell_q90_threshold": 0.635037362575531,
  "valid_sell_q95_threshold": 0.6723900437355042,
  "test_sell_auc": 0.5761748824604266,
  "test_sell_positive_rate": 0.22381756756756757,
  "test_sell_prob_mean": 0.43884390592575073,
  "test_sell_prob_std": 0.11109521985054016,
  "test_sell_prob_min": 0.13290992379188538,
  "test_sell_prob_max": 0.7482749223709106,
  "test_sell_acc_05": 0.6317567567567568,
  "test_sell_precision_05": 0.2625,
  "test_sell_recall_05": 0.35660377358490564,
  "test_sell_f1_05": 0.3024,
  "test_sell_q90_threshold": 0.581760048866272,
  "test_sell_q95_threshold": 0.6185131669044495
}