{
  "total_return": -0.0934182900281264,
  "annualized_return": -0.7914624103182204,
  "max_drawdown": -0.11502908444365378,
  "sharpe": -6.253827689089285,
  "sortino": -9.861634512932188,
  "calmar": -6.880541683402799,
  "trade_count": 12,
  "win_rate": 0.16666666666666666,
  "avg_net_return_per_trade": -0.005526940206516475,
  "median_net_return_per_trade": -0.007070892274013026,
  "backtest_mode": "a_share_inventory_t0",
  "trade_direction_mode": "sell_only",
  "buy_threshold": 0.6214971184730529,
  "sell_threshold": 0.9382578879594803,
  "initial_capital": 1000000.0,
  "final_equity": 905729.5231645,
  "final_benchmark_equity": 911922.0,
  "final_alpha_equity": 993807.5231645,
  "alpha_total_return": -0.006192476835499949,
  "alpha_sharpe": -9.446411805026976,
  "alpha_sortino": -3.9765739317360747,
  "alpha_calmar": -13.8627766648463,
  "alpha_max_drawdown": -0.006818221142553926,
  "base_shares": 9400,
  "ending_shares": 9400,
  "base_position_pct": 0.6,
  "max_t0_trade_pct": 0.3,
  "max_participation_rate": 0.02,
  "commission_rate": 0.0015,
  "slippage_rate": 0.00075,
  "tp": 0.003,
  "sl": 0.002,
  "stop_loss_cooldown_bars": 6,
  "daily_max_trades": 0,
  "daily_max_losses": 2,
  "daily_loss_limit": 0.0,
  "no_overnight": true
}