{
  "total_return": -0.0519532171326158,
  "annualized_return": -0.5867336457401059,
  "max_drawdown": -0.07980974586046363,
  "sharpe": -2.615573702060003,
  "sortino": -2.4956114674622234,
  "calmar": -7.3516541045742585,
  "trade_count": 14,
  "win_rate": 0.21428571428571427,
  "avg_net_return_per_trade": -0.003985092118366679,
  "median_net_return_per_trade": -0.005326902627702354,
  "backtest_mode": "a_share_inventory_t0",
  "trade_direction_mode": "sell_only",
  "buy_threshold": 0.6873311519622802,
  "sell_threshold": 0.7865294992923737,
  "initial_capital": 1000000.0,
  "final_equity": 947675.1485285002,
  "final_benchmark_equity": 953450.0,
  "final_alpha_equity": 994225.1485285002,
  "alpha_total_return": -0.005774851471499809,
  "alpha_sharpe": -9.387872963296319,
  "alpha_sortino": -3.9768584949308736,
  "alpha_calmar": -14.08204999052081,
  "alpha_max_drawdown": -0.006495444724182731,
  "base_shares": 9800,
  "ending_shares": 9800,
  "base_position_pct": 0.6,
  "max_t0_trade_pct": 0.3,
  "max_participation_rate": 0.05,
  "commission_rate": 0.001,
  "slippage_rate": 0.0005,
  "tp": 0.004,
  "sl": 0.002,
  "stop_loss_cooldown_bars": 6,
  "daily_max_trades": 0,
  "daily_max_losses": 2,
  "daily_loss_limit": 0.0,
  "no_overnight": true
}