{
  "total_return": -0.05200360895305034,
  "annualized_return": -0.979397284393224,
  "max_drawdown": -0.08887754251559066,
  "sharpe": -7.6970476598987165,
  "sortino": -6.666823101521086,
  "calmar": -11.019626068322275,
  "trade_count": 6,
  "win_rate": 0.16666666666666666,
  "avg_net_return_per_trade": -0.006883334288820018,
  "median_net_return_per_trade": -0.0050395886869145055,
  "backtest_mode": "a_share_inventory_t0",
  "trade_direction_mode": "sell_only",
  "buy_threshold": 0.3606427501078635,
  "sell_threshold": 0.5555824076022093,
  "initial_capital": 1000000.0,
  "final_equity": 948531.0610115002,
  "final_benchmark_equity": 952718.0,
  "final_alpha_equity": 995813.0610115002,
  "alpha_total_return": -0.004186938988499755,
  "alpha_sharpe": -10.805143232084589,
  "alpha_sortino": -5.30409819527934,
  "alpha_calmar": -48.076891700088815,
  "alpha_max_drawdown": -0.005468071545499997,
  "base_shares": 9400,
  "ending_shares": 9400,
  "base_position_pct": 0.6,
  "max_t0_trade_pct": 0.3,
  "max_participation_rate": 0.05,
  "commission_rate": 0.0015,
  "slippage_rate": 0.001,
  "tp": 0.003,
  "sl": 0.002,
  "no_overnight": true
}