{
  "total_return": -0.09811724307112024,
  "annualized_return": -0.8192209482386259,
  "max_drawdown": -0.11025295770149779,
  "sharpe": -6.427493705544397,
  "sortino": -10.108031468478247,
  "calmar": -7.430376157858817,
  "trade_count": 5,
  "win_rate": 0.2,
  "avg_net_return_per_trade": -0.0030455448396622354,
  "median_net_return_per_trade": -0.000652528326495201,
  "backtest_mode": "a_share_inventory_t0",
  "trade_direction_mode": "sell_only",
  "buy_threshold": 0.667204812169075,
  "sell_threshold": 0.9550599306821823,
  "initial_capital": 1000000.0,
  "final_equity": 904566.7600135001,
  "final_benchmark_equity": 906349.0,
  "final_alpha_equity": 998217.7600135001,
  "alpha_total_return": -0.001782239986499845,
  "alpha_sharpe": -2.2134428633091585,
  "alpha_sortino": -0.7381444082732304,
  "alpha_calmar": -7.702075850527132,
  "alpha_max_drawdown": -0.0037799523054998785,
  "base_shares": 9300,
  "ending_shares": 9300,
  "base_position_pct": 0.6,
  "max_t0_trade_pct": 0.3,
  "max_participation_rate": 0.05,
  "commission_rate": 0.0015,
  "slippage_rate": 0.001,
  "tp": 0.004,
  "sl": 0.002,
  "stop_loss_cooldown_bars": 0,
  "daily_max_trades": 0,
  "daily_max_losses": 0,
  "daily_loss_limit": 0.0,
  "no_overnight": true
}