{
  "total_return": -0.0944224320025826,
  "annualized_return": -0.7951239443205212,
  "max_drawdown": -0.11656805642131962,
  "sharpe": -6.346629271990117,
  "sortino": -9.976128175110263,
  "calmar": -6.821113508546906,
  "trade_count": 13,
  "win_rate": 0.15384615384615385,
  "avg_net_return_per_trade": -0.004111572991451161,
  "median_net_return_per_trade": -0.006227692275800275,
  "backtest_mode": "a_share_inventory_t0",
  "trade_direction_mode": "sell_only",
  "buy_threshold": 0.6360969454050064,
  "sell_threshold": 0.9222695231437683,
  "initial_capital": 1000000.0,
  "final_equity": 904726.3250834998,
  "final_benchmark_equity": 911922.0,
  "final_alpha_equity": 992804.3250834998,
  "alpha_total_return": -0.007195674916500194,
  "alpha_sharpe": -7.553949468449805,
  "alpha_sortino": -2.2365825775082673,
  "alpha_calmar": -12.9463357069188,
  "alpha_max_drawdown": -0.008420887711307001,
  "base_shares": 9400,
  "ending_shares": 9400,
  "base_position_pct": 0.6,
  "max_t0_trade_pct": 0.3,
  "max_participation_rate": 0.02,
  "commission_rate": 0.001,
  "slippage_rate": 0.00075,
  "tp": 0.003,
  "sl": 0.002,
  "stop_loss_cooldown_bars": 0,
  "daily_max_trades": 0,
  "daily_max_losses": 0,
  "daily_loss_limit": 0.0,
  "no_overnight": true
}