{
  "total_return": -0.04901417367235372,
  "annualized_return": -0.9976876903712186,
  "max_drawdown": -0.06286319491627035,
  "sharpe": -12.619619908352023,
  "sortino": -14.319659453021094,
  "calmar": -15.870776082890364,
  "trade_count": 3,
  "win_rate": 0.0,
  "avg_net_return_per_trade": -0.010073665869369213,
  "median_net_return_per_trade": -0.009909537109463015,
  "backtest_mode": "a_share_inventory_t0",
  "trade_direction_mode": "sell_only",
  "buy_threshold": 0.4654643074304277,
  "sell_threshold": 0.5175519518036075,
  "initial_capital": 1000000.0,
  "final_equity": 950666.2950900001,
  "final_benchmark_equity": 957328.0,
  "final_alpha_equity": 993338.2950900001,
  "alpha_total_return": -0.006661704909999844,
  "alpha_sharpe": -19.21030869218445,
  "alpha_sortino": -7.272127273146095,
  "alpha_calmar": -83.14848476371225,
  "alpha_max_drawdown": -0.006661704909999844,
  "base_shares": 8400,
  "ending_shares": 8400,
  "base_position_pct": 0.6,
  "max_t0_trade_pct": 0.3,
  "max_participation_rate": 0.05,
  "commission_rate": 0.001,
  "slippage_rate": 0.00075,
  "tp": 0.003,
  "sl": 0.002,
  "no_overnight": true
}