{
  "total_return": 0.001837125271969775,
  "annualized_return": 0.14274156813251282,
  "max_drawdown": -0.01570561660914549,
  "sharpe": 1.2871238311155344,
  "sortino": 2.1215273149714506,
  "calmar": 9.088568229113234,
  "trade_count": 3,
  "win_rate": 0.0,
  "avg_net_return_per_trade": -0.005639213628036467,
  "median_net_return_per_trade": -0.005525986582260442,
  "backtest_mode": "a_share_inventory_t0",
  "trade_direction_mode": "sell_only",
  "buy_threshold": 0.5084829671873515,
  "sell_threshold": 0.5878897818856501,
  "initial_capital": 1000000.0,
  "final_equity": 1002869.0175109999,
  "final_benchmark_equity": 1005665.0,
  "final_alpha_equity": 997204.0175109999,
  "alpha_total_return": -0.0027959824890000373,
  "alpha_sharpe": -20.748054657572645,
  "alpha_sortino": -7.832084091697345,
  "alpha_calmar": -65.86772087558076,
  "alpha_max_drawdown": -0.0027959824890000373,
  "base_shares": 10300,
  "ending_shares": 10300,
  "base_position_pct": 0.6,
  "max_t0_trade_pct": 0.3,
  "max_participation_rate": 0.05,
  "commission_rate": 0.001,
  "slippage_rate": 0.0005,
  "tp": 0.003,
  "sl": 0.002,
  "no_overnight": true
}