{
  "total_return": 0.07150996511723373,
  "annualized_return": 1.7305191992144335,
  "max_drawdown": -0.05161081611017326,
  "sharpe": 3.7775397686920975,
  "sortino": 6.42568900352721,
  "calmar": 33.53016537309361,
  "trade_count": 6,
  "win_rate": 0.0,
  "avg_net_return_per_trade": -0.00786766687054363,
  "median_net_return_per_trade": -0.008030954894281402,
  "backtest_mode": "a_share_inventory_t0",
  "trade_direction_mode": "sell_only",
  "buy_threshold": 0.6505905956029889,
  "sell_threshold": 0.6179429918527604,
  "initial_capital": 1000000.0,
  "final_equity": 1069919.8443289998,
  "final_benchmark_equity": 1079288.0,
  "final_alpha_equity": 990631.8443289998,
  "alpha_total_return": -0.009368155671000244,
  "alpha_sharpe": -8.125115628689182,
  "alpha_sortino": -1.471947724269517,
  "alpha_calmar": -13.655921081217302,
  "alpha_max_drawdown": -0.009368155671000244,
  "base_shares": 10600,
  "ending_shares": 10600,
  "base_position_pct": 0.6,
  "max_t0_trade_pct": 0.3,
  "max_participation_rate": 0.05,
  "commission_rate": 0.001,
  "slippage_rate": 0.00075,
  "tp": 0.003,
  "sl": 0.002,
  "stop_loss_cooldown_bars": 0,
  "daily_max_trades": 0,
  "daily_max_losses": 0,
  "daily_loss_limit": 0.0,
  "no_overnight": true
}