model_label,epoch,train_loss,valid_loss,valid_auc,valid_prob_mean,valid_prob_max
LSTM_buy,1,1.0826703680528176,0.9572780728340149,0.5228931652289317,0.40908145904541016,0.5182876586914062
LSTM_buy,2,0.9798226968662159,0.9553219676017761,0.5150630391506303,0.4867161214351654,0.6692580580711365
LSTM_buy,3,0.9327322744034432,0.9897079467773438,0.4877239548772396,0.5494858026504517,0.7774496078491211
