model_label,epoch,train_loss,valid_loss,valid_auc,valid_prob_mean,valid_prob_max
LSTM_sell,1,0.9837615844365712,0.879453718662262,0.5457199734571997,0.381678968667984,0.5387560725212097
LSTM_sell,2,0.9101035401627824,0.8906863331794739,0.48161911081619113,0.4168981611728668,0.6203747987747192
LSTM_sell,3,0.8769884206153251,0.921363353729248,0.4472461844724619,0.44715580344200134,0.6956712603569031
