{
  "model": "LSTM",
  "target_col_buy": "buy_label",
  "target_col_sell": "sell_label",
  "feature_count": 194,
  "lookback": 8,
  "params": {
    "hidden_dim": 256,
    "num_layers": 2,
    "dropout": 0.3,
    "output_dim": 1
  },
  "buy_fit": {
    "best_score": 0.5228931652289317,
    "best_valid_auc": 0.5228931652289317,
    "epochs_ran": 3,
    "pos_rate": 0.30574324324324326,
    "pos_weight": 2.270718232044199,
    "device": "cpu"
  },
  "sell_fit": {
    "best_score": 0.5457199734571997,
    "best_valid_auc": 0.5457199734571997,
    "epochs_ran": 3,
    "pos_rate": 0.33783783783783783,
    "pos_weight": 1.9600000000000002,
    "device": "cpu"
  },
  "valid_buy_auc": 0.5228931652289317,
  "valid_buy_positive_rate": 0.2864583333333333,
  "valid_buy_prob_mean": 0.40908145904541016,
  "valid_buy_prob_std": 0.03836335614323616,
  "valid_buy_prob_min": 0.3237185478210449,
  "valid_buy_prob_max": 0.5182876586914062,
  "valid_buy_acc_05": 0.6979166666666666,
  "valid_buy_precision_05": 0.0,
  "valid_buy_recall_05": 0.0,
  "valid_buy_f1_05": 0.0,
  "valid_buy_q90_threshold": 0.4596632719039917,
  "valid_buy_q95_threshold": 0.4839230179786682,
  "test_buy_auc": 0.41328125,
  "test_buy_positive_rate": 0.21052631578947367,
  "test_buy_prob_mean": 0.3381020426750183,
  "test_buy_prob_std": 0.046804316341876984,
  "test_buy_prob_min": 0.2556634545326233,
  "test_buy_prob_max": 0.47761639952659607,
  "test_buy_acc_05": 0.7894736842105263,
  "test_buy_precision_05": 0.0,
  "test_buy_recall_05": 0.0,
  "test_buy_f1_05": 0.0,
  "test_buy_q90_threshold": 0.3897932469844818,
  "test_buy_q95_threshold": 0.44776567816734314,
  "valid_sell_auc": 0.5457199734571997,
  "valid_sell_positive_rate": 0.2864583333333333,
  "valid_sell_prob_mean": 0.381678968667984,
  "valid_sell_prob_std": 0.0530146099627018,
  "valid_sell_prob_min": 0.31024378538131714,
  "valid_sell_prob_max": 0.5387560725212097,
  "valid_sell_acc_05": 0.6875,
  "valid_sell_precision_05": 0.2222222222222222,
  "valid_sell_recall_05": 0.03636363636363636,
  "valid_sell_f1_05": 0.0625,
  "valid_sell_q90_threshold": 0.4439450204372406,
  "valid_sell_q95_threshold": 0.4935579299926758,
  "test_sell_auc": 0.5556862745098039,
  "test_sell_positive_rate": 0.32894736842105265,
  "test_sell_prob_mean": 0.3767472505569458,
  "test_sell_prob_std": 0.041394319385290146,
  "test_sell_prob_min": 0.3088466227054596,
  "test_sell_prob_max": 0.458074688911438,
  "test_sell_acc_05": 0.6710526315789473,
  "test_sell_precision_05": 0.0,
  "test_sell_recall_05": 0.0,
  "test_sell_f1_05": 0.0,
  "test_sell_q90_threshold": 0.44120609760284424,
  "test_sell_q95_threshold": 0.4459359347820282
}