model_label,epoch,train_loss,valid_loss,valid_auc,valid_prob_mean,valid_prob_max
MLP_buy,1,1.4479797015319,1.4484857320785522,0.5700209982232273,0.1836479902267456,0.48912179470062256
MLP_buy,2,1.0021002904788867,1.402417540550232,0.564529155225327,0.21047468483448029,0.6347178816795349
MLP_buy,3,0.8651299331639264,1.3590388298034668,0.5671135519302213,0.23417608439922333,0.7040532827377319
