model_label,epoch,train_loss,valid_loss,valid_auc,valid_prob_mean,valid_prob_max
MLP_sell,1,1.3083027601242065,1.2218270301818848,0.4776119402985075,0.24593393504619598,0.6524505019187927
MLP_sell,2,0.9443591285396267,1.1256065368652344,0.5081791044776119,0.31648334860801697,0.7815077304840088
MLP_sell,3,0.8485292454023619,1.0739949941635132,0.5211940298507463,0.36328253149986267,0.8056038618087769
