{
  "model": "MLP",
  "target_col_buy": "buy_label",
  "target_col_sell": "sell_label",
  "feature_count": 194,
  "lookback": 8,
  "params": {
    "lookback": 8,
    "hidden_dim": 256,
    "dropout": 0.3,
    "output_dim": 1
  },
  "buy_fit": {
    "best_score": 0.5700209982232273,
    "best_valid_auc": 0.5700209982232273,
    "epochs_ran": 3,
    "pos_rate": 0.22128378378378377,
    "pos_weight": 3.5190839694656493,
    "device": "cpu"
  },
  "sell_fit": {
    "best_score": 0.5211940298507463,
    "best_valid_auc": 0.5211940298507463,
    "epochs_ran": 3,
    "pos_rate": 0.34628378378378377,
    "pos_weight": 1.8878048780487806,
    "device": "cpu"
  },
  "valid_buy_auc": 0.5700209982232273,
  "valid_buy_positive_rate": 0.21354166666666666,
  "valid_buy_prob_mean": 0.1836479902267456,
  "valid_buy_prob_std": 0.10073471814393997,
  "valid_buy_prob_min": 0.004602078348398209,
  "valid_buy_prob_max": 0.48912179470062256,
  "valid_buy_acc_05": 0.7864583333333334,
  "valid_buy_precision_05": 0.0,
  "valid_buy_recall_05": 0.0,
  "valid_buy_f1_05": 0.0,
  "valid_buy_q90_threshold": 0.3275102972984314,
  "valid_buy_q95_threshold": 0.37988680601119995,
  "test_buy_auc": 0.43097876269621416,
  "test_buy_positive_rate": 0.25,
  "test_buy_prob_mean": 0.1987372189760208,
  "test_buy_prob_std": 0.1573353260755539,
  "test_buy_prob_min": 0.0034704578574746847,
  "test_buy_prob_max": 0.723310112953186,
  "test_buy_acc_05": 0.6842105263157895,
  "test_buy_precision_05": 0.0,
  "test_buy_recall_05": 0.0,
  "test_buy_f1_05": 0.0,
  "test_buy_q90_threshold": 0.4347114562988281,
  "test_buy_q95_threshold": 0.5233142375946045,
  "valid_sell_auc": 0.5211940298507463,
  "valid_sell_positive_rate": 0.3489583333333333,
  "valid_sell_prob_mean": 0.36328253149986267,
  "valid_sell_prob_std": 0.18746867775917053,
  "valid_sell_prob_min": 0.07384097576141357,
  "valid_sell_prob_max": 0.8056038618087769,
  "valid_sell_acc_05": 0.5989583333333334,
  "valid_sell_precision_05": 0.4,
  "valid_sell_recall_05": 0.29850746268656714,
  "valid_sell_f1_05": 0.3418803418803419,
  "valid_sell_q90_threshold": 0.626085102558136,
  "valid_sell_q95_threshold": 0.7101932168006897,
  "test_sell_auc": 0.48365650969529084,
  "test_sell_positive_rate": 0.375,
  "test_sell_prob_mean": 0.3262196481227875,
  "test_sell_prob_std": 0.25952664017677307,
  "test_sell_prob_min": 0.0004943277454003692,
  "test_sell_prob_max": 0.9571237564086914,
  "test_sell_acc_05": 0.5855263157894737,
  "test_sell_precision_05": 0.425,
  "test_sell_recall_05": 0.2982456140350877,
  "test_sell_f1_05": 0.35051546391752575,
  "test_sell_q90_threshold": 0.6786025762557983,
  "test_sell_q95_threshold": 0.8143602609634399
}