{
  "total_return": -0.09746222588931619,
  "annualized_return": -0.8174254755141727,
  "max_drawdown": -0.11711566532734097,
  "sharpe": -6.352117418069022,
  "sortino": -10.152265297890109,
  "calmar": -6.979642503241985,
  "trade_count": 17,
  "win_rate": 0.4117647058823529,
  "avg_net_return_per_trade": -0.0027212925382897324,
  "median_net_return_per_trade": -0.0007555010821149698,
  "backtest_mode": "a_share_inventory_t0",
  "trade_direction_mode": "sell_only",
  "buy_threshold": 0.6601430773735046,
  "sell_threshold": 0.8602267056703568,
  "initial_capital": 1000000.0,
  "final_equity": 906910.5696262501,
  "final_benchmark_equity": 913740.0,
  "final_alpha_equity": 993170.5696262501,
  "alpha_total_return": -0.006829430373749945,
  "alpha_sharpe": -6.654224931408527,
  "alpha_sortino": -2.8848148345591,
  "alpha_calmar": -11.532841281718692,
  "alpha_max_drawdown": -0.009314914195565849,
  "base_shares": 9500,
  "ending_shares": 9500,
  "base_position_pct": 0.6,
  "max_t0_trade_pct": 0.3,
  "max_participation_rate": 0.05,
  "commission_rate": 0.0015,
  "slippage_rate": 0.0005,
  "tp": 0.003,
  "sl": 0.002,
  "stop_loss_cooldown_bars": 0,
  "daily_max_trades": 0,
  "daily_max_losses": 0,
  "daily_loss_limit": 0.0,
  "no_overnight": true
}