{
  "scenario_count": 12,
  "all_alpha_positive": false,
  "min_alpha_total_return": -0.005052460069000064,
  "worst_alpha_max_drawdown": -0.005062274480962747,
  "min_trade_count": 8
}