{
  "total_return": -0.048030519207167055,
  "annualized_return": -0.9720767254220913,
  "max_drawdown": -0.08791047302631483,
  "sharpe": -7.057881793841113,
  "sortino": -6.13471461052855,
  "calmar": -11.057575871888588,
  "trade_count": 6,
  "win_rate": 0.5,
  "avg_net_return_per_trade": -0.001193284536079972,
  "median_net_return_per_trade": -0.0004901148307685484,
  "backtest_mode": "a_share_inventory_t0",
  "trade_direction_mode": "sell_only",
  "buy_threshold": 0.3606427501078635,
  "sell_threshold": 0.5843959488474193,
  "initial_capital": 1000000.0,
  "final_equity": 952506.39158,
  "final_benchmark_equity": 952718.0,
  "final_alpha_equity": 999788.39158,
  "alpha_total_return": -0.000211608419999898,
  "alpha_sharpe": -0.7649340927272361,
  "alpha_sortino": -0.42837551128171686,
  "alpha_calmar": -6.434059907344972,
  "alpha_max_drawdown": -0.002372856564000103,
  "base_shares": 9400,
  "ending_shares": 9400,
  "base_position_pct": 0.6,
  "max_t0_trade_pct": 0.3,
  "max_participation_rate": 0.05,
  "commission_rate": 0.001,
  "slippage_rate": 0.0005,
  "tp": 0.003,
  "sl": 0.002,
  "no_overnight": true
}