{
  "fold": 14,
  "model_summaries": {
    "transformer_lstm": {
      "model": "Transformer_LSTM",
      "target_col_buy": "buy_label",
      "target_col_sell": "sell_label",
      "feature_count": 194,
      "lookback": 8,
      "params": {
        "d_model": 128,
        "nhead": 4,
        "transformer_layers": 2,
        "transformer_dropout": 0.2,
        "lstm_hidden_dim": 128,
        "lstm_num_layers": 1,
        "output_dim": 1
      },
      "buy_fit": {
        "best_score": 0.5292957746478874,
        "best_valid_auc": 0.5292957746478874,
        "epochs_ran": 3,
        "pos_rate": 0.2905405405405405,
        "pos_weight": 2.441860465116279,
        "device": "cpu"
      },
      "sell_fit": {
        "best_score": 0.5390812890812892,
        "best_valid_auc": 0.5390812890812892,
        "epochs_ran": 3,
        "pos_rate": 0.3158783783783784,
        "pos_weight": 2.1657754010695185,
        "device": "cpu"
      },
      "valid_buy_auc": 0.5292957746478874,
      "valid_buy_positive_rate": 0.2604166666666667,
      "valid_buy_prob_mean": 0.4152267873287201,
      "valid_buy_prob_std": 0.08367685228586197,
      "valid_buy_prob_min": 0.28521305322647095,
      "valid_buy_prob_max": 0.604614794254303,
      "valid_buy_acc_05": 0.6458333333333334,
      "valid_buy_precision_05": 0.25,
      "valid_buy_recall_05": 0.18,
      "valid_buy_f1_05": 0.20930232558139536,
      "valid_buy_q90_threshold": 0.5432097315788269,
      "valid_buy_q95_threshold": 0.5638992786407471,
      "test_buy_auc": 0.48587674247982393,
      "test_buy_positive_rate": 0.3815789473684211,
      "test_buy_prob_mean": 0.3871249258518219,
      "test_buy_prob_std": 0.08637223392724991,
      "test_buy_prob_min": 0.2641035318374634,
      "test_buy_prob_max": 0.6113749146461487,
      "test_buy_acc_05": 0.5328947368421053,
      "test_buy_precision_05": 0.24,
      "test_buy_recall_05": 0.10344827586206896,
      "test_buy_f1_05": 0.14457831325301204,
      "test_buy_q90_threshold": 0.5176214575767517,
      "test_buy_q95_threshold": 0.555851936340332,
      "valid_sell_auc": 0.5390812890812892,
      "valid_sell_positive_rate": 0.34375,
      "valid_sell_prob_mean": 0.5407527089118958,
      "valid_sell_prob_std": 0.1107858195900917,
      "valid_sell_prob_min": 0.2702256739139557,
      "valid_sell_prob_max": 0.7513414025306702,
      "valid_sell_acc_05": 0.453125,
      "valid_sell_precision_05": 0.34146341463414637,
      "valid_sell_recall_05": 0.6363636363636364,
      "valid_sell_f1_05": 0.4444444444444444,
      "valid_sell_q90_threshold": 0.682591438293457,
      "valid_sell_q95_threshold": 0.708185076713562,
      "test_sell_auc": 0.4335016835016835,
      "test_sell_positive_rate": 0.2894736842105263,
      "test_sell_prob_mean": 0.5226107835769653,
      "test_sell_prob_std": 0.13610303401947021,
      "test_sell_prob_min": 0.21604982018470764,
      "test_sell_prob_max": 0.7602005004882812,
      "test_sell_acc_05": 0.39473684210526316,
      "test_sell_precision_05": 0.24468085106382978,
      "test_sell_recall_05": 0.5227272727272727,
      "test_sell_f1_05": 0.3333333333333333,
      "test_sell_q90_threshold": 0.6666040420532227,
      "test_sell_q95_threshold": 0.7077234387397766
    },
    "lstm": {
      "model": "LSTM",
      "target_col_buy": "buy_label",
      "target_col_sell": "sell_label",
      "feature_count": 194,
      "lookback": 8,
      "params": {
        "hidden_dim": 256,
        "num_layers": 2,
        "dropout": 0.3,
        "output_dim": 1
      },
      "buy_fit": {
        "best_score": 0.6205633802816901,
        "best_valid_auc": 0.6205633802816901,
        "epochs_ran": 3,
        "pos_rate": 0.2905405405405405,
        "pos_weight": 2.441860465116279,
        "device": "cpu"
      },
      "sell_fit": {
        "best_score": 0.4986772486772487,
        "best_valid_auc": 0.4986772486772487,
        "epochs_ran": 3,
        "pos_rate": 0.3158783783783784,
        "pos_weight": 2.1657754010695185,
        "device": "cpu"
      },
      "valid_buy_auc": 0.6205633802816901,
      "valid_buy_positive_rate": 0.2604166666666667,
      "valid_buy_prob_mean": 0.399140328168869,
      "valid_buy_prob_std": 0.08175065368413925,
      "valid_buy_prob_min": 0.26895245909690857,
      "valid_buy_prob_max": 0.6514025330543518,
      "valid_buy_acc_05": 0.6875,
      "valid_buy_precision_05": 0.2727272727272727,
      "valid_buy_recall_05": 0.12,
      "valid_buy_f1_05": 0.16666666666666666,
      "valid_buy_q90_threshold": 0.5139706134796143,
      "valid_buy_q95_threshold": 0.5797285437583923,
      "test_buy_auc": 0.4396551724137931,
      "test_buy_positive_rate": 0.3815789473684211,
      "test_buy_prob_mean": 0.4614750146865845,
      "test_buy_prob_std": 0.12035958468914032,
      "test_buy_prob_min": 0.3161905109882355,
      "test_buy_prob_max": 0.7879276871681213,
      "test_buy_acc_05": 0.506578947368421,
      "test_buy_precision_05": 0.3559322033898305,
      "test_buy_recall_05": 0.3620689655172414,
      "test_buy_f1_05": 0.358974358974359,
      "test_buy_q90_threshold": 0.610729455947876,
      "test_buy_q95_threshold": 0.7129913568496704,
      "valid_sell_auc": 0.4986772486772487,
      "valid_sell_positive_rate": 0.34375,
      "valid_sell_prob_mean": 0.5047829747200012,
      "valid_sell_prob_std": 0.0942213237285614,
      "valid_sell_prob_min": 0.35947588086128235,
      "valid_sell_prob_max": 0.7045499682426453,
      "valid_sell_acc_05": 0.5208333333333334,
      "valid_sell_precision_05": 0.358695652173913,
      "valid_sell_recall_05": 0.5,
      "valid_sell_f1_05": 0.4177215189873418,
      "valid_sell_q90_threshold": 0.6433205604553223,
      "valid_sell_q95_threshold": 0.6673661470413208,
      "test_sell_auc": 0.45307239057239057,
      "test_sell_positive_rate": 0.2894736842105263,
      "test_sell_prob_mean": 0.5366190075874329,
      "test_sell_prob_std": 0.1346161961555481,
      "test_sell_prob_min": 0.26743748784065247,
      "test_sell_prob_max": 0.7615711092948914,
      "test_sell_acc_05": 0.4144736842105263,
      "test_sell_precision_05": 0.25806451612903225,
      "test_sell_recall_05": 0.5454545454545454,
      "test_sell_f1_05": 0.35036496350364965,
      "test_sell_q90_threshold": 0.7051386833190918,
      "test_sell_q95_threshold": 0.7366018891334534
    },
    "cnn": {
      "model": "CNN",
      "target_col_buy": "buy_label",
      "target_col_sell": "sell_label",
      "feature_count": 194,
      "lookback": 8,
      "params": {
        "channels": 64,
        "kernel_size": 3,
        "dropout": 0.3,
        "output_dim": 1
      },
      "buy_fit": {
        "best_score": 0.6311267605633802,
        "best_valid_auc": 0.6311267605633802,
        "epochs_ran": 3,
        "pos_rate": 0.2905405405405405,
        "pos_weight": 2.441860465116279,
        "device": "cpu"
      },
      "sell_fit": {
        "best_score": 0.5299422799422799,
        "best_valid_auc": 0.5299422799422799,
        "epochs_ran": 3,
        "pos_rate": 0.3158783783783784,
        "pos_weight": 2.1657754010695185,
        "device": "cpu"
      },
      "valid_buy_auc": 0.6311267605633802,
      "valid_buy_positive_rate": 0.2604166666666667,
      "valid_buy_prob_mean": 0.23577456176280975,
      "valid_buy_prob_std": 0.0836673229932785,
      "valid_buy_prob_min": 0.076499342918396,
      "valid_buy_prob_max": 0.5177618861198425,
      "valid_buy_acc_05": 0.734375,
      "valid_buy_precision_05": 0.0,
      "valid_buy_recall_05": 0.0,
      "valid_buy_f1_05": 0.0,
      "valid_buy_q90_threshold": 0.3349393308162689,
      "valid_buy_q95_threshold": 0.35926753282546997,
      "test_buy_auc": 0.46955245781364635,
      "test_buy_positive_rate": 0.3815789473684211,
      "test_buy_prob_mean": 0.2136792689561844,
      "test_buy_prob_std": 0.12940412759780884,
      "test_buy_prob_min": 0.03404127061367035,
      "test_buy_prob_max": 0.5673463344573975,
      "test_buy_acc_05": 0.5855263157894737,