{
  "total_return": -0.05175105753205256,
  "annualized_return": -0.5852716165914116,
  "max_drawdown": -0.07885846390596718,
  "sharpe": -2.6015899677544296,
  "sortino": -2.4755655324822703,
  "calmar": -7.421798341003753,
  "trade_count": 9,
  "win_rate": 0.4444444444444444,
  "avg_net_return_per_trade": -0.0026450828480519308,
  "median_net_return_per_trade": -0.005874757160668762,
  "backtest_mode": "a_share_inventory_t0",
  "trade_direction_mode": "sell_only",
  "buy_threshold": 0.7226963907480239,
  "sell_threshold": 0.9110541772842408,
  "initial_capital": 1000000.0,
  "final_equity": 947877.2288825,
  "final_benchmark_equity": 953450.0,
  "final_alpha_equity": 994427.2288825,
  "alpha_total_return": -0.005572771117499986,
  "alpha_sharpe": -6.834743495098719,
  "alpha_sortino": -2.3156269259337314,
  "alpha_calmar": -15.055239196415872,
  "alpha_max_drawdown": -0.005872092463499845,
  "base_shares": 9800,
  "ending_shares": 9800,
  "base_position_pct": 0.6,
  "max_t0_trade_pct": 0.3,
  "max_participation_rate": 0.05,
  "commission_rate": 0.001,
  "slippage_rate": 0.0005,
  "tp": 0.003,
  "sl": 0.002,
  "stop_loss_cooldown_bars": 0,
  "daily_max_trades": 0,
  "daily_max_losses": 0,
  "daily_loss_limit": 0.0,
  "no_overnight": true
}