{
  "total_return": -0.054059255595443445,
  "annualized_return": -0.6016793351815336,
  "max_drawdown": -0.0810607408595001,
  "sharpe": -2.7234478617575695,
  "sortino": -2.5922973773977365,
  "calmar": -7.4225738477323375,
  "trade_count": 12,
  "win_rate": 0.3333333333333333,
  "avg_net_return_per_trade": -0.0037696058289693906,
  "median_net_return_per_trade": -0.0058744297485022155,
  "backtest_mode": "a_share_inventory_t0",
  "trade_direction_mode": "sell_only",
  "buy_threshold": 0.7226963907480239,
  "sell_threshold": 0.9022319376468658,
  "initial_capital": 1000000.0,
  "final_equity": 945569.9356327499,
  "final_benchmark_equity": 953450.0,
  "final_alpha_equity": 992119.9356327499,
  "alpha_total_return": -0.007880064367250084,
  "alpha_sharpe": -8.15881606997046,
  "alpha_sortino": -3.365156882701491,
  "alpha_calmar": -14.546565499667727,
  "alpha_max_drawdown": -0.008442740859500142,
  "base_shares": 9800,
  "ending_shares": 9800,
  "base_position_pct": 0.6,
  "max_t0_trade_pct": 0.3,
  "max_participation_rate": 0.05,
  "commission_rate": 0.0015,
  "slippage_rate": 0.0005,
  "tp": 0.003,
  "sl": 0.002,
  "stop_loss_cooldown_bars": 0,
  "daily_max_trades": 0,
  "daily_max_losses": 0,
  "daily_loss_limit": 0.0,
  "no_overnight": true
}