{
  "total_return": 0.04051737672652633,
  "annualized_return": 16.946031036833958,
  "max_drawdown": -0.02350038084142836,
  "sharpe": 8.89436092177582,
  "sortino": 20.97765878309469,
  "calmar": 721.0960175998566,
  "trade_count": 5,
  "win_rate": 0.8,
  "avg_net_return_per_trade": 0.0008914283584710272,
  "median_net_return_per_trade": 0.0008942521982252564,
  "backtest_mode": "a_share_inventory_t0",
  "trade_direction_mode": "sell_only",
  "buy_threshold": 0.4607778406855257,
  "sell_threshold": 0.6601957292854785,
  "initial_capital": 1000000.0,
  "final_equity": 1038090.890204,
  "final_benchmark_equity": 1036040.0,
  "final_alpha_equity": 1002050.890204,
  "alpha_total_return": 0.0020508902039999555,
  "alpha_sharpe": 8.676165143937773,
  "alpha_sortino": 11.407430542139268,
  "alpha_calmar": 202.05460103134826,
  "alpha_max_drawdown": -0.0007948517900872032,
  "base_shares": 10600,
  "ending_shares": 10600,
  "base_position_pct": 0.6,
  "max_t0_trade_pct": 0.3,
  "max_participation_rate": 0.05,
  "commission_rate": 0.001,
  "slippage_rate": 0.0005,
  "tp": 0.003,
  "sl": 0.002,
  "no_overnight": true
}