model_label,epoch,train_loss,valid_loss,valid_auc,valid_prob_mean,valid_prob_max
CNN_buy,1,1.2423942894548983,1.0588475465774536,0.4439845868417297,0.3415803015232086,0.5962357521057129
CNN_buy,2,1.145041459315532,1.0625426769256592,0.46096760382474666,0.3337273895740509,0.5294156670570374
CNN_buy,3,1.0584767895775873,1.0721749067306519,0.4605394605394606,0.3420262336730957,0.6761305928230286
