model_label,epoch,train_loss,valid_loss,valid_auc,valid_prob_mean,valid_prob_max
CNN_sell,1,0.9649113722749658,1.0551105737686157,0.47141203703703705,0.34751757979393005,0.4796823263168335
CNN_sell,2,0.9055870771408081,1.056273341178894,0.44861111111111107,0.3554595410823822,0.46849945187568665
CNN_sell,3,0.8761399774938017,1.0488438606262207,0.44837962962962963,0.3675229549407959,0.4915885031223297
