{
  "model": "CNN",
  "target_col_buy": "buy_label",
  "target_col_sell": "sell_label",
  "feature_count": 194,
  "lookback": 8,
  "params": {
    "channels": 64,
    "kernel_size": 3,
    "dropout": 0.3,
    "output_dim": 1
  },
  "buy_fit": {
    "best_score": 0.46096760382474666,
    "best_valid_auc": 0.46096760382474666,
    "epochs_ran": 3,
    "pos_rate": 0.28209459459459457,
    "pos_weight": 2.544910179640719,
    "device": "cpu"
  },
  "sell_fit": {
    "best_score": 0.47141203703703705,
    "best_valid_auc": 0.47141203703703705,
    "epochs_ran": 3,
    "pos_rate": 0.33952702702702703,
    "pos_weight": 1.9452736318407962,
    "device": "cpu"
  },
  "valid_buy_auc": 0.46096760382474666,
  "valid_buy_positive_rate": 0.2552083333333333,
  "valid_buy_prob_mean": 0.3337273895740509,
  "valid_buy_prob_std": 0.07690737396478653,
  "valid_buy_prob_min": 0.18972782790660858,
  "valid_buy_prob_max": 0.5294156670570374,
  "valid_buy_acc_05": 0.7291666666666666,
  "valid_buy_precision_05": 0.0,
  "valid_buy_recall_05": 0.0,
  "valid_buy_f1_05": 0.0,
  "valid_buy_q90_threshold": 0.4534479081630707,
  "valid_buy_q95_threshold": 0.47978124022483826,
  "test_buy_auc": 0.5205355116859542,
  "test_buy_positive_rate": 0.2565789473684211,
  "test_buy_prob_mean": 0.3203345239162445,
  "test_buy_prob_std": 0.07558140158653259,
  "test_buy_prob_min": 0.15958184003829956,
  "test_buy_prob_max": 0.5201877355575562,
  "test_buy_acc_05": 0.7171052631578947,
  "test_buy_precision_05": 0.0,
  "test_buy_recall_05": 0.0,
  "test_buy_f1_05": 0.0,
  "test_buy_q90_threshold": 0.432719349861145,
  "test_buy_q95_threshold": 0.47063973546028137,
  "valid_sell_auc": 0.47141203703703705,
  "valid_sell_positive_rate": 0.375,
  "valid_sell_prob_mean": 0.34751757979393005,
  "valid_sell_prob_std": 0.05089903995394707,
  "valid_sell_prob_min": 0.2536220848560333,
  "valid_sell_prob_max": 0.4796823263168335,
  "valid_sell_acc_05": 0.625,
  "valid_sell_precision_05": 0.0,
  "valid_sell_recall_05": 0.0,
  "valid_sell_f1_05": 0.0,
  "valid_sell_q90_threshold": 0.4238167703151703,
  "valid_sell_q95_threshold": 0.44209980964660645,
  "test_sell_auc": 0.5860182370820669,
  "test_sell_positive_rate": 0.3092105263157895,
  "test_sell_prob_mean": 0.33802399039268494,
  "test_sell_prob_std": 0.04058785364031792,
  "test_sell_prob_min": 0.24898625910282135,
  "test_sell_prob_max": 0.44749462604522705,
  "test_sell_acc_05": 0.6907894736842105,
  "test_sell_precision_05": 0.0,
  "test_sell_recall_05": 0.0,
  "test_sell_f1_05": 0.0,
  "test_sell_q90_threshold": 0.39336374402046204,
  "test_sell_q95_threshold": 0.4009566605091095
}