{
  "total_return": 0.07672201210113094,
  "annualized_return": 1.941561365276697,
  "max_drawdown": -0.046810385791075326,
  "sharpe": 4.125051405964964,
  "sortino": 7.0288801427098075,
  "calmar": 41.477149407447676,
  "trade_count": 2,
  "win_rate": 0.5,
  "avg_net_return_per_trade": -0.0041000214612904005,
  "median_net_return_per_trade": -0.0041000214612904005,
  "backtest_mode": "a_share_inventory_t0",
  "trade_direction_mode": "sell_only",
  "buy_threshold": 0.6164289712905884,
  "sell_threshold": 0.6207058131694794,
  "initial_capital": 1000000.0,
  "final_equity": 1076265.481968,
  "final_benchmark_equity": 1078122.0,
  "final_alpha_equity": 998143.4819680001,
  "alpha_total_return": -0.001856518031999932,
  "alpha_sharpe": -3.4734762001812336,
  "alpha_sortino": -0.5175678983595682,
  "alpha_calmar": -11.784895131242243,
  "alpha_max_drawdown": -0.002270538187499893,
  "base_shares": 10600,
  "ending_shares": 10600,
  "base_position_pct": 0.6,
  "max_t0_trade_pct": 0.3,
  "max_participation_rate": 0.05,
  "commission_rate": 0.001,
  "slippage_rate": 0.0005,
  "tp": 0.003,
  "sl": 0.002,
  "stop_loss_cooldown_bars": 6,
  "daily_max_trades": 0,
  "daily_max_losses": 2,
  "daily_loss_limit": 0.0,
  "no_overnight": true
}