{
  "total_return": 0.07472882820615978,
  "annualized_return": 1.8630752515662579,
  "max_drawdown": -0.04452132477370396,
  "sharpe": 4.03578717128193,
  "sortino": 6.858493814910187,
  "calmar": 41.846806244783245,
  "trade_count": 4,
  "win_rate": 0.25,
  "avg_net_return_per_trade": -0.005178387287940174,
  "median_net_return_per_trade": -0.004846692283280936,
  "backtest_mode": "a_share_inventory_t0",
  "trade_direction_mode": "sell_only",
  "buy_threshold": 0.6006682366132736,
  "sell_threshold": 0.621973305940628,
  "initial_capital": 1000000.0,
  "final_equity": 1074273.1431830004,
  "final_benchmark_equity": 1078122.0,
  "final_alpha_equity": 996151.1431830004,
  "alpha_total_return": -0.003848856816999646,
  "alpha_sharpe": -3.484540561685387,
  "alpha_sortino": -0.8692593912431897,
  "alpha_calmar": -9.177178586204901,
  "alpha_max_drawdown": -0.005963798273211696,
  "base_shares": 10600,
  "ending_shares": 10600,
  "base_position_pct": 0.6,
  "max_t0_trade_pct": 0.3,
  "max_participation_rate": 0.05,
  "commission_rate": 0.0015,
  "slippage_rate": 0.001,
  "tp": 0.003,
  "sl": 0.002,
  "stop_loss_cooldown_bars": 0,
  "daily_max_trades": 0,
  "daily_max_losses": 0,
  "daily_loss_limit": 0.0,
  "no_overnight": true
}