model_label,epoch,train_loss,valid_loss,valid_auc,valid_prob_mean,valid_prob_max
LSTM_buy,1,1.1558732535388019,1.0348398685455322,0.45340373911802484,0.31924790143966675,0.37267568707466125
LSTM_buy,2,1.0162257181631553,0.9921051859855652,0.5184815184815185,0.39485588669776917,0.5812602043151855
LSTM_buy,3,0.9340279070106713,1.0221850872039795,0.5324675324675324,0.5077753663063049,0.832014799118042
