model_label,epoch,train_loss,valid_loss,valid_auc,valid_prob_mean,valid_prob_max
LSTM_sell,1,0.9933886592452591,1.0213000774383545,0.42037037037037034,0.3846473693847656,0.4709484875202179
LSTM_sell,2,0.9242814199344532,1.0271157026290894,0.4207175925925926,0.4165836274623871,0.5809708833694458
LSTM_sell,3,0.894996432033745,0.9876200556755066,0.4925925925925925,0.4585360288619995,0.6618345975875854
