{
  "model": "LSTM",
  "target_col_buy": "buy_label",
  "target_col_sell": "sell_label",
  "feature_count": 194,
  "lookback": 8,
  "params": {
    "hidden_dim": 256,
    "num_layers": 2,
    "dropout": 0.3,
    "output_dim": 1
  },
  "buy_fit": {
    "best_score": 0.5324675324675324,
    "best_valid_auc": 0.5324675324675324,
    "epochs_ran": 3,
    "pos_rate": 0.28209459459459457,
    "pos_weight": 2.544910179640719,
    "device": "cpu"
  },
  "sell_fit": {
    "best_score": 0.4925925925925925,
    "best_valid_auc": 0.4925925925925925,
    "epochs_ran": 3,
    "pos_rate": 0.33952702702702703,
    "pos_weight": 1.9452736318407962,
    "device": "cpu"
  },
  "valid_buy_auc": 0.5324675324675324,
  "valid_buy_positive_rate": 0.2552083333333333,
  "valid_buy_prob_mean": 0.5077753663063049,
  "valid_buy_prob_std": 0.13251617550849915,
  "valid_buy_prob_min": 0.31629759073257446,
  "valid_buy_prob_max": 0.832014799118042,
  "valid_buy_acc_05": 0.5364583333333334,
  "valid_buy_precision_05": 0.2777777777777778,
  "valid_buy_recall_05": 0.5102040816326531,
  "valid_buy_f1_05": 0.3597122302158273,
  "valid_buy_q90_threshold": 0.6824997663497925,
  "valid_buy_q95_threshold": 0.7805845737457275,
  "test_buy_auc": 0.5253006580440209,
  "test_buy_positive_rate": 0.2565789473684211,
  "test_buy_prob_mean": 0.45765283703804016,
  "test_buy_prob_std": 0.10979551076889038,
  "test_buy_prob_min": 0.2506534457206726,
  "test_buy_prob_max": 0.6773263216018677,
  "test_buy_acc_05": 0.5723684210526315,
  "test_buy_precision_05": 0.27586206896551724,
  "test_buy_recall_05": 0.41025641025641024,
  "test_buy_f1_05": 0.32989690721649484,
  "test_buy_q90_threshold": 0.6069741249084473,
  "test_buy_q95_threshold": 0.6355958580970764,
  "valid_sell_auc": 0.4925925925925925,
  "valid_sell_positive_rate": 0.375,
  "valid_sell_prob_mean": 0.4585360288619995,
  "valid_sell_prob_std": 0.10091766715049744,
  "valid_sell_prob_min": 0.29019373655319214,
  "valid_sell_prob_max": 0.6618345975875854,
  "valid_sell_acc_05": 0.515625,
  "valid_sell_precision_05": 0.34328358208955223,
  "valid_sell_recall_05": 0.3194444444444444,
  "valid_sell_f1_05": 0.33093525179856115,
  "valid_sell_q90_threshold": 0.6117475032806396,
  "valid_sell_q95_threshold": 0.6341536045074463,
  "test_sell_auc": 0.47011144883485306,
  "test_sell_positive_rate": 0.3092105263157895,
  "test_sell_prob_mean": 0.44658249616622925,
  "test_sell_prob_std": 0.09701155871152878,
  "test_sell_prob_min": 0.28889915347099304,
  "test_sell_prob_max": 0.6833993196487427,
  "test_sell_acc_05": 0.5855263157894737,
  "test_sell_precision_05": 0.2777777777777778,
  "test_sell_recall_05": 0.2127659574468085,
  "test_sell_f1_05": 0.24096385542168675,
  "test_sell_q90_threshold": 0.6062664985656738,
  "test_sell_q95_threshold": 0.6263773441314697
}