model_label,epoch,train_loss,valid_loss,valid_auc,valid_prob_mean,valid_prob_max
MLP_buy,1,1.1508160024075895,0.9709252715110779,0.4437164979154259,0.3258257806301117,0.5799279808998108
MLP_buy,2,0.8898878806346172,0.942453920841217,0.4748362120309709,0.35994628071784973,0.6615767478942871
MLP_buy,3,0.8046921394966744,0.9282355904579163,0.47915425848719473,0.37805283069610596,0.7094888091087341
