model_label,epoch,train_loss,valid_loss,valid_auc,valid_prob_mean,valid_prob_max
MLP_sell,1,1.371386109171687,1.1651979684829712,0.5029776674937966,0.3274012506008148,0.7798837423324585
MLP_sell,2,1.064053923697085,1.1835049390792847,0.5517369727047148,0.2982137203216553,0.6919257044792175
MLP_sell,3,0.93285822062879,1.1987448930740356,0.5614143920595533,0.2894003391265869,0.7078382968902588
