{
  "model": "MLP",
  "target_col_buy": "buy_label",
  "target_col_sell": "sell_label",
  "feature_count": 194,
  "lookback": 8,
  "params": {
    "lookback": 8,
    "hidden_dim": 256,
    "dropout": 0.3,
    "output_dim": 1
  },
  "buy_fit": {
    "best_score": 0.47915425848719473,
    "best_valid_auc": 0.47915425848719473,
    "epochs_ran": 3,
    "pos_rate": 0.3125,
    "pos_weight": 2.2,
    "device": "cpu"
  },
  "sell_fit": {
    "best_score": 0.5614143920595533,
    "best_valid_auc": 0.5614143920595533,
    "epochs_ran": 3,
    "pos_rate": 0.30574324324324326,
    "pos_weight": 2.270718232044199,
    "device": "cpu"
  },
  "valid_buy_auc": 0.47915425848719473,
  "valid_buy_positive_rate": 0.23958333333333334,
  "valid_buy_prob_mean": 0.37805283069610596,
  "valid_buy_prob_std": 0.12749779224395752,
  "valid_buy_prob_min": 0.10747957229614258,
  "valid_buy_prob_max": 0.7094888091087341,
  "valid_buy_acc_05": 0.6666666666666666,
  "valid_buy_precision_05": 0.21875,
  "valid_buy_recall_05": 0.15217391304347827,
  "valid_buy_f1_05": 0.1794871794871795,
  "valid_buy_q90_threshold": 0.550599217414856,
  "valid_buy_q95_threshold": 0.5929592251777649,
  "test_buy_auc": 0.5918003565062389,
  "test_buy_positive_rate": 0.21710526315789475,
  "test_buy_prob_mean": 0.4649573862552643,
  "test_buy_prob_std": 0.1527288854122162,
  "test_buy_prob_min": 0.11334101855754852,
  "test_buy_prob_max": 0.8247714638710022,
  "test_buy_acc_05": 0.5657894736842105,
  "test_buy_precision_05": 0.2537313432835821,
  "test_buy_recall_05": 0.5151515151515151,
  "test_buy_f1_05": 0.34,
  "test_buy_q90_threshold": 0.651546835899353,
  "test_buy_q95_threshold": 0.7083600163459778,
  "valid_sell_auc": 0.5614143920595533,
  "valid_sell_positive_rate": 0.3229166666666667,
  "valid_sell_prob_mean": 0.2894003391265869,
  "valid_sell_prob_std": 0.14257626235485077,
  "valid_sell_prob_min": 0.05100256949663162,
  "valid_sell_prob_max": 0.7078382968902588,
  "valid_sell_acc_05": 0.6666666666666666,
  "valid_sell_precision_05": 0.42857142857142855,
  "valid_sell_recall_05": 0.0967741935483871,
  "valid_sell_f1_05": 0.15789473684210525,
  "valid_sell_q90_threshold": 0.4777626693248749,
  "valid_sell_q95_threshold": 0.5390248894691467,
  "test_sell_auc": 0.6095595126522961,
  "test_sell_positive_rate": 0.3618421052631579,
  "test_sell_prob_mean": 0.2636401057243347,
  "test_sell_prob_std": 0.1275351196527481,
  "test_sell_prob_min": 0.02765117958188057,
  "test_sell_prob_max": 0.7217992544174194,
  "test_sell_acc_05": 0.631578947368421,
  "test_sell_precision_05": 0.42857142857142855,
  "test_sell_recall_05": 0.05454545454545454,
  "test_sell_f1_05": 0.0967741935483871,
  "test_sell_q90_threshold": 0.42832255363464355,
  "test_sell_q95_threshold": 0.4827941060066223
}