{
  "total_return": -0.05165200804709724,
  "annualized_return": -0.5850135180821141,
  "max_drawdown": -0.08076649529279711,
  "sharpe": -2.642080307179576,
  "sortino": -2.520201454797991,
  "calmar": -7.243269823226892,
  "trade_count": 14,
  "win_rate": 0.2857142857142857,
  "avg_net_return_per_trade": -0.00451299752371278,
  "median_net_return_per_trade": -0.00630020931431263,
  "backtest_mode": "a_share_inventory_t0",
  "trade_direction_mode": "sell_only",
  "buy_threshold": 0.6666267216205597,
  "sell_threshold": 0.7634641826152802,
  "initial_capital": 1000000.0,
  "final_equity": 947511.5490240003,
  "final_benchmark_equity": 953940.0,
  "final_alpha_equity": 993571.5490240003,
  "alpha_total_return": -0.0064284509759997555,
  "alpha_sharpe": -8.350085787476308,
  "alpha_sortino": -3.4952266686526023,
  "alpha_calmar": -13.117216516813182,
  "alpha_max_drawdown": -0.007732762920395819,
  "base_shares": 9800,
  "ending_shares": 9800,
  "base_position_pct": 0.6,
  "max_t0_trade_pct": 0.3,
  "max_participation_rate": 0.05,
  "commission_rate": 0.001,
  "slippage_rate": 0.0005,
  "tp": 0.004,
  "sl": 0.003,
  "stop_loss_cooldown_bars": 0,
  "daily_max_trades": 0,
  "daily_max_losses": 0,
  "daily_loss_limit": 0.0,
  "no_overnight": true
}