{
  "total_return": 0.034985923271753316,
  "annualized_return": 11.18101383387356,
  "max_drawdown": -0.04659538378674577,
  "sharpe": 8.143807309751416,
  "sortino": 12.444685608858768,
  "calmar": 239.9596896775436,
  "trade_count": 11,
  "win_rate": 0.18181818181818182,
  "avg_net_return_per_trade": -0.004565413676161536,
  "median_net_return_per_trade": -0.005469819873382906,
  "backtest_mode": "a_share_inventory_t0",
  "trade_direction_mode": "sell_only",
  "buy_threshold": 0.4595914352082699,
  "sell_threshold": 0.5754806889569949,
  "initial_capital": 1000000.0,
  "final_equity": 1034254.1882240002,
  "final_benchmark_equity": 1040804.0,
  "final_alpha_equity": 993450.1882240002,
  "alpha_total_return": -0.006549811775999892,
  "alpha_sharpe": -19.386915086175794,
  "alpha_sortino": -11.624588173327526,
  "alpha_calmar": -56.93253591269827,
  "alpha_max_drawdown": -0.006671075957999872,
  "base_shares": 10100,
  "ending_shares": 10100,
  "base_position_pct": 0.6,
  "max_t0_trade_pct": 0.3,
  "max_participation_rate": 0.05,
  "commission_rate": 0.001,
  "slippage_rate": 0.0005,
  "tp": 0.003,
  "sl": 0.002,
  "no_overnight": true
}