{
  "total_return": -0.049196988326583924,
  "annualized_return": -0.974457871704813,
  "max_drawdown": -0.08796553906844262,
  "sharpe": -7.255100059472456,
  "sortino": -6.286854839140075,
  "calmar": -11.077722958607968,
  "trade_count": 8,
  "win_rate": 0.5,
  "avg_net_return_per_trade": -0.0029145521916139447,
  "median_net_return_per_trade": -0.0007079857904025407,
  "backtest_mode": "a_share_inventory_t0",
  "trade_direction_mode": "sell_only",
  "buy_threshold": 0.3606427501078635,
  "sell_threshold": 0.5371898189463155,
  "initial_capital": 1000000.0,
  "final_equity": 951339.2645719999,
  "final_benchmark_equity": 952718.0,
  "final_alpha_equity": 998621.2645719999,
  "alpha_total_return": -0.0013787354280001551,
  "alpha_sharpe": -4.2569361176432,
  "alpha_sortino": -2.5146341820070353,
  "alpha_calmar": -25.47771042081662,
  "alpha_max_drawdown": -0.0037457324085000687,
  "base_shares": 9400,
  "ending_shares": 9400,
  "base_position_pct": 0.6,
  "max_t0_trade_pct": 0.3,
  "max_participation_rate": 0.05,
  "commission_rate": 0.001,
  "slippage_rate": 0.0005,
  "tp": 0.003,
  "sl": 0.002,
  "no_overnight": true
}