{
  "total_return": 0.0022586202371557285,
  "annualized_return": 0.17822479603516128,
  "max_drawdown": -0.01570561660914549,
  "sharpe": 1.4612598788480988,
  "sortino": 2.4158308023652117,
  "calmar": 11.347838195119301,
  "trade_count": 2,
  "win_rate": 0.0,
  "avg_net_return_per_trade": -0.005441758199245359,
  "median_net_return_per_trade": -0.005441758199245359,
  "backtest_mode": "a_share_inventory_t0",
  "trade_direction_mode": "sell_only",
  "buy_threshold": 0.5084829671873515,
  "sell_threshold": 0.6086369541960444,
  "initial_capital": 1000000.0,
  "final_equity": 1003290.946616,
  "final_benchmark_equity": 1005665.0,
  "final_alpha_equity": 997625.946616,
  "alpha_total_return": -0.0023740533839999856,
  "alpha_sharpe": -16.101794244354355,
  "alpha_sortino": -5.525799334501949,
  "alpha_calmar": -66.8419789213377,
  "alpha_max_drawdown": -0.0023740533839999856,
  "base_shares": 10300,
  "ending_shares": 10300,
  "base_position_pct": 0.6,
  "max_t0_trade_pct": 0.3,
  "max_participation_rate": 0.05,
  "commission_rate": 0.001,
  "slippage_rate": 0.0005,
  "tp": 0.003,
  "sl": 0.002,
  "no_overnight": true
}