{
  "total_return": -0.04854436682125185,
  "annualized_return": -0.9975455669757975,
  "max_drawdown": -0.06286319491627035,
  "sharpe": -12.499417553666877,
  "sortino": -14.171320427004432,
  "calmar": -15.868515246551862,
  "trade_count": 3,
  "win_rate": 0.0,
  "avg_net_return_per_trade": -0.009076828306599057,
  "median_net_return_per_trade": -0.008912617461760749,
  "backtest_mode": "a_share_inventory_t0",
  "trade_direction_mode": "sell_only",
  "buy_threshold": 0.4654643074304277,
  "sell_threshold": 0.5242586782364016,
  "initial_capital": 1000000.0,
  "final_equity": 951135.9440860001,
  "final_benchmark_equity": 957328.0,
  "final_alpha_equity": 993807.9440860001,
  "alpha_total_return": -0.006192055913999961,
  "alpha_sharpe": -18.552364388693086,
  "alpha_sortino": -6.967368704426102,
  "alpha_calmar": -85.22271130900546,
  "alpha_max_drawdown": -0.006192055913999961,
  "base_shares": 8400,
  "ending_shares": 8400,
  "base_position_pct": 0.6,
  "max_t0_trade_pct": 0.3,
  "max_participation_rate": 0.05,
  "commission_rate": 0.001,
  "slippage_rate": 0.0005,
  "tp": 0.003,
  "sl": 0.002,
  "no_overnight": true
}