{
  "total_return": -0.11146139632179597,
  "annualized_return": -0.8587714675007393,
  "max_drawdown": -0.12423717799274536,
  "sharpe": -7.504816054078429,
  "sortino": -11.681475130964204,
  "calmar": -6.912354911594063,
  "trade_count": 12,
  "win_rate": 0.16666666666666666,
  "avg_net_return_per_trade": -0.007030854129378758,
  "median_net_return_per_trade": -0.006584203460945955,
  "backtest_mode": "a_share_inventory_t0",
  "trade_direction_mode": "sell_only",
  "buy_threshold": 0.6604762256145478,
  "sell_threshold": 0.8768073558807371,
  "initial_capital": 1000000.0,
  "final_equity": 891182.8945627504,
  "final_benchmark_equity": 906349.0,
  "final_alpha_equity": 984833.8945627504,
  "alpha_total_return": -0.01516610543724961,
  "alpha_sharpe": -10.279133861514337,
  "alpha_sortino": -2.723363658188737,
  "alpha_calmar": -13.507387690610427,
  "alpha_max_drawdown": -0.01655585966185069,
  "base_shares": 9300,
  "ending_shares": 9300,
  "base_position_pct": 0.6,
  "max_t0_trade_pct": 0.3,
  "max_participation_rate": 0.05,
  "commission_rate": 0.0015,
  "slippage_rate": 0.0005,
  "tp": 0.003,
  "sl": 0.002,
  "stop_loss_cooldown_bars": 6,
  "daily_max_trades": 0,
  "daily_max_losses": 2,
  "daily_loss_limit": 0.0,
  "no_overnight": true
}