{
  "total_return": -0.054487606979855885,
  "annualized_return": -0.6051187922789424,
  "max_drawdown": -0.08045150375589216,
  "sharpe": -2.791927903006274,
  "sortino": -2.644505302833044,
  "calmar": -7.521534887837622,
  "trade_count": 14,
  "win_rate": 0.07142857142857142,
  "avg_net_return_per_trade": -0.00687136341792786,
  "median_net_return_per_trade": -0.006808086685047506,
  "backtest_mode": "a_share_inventory_t0",
  "trade_direction_mode": "sell_only",
  "buy_threshold": 0.7235490381717682,
  "sell_threshold": 0.8430290222167969,
  "initial_capital": 1000000.0,
  "final_equity": 944678.4510895003,
  "final_benchmark_equity": 953940.0,
  "final_alpha_equity": 990738.4510895003,
  "alpha_total_return": -0.009261548910499684,
  "alpha_sharpe": -11.012339711718361,
  "alpha_sortino": -3.8042691038317535,
  "alpha_calmar": -14.280033939255437,
  "alpha_max_drawdown": -0.01001346498093203,
  "base_shares": 9800,
  "ending_shares": 9800,
  "base_position_pct": 0.6,
  "max_t0_trade_pct": 0.3,
  "max_participation_rate": 0.05,
  "commission_rate": 0.0015,
  "slippage_rate": 0.0005,
  "tp": 0.003,
  "sl": 0.002,
  "stop_loss_cooldown_bars": 6,
  "daily_max_trades": 0,
  "daily_max_losses": 2,
  "daily_loss_limit": 0.0,
  "no_overnight": true
}