{
  "total_return": -0.02604630005834141,
  "annualized_return": -0.853183766441763,
  "max_drawdown": -0.033918263202047494,
  "sharpe": -13.28712223331606,
  "sortino": -16.338331844293975,
  "calmar": -25.15411126328721,
  "trade_count": 1,
  "win_rate": 1.0,
  "avg_net_return_per_trade": 0.0018174997486702952,
  "median_net_return_per_trade": 0.0018174997486702952,
  "backtest_mode": "a_share_inventory_t0",
  "trade_direction_mode": "sell_only",
  "buy_threshold": 0.4095080417989358,
  "sell_threshold": 0.4341893776055725,
  "initial_capital": 1000000.0,
  "final_equity": 973261.218861,
  "final_benchmark_equity": 972429.0,
  "final_alpha_equity": 1000832.218861,
  "alpha_total_return": 0.0008322188609999337,
  "alpha_sharpe": 4.883793228488405,
  "alpha_sortino": 3.18581139289566,
  "alpha_calmar": 95.03535860084847,
  "alpha_max_drawdown": -0.0006559698475407938,
  "base_shares": 7900,
  "ending_shares": 7900,
  "base_position_pct": 0.6,
  "max_t0_trade_pct": 0.3,
  "max_participation_rate": 0.05,
  "commission_rate": 0.001,
  "slippage_rate": 0.0005,
  "tp": 0.003,
  "sl": 0.002,
  "no_overnight": true
}