{
  "total_return": -0.046568328514249635,
  "annualized_return": -0.5465396482055482,
  "max_drawdown": -0.07863724974662945,
  "sharpe": -2.3667417707917755,
  "sortino": -2.253755889925501,
  "calmar": -6.950136862193277,
  "trade_count": 12,
  "win_rate": 0.5,
  "avg_net_return_per_trade": -0.0020061815527583136,
  "median_net_return_per_trade": -0.0018601966307270597,
  "backtest_mode": "a_share_inventory_t0",
  "trade_direction_mode": "sell_only",
  "buy_threshold": 0.7795956283807755,
  "sell_threshold": 0.8109682202339172,
  "initial_capital": 1000000.0,
  "final_equity": 952590.7447515,
  "final_benchmark_equity": 953940.0,
  "final_alpha_equity": 998650.7447515,
  "alpha_total_return": -0.0013492552485000475,
  "alpha_sharpe": -1.7391317685710377,
  "alpha_sortino": -1.0139721744127492,
  "alpha_calmar": -5.614330943306204,
  "alpha_max_drawdown": -0.003943884325306235,
  "base_shares": 9800,
  "ending_shares": 9800,
  "base_position_pct": 0.6,
  "max_t0_trade_pct": 0.3,
  "max_participation_rate": 0.05,
  "commission_rate": 0.001,
  "slippage_rate": 0.0005,
  "tp": 0.003,
  "sl": 0.002,
  "stop_loss_cooldown_bars": 0,
  "daily_max_trades": 0,
  "daily_max_losses": 0,
  "daily_loss_limit": 0.0,
  "no_overnight": true
}