{
  "total_return": -0.049084055005061744,
  "annualized_return": -0.5655230283337488,
  "max_drawdown": -0.0785119444784852,
  "sharpe": -2.458274961076039,
  "sortino": -2.33623072452496,
  "calmar": -7.203019006728592,
  "trade_count": 2,
  "win_rate": 0.0,
  "avg_net_return_per_trade": -0.005851964327753642,
  "median_net_return_per_trade": -0.005851964327753642,
  "backtest_mode": "a_share_inventory_t0",
  "trade_direction_mode": "sell_only",
  "buy_threshold": 0.7298367828130722,
  "sell_threshold": 0.9452976369857785,
  "initial_capital": 1000000.0,
  "final_equity": 950543.1859445003,
  "final_benchmark_equity": 953450.0,
  "final_alpha_equity": 997093.1859445003,
  "alpha_total_return": -0.0029068140554997512,
  "alpha_sharpe": -6.975665683530599,
  "alpha_sortino": -0.8469827186833477,
  "alpha_calmar": -16.193648218356163,
  "alpha_max_drawdown": -0.0029068140554997512,
  "base_shares": 9800,
  "ending_shares": 9800,
  "base_position_pct": 0.6,
  "max_t0_trade_pct": 0.3,
  "max_participation_rate": 0.05,
  "commission_rate": 0.001,
  "slippage_rate": 0.0005,
  "tp": 0.003,
  "sl": 0.002,
  "stop_loss_cooldown_bars": 6,
  "daily_max_trades": 0,
  "daily_max_losses": 2,
  "daily_loss_limit": 0.0,
  "no_overnight": true
}