{
  "total_return": -0.09586047448526602,
  "annualized_return": -0.8002628265573644,
  "max_drawdown": -0.11793635194325158,
  "sharpe": -6.446853179279661,
  "sortino": -10.135888314948867,
  "calmar": -6.7855484197309535,
  "trade_count": 13,
  "win_rate": 0.15384615384615385,
  "avg_net_return_per_trade": -0.004683935398273734,
  "median_net_return_per_trade": -0.006373168864175601,
  "backtest_mode": "a_share_inventory_t0",
  "trade_direction_mode": "sell_only",
  "buy_threshold": 0.6360969454050064,
  "sell_threshold": 0.9222695231437683,
  "initial_capital": 1000000.0,
  "final_equity": 903289.6343607501,
  "final_benchmark_equity": 911922.0,
  "final_alpha_equity": 991367.6343607501,
  "alpha_total_return": -0.008632365639249961,
  "alpha_sharpe": -8.758735260376662,
  "alpha_sortino": -2.747488687283411,
  "alpha_calmar": -13.404945187211906,
  "alpha_max_drawdown": -0.009653659603104603,
  "base_shares": 9400,
  "ending_shares": 9400,
  "base_position_pct": 0.6,
  "max_t0_trade_pct": 0.3,
  "max_participation_rate": 0.02,
  "commission_rate": 0.0015,
  "slippage_rate": 0.0005,
  "tp": 0.003,
  "sl": 0.002,
  "stop_loss_cooldown_bars": 0,
  "daily_max_trades": 0,
  "daily_max_losses": 0,
  "daily_loss_limit": 0.0,
  "no_overnight": true
}