{
  "total_return": -0.0459047309334395,
  "annualized_return": -0.554532129892677,
  "max_drawdown": -0.0789545330480732,
  "sharpe": -2.1600585425559498,
  "sortino": -2.0518628629668543,
  "calmar": -7.023436254825772,
  "trade_count": 5,
  "win_rate": 0.2,
  "avg_net_return_per_trade": -0.0037680763365954785,
  "median_net_return_per_trade": -0.0016868322098656475,
  "backtest_mode": "a_share_inventory_t0",
  "trade_direction_mode": "sell_only",
  "buy_threshold": 0.7473482042551041,
  "sell_threshold": 0.9047144800424576,
  "initial_capital": 1000000.0,
  "final_equity": 956456.6548575002,
  "final_benchmark_equity": 957628.0,
  "final_alpha_equity": 998828.6548575002,
  "alpha_total_return": -0.0011713451424997245,
  "alpha_sharpe": -1.5024783426024548,
  "alpha_sortino": -0.692727676097242,
  "alpha_calmar": -8.808679010976912,
  "alpha_max_drawdown": -0.0022666516334999276,
  "base_shares": 9900,
  "ending_shares": 9900,
  "base_position_pct": 0.6,
  "max_t0_trade_pct": 0.3,
  "max_participation_rate": 0.05,
  "commission_rate": 0.0015,
  "slippage_rate": 0.001,
  "tp": 0.003,
  "sl": 0.002,
  "stop_loss_cooldown_bars": 0,
  "daily_max_trades": 0,
  "daily_max_losses": 0,
  "daily_loss_limit": 0.0,
  "no_overnight": true
}