{
  "total_return": -0.04954334993513654,
  "annualized_return": -0.9751255245396028,
  "max_drawdown": -0.08773589876421672,
  "sharpe": -7.324942733955568,
  "sortino": -6.337367654748259,
  "calmar": -11.114327638680438,
  "trade_count": 6,
  "win_rate": 0.5,
  "avg_net_return_per_trade": -0.0038847178155640397,
  "median_net_return_per_trade": -0.002039127544799843,
  "backtest_mode": "a_share_inventory_t0",
  "trade_direction_mode": "sell_only",
  "buy_threshold": 0.3606427501078635,
  "sell_threshold": 0.5506018399901923,
  "initial_capital": 1000000.0,
  "final_equity": 950992.7076155001,
  "final_benchmark_equity": 952718.0,
  "final_alpha_equity": 998274.7076155001,
  "alpha_total_return": -0.0017252923844999213,
  "alpha_sharpe": -4.693453079637989,
  "alpha_sortino": -2.250660603111611,
  "alpha_calmar": -26.16263923298005,
  "alpha_max_drawdown": -0.004509169903500032,
  "base_shares": 9400,
  "ending_shares": 9400,
  "base_position_pct": 0.6,
  "max_t0_trade_pct": 0.3,
  "max_participation_rate": 0.05,
  "commission_rate": 0.001,
  "slippage_rate": 0.0005,
  "tp": 0.003,
  "sl": 0.002,
  "no_overnight": true
}