{
  "total_return": -0.02930488179491142,
  "annualized_return": -0.9724592650757395,
  "max_drawdown": -0.03035477155648647,
  "sharpe": -14.786354155560945,
  "sortino": -26.629345112699145,
  "calmar": -32.03645473879167,
  "trade_count": 1,
  "win_rate": 1.0,
  "avg_net_return_per_trade": 0.00038594718813112286,
  "median_net_return_per_trade": 0.00038594718813112286,
  "backtest_mode": "a_share_inventory_t0",
  "trade_direction_mode": "sell_only",
  "buy_threshold": 0.5746058157671509,
  "sell_threshold": 0.5882390618324279,
  "initial_capital": 1000000.0,
  "final_equity": 970797.0411925002,
  "final_benchmark_equity": 970390.0,
  "final_alpha_equity": 1000407.0411925002,
  "alpha_total_return": 0.00040704119250012383,
  "alpha_sharpe": 2.914334566586154,
  "alpha_sortino": 1.3260160648550379,
  "alpha_calmar": 93.88072940529025,
  "alpha_max_drawdown": -0.0005366045722545731,
  "base_shares": 10500,
  "ending_shares": 10500,
  "base_position_pct": 0.6,
  "max_t0_trade_pct": 0.3,
  "max_participation_rate": 0.02,
  "commission_rate": 0.0015,
  "slippage_rate": 0.0005,
  "tp": 0.003,
  "sl": 0.002,
  "no_overnight": true
}