model,side,valid_auc,raw_weight,weight,weight_method
logistic_regression,sell,0.5299007444168734,0.029900744416873404,0.21556350626118057,valid_auc_edge_over_0p5
random_forest,sell,0.6088089330024813,0.10880893300248129,0.7844364937388194,valid_auc_edge_over_0p5
