{
  "total_return": -0.11089014003924325,
  "annualized_return": -0.8572600244064016,
  "max_drawdown": -0.12292359564038147,
  "sharpe": -7.467219526153234,
  "sortino": -11.59774409145963,
  "calmar": -6.973925713289046,
  "trade_count": 21,
  "win_rate": 0.3333333333333333,
  "avg_net_return_per_trade": -0.004984921651927055,
  "median_net_return_per_trade": -0.005890244485465265,
  "backtest_mode": "a_share_inventory_t0",
  "trade_direction_mode": "sell_only",
  "buy_threshold": 0.6489220082759856,
  "sell_threshold": 0.9102133363485335,
  "initial_capital": 1000000.0,
  "final_equity": 891755.850904,
  "final_benchmark_equity": 906349.0,
  "final_alpha_equity": 985406.850904,
  "alpha_total_return": -0.014593149095999958,
  "alpha_sharpe": -10.88125855328057,
  "alpha_sortino": -3.9414360411643368,
  "alpha_calmar": -13.601593511652878,
  "alpha_max_drawdown": -0.015888673213311222,
  "base_shares": 9300,
  "ending_shares": 9300,
  "base_position_pct": 0.6,
  "max_t0_trade_pct": 0.3,
  "max_participation_rate": 0.02,
  "commission_rate": 0.001,
  "slippage_rate": 0.0005,
  "tp": 0.003,
  "sl": 0.002,
  "stop_loss_cooldown_bars": 0,
  "daily_max_trades": 0,
  "daily_max_losses": 0,
  "daily_loss_limit": 0.0,
  "no_overnight": true
}