{
  "total_return": -0.029009173241809516,
  "annualized_return": -0.9714272943239797,
  "max_drawdown": -0.030059063003384456,
  "sharpe": -14.648342472263838,
  "sortino": -26.357700240849926,
  "calmar": -32.31728461444734,
  "trade_count": 1,
  "win_rate": 1.0,
  "avg_net_return_per_trade": 0.0013859471881311229,
  "median_net_return_per_trade": 0.0013859471881311229,
  "backtest_mode": "a_share_inventory_t0",
  "trade_direction_mode": "sell_only",
  "buy_threshold": 0.5746058157671509,
  "sell_threshold": 0.5769686222076414,
  "initial_capital": 1000000.0,
  "final_equity": 971092.7807950001,
  "final_benchmark_equity": 970390.0,
  "final_alpha_equity": 1000702.7807950001,
  "alpha_total_return": 0.0007027807950001907,
  "alpha_sharpe": 5.467101014179737,
  "alpha_sortino": 3.515571172941385,
  "alpha_calmar": 227.55190544641434,
  "alpha_max_drawdown": -0.00038913989718036834,
  "base_shares": 10500,
  "ending_shares": 10500,
  "base_position_pct": 0.6,
  "max_t0_trade_pct": 0.3,
  "max_participation_rate": 0.05,
  "commission_rate": 0.001,
  "slippage_rate": 0.0005,
  "tp": 0.003,
  "sl": 0.002,
  "no_overnight": true
}