{
  "total_return": -0.0232821446890219,
  "annualized_return": -0.8195943291282068,
  "max_drawdown": -0.0326135917470195,
  "sharpe": -12.47724575619985,
  "sortino": -20.795105078359494,
  "calmar": -25.1304528334604,
  "trade_count": 1,
  "win_rate": 0.0,
  "avg_net_return_per_trade": -0.006433489589908634,
  "median_net_return_per_trade": -0.006433489589908634,
  "backtest_mode": "a_share_inventory_t0",
  "trade_direction_mode": "sell_only",
  "buy_threshold": 0.4912304569405676,
  "sell_threshold": 0.6478943572720263,
  "initial_capital": 1000000.0,
  "final_equity": 976629.9507040001,
  "final_benchmark_equity": 977950.0,
  "final_alpha_equity": 998679.9507040001,
  "alpha_total_return": -0.0013200492959999366,
  "alpha_sharpe": -6.524104906015976,
  "alpha_sortino": -1.9930267678436038,
  "alpha_calmar": -43.55972705847199,
  "alpha_max_drawdown": -0.0021019430315992738,
  "base_shares": 9000,
  "ending_shares": 9000,
  "base_position_pct": 0.6,
  "max_t0_trade_pct": 0.3,
  "max_participation_rate": 0.05,
  "commission_rate": 0.001,
  "slippage_rate": 0.0005,
  "tp": 0.003,
  "sl": 0.002,
  "no_overnight": true
}