{
  "total_return": -0.04941169420925429,
  "annualized_return": -0.997801549624861,
  "max_drawdown": -0.06286319491627035,
  "sharpe": -12.720228893788743,
  "sortino": -14.442624514824962,
  "calmar": -15.872587305717872,
  "trade_count": 3,
  "win_rate": 0.0,
  "avg_net_return_per_trade": -0.01107025526152849,
  "median_net_return_per_trade": -0.010906208545552794,
  "backtest_mode": "a_share_inventory_t0",
  "trade_direction_mode": "sell_only",
  "buy_threshold": 0.4654643074304277,
  "sell_threshold": 0.5175519518036075,
  "initial_capital": 1000000.0,
  "final_equity": 950268.90812,
  "final_benchmark_equity": 957328.0,
  "final_alpha_equity": 992940.90812,
  "alpha_total_return": -0.007059091879999979,
  "alpha_sharpe": -19.89672108202743,
  "alpha_sortino": -7.6630107516508215,
  "alpha_calmar": -81.44888470546316,
  "alpha_max_drawdown": -0.007059091879999979,
  "base_shares": 8400,
  "ending_shares": 8400,
  "base_position_pct": 0.6,
  "max_t0_trade_pct": 0.3,
  "max_participation_rate": 0.02,
  "commission_rate": 0.001,
  "slippage_rate": 0.001,
  "tp": 0.003,
  "sl": 0.002,
  "no_overnight": true
}