{
  "total_return": -0.10507560628220425,
  "annualized_return": -0.84098638392417,
  "max_drawdown": -0.1190857323264023,
  "sharpe": -7.052850645564327,
  "sortino": -11.089610211471626,
  "calmar": -7.062024706865042,
  "trade_count": 12,
  "win_rate": 0.25,
  "avg_net_return_per_trade": -0.005065679374611922,
  "median_net_return_per_trade": -0.006745743948944169,
  "backtest_mode": "a_share_inventory_t0",
  "trade_direction_mode": "sell_only",
  "buy_threshold": 0.9011711865663528,
  "sell_threshold": 0.8903881818056105,
  "initial_capital": 1000000.0,
  "final_equity": 897587.6887134999,
  "final_benchmark_equity": 906349.0,
  "final_alpha_equity": 991238.6887134999,
  "alpha_total_return": -0.00876131128650004,
  "alpha_sharpe": -6.781322306038287,
  "alpha_sortino": -2.2601959581044553,
  "alpha_calmar": -11.150277717537591,
  "alpha_max_drawdown": -0.012163760903525112,
  "base_shares": 9300,
  "ending_shares": 9300,
  "base_position_pct": 0.6,
  "max_t0_trade_pct": 0.3,
  "max_participation_rate": 0.02,
  "commission_rate": 0.001,
  "slippage_rate": 0.0005,
  "tp": 0.004,
  "sl": 0.002,
  "stop_loss_cooldown_bars": 6,
  "daily_max_trades": 0,
  "daily_max_losses": 2,
  "daily_loss_limit": 0.0,
  "no_overnight": true
}