{
  "total_return": 0.06764308042915324,
  "annualized_return": 1.5879365757744215,
  "max_drawdown": -0.051459955684742376,
  "sharpe": 3.5999199498217718,
  "sortino": 6.110776624039921,
  "calmar": 30.85771362693258,
  "trade_count": 17,
  "win_rate": 0.11764705882352941,
  "avg_net_return_per_trade": -0.005812240458342979,
  "median_net_return_per_trade": -0.006717542010980956,
  "backtest_mode": "a_share_inventory_t0",
  "trade_direction_mode": "sell_only",
  "buy_threshold": 0.6860697031021118,
  "sell_threshold": 0.9143876522779464,
  "initial_capital": 1000000.0,
  "final_equity": 1066964.0594300004,
  "final_benchmark_equity": 1079076.0,
  "final_alpha_equity": 987888.0594300004,
  "alpha_total_return": -0.012111940569999646,
  "alpha_sharpe": -14.837224403176052,
  "alpha_sortino": -6.126163009358503,
  "alpha_calmar": -13.395331626684214,
  "alpha_max_drawdown": -0.012111940569999646,
  "base_shares": 10600,
  "ending_shares": 10600,
  "base_position_pct": 0.6,
  "max_t0_trade_pct": 0.3,
  "max_participation_rate": 0.05,
  "commission_rate": 0.001,
  "slippage_rate": 0.001,
  "tp": 0.003,
  "sl": 0.002,
  "stop_loss_cooldown_bars": 0,
  "daily_max_trades": 0,
  "daily_max_losses": 0,
  "daily_loss_limit": 0.0,
  "no_overnight": true
}