{
  "fold": 9,
  "model_summaries": {
    "transformer_lstm": {
      "model": "Transformer_LSTM",
      "target_col_buy": "buy_label",
      "target_col_sell": "sell_label",
      "feature_count": 194,
      "lookback": 8,
      "params": {
        "d_model": 128,
        "nhead": 4,
        "transformer_layers": 2,
        "transformer_dropout": 0.2,
        "lstm_hidden_dim": 128,
        "lstm_num_layers": 1,
        "output_dim": 1
      },
      "buy_fit": {
        "best_score": 0.5269505658129839,
        "best_valid_auc": 0.5269505658129839,
        "epochs_ran": 3,
        "pos_rate": 0.25506756756756754,
        "pos_weight": 2.920529801324504,
        "device": "cpu"
      },
      "sell_fit": {
        "best_score": 0.4838131511145961,
        "best_valid_auc": 0.4838131511145961,
        "epochs_ran": 3,
        "pos_rate": 0.35135135135135137,
        "pos_weight": 1.8461538461538463,
        "device": "cpu"
      },
      "valid_buy_auc": 0.5269505658129839,
      "valid_buy_positive_rate": 0.23958333333333334,
      "valid_buy_prob_mean": 0.47780919075012207,
      "valid_buy_prob_std": 0.1403747797012329,
      "valid_buy_prob_min": 0.1323591023683548,
      "valid_buy_prob_max": 0.7903475761413574,
      "valid_buy_acc_05": 0.5364583333333334,
      "valid_buy_precision_05": 0.26881720430107525,
      "valid_buy_recall_05": 0.5434782608695652,
      "valid_buy_f1_05": 0.3597122302158273,
      "valid_buy_q90_threshold": 0.6521375775337219,
      "valid_buy_q95_threshold": 0.6784766316413879,
      "test_buy_auc": 0.44583333333333336,
      "test_buy_positive_rate": 0.21052631578947367,
      "test_buy_prob_mean": 0.4308798015117645,
      "test_buy_prob_std": 0.18044409155845642,
      "test_buy_prob_min": 0.10219056159257889,
      "test_buy_prob_max": 0.7778160572052002,
      "test_buy_acc_05": 0.5328947368421053,
      "test_buy_precision_05": 0.2,
      "test_buy_recall_05": 0.40625,
      "test_buy_f1_05": 0.26804123711340205,
      "test_buy_q90_threshold": 0.6658207774162292,
      "test_buy_q95_threshold": 0.6888467669487,
      "valid_sell_auc": 0.4838131511145961,
      "valid_sell_positive_rate": 0.4114583333333333,
      "valid_sell_prob_mean": 0.43758025765419006,
      "valid_sell_prob_std": 0.0782770961523056,
      "valid_sell_prob_min": 0.2747143507003784,
      "valid_sell_prob_max": 0.662511944770813,
      "valid_sell_acc_05": 0.5,
      "valid_sell_precision_05": 0.2571428571428571,
      "valid_sell_recall_05": 0.11392405063291139,
      "valid_sell_f1_05": 0.15789473684210525,
      "valid_sell_q90_threshold": 0.5393137335777283,
      "valid_sell_q95_threshold": 0.610554575920105,
      "test_sell_auc": 0.481859410430839,
      "test_sell_positive_rate": 0.35526315789473684,
      "test_sell_prob_mean": 0.4641266465187073,
      "test_sell_prob_std": 0.12137596309185028,
      "test_sell_prob_min": 0.2503218948841095,
      "test_sell_prob_max": 0.7205523252487183,
      "test_sell_acc_05": 0.506578947368421,
      "test_sell_precision_05": 0.3333333333333333,
      "test_sell_recall_05": 0.3888888888888889,
      "test_sell_f1_05": 0.358974358974359,
      "test_sell_q90_threshold": 0.6264607906341553,
      "test_sell_q95_threshold": 0.6824281215667725
    },
    "lstm": {
      "model": "LSTM",
      "target_col_buy": "buy_label",
      "target_col_sell": "sell_label",
      "feature_count": 194,
      "lookback": 8,
      "params": {
        "hidden_dim": 256,
        "num_layers": 2,
        "dropout": 0.3,
        "output_dim": 1
      },
      "buy_fit": {
        "best_score": 0.5272483621203097,
        "best_valid_auc": 0.5272483621203097,
        "epochs_ran": 3,
        "pos_rate": 0.25506756756756754,
        "pos_weight": 2.920529801324504,
        "device": "cpu"
      },
      "sell_fit": {
        "best_score": 0.5294051753108547,
        "best_valid_auc": 0.5294051753108547,
        "epochs_ran": 3,
        "pos_rate": 0.35135135135135137,
        "pos_weight": 1.8461538461538463,
        "device": "cpu"
      },
      "valid_buy_auc": 0.5272483621203097,
      "valid_buy_positive_rate": 0.23958333333333334,
      "valid_buy_prob_mean": 0.2991885840892792,
      "valid_buy_prob_std": 0.02468024380505085,
      "valid_buy_prob_min": 0.24580474197864532,
      "valid_buy_prob_max": 0.34550389647483826,
      "valid_buy_acc_05": 0.7604166666666666,
      "valid_buy_precision_05": 0.0,
      "valid_buy_recall_05": 0.0,
      "valid_buy_f1_05": 0.0,
      "valid_buy_q90_threshold": 0.3290078341960907,
      "valid_buy_q95_threshold": 0.3354640305042267,
      "test_buy_auc": 0.4666666666666667,
      "test_buy_positive_rate": 0.21052631578947367,
      "test_buy_prob_mean": 0.2982761859893799,
      "test_buy_prob_std": 0.0384388193488121,
      "test_buy_prob_min": 0.21585580706596375,
      "test_buy_prob_max": 0.39026978611946106,
      "test_buy_acc_05": 0.7894736842105263,
      "test_buy_precision_05": 0.0,
      "test_buy_recall_05": 0.0,
      "test_buy_f1_05": 0.0,
      "test_buy_q90_threshold": 0.3479462265968323,
      "test_buy_q95_threshold": 0.3528571128845215,
      "valid_sell_auc": 0.5294051753108547,
      "valid_sell_positive_rate": 0.4114583333333333,
      "valid_sell_prob_mean": 0.44481363892555237,
      "valid_sell_prob_std": 0.06394082307815552,
      "valid_sell_prob_min": 0.2743332087993622,
      "valid_sell_prob_max": 0.5983994603157043,
      "valid_sell_acc_05": 0.5052083333333334,
      "valid_sell_precision_05": 0.2894736842105263,
      "valid_sell_recall_05": 0.13924050632911392,
      "valid_sell_f1_05": 0.18803418803418803,
      "valid_sell_q90_threshold": 0.5247949361801147,
      "valid_sell_q95_threshold": 0.5443313121795654,
      "test_sell_auc": 0.48356009070294786,
      "test_sell_positive_rate": 0.35526315789473684,
      "test_sell_prob_mean": 0.48186787962913513,
      "test_sell_prob_std": 0.07921519130468369,
      "test_sell_prob_min": 0.34250539541244507,
      "test_sell_prob_max": 0.6475650072097778,
      "test_sell_acc_05": 0.5131578947368421,
      "test_sell_precision_05": 0.3148148148148148,
      "test_sell_recall_05": 0.3148148148148148,
      "test_sell_f1_05": 0.3148148148148148,
      "test_sell_q90_threshold": 0.6076095700263977,
      "test_sell_q95_threshold": 0.6223312020301819
    },
    "cnn": {
      "model": "CNN",
      "target_col_buy": "buy_label",
      "target_col_sell": "sell_label",
      "feature_count": 194,
      "lookback": 8,
      "params": {
        "channels": 64,
        "kernel_size": 3,
        "dropout": 0.3,
        "output_dim": 1
      },
      "buy_fit": {
        "best_score": 0.5786182251340083,
        "best_valid_auc": 0.5786182251340083,
        "epochs_ran": 3,
        "pos_rate": 0.25506756756756754,
        "pos_weight": 2.920529801324504,
        "device": "cpu"
      },
      "sell_fit": {
        "best_score": 0.4946790635151787,
        "best_valid_auc": 0.4946790635151787,
        "epochs_ran": 3,
        "pos_rate": 0.35135135135135137,
        "pos_weight": 1.8461538461538463,
        "device": "cpu"
      },
      "valid_buy_auc": 0.5786182251340083,
      "valid_buy_positive_rate": 0.23958333333333334,
      "valid_buy_prob_mean": 0.29503336548805237,
      "valid_buy_prob_std": 0.05078649893403053,
      "valid_buy_prob_min": 0.17588594555854797,
      "valid_buy_prob_max": 0.45921453833580017,
      "valid_buy_acc_05": 0.7604166666666666,
      "valid_buy_precision_05": 0.0,
      "valid_buy_recall_05": 0.0,
      "valid_buy_f1_05": 0.0,
      "valid_buy_q90_threshold": 0.35106807947158813,
      "valid_buy_q95_threshold": 0.369701623916626,
      "test_buy_auc": 0.39921875,
      "test_buy_positive_rate": 0.21052631578947367,
      "test_buy_prob_mean": 0.2715655267238617,
      "test_buy_prob_std": 0.047574952244758606,
      "test_buy_prob_min": 0.1671096384525299,
      "test_buy_prob_max": 0.3976776599884033,
      "test_buy_acc_05": 0.7894736842105263,