{
  "total_return": -0.02774221602459348,
  "annualized_return": -0.8706545214561839,
  "max_drawdown": -0.03498774968815721,
  "sharpe": -14.238562343822426,
  "sortino": -17.55215080893797,
  "calmar": -24.884553285542868,
  "trade_count": 5,
  "win_rate": 0.4,
  "avg_net_return_per_trade": -0.0032740399097416855,
  "median_net_return_per_trade": -0.005726036609453697,
  "backtest_mode": "a_share_inventory_t0",
  "trade_direction_mode": "sell_only",
  "buy_threshold": 0.5653021192148,
  "sell_threshold": 0.41702279458817204,
  "initial_capital": 1000000.0,
  "final_equity": 971566.508691,
  "final_benchmark_equity": 972429.0,
  "final_alpha_equity": 999137.508691,
  "alpha_total_return": -0.0008624913089999575,
  "alpha_sharpe": -5.304134224947728,
  "alpha_sortino": -3.370487247784494,
  "alpha_calmar": -32.42562668175029,
  "alpha_max_drawdown": -0.0018750723694999083,
  "base_shares": 7900,
  "ending_shares": 7900,
  "base_position_pct": 0.6,
  "max_t0_trade_pct": 0.3,
  "max_participation_rate": 0.05,
  "commission_rate": 0.001,
  "slippage_rate": 0.0005,
  "tp": 0.003,
  "sl": 0.002,
  "no_overnight": true
}