{
  "total_return": 0.011956981054848326,
  "annualized_return": 1.3728135279671743,
  "max_drawdown": -0.02427728562097542,
  "sharpe": 3.007244404648699,
  "sortino": 6.155886141875876,
  "calmar": 56.5472412937743,
  "trade_count": 9,
  "win_rate": 0.2222222222222222,
  "avg_net_return_per_trade": -0.004844481304552811,
  "median_net_return_per_trade": -0.006900517821841531,
  "backtest_mode": "a_share_inventory_t0",
  "trade_direction_mode": "sell_only",
  "buy_threshold": 0.7054184544772757,
  "sell_threshold": 0.6122887900886655,
  "initial_capital": 1000000.0,
  "final_equity": 1009224.6972060003,
  "final_benchmark_equity": 1014040.0,
  "final_alpha_equity": 995184.6972060003,
  "alpha_total_return": -0.004815302793999665,
  "alpha_sharpe": -16.222467150131784,
  "alpha_sortino": -11.793863408878236,
  "alpha_calmar": -61.45970023952575,
  "alpha_max_drawdown": -0.004815302793999665,
  "base_shares": 10800,
  "ending_shares": 10800,
  "base_position_pct": 0.6,
  "max_t0_trade_pct": 0.3,
  "max_participation_rate": 0.05,
  "commission_rate": 0.001,
  "slippage_rate": 0.001,
  "tp": 0.003,
  "sl": 0.002,
  "no_overnight": true
}