{
  "scenario_count": 12,
  "all_alpha_positive": false,
  "min_alpha_total_return": -0.01126560429549961,
  "worst_alpha_max_drawdown": -0.011354952735999846,
  "min_trade_count": 13
}