{
  "lookback": 6,
  "lookback_minutes": 30,
  "horizon": 12,
  "horizon_minutes": 60,
  "best_valid_auc": 0.5702715298664874,
  "valid_auc": 0.5702715298664874,
  "test_auc": 0.5287458328141607,
  "train_positive_rate": 0.359956097766896,
  "valid_positive_rate": 0.3588884509262909,
  "test_positive_rate": 0.3944619629483642,
  "valid_action_metrics": {
    "accuracy": 0.42983839180134015,
    "buy_auc": 0.5702715298664874,
    "sell_auc": 0.5465777815701529,
    "buy_positive_rate": 0.3588884509262909,
    "sell_positive_rate": 0.4562475364603863,
    "hold_rate": 0.18486401261332283
  },
  "test_action_metrics": {
    "accuracy": 0.41791486007094997,
    "buy_auc": 0.5287458328141607,
    "sell_auc": 0.534910712034215,
    "buy_positive_rate": 0.3944619629483642,
    "sell_positive_rate": 0.45969649191959006,
    "hold_rate": 0.14584154513204572
  },
  "test_trade_return_mean_all": 0.0006661114750419357,
  "test_trade_return_mean_label_1": -4.1797926702577834e-05,
  "selected_threshold": 0.43184452056884765,
  "selected_quantile": 0.95,
  "selected_threshold_test_stats": {
    "threshold": 0.43184452056884765,
    "horizon": 12,
    "round_trip_cost": 0.003,
    "trade_count": 103,
    "win_rate": 0.3883495145631068,
    "gross_return_mean": 0.0022635199069417893,
    "net_return_mean": -0.000736480093058212,
    "gross_return_median": 0.00017409470752105527,
    "net_return_median": -0.002825905292478945,
    "total_return": -0.09091634584287789,
    "max_drawdown": -0.27732342788980013,
    "per_trade_sharpe": -0.037378857195219085,
    "trades_per_year": 120.58066885537811,
    "bar_annualized_sharpe": -4.028601601052439,
    "sharpe": -0.4104543508564172,
    "avg_pred_prob": 0.43995517231885667,
    "positive_label_rate": 0.5339805825242718,
    "buy_label_rate": 0.46601941747572817,
    "selected_by": "validation_net_return_mean",
    "selected_quantile": 0.95
  },
  "output_dir": "outputs\\diagnostics\\robustness\\lb6_h12\\seed_19",
  "seed": 19
}