{
  "lookback": 6,
  "lookback_minutes": 30,
  "horizon": 12,
  "horizon_minutes": 60,
  "best_valid_auc": 0.5999847165548049,
  "valid_auc": 0.5999847165548049,
  "test_auc": 0.5503797139911676,
  "train_positive_rate": 0.2873485584026341,
  "valid_positive_rate": 0.2975955853370122,
  "test_positive_rate": 0.3358297201418999,
  "test_trade_return_mean_all": 0.0006661114750419357,
  "test_trade_return_mean_label_1": 0.014918620844276866,
  "selected_threshold": 0.6050956010818481,
  "selected_quantile": 0.7,
  "selected_threshold_test_stats": {
    "threshold": 0.6050956010818481,
    "horizon": 12,
    "round_trip_cost": 0.003,
    "trade_count": 325,
    "win_rate": 0.3446153846153846,
    "gross_return_mean": 0.0011047492855617293,
    "net_return_mean": -0.001895250714438271,
    "gross_return_median": -0.0004718761796904669,
    "net_return_median": -0.003471876179690467,
    "total_return": -0.4815440479916342,
    "max_drawdown": -0.584655173303219,
    "per_trade_sharpe": -0.11932896091467944,
    "trades_per_year": 360.6836524766577,
    "bar_annualized_sharpe": -12.860982894209211,
    "sharpe": -2.266256633828577,
    "avg_pred_prob": 0.6299897568042462,
    "positive_label_rate": 0.3446153846153846,
    "selected_by": "validation_net_return_mean",
    "selected_quantile": 0.7
  },
  "output_dir": "outputs\\diagnostics\\robustness\\lb6_h12\\seed_19",
  "seed": 19
}