{
  "total_return": -0.04968289480576393,
  "annualized_return": -0.5700327418689812,
  "max_drawdown": -0.07853528115330821,
  "sharpe": -2.489306753285287,
  "sortino": -2.365628354895471,
  "calmar": -7.258301409225543,
  "trade_count": 2,
  "win_rate": 0.0,
  "avg_net_return_per_trade": -0.007848614536646478,
  "median_net_return_per_trade": -0.007848614536646478,
  "backtest_mode": "a_share_inventory_t0",
  "trade_direction_mode": "sell_only",
  "buy_threshold": 0.7298367828130722,
  "sell_threshold": 0.933867600560188,
  "initial_capital": 1000000.0,
  "final_equity": 949944.580889,
  "final_benchmark_equity": 953450.0,
  "final_alpha_equity": 996494.580889,
  "alpha_total_return": -0.0035054191109999966,
  "alpha_sharpe": -7.411028919469038,
  "alpha_sortino": -1.0340641364281289,
  "alpha_calmar": -16.118859098107077,
  "alpha_max_drawdown": -0.0035054191109999966,
  "base_shares": 9800,
  "ending_shares": 9800,
  "base_position_pct": 0.6,
  "max_t0_trade_pct": 0.3,
  "max_participation_rate": 0.05,
  "commission_rate": 0.001,
  "slippage_rate": 0.001,
  "tp": 0.003,
  "sl": 0.002,
  "stop_loss_cooldown_bars": 6,
  "daily_max_trades": 0,
  "daily_max_losses": 2,
  "daily_loss_limit": 0.0,
  "no_overnight": true
}