model_label,epoch,train_loss,valid_loss,valid_auc,valid_prob_mean,valid_prob_max
LSTM_buy,1,1.110477714925199,0.979431688785553,0.5964788732394366,0.34233006834983826,0.4894363284111023
LSTM_buy,2,0.9784048972903071,0.9390352368354797,0.6205633802816901,0.399140328168869,0.6514025330543518
LSTM_buy,3,0.9108776788453798,0.9337981343269348,0.6066197183098592,0.45438018441200256,0.7314448952674866
