model_label,epoch,train_loss,valid_loss,valid_auc,valid_prob_mean,valid_prob_max
LSTM_sell,1,1.0398411122528282,1.042995810508728,0.47474747474747475,0.38716205954551697,0.4895654618740082
LSTM_sell,2,0.9538862028637448,1.0057110786437988,0.47823472823472823,0.4612741768360138,0.6083388924598694
LSTM_sell,3,0.9159556111773929,0.9947193264961243,0.4986772486772487,0.5047829747200012,0.7045499682426453
