{
  "model": "LSTM",
  "target_col_buy": "buy_label",
  "target_col_sell": "sell_label",
  "feature_count": 194,
  "lookback": 8,
  "params": {
    "hidden_dim": 256,
    "num_layers": 2,
    "dropout": 0.3,
    "output_dim": 1
  },
  "buy_fit": {
    "best_score": 0.6205633802816901,
    "best_valid_auc": 0.6205633802816901,
    "epochs_ran": 3,
    "pos_rate": 0.2905405405405405,
    "pos_weight": 2.441860465116279,
    "device": "cpu"
  },
  "sell_fit": {
    "best_score": 0.4986772486772487,
    "best_valid_auc": 0.4986772486772487,
    "epochs_ran": 3,
    "pos_rate": 0.3158783783783784,
    "pos_weight": 2.1657754010695185,
    "device": "cpu"
  },
  "valid_buy_auc": 0.6205633802816901,
  "valid_buy_positive_rate": 0.2604166666666667,
  "valid_buy_prob_mean": 0.399140328168869,
  "valid_buy_prob_std": 0.08175065368413925,
  "valid_buy_prob_min": 0.26895245909690857,
  "valid_buy_prob_max": 0.6514025330543518,
  "valid_buy_acc_05": 0.6875,
  "valid_buy_precision_05": 0.2727272727272727,
  "valid_buy_recall_05": 0.12,
  "valid_buy_f1_05": 0.16666666666666666,
  "valid_buy_q90_threshold": 0.5139706134796143,
  "valid_buy_q95_threshold": 0.5797285437583923,
  "test_buy_auc": 0.4396551724137931,
  "test_buy_positive_rate": 0.3815789473684211,
  "test_buy_prob_mean": 0.4614750146865845,
  "test_buy_prob_std": 0.12035958468914032,
  "test_buy_prob_min": 0.3161905109882355,
  "test_buy_prob_max": 0.7879276871681213,
  "test_buy_acc_05": 0.506578947368421,
  "test_buy_precision_05": 0.3559322033898305,
  "test_buy_recall_05": 0.3620689655172414,
  "test_buy_f1_05": 0.358974358974359,
  "test_buy_q90_threshold": 0.610729455947876,
  "test_buy_q95_threshold": 0.7129913568496704,
  "valid_sell_auc": 0.4986772486772487,
  "valid_sell_positive_rate": 0.34375,
  "valid_sell_prob_mean": 0.5047829747200012,
  "valid_sell_prob_std": 0.0942213237285614,
  "valid_sell_prob_min": 0.35947588086128235,
  "valid_sell_prob_max": 0.7045499682426453,
  "valid_sell_acc_05": 0.5208333333333334,
  "valid_sell_precision_05": 0.358695652173913,
  "valid_sell_recall_05": 0.5,
  "valid_sell_f1_05": 0.4177215189873418,
  "valid_sell_q90_threshold": 0.6433205604553223,
  "valid_sell_q95_threshold": 0.6673661470413208,
  "test_sell_auc": 0.45307239057239057,
  "test_sell_positive_rate": 0.2894736842105263,
  "test_sell_prob_mean": 0.5366190075874329,
  "test_sell_prob_std": 0.1346161961555481,
  "test_sell_prob_min": 0.26743748784065247,
  "test_sell_prob_max": 0.7615711092948914,
  "test_sell_acc_05": 0.4144736842105263,
  "test_sell_precision_05": 0.25806451612903225,
  "test_sell_recall_05": 0.5454545454545454,
  "test_sell_f1_05": 0.35036496350364965,
  "test_sell_q90_threshold": 0.7051386833190918,
  "test_sell_q95_threshold": 0.7366018891334534
}