{
  "total_return": -0.05184987804158381,
  "annualized_return": -0.245443470984143,
  "max_drawdown": -0.10275212651635546,
  "sharpe": -1.7830627222920983,
  "sortino": -2.053845249790165,
  "calmar": -2.3886948066721985,
  "trade_count": 48,
  "win_rate": 0.041666666666666664,
  "avg_net_return_per_trade": -0.006748684443887008,
  "median_net_return_per_trade": -0.007710994459885041,
  "backtest_mode": "a_share_inventory_t0",
  "trade_direction_mode": "sell_only",
  "buy_threshold": 0.5876382724393838,
  "sell_threshold": 0.7648406952126675,
  "initial_capital": 1000000.0,
  "final_equity": 948045.8254450008,
  "final_benchmark_equity": 986910.0,
  "final_alpha_equity": 961135.8254450008,
  "alpha_total_return": -0.03886417455499924,
  "alpha_sharpe": -13.777930623834473,
  "alpha_sortino": -5.9790721061271626,
  "alpha_calmar": -4.802842521470385,
  "alpha_max_drawdown": -0.03938302728293064,
  "base_shares": 11000,
  "ending_shares": 11000,
  "base_position_pct": 0.6,
  "max_t0_trade_pct": 0.3,
  "max_participation_rate": 0.02,
  "commission_rate": 0.0015,
  "slippage_rate": 0.001,
  "tp": 0.003,
  "sl": 0.002,
  "no_overnight": true
}