model_label,epoch,train_loss,valid_loss,valid_auc,valid_prob_mean,valid_prob_max
LSTM_buy,1,1.351325959772677,1.2725979089736938,0.5409708131730919,0.27357354760169983,0.3528960943222046
LSTM_buy,2,1.1716699116938822,1.1046696901321411,0.62650226314968,0.3789263665676117,0.5980701446533203
LSTM_buy,3,1.0431115691726272,1.0547772645950317,0.6343062275636023,0.5302448272705078,0.8123998641967773
