model_label,epoch,train_loss,valid_loss,valid_auc,valid_prob_mean,valid_prob_max
LSTM_sell,1,0.9068747694427902,0.9587692618370056,0.528159645232816,0.39425933361053467,0.502862811088562
LSTM_sell,2,0.8408462308548592,0.9540212154388428,0.5042128603104212,0.4310595691204071,0.6925226449966431
LSTM_sell,3,0.8197703425948685,0.9630591869354248,0.49889135254988914,0.4594961106777191,0.8008384108543396
