{
  "model": "LSTM",
  "target_col_buy": "buy_label",
  "target_col_sell": "sell_label",
  "feature_count": 194,
  "lookback": 8,
  "params": {
    "hidden_dim": 256,
    "num_layers": 2,
    "dropout": 0.3,
    "output_dim": 1
  },
  "buy_fit": {
    "best_score": 0.6343062275636023,
    "best_valid_auc": 0.6343062275636023,
    "epochs_ran": 3,
    "pos_rate": 0.2195945945945946,
    "pos_weight": 3.5538461538461537,
    "device": "cpu"
  },
  "sell_fit": {
    "best_score": 0.528159645232816,
    "best_valid_auc": 0.528159645232816,
    "epochs_ran": 3,
    "pos_rate": 0.3716216216216216,
    "pos_weight": 1.6909090909090911,
    "device": "cpu"
  },
  "valid_buy_auc": 0.6343062275636023,
  "valid_buy_positive_rate": 0.22395833333333334,
  "valid_buy_prob_mean": 0.5302448272705078,
  "valid_buy_prob_std": 0.14986327290534973,
  "valid_buy_prob_min": 0.15968354046344757,
  "valid_buy_prob_max": 0.8123998641967773,
  "valid_buy_acc_05": 0.4739583333333333,
  "valid_buy_precision_05": 0.25,
  "valid_buy_recall_05": 0.6744186046511628,
  "valid_buy_f1_05": 0.36477987421383645,
  "valid_buy_q90_threshold": 0.7237902879714966,
  "valid_buy_q95_threshold": 0.7306028604507446,
  "test_buy_auc": 0.4830508474576271,
  "test_buy_positive_rate": 0.2236842105263158,
  "test_buy_prob_mean": 0.5412523150444031,
  "test_buy_prob_std": 0.17244720458984375,
  "test_buy_prob_min": 0.2341689020395279,
  "test_buy_prob_max": 0.8606207966804504,
  "test_buy_acc_05": 0.5,
  "test_buy_precision_05": 0.2558139534883721,
  "test_buy_recall_05": 0.6470588235294118,
  "test_buy_f1_05": 0.36666666666666664,
  "test_buy_q90_threshold": 0.7865361571311951,
  "test_buy_q95_threshold": 0.81783127784729,
  "valid_sell_auc": 0.528159645232816,
  "valid_sell_positive_rate": 0.4270833333333333,
  "valid_sell_prob_mean": 0.39425933361053467,
  "valid_sell_prob_std": 0.0433511883020401,
  "valid_sell_prob_min": 0.31717240810394287,
  "valid_sell_prob_max": 0.502862811088562,
  "valid_sell_acc_05": 0.5677083333333334,
  "valid_sell_precision_05": 0.3333333333333333,
  "valid_sell_recall_05": 0.012195121951219513,
  "valid_sell_f1_05": 0.023529411764705882,
  "valid_sell_q90_threshold": 0.46100926399230957,
  "valid_sell_q95_threshold": 0.4760308563709259,
  "test_sell_auc": 0.4100174723354688,
  "test_sell_positive_rate": 0.3355263157894737,
  "test_sell_prob_mean": 0.40901124477386475,
  "test_sell_prob_std": 0.078011155128479,
  "test_sell_prob_min": 0.30082130432128906,
  "test_sell_prob_max": 0.5877454280853271,
  "test_sell_acc_05": 0.625,
  "test_sell_precision_05": 0.375,
  "test_sell_recall_05": 0.17647058823529413,
  "test_sell_f1_05": 0.24,
  "test_sell_q90_threshold": 0.5466195344924927,
  "test_sell_q95_threshold": 0.5709924101829529
}