{
  "total_return": 0.001900091947793836,
  "annualized_return": 0.14797461605204565,
  "max_drawdown": -0.01570561660914549,
  "sharpe": 1.312738489188072,
  "sortino": 2.168704716243138,
  "calmar": 9.421764183768436,
  "trade_count": 3,
  "win_rate": 0.0,
  "avg_net_return_per_trade": -0.005639213628036467,
  "median_net_return_per_trade": -0.005525986582260442,
  "backtest_mode": "a_share_inventory_t0",
  "trade_direction_mode": "sell_only",
  "buy_threshold": 0.5084829671873515,
  "sell_threshold": 0.6050686578242016,
  "initial_capital": 1000000.0,
  "final_equity": 1002932.0490425,
  "final_benchmark_equity": 1005665.0,
  "final_alpha_equity": 997267.0490425,
  "alpha_total_return": -0.0027329509575000355,
  "alpha_sharpe": -18.550237105901925,
  "alpha_sortino": -5.874520359265798,
  "alpha_calmar": -66.01205305759669,
  "alpha_max_drawdown": -0.0027329509575000355,
  "base_shares": 10300,
  "ending_shares": 10300,
  "base_position_pct": 0.6,
  "max_t0_trade_pct": 0.3,
  "max_participation_rate": 0.05,
  "commission_rate": 0.001,
  "slippage_rate": 0.0005,
  "tp": 0.003,
  "sl": 0.002,
  "no_overnight": true
}