{
  "total_return": -0.05754705779065372,
  "annualized_return": -0.625319214872849,
  "max_drawdown": -0.0820799482512834,
  "sharpe": -2.9211912786660763,
  "sortino": -2.7735066187700834,
  "calmar": -7.618416290401006,
  "trade_count": 12,
  "win_rate": 0.08333333333333333,
  "avg_net_return_per_trade": -0.007882843160755269,
  "median_net_return_per_trade": -0.007755551826020831,
  "backtest_mode": "a_share_inventory_t0",
  "trade_direction_mode": "sell_only",
  "buy_threshold": 0.7311467230319973,
  "sell_threshold": 0.8743394166231154,
  "initial_capital": 1000000.0,
  "final_equity": 942083.5006560002,
  "final_benchmark_equity": 953450.0,
  "final_alpha_equity": 988633.5006560002,
  "alpha_total_return": -0.011366499343999803,
  "alpha_sharpe": -11.721940110098842,
  "alpha_sortino": -3.2727803218209726,
  "alpha_calmar": -15.06991720753244,
  "alpha_max_drawdown": -0.011446424673999811,
  "base_shares": 9800,
  "ending_shares": 9800,
  "base_position_pct": 0.6,
  "max_t0_trade_pct": 0.3,
  "max_participation_rate": 0.05,
  "commission_rate": 0.0015,
  "slippage_rate": 0.001,
  "tp": 0.004,
  "sl": 0.002,
  "stop_loss_cooldown_bars": 0,
  "daily_max_trades": 0,
  "daily_max_losses": 0,
  "daily_loss_limit": 0.0,
  "no_overnight": true
}