{
  "total_return": -0.09798021700718651,
  "annualized_return": -0.8187654828993051,
  "max_drawdown": -0.11011742710417605,
  "sharpe": -6.414064973970778,
  "sortino": -10.080365224045154,
  "calmar": -7.4353851559273725,
  "trade_count": 4,
  "win_rate": 0.5,
  "avg_net_return_per_trade": -0.0021545133367728815,
  "median_net_return_per_trade": -0.002135082401253649,
  "backtest_mode": "a_share_inventory_t0",
  "trade_direction_mode": "sell_only",
  "buy_threshold": 0.667204812169075,
  "sell_threshold": 0.9550599306821823,
  "initial_capital": 1000000.0,
  "final_equity": 904704.193867,
  "final_benchmark_equity": 906349.0,
  "final_alpha_equity": 998355.193867,
  "alpha_total_return": -0.0016448061329999986,
  "alpha_sharpe": -2.3023726611098025,
  "alpha_sortino": -0.6577435704794743,
  "alpha_calmar": -7.178530188914918,
  "alpha_max_drawdown": -0.0037468821159490906,
  "base_shares": 9300,
  "ending_shares": 9300,
  "base_position_pct": 0.6,
  "max_t0_trade_pct": 0.3,
  "max_participation_rate": 0.05,
  "commission_rate": 0.001,
  "slippage_rate": 0.0005,
  "tp": 0.004,
  "sl": 0.002,
  "stop_loss_cooldown_bars": 0,
  "daily_max_trades": 0,
  "daily_max_losses": 0,
  "daily_loss_limit": 0.0,
  "no_overnight": true
}