{
  "total_return": -0.09520154030989092,
  "annualized_return": -0.7979232933061603,
  "max_drawdown": -0.11729183002292898,
  "sharpe": -6.404577593302884,
  "sortino": -10.049667383828035,
  "calmar": -6.802888940774281,
  "trade_count": 13,
  "win_rate": 0.15384615384615385,
  "avg_net_return_per_trade": -0.004836042020018814,
  "median_net_return_per_trade": -0.007226204175571068,
  "backtest_mode": "a_share_inventory_t0",
  "trade_direction_mode": "sell_only",
  "buy_threshold": 0.6360969454050064,
  "sell_threshold": 0.9222695231437683,
  "initial_capital": 1000000.0,
  "final_equity": 903947.9491380004,
  "final_benchmark_equity": 911922.0,
  "final_alpha_equity": 992025.9491380004,
  "alpha_total_return": -0.007974050861999649,
  "alpha_sharpe": -8.00429066465665,
  "alpha_sortino": -2.446853017503346,
  "alpha_calmar": -12.914015636012705,
  "alpha_max_drawdown": -0.009301518831166367,
  "base_shares": 9400,
  "ending_shares": 9400,
  "base_position_pct": 0.6,
  "max_t0_trade_pct": 0.3,
  "max_participation_rate": 0.02,
  "commission_rate": 0.001,
  "slippage_rate": 0.001,
  "tp": 0.003,
  "sl": 0.002,
  "stop_loss_cooldown_bars": 0,
  "daily_max_trades": 0,
  "daily_max_losses": 0,
  "daily_loss_limit": 0.0,
  "no_overnight": true
}