{
  "total_return": -0.05230545008600873,
  "annualized_return": -0.24735921570895425,
  "max_drawdown": -0.10318611608018535,
  "sharpe": -1.8000705451639372,
  "sortino": -2.072938825737786,
  "calmar": -2.3972141321486777,
  "trade_count": 48,
  "win_rate": 0.041666666666666664,
  "avg_net_return_per_trade": -0.006748684443887008,
  "median_net_return_per_trade": -0.007710994459885041,
  "backtest_mode": "a_share_inventory_t0",
  "trade_direction_mode": "sell_only",
  "buy_threshold": 0.5876382724393838,
  "sell_threshold": 0.7648406952126675,
  "initial_capital": 1000000.0,
  "final_equity": 947590.3035135007,
  "final_benchmark_equity": 986910.0,
  "final_alpha_equity": 960680.3035135007,
  "alpha_total_return": -0.039319696486499245,
  "alpha_sharpe": -13.662318161553857,
  "alpha_sortino": -6.0462559231524775,
  "alpha_calmar": -4.798925383764553,
  "alpha_max_drawdown": -0.03983832228034301,
  "base_shares": 11000,
  "ending_shares": 11000,
  "base_position_pct": 0.6,
  "max_t0_trade_pct": 0.3,
  "max_participation_rate": 0.05,
  "commission_rate": 0.0015,
  "slippage_rate": 0.001,
  "tp": 0.003,
  "sl": 0.002,
  "no_overnight": true
}