{
  "scenario_count": 12,
  "all_alpha_positive": false,
  "min_alpha_total_return": -0.0067465809232502005,
  "worst_alpha_max_drawdown": -0.006746580923250423,
  "min_trade_count": 4
}