model_label,epoch,train_loss,valid_loss,valid_auc,valid_prob_mean,valid_prob_max
MLP_buy,1,1.5520920109104466,1.433243751525879,0.41721854304635764,0.20215511322021484,0.8169618248939514
MLP_buy,2,1.076066250736649,1.4124183654785156,0.41786464222258113,0.27739283442497253,0.9456955790519714
MLP_buy,3,0.8372189483127078,1.3132765293121338,0.4577612663543854,0.35156774520874023,0.97966468334198
