model_label,epoch,train_loss,valid_loss,valid_auc,valid_prob_mean,valid_prob_max
MLP_sell,1,0.9911327490935454,0.954586923122406,0.5298692117355955,0.4548351466655731,0.890367865562439
MLP_sell,2,0.8374771524120022,1.0373584032058716,0.47507953340402975,0.43893590569496155,0.888181209564209
MLP_sell,3,0.7538086723636936,1.0870229005813599,0.4620007069635914,0.44608092308044434,0.935056746006012
