{
  "model": "MLP",
  "target_col_buy": "buy_label",
  "target_col_sell": "sell_label",
  "feature_count": 194,
  "lookback": 8,
  "params": {
    "lookback": 8,
    "hidden_dim": 256,
    "dropout": 0.3,
    "output_dim": 1
  },
  "buy_fit": {
    "best_score": 0.4577612663543854,
    "best_valid_auc": 0.4577612663543854,
    "epochs_ran": 3,
    "pos_rate": 0.2533783783783784,
    "pos_weight": 2.9466666666666663,
    "device": "cpu"
  },
  "sell_fit": {
    "best_score": 0.5298692117355955,
    "best_valid_auc": 0.5298692117355955,
    "epochs_ran": 3,
    "pos_rate": 0.36317567567567566,
    "pos_weight": 1.7534883720930234,
    "device": "cpu"
  },
  "valid_buy_auc": 0.4577612663543854,
  "valid_buy_positive_rate": 0.21354166666666666,
  "valid_buy_prob_mean": 0.35156774520874023,
  "valid_buy_prob_std": 0.22696511447429657,
  "valid_buy_prob_min": 0.018821775913238525,
  "valid_buy_prob_max": 0.97966468334198,
  "valid_buy_acc_05": 0.6354166666666666,
  "valid_buy_precision_05": 0.22641509433962265,
  "valid_buy_recall_05": 0.2926829268292683,
  "valid_buy_f1_05": 0.2553191489361702,
  "valid_buy_q90_threshold": 0.668092668056488,
  "valid_buy_q95_threshold": 0.7825186848640442,
  "test_buy_auc": 0.40707338638373125,
  "test_buy_positive_rate": 0.4276315789473684,
  "test_buy_prob_mean": 0.10250832885503769,
  "test_buy_prob_std": 0.14832428097724915,
  "test_buy_prob_min": 3.189041308360174e-05,
  "test_buy_prob_max": 0.8098987936973572,
  "test_buy_acc_05": 0.5657894736842105,
  "test_buy_precision_05": 0.4,
  "test_buy_recall_05": 0.03076923076923077,
  "test_buy_f1_05": 0.05714285714285714,
  "test_buy_q90_threshold": 0.23095588386058807,
  "test_buy_q95_threshold": 0.40964075922966003,
  "valid_sell_auc": 0.5298692117355955,
  "valid_sell_positive_rate": 0.359375,
  "valid_sell_prob_mean": 0.4548351466655731,
  "valid_sell_prob_std": 0.1595158874988556,
  "valid_sell_prob_min": 0.06290221959352493,
  "valid_sell_prob_max": 0.890367865562439,
  "valid_sell_acc_05": 0.546875,
  "valid_sell_precision_05": 0.3815789473684211,
  "valid_sell_recall_05": 0.42028985507246375,
  "valid_sell_f1_05": 0.4,
  "valid_sell_q90_threshold": 0.6546404361724854,
  "valid_sell_q95_threshold": 0.7281160354614258,
  "test_sell_auc": 0.4489942528735632,
  "test_sell_positive_rate": 0.23684210526315788,
  "test_sell_prob_mean": 0.6697936058044434,
  "test_sell_prob_std": 0.19507941603660583,
  "test_sell_prob_min": 0.1453651785850525,
  "test_sell_prob_max": 0.9948371648788452,
  "test_sell_acc_05": 0.3355263157894737,
  "test_sell_precision_05": 0.23140495867768596,
  "test_sell_recall_05": 0.7777777777777778,
  "test_sell_f1_05": 0.35668789808917195,
  "test_sell_q90_threshold": 0.9135873317718506,
  "test_sell_q95_threshold": 0.9671757221221924
}