model_label,epoch,train_loss,valid_loss,valid_auc,valid_prob_mean,valid_prob_max
LSTM_buy,1,1.0802652223690137,0.9716388583183289,0.47737226277372263,0.39098724722862244,0.4930887222290039
LSTM_buy,2,0.9819498464867875,0.9602153897285461,0.47976111479761113,0.4669783115386963,0.6467447280883789
LSTM_buy,3,0.9362501969208589,0.9868093132972717,0.45401459854014603,0.5360555052757263,0.7658145427703857
