model_label,epoch,train_loss,valid_loss,valid_auc,valid_prob_mean,valid_prob_max
LSTM_sell,1,0.987648648184699,0.8757004141807556,0.5607166556071665,0.38493824005126953,0.5230615735054016
LSTM_sell,2,0.9101245113321252,0.8908212780952454,0.4769741207697412,0.4245339632034302,0.6040108799934387
LSTM_sell,3,0.8781744596120473,0.9271018505096436,0.446449900464499,0.45986172556877136,0.69788658618927
