{
  "model": "LSTM",
  "target_col_buy": "buy_label",
  "target_col_sell": "sell_label",
  "feature_count": 194,
  "lookback": 8,
  "params": {
    "hidden_dim": 256,
    "num_layers": 2,
    "dropout": 0.3,
    "output_dim": 1
  },
  "buy_fit": {
    "best_score": 0.47976111479761113,
    "best_valid_auc": 0.47976111479761113,
    "epochs_ran": 3,
    "pos_rate": 0.30574324324324326,
    "pos_weight": 2.270718232044199,
    "device": "cpu"
  },
  "sell_fit": {
    "best_score": 0.5607166556071665,
    "best_valid_auc": 0.5607166556071665,
    "epochs_ran": 3,
    "pos_rate": 0.33783783783783783,
    "pos_weight": 1.9600000000000002,
    "device": "cpu"
  },
  "valid_buy_auc": 0.47976111479761113,
  "valid_buy_positive_rate": 0.2864583333333333,
  "valid_buy_prob_mean": 0.4669783115386963,
  "valid_buy_prob_std": 0.04904387146234512,
  "valid_buy_prob_min": 0.36114415526390076,
  "valid_buy_prob_max": 0.6467447280883789,
  "valid_buy_acc_05": 0.5833333333333334,
  "valid_buy_precision_05": 0.1951219512195122,
  "valid_buy_recall_05": 0.14545454545454545,
  "valid_buy_f1_05": 0.16666666666666666,
  "valid_buy_q90_threshold": 0.5237993001937866,
  "valid_buy_q95_threshold": 0.5398920774459839,
  "test_buy_auc": 0.48046875,
  "test_buy_positive_rate": 0.21052631578947367,
  "test_buy_prob_mean": 0.37871018052101135,
  "test_buy_prob_std": 0.05823168531060219,
  "test_buy_prob_min": 0.27591437101364136,
  "test_buy_prob_max": 0.5342735052108765,
  "test_buy_acc_05": 0.7894736842105263,
  "test_buy_precision_05": 0.5,
  "test_buy_recall_05": 0.09375,
  "test_buy_f1_05": 0.15789473684210525,
  "test_buy_q90_threshold": 0.46918103098869324,
  "test_buy_q95_threshold": 0.49150317907333374,
  "valid_sell_auc": 0.5607166556071665,
  "valid_sell_positive_rate": 0.2864583333333333,
  "valid_sell_prob_mean": 0.38493824005126953,
  "valid_sell_prob_std": 0.04729829728603363,
  "valid_sell_prob_min": 0.31466686725616455,
  "valid_sell_prob_max": 0.5230615735054016,
  "valid_sell_acc_05": 0.6875,
  "valid_sell_precision_05": 0.2222222222222222,
  "valid_sell_recall_05": 0.03636363636363636,
  "valid_sell_f1_05": 0.0625,
  "valid_sell_q90_threshold": 0.4421541094779968,
  "valid_sell_q95_threshold": 0.49385857582092285,
  "test_sell_auc": 0.5276470588235294,
  "test_sell_positive_rate": 0.32894736842105265,
  "test_sell_prob_mean": 0.3613949418067932,
  "test_sell_prob_std": 0.03707492724061012,
  "test_sell_prob_min": 0.3019208014011383,
  "test_sell_prob_max": 0.4521031677722931,
  "test_sell_acc_05": 0.6710526315789473,
  "test_sell_precision_05": 0.0,
  "test_sell_recall_05": 0.0,
  "test_sell_f1_05": 0.0,
  "test_sell_q90_threshold": 0.4180298149585724,
  "test_sell_q95_threshold": 0.4247836172580719
}