{
  "total_return": -0.04927963647437028,
  "annualized_return": -0.5674576340382773,
  "max_drawdown": -0.08015255402205679,
  "sharpe": -2.506900493488256,
  "sortino": -2.3846470047490405,
  "calmar": -7.079719928601669,
  "trade_count": 5,
  "win_rate": 0.2,
  "avg_net_return_per_trade": -0.0051783450410432166,
  "median_net_return_per_trade": -0.006791839693438326,
  "backtest_mode": "a_share_inventory_t0",
  "trade_direction_mode": "sell_only",
  "buy_threshold": 0.6456784754991531,
  "sell_threshold": 0.8615664541721344,
  "initial_capital": 1000000.0,
  "final_equity": 949881.8281650001,
  "final_benchmark_equity": 953940.0,
  "final_alpha_equity": 995941.8281650001,
  "alpha_total_return": -0.004058171834999902,
  "alpha_sharpe": -8.329797003319465,
  "alpha_sortino": -1.4816897946755154,
  "alpha_calmar": -16.06975114119163,
  "alpha_max_drawdown": -0.004058171834999902,
  "base_shares": 9800,
  "ending_shares": 9800,
  "base_position_pct": 0.6,
  "max_t0_trade_pct": 0.3,
  "max_participation_rate": 0.05,
  "commission_rate": 0.001,
  "slippage_rate": 0.0005,
  "tp": 0.004,
  "sl": 0.003,
  "stop_loss_cooldown_bars": 6,
  "daily_max_trades": 0,
  "daily_max_losses": 2,
  "daily_loss_limit": 0.0,
  "no_overnight": true
}