{
  "total_return": 0.07776642233607056,
  "annualized_return": 1.9834831289369381,
  "max_drawdown": -0.04453888448702248,
  "sharpe": 4.186841312243935,
  "sortino": 7.12687779030472,
  "calmar": 44.533740612988986,
  "trade_count": 4,
  "win_rate": 0.25,
  "avg_net_return_per_trade": -0.0016685209276718323,
  "median_net_return_per_trade": -0.0029158328691936105,
  "backtest_mode": "a_share_inventory_t0",
  "trade_direction_mode": "sell_only",
  "buy_threshold": 0.9503372311592102,
  "sell_threshold": 0.5572180151939392,
  "initial_capital": 1000000.0,
  "final_equity": 1077309.449373,
  "final_benchmark_equity": 1078122.0,
  "final_alpha_equity": 999187.4493730001,
  "alpha_total_return": -0.0008125506269999194,
  "alpha_sharpe": -1.1588697815648448,
  "alpha_sortino": -0.45808726810179956,
  "alpha_calmar": -3.980411019474987,
  "alpha_max_drawdown": -0.0029631482017665745,
  "base_shares": 10600,
  "ending_shares": 10600,
  "base_position_pct": 0.6,
  "max_t0_trade_pct": 0.3,
  "max_participation_rate": 0.05,
  "commission_rate": 0.001,
  "slippage_rate": 0.0005,
  "tp": 0.004,
  "sl": 0.003,
  "stop_loss_cooldown_bars": 6,
  "daily_max_trades": 0,
  "daily_max_losses": 2,
  "daily_loss_limit": 0.0,
  "no_overnight": true
}