{
  "total_return": 0.039428940561389014,
  "annualized_return": 15.63127031966324,
  "max_drawdown": -0.023369549018443125,
  "sharpe": 8.639193777161896,
  "sortino": 20.584493891200918,
  "calmar": 668.8734261549987,
  "trade_count": 5,
  "win_rate": 0.4,
  "avg_net_return_per_trade": -0.0018239692906521787,
  "median_net_return_per_trade": -0.0010916661965020237,
  "backtest_mode": "a_share_inventory_t0",
  "trade_direction_mode": "sell_only",
  "buy_threshold": 0.4607778406855257,
  "sell_threshold": 0.6616130504757166,
  "initial_capital": 1000000.0,
  "final_equity": 1037004.992272,
  "final_benchmark_equity": 1036040.0,
  "final_alpha_equity": 1000964.992272,
  "alpha_total_return": 0.0009649922719998649,
  "alpha_sharpe": 3.1735101431353847,
  "alpha_sortino": 3.990421256031567,
  "alpha_calmar": 41.41864128161809,
  "alpha_max_drawdown": -0.001753668768009975,
  "base_shares": 10600,
  "ending_shares": 10600,
  "base_position_pct": 0.6,
  "max_t0_trade_pct": 0.3,
  "max_participation_rate": 0.02,
  "commission_rate": 0.0015,
  "slippage_rate": 0.001,
  "tp": 0.003,
  "sl": 0.002,
  "no_overnight": true
}