model_label,epoch,train_loss,valid_loss,valid_auc,valid_prob_mean,valid_prob_max
MLP_buy,1,1.1777851549354759,1.0730611085891724,0.509090909090909,0.6187245845794678,0.9158886075019836
MLP_buy,2,0.9153736249820607,1.0038461685180664,0.5108161911081619,0.5458725690841675,0.8601605892181396
MLP_buy,3,0.858060271353335,1.0119657516479492,0.4800265428002654,0.48892250657081604,0.877582848072052
