model_label,epoch,train_loss,valid_loss,valid_auc,valid_prob_mean,valid_prob_max
MLP_sell,1,1.107523892376874,0.9366716742515564,0.5274054412740544,0.32977214455604553,0.6771989464759827
MLP_sell,2,0.8859825263152251,0.9660503268241882,0.5149303251493033,0.3187425434589386,0.782313883304596
MLP_sell,3,0.7458398019945299,0.9390270709991455,0.5504976775049768,0.33053648471832275,0.8173869848251343
