{
  "model": "MLP",
  "target_col_buy": "buy_label",
  "target_col_sell": "sell_label",
  "feature_count": 194,
  "lookback": 8,
  "params": {
    "lookback": 8,
    "hidden_dim": 256,
    "dropout": 0.3,
    "output_dim": 1
  },
  "buy_fit": {
    "best_score": 0.5108161911081619,
    "best_valid_auc": 0.5108161911081619,
    "epochs_ran": 3,
    "pos_rate": 0.30574324324324326,
    "pos_weight": 2.270718232044199,
    "device": "cpu"
  },
  "sell_fit": {
    "best_score": 0.5504976775049768,
    "best_valid_auc": 0.5504976775049768,
    "epochs_ran": 3,
    "pos_rate": 0.33783783783783783,
    "pos_weight": 1.9600000000000002,
    "device": "cpu"
  },
  "valid_buy_auc": 0.5108161911081619,
  "valid_buy_positive_rate": 0.2864583333333333,
  "valid_buy_prob_mean": 0.5458725690841675,
  "valid_buy_prob_std": 0.13197049498558044,
  "valid_buy_prob_min": 0.1508977860212326,
  "valid_buy_prob_max": 0.8601605892181396,
  "valid_buy_acc_05": 0.453125,
  "valid_buy_precision_05": 0.29508196721311475,
  "valid_buy_recall_05": 0.6545454545454545,
  "valid_buy_f1_05": 0.4067796610169492,
  "valid_buy_q90_threshold": 0.7143347263336182,
  "valid_buy_q95_threshold": 0.7514799237251282,
  "test_buy_auc": 0.44843750000000004,
  "test_buy_positive_rate": 0.21052631578947367,
  "test_buy_prob_mean": 0.452932745218277,
  "test_buy_prob_std": 0.14022764563560486,
  "test_buy_prob_min": 0.18477776646614075,
  "test_buy_prob_max": 0.8486824035644531,
  "test_buy_acc_05": 0.5263157894736842,
  "test_buy_precision_05": 0.16666666666666666,
  "test_buy_recall_05": 0.3125,
  "test_buy_f1_05": 0.21739130434782608,
  "test_buy_q90_threshold": 0.6338514089584351,
  "test_buy_q95_threshold": 0.6835469007492065,
  "valid_sell_auc": 0.5504976775049768,
  "valid_sell_positive_rate": 0.2864583333333333,
  "valid_sell_prob_mean": 0.33053648471832275,
  "valid_sell_prob_std": 0.14317668974399567,
  "valid_sell_prob_min": 0.041255973279476166,
  "valid_sell_prob_max": 0.8173869848251343,
  "valid_sell_acc_05": 0.6614583333333334,
  "valid_sell_precision_05": 0.2727272727272727,
  "valid_sell_recall_05": 0.10909090909090909,
  "valid_sell_f1_05": 0.15584415584415584,
  "valid_sell_q90_threshold": 0.51634681224823,
  "valid_sell_q95_threshold": 0.5878700613975525,
  "test_sell_auc": 0.5054901960784314,
  "test_sell_positive_rate": 0.32894736842105265,
  "test_sell_prob_mean": 0.331000417470932,
  "test_sell_prob_std": 0.15164066851139069,
  "test_sell_prob_min": 0.07421445101499557,
  "test_sell_prob_max": 0.650547444820404,
  "test_sell_acc_05": 0.625,
  "test_sell_precision_05": 0.34782608695652173,
  "test_sell_recall_05": 0.16,
  "test_sell_f1_05": 0.2191780821917808,
  "test_sell_q90_threshold": 0.528663158416748,
  "test_sell_q95_threshold": 0.5881505012512207
}