{
  "total_return": -0.026889867481661667,
  "annualized_return": -0.9628202880650649,
  "max_drawdown": -0.05644975587001411,
  "sharpe": -9.25397672437225,
  "sortino": -12.608698437597313,
  "calmar": -17.056234756482116,
  "trade_count": 1,
  "win_rate": 1.0,
  "avg_net_return_per_trade": 0.0011214561915131628,
  "median_net_return_per_trade": 0.0011214561915131628,
  "backtest_mode": "a_share_inventory_t0",
  "trade_direction_mode": "sell_only",
  "buy_threshold": 0.36078413022845357,
  "sell_threshold": 0.5629415590088706,
  "initial_capital": 1000000.0,
  "final_equity": 971205.755989,
  "final_benchmark_equity": 970336.0,
  "final_alpha_equity": 1000869.755989,
  "alpha_total_return": 0.0008697559890000761,
  "alpha_sharpe": 7.4754545046415,
  "alpha_sortino": NaN,
  "alpha_calmar": 218.69379966402704,
  "alpha_max_drawdown": -0.0005062159253265142,
  "base_shares": 10300,
  "ending_shares": 10300,
  "base_position_pct": 0.6,
  "max_t0_trade_pct": 0.3,
  "max_participation_rate": 0.02,
  "commission_rate": 0.001,
  "slippage_rate": 0.001,
  "tp": 0.003,
  "sl": 0.002,
  "no_overnight": true
}