{
  "total_return": -0.09290241319656256,
  "annualized_return": -0.8015111064631243,
  "max_drawdown": -0.11305568537561295,
  "sharpe": -6.013600526874671,
  "sortino": -9.612761131488277,
  "calmar": -7.089524987621869,
  "trade_count": 9,
  "win_rate": 0.4444444444444444,
  "avg_net_return_per_trade": -0.0025139874979705525,
  "median_net_return_per_trade": -0.0019721019753947662,
  "backtest_mode": "a_share_inventory_t0",
  "trade_direction_mode": "sell_only",
  "buy_threshold": 0.653843879699707,
  "sell_threshold": 0.9653044939041138,
  "initial_capital": 1000000.0,
  "final_equity": 911492.4746115,
  "final_benchmark_equity": 913740.0,
  "final_alpha_equity": 997752.4746115,
  "alpha_total_return": -0.002247525388499927,
  "alpha_sharpe": -3.4559749309205188,
  "alpha_sortino": -1.334806475942334,
  "alpha_calmar": -9.093334106292842,
  "alpha_max_drawdown": -0.004027915498422963,
  "base_shares": 9500,
  "ending_shares": 9500,
  "base_position_pct": 0.6,
  "max_t0_trade_pct": 0.3,
  "max_participation_rate": 0.05,
  "commission_rate": 0.001,
  "slippage_rate": 0.0005,
  "tp": 0.004,
  "sl": 0.003,
  "stop_loss_cooldown_bars": 6,
  "daily_max_trades": 0,
  "daily_max_losses": 2,
  "daily_loss_limit": 0.0,
  "no_overnight": true
}