{
  "total_return": -0.0279562413025658,
  "annualized_return": -0.8727081701514843,
  "max_drawdown": -0.03430687327471005,
  "sharpe": -14.868583828563015,
  "sortino": -18.714975688946176,
  "calmar": -25.43828938193611,
  "trade_count": 9,
  "win_rate": 0.4444444444444444,
  "avg_net_return_per_trade": -0.0022096095339366583,
  "median_net_return_per_trade": -0.000730855798840576,
  "backtest_mode": "a_share_inventory_t0",
  "buy_threshold": 0.7113386557652472,
  "sell_threshold": 0.520902542146417,
  "initial_capital": 1000000.0,
  "final_equity": 971352.6355850003,
  "final_benchmark_equity": 972429.0,
  "final_alpha_equity": 998923.6355850003,
  "alpha_total_return": -0.0010763644149996976,
  "alpha_sharpe": -3.715216464059651,
  "alpha_sortino": -3.557561264612523,
  "alpha_calmar": -28.536184321315694,
  "alpha_max_drawdown": -0.0026388934519998575,
  "base_shares": 7900,
  "ending_shares": 7900,
  "base_position_pct": 0.6,
  "max_t0_trade_pct": 0.3,
  "max_participation_rate": 0.02,
  "commission_rate": 0.0015,
  "slippage_rate": 0.0005,
  "tp": 0.003,
  "sl": 0.002,
  "no_overnight": true
}