{
  "total_return": -0.09634501289957231,
  "annualized_return": -0.8140360824060049,
  "max_drawdown": -0.11389342095640709,
  "sharpe": -6.432411865710176,
  "sortino": -10.19333189375584,
  "calmar": -7.147349474361461,
  "trade_count": 13,
  "win_rate": 0.5384615384615384,
  "avg_net_return_per_trade": -0.0028195189759570092,
  "median_net_return_per_trade": 5.598215777092002e-05,
  "backtest_mode": "a_share_inventory_t0",
  "trade_direction_mode": "sell_only",
  "buy_threshold": 0.6345955163240432,
  "sell_threshold": 0.8987929791212081,
  "initial_capital": 1000000.0,
  "final_equity": 907222.6169895001,
  "final_benchmark_equity": 912204.0,
  "final_alpha_equity": 995018.6169895001,
  "alpha_total_return": -0.004981383010499885,
  "alpha_sharpe": -7.5850828538277515,
  "alpha_sortino": -2.3976948200627604,
  "alpha_calmar": -14.487067533671572,
  "alpha_max_drawdown": -0.005492974925338401,
  "base_shares": 9400,
  "ending_shares": 9400,
  "base_position_pct": 0.6,
  "max_t0_trade_pct": 0.3,
  "max_participation_rate": 0.05,
  "commission_rate": 0.001,
  "slippage_rate": 0.0005,
  "tp": 0.003,
  "sl": 0.002,
  "stop_loss_cooldown_bars": 6,
  "daily_max_trades": 0,
  "daily_max_losses": 2,
  "daily_loss_limit": 0.0,
  "no_overnight": true
}