{
  "total_return": 0.08360026172357538,
  "annualized_return": 2.23227523238884,
  "max_drawdown": -0.04368245123206371,
  "sharpe": 4.410442715114976,
  "sortino": 7.502381827230601,
  "calmar": 51.10233444844573,
  "trade_count": 2,
  "win_rate": 0.5,
  "avg_net_return_per_trade": -0.0023225087495081756,
  "median_net_return_per_trade": -0.0023225087495081756,
  "backtest_mode": "a_share_inventory_t0",
  "trade_direction_mode": "sell_only",
  "buy_threshold": 0.5834246009588241,
  "sell_threshold": 0.8629304003715513,
  "initial_capital": 1000000.0,
  "final_equity": 1081629.1928475,
  "final_benchmark_equity": 1082604.0,
  "final_alpha_equity": 999025.1928475001,
  "alpha_total_return": -0.000974807152499868,
  "alpha_sharpe": -1.3874838579070765,
  "alpha_sortino": -0.2861737679056961,
  "alpha_calmar": -5.820858818860818,
  "alpha_max_drawdown": -0.0024308775525000437,
  "base_shares": 10700,
  "ending_shares": 10700,
  "base_position_pct": 0.6,
  "max_t0_trade_pct": 0.3,
  "max_participation_rate": 0.05,
  "commission_rate": 0.001,
  "slippage_rate": 0.0005,
  "tp": 0.003,
  "sl": 0.002,
  "stop_loss_cooldown_bars": 6,
  "daily_max_trades": 0,
  "daily_max_losses": 2,
  "daily_loss_limit": 0.0,
  "no_overnight": true
}