{
  "total_return": 0.0791344526744151,
  "annualized_return": 2.0429935339120884,
  "max_drawdown": -0.04497627712230401,
  "sharpe": 4.166713292108225,
  "sortino": 7.082323546860587,
  "calmar": 45.4238026050172,
  "trade_count": 4,
  "win_rate": 0.0,
  "avg_net_return_per_trade": -0.009366425172517897,
  "median_net_return_per_trade": -0.008701765380544232,
  "backtest_mode": "a_share_inventory_t0",
  "trade_direction_mode": "sell_only",
  "buy_threshold": 0.5834246009588241,
  "sell_threshold": 0.8427620708942413,
  "initial_capital": 1000000.0,
  "final_equity": 1077171.5071050003,
  "final_benchmark_equity": 1082604.0,
  "final_alpha_equity": 994567.5071050003,
  "alpha_total_return": -0.0054324928949996965,
  "alpha_sharpe": -9.175387476757397,
  "alpha_sortino": -1.63546171434777,
  "alpha_calmar": -14.083915953444615,
  "alpha_max_drawdown": -0.0054324928949999185,
  "base_shares": 10700,
  "ending_shares": 10700,
  "base_position_pct": 0.6,
  "max_t0_trade_pct": 0.3,
  "max_participation_rate": 0.02,
  "commission_rate": 0.0015,
  "slippage_rate": 0.001,
  "tp": 0.003,
  "sl": 0.002,
  "stop_loss_cooldown_bars": 6,
  "daily_max_trades": 0,
  "daily_max_losses": 2,
  "daily_loss_limit": 0.0,
  "no_overnight": true
}