{
  "total_return": 0.071117411600778,
  "annualized_return": 1.7130104079435755,
  "max_drawdown": -0.04915311948035084,
  "sharpe": 3.7958576067169076,
  "sortino": 6.413701782508454,
  "calmar": 34.85049221806479,
  "trade_count": 11,
  "win_rate": 0.2727272727272727,
  "avg_net_return_per_trade": -0.005797766478458247,
  "median_net_return_per_trade": -0.005813166778551701,
  "backtest_mode": "a_share_inventory_t0",
  "trade_direction_mode": "sell_only",
  "buy_threshold": 0.6654055744409558,
  "sell_threshold": 0.5750244557857513,
  "initial_capital": 1000000.0,
  "final_equity": 1070436.180927,
  "final_benchmark_equity": 1079076.0,
  "final_alpha_equity": 991360.180927,
  "alpha_total_return": -0.008639819073000043,
  "alpha_sharpe": -10.251606878645005,
  "alpha_sortino": -2.507339474539161,
  "alpha_calmar": -13.708229032386768,
  "alpha_max_drawdown": -0.008639819073000043,
  "base_shares": 10600,
  "ending_shares": 10600,
  "base_position_pct": 0.6,
  "max_t0_trade_pct": 0.3,
  "max_participation_rate": 0.05,
  "commission_rate": 0.001,
  "slippage_rate": 0.0005,
  "tp": 0.003,
  "sl": 0.002,
  "stop_loss_cooldown_bars": 6,
  "daily_max_trades": 0,
  "daily_max_losses": 2,
  "daily_loss_limit": 0.0,
  "no_overnight": true
}