{
  "total_return": -0.09816145007557531,
  "annualized_return": -0.8193676597075892,
  "max_drawdown": -0.11029668224227196,
  "sharpe": -6.42630596663078,
  "sortino": -10.105801848975354,
  "calmar": -7.42876071202041,
  "trade_count": 4,
  "win_rate": 0.5,
  "avg_net_return_per_trade": -0.0031548111932523625,
  "median_net_return_per_trade": -0.0031353899707762777,
  "backtest_mode": "a_share_inventory_t0",
  "trade_direction_mode": "sell_only",
  "buy_threshold": 0.667204812169075,
  "sell_threshold": 0.9550599306821823,
  "initial_capital": 1000000.0,
  "final_equity": 904522.4214489998,
  "final_benchmark_equity": 906349.0,
  "final_alpha_equity": 998173.4214489998,
  "alpha_total_return": -0.001826578551000213,
  "alpha_sharpe": -2.59051867914519,
  "alpha_sortino": -0.7594292174829286,
  "alpha_calmar": -8.178040351931624,
  "alpha_max_drawdown": -0.0036472683170001297,
  "base_shares": 9300,
  "ending_shares": 9300,
  "base_position_pct": 0.6,
  "max_t0_trade_pct": 0.3,
  "max_participation_rate": 0.02,
  "commission_rate": 0.001,
  "slippage_rate": 0.00075,
  "tp": 0.004,
  "sl": 0.002,
  "stop_loss_cooldown_bars": 0,
  "daily_max_trades": 0,
  "daily_max_losses": 0,
  "daily_loss_limit": 0.0,
  "no_overnight": true
}