lookback,horizon,target_col,sequence_mode,feature_count,train_seq_count,valid_seq_count,test_seq_count,train_positive_rate,pos_weight,best_valid_auc,test_auc,sample_count,positive_rate,pred_prob_mean,pred_prob_std,pred_prob_min,pred_prob_max,signal_count_at_055,q80_threshold,q90_threshold,best_q90_active_future_return_mean
32,3,label_dynamic_binary,continuous,194,47361,10124,10124,0.1504191212178797,5.6480909601347555,0.6491598660648703,0.6412329539277636,10124,0.1550770401954651,0.537212610244751,0.12888029217720032,0.018676605075597763,0.8555377125740051,4653,0.6455166697502136,0.7093815922737122,0.0007565033236955494
32,3,label_dynamic_binary,intraday_only,194,15792,3373,3372,0.1753419452887538,4.703141928494041,0.6542101478961951,0.6843015699977149,3372,0.18030841648578644,0.4908406138420105,0.16143114864826202,0.031868595629930496,0.8370193839073181,1191,0.6397206425666809,0.7157281816005707,0.0013578972299249806
