{
  "total_return": -0.11291386429535677,
  "annualized_return": -0.862546995528365,
  "max_drawdown": -0.12486796837323944,
  "sharpe": -7.627934942968782,
  "sortino": -11.846639900533987,
  "calmar": -6.907672213823078,
  "trade_count": 24,
  "win_rate": 0.2916666666666667,
  "avg_net_return_per_trade": -0.005104912892879859,
  "median_net_return_per_trade": -0.005969488264849718,
  "backtest_mode": "a_share_inventory_t0",
  "trade_direction_mode": "sell_only",
  "buy_threshold": 0.6489220082759856,
  "sell_threshold": 0.902628310918808,
  "initial_capital": 1000000.0,
  "final_equity": 889726.1040445003,
  "final_benchmark_equity": 906349.0,
  "final_alpha_equity": 983377.1040445003,
  "alpha_total_return": -0.016622895955499706,
  "alpha_sharpe": -11.677254290815664,
  "alpha_sortino": -4.525745961047431,
  "alpha_calmar": -13.509216930603243,
  "alpha_max_drawdown": -0.01794556722063867,
  "base_shares": 9300,
  "ending_shares": 9300,
  "base_position_pct": 0.6,
  "max_t0_trade_pct": 0.3,
  "max_participation_rate": 0.05,
  "commission_rate": 0.001,
  "slippage_rate": 0.0005,
  "tp": 0.003,
  "sl": 0.002,
  "stop_loss_cooldown_bars": 0,
  "daily_max_trades": 0,
  "daily_max_losses": 0,
  "daily_loss_limit": 0.0,
  "no_overnight": true
}