{
  "total_return": 0.07754442221001723,
  "annualized_return": 1.9745259277156664,
  "max_drawdown": -0.04453888448702248,
  "sharpe": 4.168936977640343,
  "sortino": 7.100204056512433,
  "calmar": 44.33263092368185,
  "trade_count": 2,
  "win_rate": 0.5,
  "avg_net_return_per_trade": -0.0027508730677409084,
  "median_net_return_per_trade": -0.0027508730677409084,
  "backtest_mode": "a_share_inventory_t0",
  "trade_direction_mode": "sell_only",
  "buy_threshold": 0.6006682366132736,
  "sell_threshold": 0.6336445808410645,
  "initial_capital": 1000000.0,
  "final_equity": 1077087.5433750001,
  "final_benchmark_equity": 1078122.0,
  "final_alpha_equity": 998965.5433750001,
  "alpha_total_return": -0.001034456624999902,
  "alpha_sharpe": -2.8606971444621982,
  "alpha_sortino": -0.3495844654901585,
  "alpha_calmar": -7.683444750523138,
  "alpha_max_drawdown": -0.0019513402993660556,
  "base_shares": 10600,
  "ending_shares": 10600,
  "base_position_pct": 0.6,
  "max_t0_trade_pct": 0.3,
  "max_participation_rate": 0.05,
  "commission_rate": 0.001,
  "slippage_rate": 0.0005,
  "tp": 0.003,
  "sl": 0.002,
  "stop_loss_cooldown_bars": 0,
  "daily_max_trades": 0,
  "daily_max_losses": 0,
  "daily_loss_limit": 0.0,
  "no_overnight": true
}