{
  "total_return": -0.04691620050534551,
  "annualized_return": -0.5492756913676866,
  "max_drawdown": -0.07862135109881474,
  "sharpe": -2.38466780987174,
  "sortino": -2.2682932180136914,
  "calmar": -6.986342560780124,
  "trade_count": 9,
  "win_rate": 0.3333333333333333,
  "avg_net_return_per_trade": -0.0025909182359982273,
  "median_net_return_per_trade": -0.0008904162594580677,
  "backtest_mode": "a_share_inventory_t0",
  "trade_direction_mode": "sell_only",
  "buy_threshold": 0.7795956283807755,
  "sell_threshold": 0.8284404128789902,
  "initial_capital": 1000000.0,
  "final_equity": 952243.1795835003,
  "final_benchmark_equity": 953940.0,
  "final_alpha_equity": 998303.1795835003,
  "alpha_total_return": -0.001696820416499767,
  "alpha_sharpe": -2.249133600503788,
  "alpha_sortino": -1.1662761952394536,
  "alpha_calmar": -7.950236888683658,
  "alpha_max_drawdown": -0.0034931012674997985,
  "base_shares": 9800,
  "ending_shares": 9800,
  "base_position_pct": 0.6,
  "max_t0_trade_pct": 0.3,
  "max_participation_rate": 0.05,
  "commission_rate": 0.0015,
  "slippage_rate": 0.0005,
  "tp": 0.003,
  "sl": 0.002,
  "stop_loss_cooldown_bars": 0,
  "daily_max_trades": 0,
  "daily_max_losses": 0,
  "daily_loss_limit": 0.0,
  "no_overnight": true
}