{
  "total_return": -0.05509638628056612,
  "annualized_return": -0.6083891775981014,
  "max_drawdown": -0.08007234360773641,
  "sharpe": -2.7617112812479907,
  "sortino": -2.63614493566803,
  "calmar": -7.59799389135552,
  "trade_count": 15,
  "win_rate": 0.3333333333333333,
  "avg_net_return_per_trade": -0.004536969581189763,
  "median_net_return_per_trade": -0.005421818099670459,
  "backtest_mode": "a_share_inventory_t0",
  "trade_direction_mode": "sell_only",
  "buy_threshold": 0.7211705774068828,
  "sell_threshold": 0.7948047542572021,
  "initial_capital": 1000000.0,
  "final_equity": 944625.8120570004,
  "final_benchmark_equity": 950804.0,
  "final_alpha_equity": 993821.8120570004,
  "alpha_total_return": -0.0061781879429996245,
  "alpha_sharpe": -8.143632048842752,
  "alpha_sortino": -3.2109956102289368,
  "alpha_calmar": -15.027394450822039,
  "alpha_max_drawdown": -0.006484030212303038,
  "base_shares": 9800,
  "ending_shares": 9800,
  "base_position_pct": 0.6,
  "max_t0_trade_pct": 0.3,
  "max_participation_rate": 0.05,
  "commission_rate": 0.001,
  "slippage_rate": 0.0005,
  "tp": 0.003,
  "sl": 0.002,
  "stop_loss_cooldown_bars": 6,
  "daily_max_trades": 0,
  "daily_max_losses": 2,
  "daily_loss_limit": 0.0,
  "no_overnight": true
}