{
  "total_return": -0.03233451324942027,
  "annualized_return": -0.908320100802726,
  "max_drawdown": -0.03562745282023361,
  "sharpe": -15.789790171726336,
  "sortino": -18.135299402066448,
  "calmar": -25.494949228783238,
  "trade_count": 9,
  "win_rate": 0.2222222222222222,
  "avg_net_return_per_trade": -0.004524013848768176,
  "median_net_return_per_trade": -0.0063831574517451105,
  "backtest_mode": "a_share_inventory_t0",
  "buy_threshold": 0.5505254559569545,
  "sell_threshold": 0.46384699194966206,
  "initial_capital": 1000000.0,
  "final_equity": 966977.4765895001,
  "final_benchmark_equity": 972429.0,
  "final_alpha_equity": 994548.4765895001,
  "alpha_total_return": -0.0054515234104999255,
  "alpha_sharpe": -13.541768549480208,
  "alpha_sortino": -7.701300943579502,
  "alpha_calmar": -60.15366688726804,
  "alpha_max_drawdown": -0.0054515234104999255,
  "base_shares": 7900,
  "ending_shares": 7900,
  "base_position_pct": 0.6,
  "max_t0_trade_pct": 0.3,
  "max_participation_rate": 0.02,
  "commission_rate": 0.0015,
  "slippage_rate": 0.0005,
  "tp": 0.003,
  "sl": 0.002,
  "no_overnight": true
}