{
  "total_return": -0.0484175879651324,
  "annualized_return": -0.9728901736894965,
  "max_drawdown": -0.0513548649476141,
  "sharpe": -10.565032863459649,
  "sortino": -8.839577907685022,
  "calmar": -18.94445978354571,
  "trade_count": 6,
  "win_rate": 0.6666666666666666,
  "avg_net_return_per_trade": -0.0014688255314091799,
  "median_net_return_per_trade": 0.00044961239054242246,
  "backtest_mode": "a_share_inventory_t0",
  "trade_direction_mode": "sell_only",
  "buy_threshold": 0.40356216017206964,
  "sell_threshold": 0.5581307899951933,
  "initial_capital": 1000000.0,
  "final_equity": 954328.6788760002,
  "final_benchmark_equity": 955045.0,
  "final_alpha_equity": 999283.6788760002,
  "alpha_total_return": -0.0007163211239997747,
  "alpha_sharpe": -2.9422658938174417,
  "alpha_sortino": -1.9317984681069464,
  "alpha_calmar": -31.658576622935833,
  "alpha_max_drawdown": -0.0016033319579998873,
  "base_shares": 11100,
  "ending_shares": 11100,
  "base_position_pct": 0.6,
  "max_t0_trade_pct": 0.3,
  "max_participation_rate": 0.05,
  "commission_rate": 0.001,
  "slippage_rate": 0.0005,
  "tp": 0.003,
  "sl": 0.002,
  "no_overnight": true
}