{
  "total_return": -0.10873792124038839,
  "annualized_return": -0.8514280347176455,
  "max_drawdown": -0.12221933586715239,
  "sharpe": -7.296195130796135,
  "sortino": -11.499163352199787,
  "calmar": -6.966393890759759,
  "trade_count": 12,
  "win_rate": 0.25,
  "avg_net_return_per_trade": -0.0074319592805067135,
  "median_net_return_per_trade": -0.007867564349073704,
  "backtest_mode": "a_share_inventory_t0",
  "trade_direction_mode": "sell_only",
  "buy_threshold": 0.9011711865663528,
  "sell_threshold": 0.8903881818056105,
  "initial_capital": 1000000.0,
  "final_equity": 893914.4747060002,
  "final_benchmark_equity": 906349.0,
  "final_alpha_equity": 987565.4747060002,
  "alpha_total_return": -0.012434525293999799,
  "alpha_sharpe": -9.314668841591235,
  "alpha_sortino": -2.941787290879773,
  "alpha_calmar": -12.36623055412451,
  "alpha_max_drawdown": -0.015136342586012486,
  "base_shares": 9300,
  "ending_shares": 9300,
  "base_position_pct": 0.6,
  "max_t0_trade_pct": 0.3,
  "max_participation_rate": 0.05,
  "commission_rate": 0.0015,
  "slippage_rate": 0.001,
  "tp": 0.004,
  "sl": 0.002,
  "stop_loss_cooldown_bars": 6,
  "daily_max_trades": 0,
  "daily_max_losses": 2,
  "daily_loss_limit": 0.0,
  "no_overnight": true
}