{
  "total_return": -0.005624017994926733,
  "annualized_return": -0.336350462600404,
  "max_drawdown": -0.015433457281648133,
  "sharpe": -2.9627691336729405,
  "sortino": -5.16703153767071,
  "calmar": -21.793591446315602,
  "trade_count": 1,
  "win_rate": 0.0,
  "avg_net_return_per_trade": -0.00020887275989311515,
  "median_net_return_per_trade": -0.00020887275989311515,
  "backtest_mode": "a_share_inventory_t0",
  "trade_direction_mode": "sell_only",
  "buy_threshold": 0.4649245523000572,
  "sell_threshold": 0.4885400796045951,
  "initial_capital": 1000000.0,
  "final_equity": 994131.3655135001,
  "final_benchmark_equity": 993604.0,
  "final_alpha_equity": 1000527.3655135001,
  "alpha_total_return": 0.0005273655135000777,
  "alpha_sharpe": 2.55995136171181,
  "alpha_sortino": 1.3468565346207264,
  "alpha_calmar": 50.17326652849101,
  "alpha_max_drawdown": -0.0007787325906725151,
  "base_shares": 8200,
  "ending_shares": 8200,
  "base_position_pct": 0.6,
  "max_t0_trade_pct": 0.3,
  "max_participation_rate": 0.02,
  "commission_rate": 0.0015,
  "slippage_rate": 0.001,
  "tp": 0.003,
  "sl": 0.002,
  "no_overnight": true
}