{
  "total_return": 0.08151676663118068,
  "annualized_return": 2.1257722061312254,
  "max_drawdown": -0.04479052204663059,
  "sharpe": 4.295338274827903,
  "sortino": 7.299182306566308,
  "calmar": 47.4603132314047,
  "trade_count": 1,
  "win_rate": 1.0,
  "avg_net_return_per_trade": 0.0006032756785543966,
  "median_net_return_per_trade": 0.0006032756785543966,
  "backtest_mode": "a_share_inventory_t0",
  "trade_direction_mode": "sell_only",
  "buy_threshold": 0.701366928219795,
  "sell_threshold": 0.6161839395761487,
  "initial_capital": 1000000.0,
  "final_equity": 1079911.7957495,
  "final_benchmark_equity": 1079288.0,
  "final_alpha_equity": 1000623.7957494999,
  "alpha_total_return": 0.0006237957494998891,
  "alpha_sharpe": 1.8968258280557717,
  "alpha_sortino": 0.331313648967335,
  "alpha_calmar": 17.54468810974834,
  "alpha_max_drawdown": -0.0005192738304973243,
  "base_shares": 10600,
  "ending_shares": 10600,
  "base_position_pct": 0.6,
  "max_t0_trade_pct": 0.3,
  "max_participation_rate": 0.05,
  "commission_rate": 0.001,
  "slippage_rate": 0.00075,
  "tp": 0.004,
  "sl": 0.002,
  "stop_loss_cooldown_bars": 6,
  "daily_max_trades": 0,
  "daily_max_losses": 2,
  "daily_loss_limit": 0.0,
  "no_overnight": true
}