{
  "scenario_count": 12,
  "all_alpha_positive": false,
  "min_alpha_total_return": -0.007447776920500027,
  "worst_alpha_max_drawdown": -0.007447776920500249,
  "min_trade_count": 3
}