{
  "fold": 7,
  "model_summaries": {
    "transformer_lstm": {
      "model": "Transformer_LSTM",
      "target_col_buy": "buy_label",
      "target_col_sell": "sell_label",
      "feature_count": 194,
      "lookback": 8,
      "params": {
        "d_model": 128,
        "nhead": 4,
        "transformer_layers": 2,
        "transformer_dropout": 0.2,
        "lstm_hidden_dim": 128,
        "lstm_num_layers": 1,
        "output_dim": 1
      },
      "buy_fit": {
        "best_score": 0.5456766662141984,
        "best_valid_auc": 0.5456766662141984,
        "epochs_ran": 3,
        "pos_rate": 0.20945945945945946,
        "pos_weight": 3.774193548387097,
        "device": "cpu"
      },
      "sell_fit": {
        "best_score": 0.4446969696969697,
        "best_valid_auc": 0.4446969696969697,
        "epochs_ran": 3,
        "pos_rate": 0.3952702702702703,
        "pos_weight": 1.5299145299145298,
        "device": "cpu"
      },
      "valid_buy_auc": 0.5456766662141984,
      "valid_buy_positive_rate": 0.2760416666666667,
      "valid_buy_prob_mean": 0.45621514320373535,
      "valid_buy_prob_std": 0.11695022881031036,
      "valid_buy_prob_min": 0.24129685759544373,
      "valid_buy_prob_max": 0.6645758152008057,
      "valid_buy_acc_05": 0.5677083333333334,
      "valid_buy_precision_05": 0.3026315789473684,
      "valid_buy_recall_05": 0.4339622641509434,
      "valid_buy_f1_05": 0.35658914728682173,
      "valid_buy_q90_threshold": 0.6203458905220032,
      "valid_buy_q95_threshold": 0.6415567398071289,
      "test_buy_auc": 0.550778816199377,
      "test_buy_positive_rate": 0.29605263157894735,
      "test_buy_prob_mean": 0.432529091835022,
      "test_buy_prob_std": 0.13738246262073517,
      "test_buy_prob_min": 0.17867045104503632,
      "test_buy_prob_max": 0.6850615739822388,
      "test_buy_acc_05": 0.5921052631578947,
      "test_buy_precision_05": 0.3508771929824561,
      "test_buy_recall_05": 0.4444444444444444,
      "test_buy_f1_05": 0.39215686274509803,
      "test_buy_q90_threshold": 0.6202671527862549,
      "test_buy_q95_threshold": 0.6584935784339905,
      "valid_sell_auc": 0.4446969696969697,
      "valid_sell_positive_rate": 0.3125,
      "valid_sell_prob_mean": 0.45635756850242615,
      "valid_sell_prob_std": 0.1128644198179245,
      "valid_sell_prob_min": 0.23572997748851776,
      "valid_sell_prob_max": 0.6618454456329346,
      "valid_sell_acc_05": 0.5260416666666666,
      "valid_sell_precision_05": 0.3132530120481928,
      "valid_sell_recall_05": 0.43333333333333335,
      "valid_sell_f1_05": 0.36363636363636365,
      "valid_sell_q90_threshold": 0.5958594679832458,
      "valid_sell_q95_threshold": 0.6244748830795288,
      "test_sell_auc": 0.4222317047151696,
      "test_sell_positive_rate": 0.28289473684210525,
      "test_sell_prob_mean": 0.4718101918697357,
      "test_sell_prob_std": 0.09280611574649811,
      "test_sell_prob_min": 0.2726641893386841,
      "test_sell_prob_max": 0.6573426127433777,
      "test_sell_acc_05": 0.4868421052631579,
      "test_sell_precision_05": 0.21311475409836064,
      "test_sell_recall_05": 0.3023255813953488,
      "test_sell_f1_05": 0.25,
      "test_sell_q90_threshold": 0.6034748554229736,
      "test_sell_q95_threshold": 0.6214231848716736
    },
    "lstm": {
      "model": "LSTM",
      "target_col_buy": "buy_label",
      "target_col_sell": "sell_label",
      "feature_count": 194,
      "lookback": 8,
      "params": {
        "hidden_dim": 256,
        "num_layers": 2,
        "dropout": 0.3,
        "output_dim": 1
      },
      "buy_fit": {
        "best_score": 0.5922356454459075,
        "best_valid_auc": 0.5922356454459075,
        "epochs_ran": 3,
        "pos_rate": 0.20945945945945946,
        "pos_weight": 3.774193548387097,
        "device": "cpu"
      },
      "sell_fit": {
        "best_score": 0.4243686868686869,
        "best_valid_auc": 0.4243686868686869,
        "epochs_ran": 3,
        "pos_rate": 0.3952702702702703,
        "pos_weight": 1.5299145299145298,
        "device": "cpu"
      },
      "valid_buy_auc": 0.5922356454459075,
      "valid_buy_positive_rate": 0.2760416666666667,
      "valid_buy_prob_mean": 0.4855494499206543,
      "valid_buy_prob_std": 0.16461826860904694,
      "valid_buy_prob_min": 0.1970466524362564,
      "valid_buy_prob_max": 0.8260767459869385,
      "valid_buy_acc_05": 0.5833333333333334,
      "valid_buy_precision_05": 0.3411764705882353,
      "valid_buy_recall_05": 0.5471698113207547,
      "valid_buy_f1_05": 0.42028985507246375,
      "valid_buy_q90_threshold": 0.7281277179718018,
      "valid_buy_q95_threshold": 0.7891330718994141,
      "test_buy_auc": 0.5603322949117342,
      "test_buy_positive_rate": 0.29605263157894735,
      "test_buy_prob_mean": 0.4157088100910187,
      "test_buy_prob_std": 0.16376274824142456,
      "test_buy_prob_min": 0.15269504487514496,
      "test_buy_prob_max": 0.7581299543380737,
      "test_buy_acc_05": 0.6381578947368421,
      "test_buy_precision_05": 0.4107142857142857,
      "test_buy_recall_05": 0.5111111111111111,
      "test_buy_f1_05": 0.45544554455445546,
      "test_buy_q90_threshold": 0.6439623236656189,
      "test_buy_q95_threshold": 0.7021092772483826,
      "valid_sell_auc": 0.4243686868686869,
      "valid_sell_positive_rate": 0.3125,
      "valid_sell_prob_mean": 0.4518723487854004,
      "valid_sell_prob_std": 0.06722947210073471,
      "valid_sell_prob_min": 0.3482927680015564,
      "valid_sell_prob_max": 0.6164915561676025,
      "valid_sell_acc_05": 0.609375,
      "valid_sell_precision_05": 0.3170731707317073,
      "valid_sell_recall_05": 0.21666666666666667,
      "valid_sell_f1_05": 0.25742574257425743,
      "valid_sell_q90_threshold": 0.5697126984596252,
      "valid_sell_q95_threshold": 0.5898268222808838,
      "test_sell_auc": 0.4815446981011307,
      "test_sell_positive_rate": 0.28289473684210525,
      "test_sell_prob_mean": 0.43936291337013245,
      "test_sell_prob_std": 0.04508453607559204,
      "test_sell_prob_min": 0.3807758688926697,
      "test_sell_prob_max": 0.5611381530761719,
      "test_sell_acc_05": 0.6973684210526315,
      "test_sell_precision_05": 0.42105263157894735,
      "test_sell_recall_05": 0.18604651162790697,
      "test_sell_f1_05": 0.25806451612903225,
      "test_sell_q90_threshold": 0.5107564330101013,
      "test_sell_q95_threshold": 0.5348308682441711
    },
    "cnn": {
      "model": "CNN",
      "target_col_buy": "buy_label",
      "target_col_sell": "sell_label",
      "feature_count": 194,
      "lookback": 8,
      "params": {
        "channels": 64,
        "kernel_size": 3,
        "dropout": 0.3,
        "output_dim": 1
      },
      "buy_fit": {
        "best_score": 0.5535496131396769,
        "best_valid_auc": 0.5535496131396769,
        "epochs_ran": 3,
        "pos_rate": 0.20945945945945946,
        "pos_weight": 3.774193548387097,
        "device": "cpu"
      },
      "sell_fit": {
        "best_score": 0.47487373737373745,
        "best_valid_auc": 0.47487373737373745,
        "epochs_ran": 3,
        "pos_rate": 0.3952702702702703,
        "pos_weight": 1.5299145299145298,
        "device": "cpu"
      },
      "valid_buy_auc": 0.5535496131396769,
      "valid_buy_positive_rate": 0.2760416666666667,
      "valid_buy_prob_mean": 0.18964993953704834,
      "valid_buy_prob_std": 0.10681706666946411,
      "valid_buy_prob_min": 0.0050228009931743145,
      "valid_buy_prob_max": 0.46151289343833923,
      "valid_buy_acc_05": 0.7239583333333334,
      "valid_buy_precision_05": 0.0,
      "valid_buy_recall_05": 0.0,
      "valid_buy_f1_05": 0.0,
      "valid_buy_q90_threshold": 0.33085379004478455,
      "valid_buy_q95_threshold": 0.37872612476348877,
      "test_buy_auc": 0.4841121495327103,
      "test_buy_positive_rate": 0.29605263157894735,
      "test_buy_prob_mean": 0.20927588641643524,
      "test_buy_prob_std": 0.0824572741985321,
      "test_buy_prob_min": 0.0356881320476532,