{
  "model": "LSTM",
  "target_col_buy": "buy_label",
  "target_col_sell": "sell_label",
  "feature_count": 194,
  "lookback": 16,
  "params": {
    "hidden_dim": 256,
    "num_layers": 2,
    "dropout": 0.3,
    "output_dim": 1
  },
  "buy_fit": {
    "best_score": 0.5525281866099256,
    "best_valid_auc": 0.5525281866099256,
    "epochs_ran": 20,
    "pos_rate": 0.26287688442211055,
    "pos_weight": 2.804062126642772,
    "device": "cpu"
  },
  "sell_fit": {
    "best_score": 0.5906690574130717,
    "best_valid_auc": 0.5906690574130717,
    "epochs_ran": 20,
    "pos_rate": 0.31909547738693467,
    "pos_weight": 2.1338582677165356,
    "device": "cpu"
  },
  "valid_buy_auc": 0.5525281866099256,
  "valid_buy_positive_rate": 0.24362244897959184,
  "valid_buy_prob_mean": 0.3402664065361023,
  "valid_buy_prob_std": 0.3129442036151886,
  "valid_buy_prob_min": 1.7081016267184168e-05,
  "valid_buy_prob_max": 0.986924409866333,
  "valid_buy_acc_05": 0.6135204081632653,
  "valid_buy_precision_05": 0.2777777777777778,
  "valid_buy_recall_05": 0.36649214659685864,
  "valid_buy_f1_05": 0.3160270880361174,
  "valid_buy_q90_threshold": 0.8342974781990051,
  "valid_buy_q95_threshold": 0.9011712074279785,
  "test_buy_auc": 0.49803178944969007,
  "test_buy_positive_rate": 0.2461734693877551,
  "test_buy_prob_mean": 0.31751543283462524,
  "test_buy_prob_std": 0.2698991596698761,
  "test_buy_prob_min": 8.227380021708086e-05,
  "test_buy_prob_max": 0.9823968410491943,
  "test_buy_acc_05": 0.6135204081632653,
  "test_buy_precision_05": 0.24056603773584906,
  "test_buy_recall_05": 0.26424870466321243,
  "test_buy_f1_05": 0.2518518518518518,
  "test_buy_q90_threshold": 0.7261397242546082,
  "test_buy_q95_threshold": 0.8186450600624084,
  "valid_sell_auc": 0.5906690574130717,
  "valid_sell_positive_rate": 0.3635204081632653,
  "valid_sell_prob_mean": 0.36243388056755066,
  "valid_sell_prob_std": 0.2857372462749481,
  "valid_sell_prob_min": 0.0018477742560207844,
  "valid_sell_prob_max": 0.9927225708961487,
  "valid_sell_acc_05": 0.6071428571428571,
  "valid_sell_precision_05": 0.4534412955465587,
  "valid_sell_recall_05": 0.3929824561403509,
  "valid_sell_f1_05": 0.42105263157894735,
  "valid_sell_q90_threshold": 0.8167113065719604,
  "valid_sell_q95_threshold": 0.8903881907463074,
  "test_sell_auc": 0.4790416984767514,
  "test_sell_positive_rate": 0.3380102040816326,
  "test_sell_prob_mean": 0.33368754386901855,
  "test_sell_prob_std": 0.26581066846847534,
  "test_sell_prob_min": 0.0011997363762930036,
  "test_sell_prob_max": 0.9876535534858704,
  "test_sell_acc_05": 0.5637755102040817,
  "test_sell_precision_05": 0.3175355450236967,
  "test_sell_recall_05": 0.2528301886792453,
  "test_sell_f1_05": 0.2815126050420168,
  "test_sell_q90_threshold": 0.7590385675430298,
  "test_sell_q95_threshold": 0.8513610363006592
}