{
  "lookback": 32,
  "lookback_minutes": 160,
  "horizon": 6,
  "horizon_minutes": 30,
  "best_valid_auc": 0.5840757383822517,
  "valid_auc": 0.5840757383822517,
  "test_auc": 0.5282227425787338,
  "train_positive_rate": 0.32179660444294284,
  "valid_positive_rate": 0.32766966314333695,
  "test_positive_rate": 0.363528598241628,
  "valid_action_metrics": {
    "accuracy": 0.42744245776943596,
    "buy_auc": 0.5840757383822517,
    "sell_auc": 0.5769639454416803,
    "buy_positive_rate": 0.32766966314333695,
    "sell_positive_rate": 0.41390892028054926,
    "hold_rate": 0.2584214165761138
  },
  "test_action_metrics": {
    "accuracy": 0.39444828608120125,
    "buy_auc": 0.5282227425787338,
    "sell_auc": 0.5383453198369452,
    "buy_positive_rate": 0.363528598241628,
    "sell_positive_rate": 0.4262570384273437,
    "hold_rate": 0.21021436333102836
  },
  "test_trade_return_mean_all": 0.000340419415132452,
  "test_trade_return_mean_label_1": -4.8730852910146815e-05,
  "selected_threshold": 0.48984990715980525,
  "selected_quantile": 0.95,
  "selected_threshold_test_stats": {
    "threshold": 0.48984990715980525,
    "horizon": 6,
    "round_trip_cost": 0.003,
    "trade_count": 118,
    "win_rate": 0.3305084745762712,
    "gross_return_mean": -0.000694231567995579,
    "net_return_mean": -0.0036942315679955803,
    "gross_return_median": -0.0009050347335544107,
    "net_return_median": -0.0039050347335544107,
    "total_return": -0.3604903521088956,
    "max_drawdown": -0.38966811183018335,
    "per_trade_sharpe": -0.27885692701203196,
    "trades_per_year": 141.33879893420783,
    "bar_annualized_sharpe": -30.054516026480425,
    "sharpe": -3.315218333165712,
    "avg_pred_prob": 0.5087320218651982,
    "positive_label_rate": 0.5254237288135594,
    "buy_label_rate": 0.4067796610169492,
    "selected_by": "validation_net_return_mean",
    "selected_quantile": 0.95
  },
  "output_dir": "outputs\\diagnostics\\horizon_compare\\lb32_h6",
  "seed": 42
}