{
  "total_return": -0.04397520791686971,
  "annualized_return": -0.21169936677848877,
  "max_drawdown": -0.09729267836860367,
  "sharpe": -1.4980192903792844,
  "sortino": -1.7186829850813645,
  "calmar": -2.1759023425837163,
  "trade_count": 47,
  "win_rate": 0.06382978723404255,
  "avg_net_return_per_trade": -0.005106636314199306,
  "median_net_return_per_trade": -0.00613386872044663,
  "backtest_mode": "a_share_inventory_t0",
  "trade_direction_mode": "sell_only",
  "buy_threshold": 0.5876382724393838,
  "sell_threshold": 0.7648406952126675,
  "initial_capital": 1000000.0,
  "final_equity": 955919.6293560012,
  "final_benchmark_equity": 986910.0,
  "final_alpha_equity": 969009.6293560012,
  "alpha_total_return": -0.0309903706439989,
  "alpha_sharpe": -12.804106536549584,
  "alpha_sortino": -6.258582606980621,
  "alpha_calmar": -4.803346499327983,
  "alpha_max_drawdown": -0.031934290480025385,
  "base_shares": 11000,
  "ending_shares": 11000,
  "base_position_pct": 0.6,
  "max_t0_trade_pct": 0.3,
  "max_participation_rate": 0.02,
  "commission_rate": 0.0015,
  "slippage_rate": 0.0005,
  "tp": 0.003,
  "sl": 0.002,
  "no_overnight": true
}