model,side,valid_auc,raw_weight,weight,weight_method
logistic_regression,buy,0.5541989279332936,0.05419892793329362,0.6867924528301884,valid_auc_edge_over_0p5
random_forest,buy,0.5247170935080405,0.024717093508040522,0.31320754716981153,valid_auc_edge_over_0p5
