{
  "total_return": 0.038332932703815326,
  "annualized_return": 14.40343520542912,
  "max_drawdown": -0.02444947831332256,
  "sharpe": 8.38031438846917,
  "sortino": 19.962341064280814,
  "calmar": 589.1101241853764,
  "trade_count": 5,
  "win_rate": 0.2,
  "avg_net_return_per_trade": -0.0021114161151818264,
  "median_net_return_per_trade": -0.0014193734900965166,
  "backtest_mode": "a_share_inventory_t0",
  "trade_direction_mode": "sell_only",
  "buy_threshold": 0.4607778406855257,
  "sell_threshold": 0.6616130504757166,
  "initial_capital": 1000000.0,
  "final_equity": 1035911.54030475,
  "final_benchmark_equity": 1036040.0,
  "final_alpha_equity": 999871.54030475,
  "alpha_total_return": -0.0001284596952499939,
  "alpha_sharpe": -0.5466676841692167,
  "alpha_sortino": -0.5388745841755368,
  "alpha_calmar": -6.060195993810369,
  "alpha_max_drawdown": -0.0015338959293644816,
  "base_shares": 10600,
  "ending_shares": 10600,
  "base_position_pct": 0.6,
  "max_t0_trade_pct": 0.3,
  "max_participation_rate": 0.02,
  "commission_rate": 0.0015,
  "slippage_rate": 0.00075,
  "tp": 0.003,
  "sl": 0.002,
  "no_overnight": true
}