{
  "lookback": 6,
  "lookback_minutes": 30,
  "horizon": 12,
  "horizon_minutes": 60,
  "best_valid_auc": 0.568429758497753,
  "valid_auc": 0.568429758497753,
  "test_auc": 0.5246344940237052,
  "train_positive_rate": 0.359956097766896,
  "valid_positive_rate": 0.3588884509262909,
  "test_positive_rate": 0.3944619629483642,
  "valid_action_metrics": {
    "accuracy": 0.42737485218762317,
    "buy_auc": 0.568429758497753,
    "sell_auc": 0.5478742063085117,
    "buy_positive_rate": 0.3588884509262909,
    "sell_positive_rate": 0.4562475364603863,
    "hold_rate": 0.18486401261332283
  },
  "test_action_metrics": {
    "accuracy": 0.423433188805676,
    "buy_auc": 0.5246344940237052,
    "sell_auc": 0.531452160717361,
    "buy_positive_rate": 0.3944619629483642,
    "sell_positive_rate": 0.45969649191959006,
    "hold_rate": 0.14584154513204572
  },
  "test_trade_return_mean_all": 0.0006661114750419357,
  "test_trade_return_mean_label_1": -4.1797926702577834e-05,
  "selected_threshold": 0.4365411877632141,
  "selected_quantile": 0.95,
  "selected_threshold_test_stats": {
    "threshold": 0.4365411877632141,
    "horizon": 12,
    "round_trip_cost": 0.003,
    "trade_count": 79,
    "win_rate": 0.4050632911392405,
    "gross_return_mean": 8.931530957243359e-05,
    "net_return_mean": -0.002910684690427567,
    "gross_return_median": -0.000674157303370837,
    "net_return_median": -0.003674157303370837,
    "total_return": -0.2169258446918595,
    "max_drawdown": -0.29757616186825286,
    "per_trade_sharpe": -0.15178137987831114,
    "trades_per_year": 92.74430543620191,
    "bar_annualized_sharpe": -16.358625058925607,
    "sharpe": -1.461713046737328,
    "avg_pred_prob": 0.444685637196408,
    "positive_label_rate": 0.5189873417721519,
    "buy_label_rate": 0.45569620253164556,
    "selected_by": "validation_net_return_mean",
    "selected_quantile": 0.95
  },
  "output_dir": "outputs\\diagnostics\\robustness\\lb6_h12\\seed_42",
  "seed": 42
}