{
  "total_return": 0.015157464332698378,
  "annualized_return": 1.9850866964587897,
  "max_drawdown": -0.024247982800203904,
  "sharpe": 4.019579042438261,
  "sortino": 8.188679500411496,
  "calmar": 81.86605511952511,
  "trade_count": 7,
  "win_rate": 0.42857142857142855,
  "avg_net_return_per_trade": -0.0014147467547138187,
  "median_net_return_per_trade": -0.0012157997977674225,
  "backtest_mode": "a_share_inventory_t0",
  "trade_direction_mode": "sell_only",
  "buy_threshold": 0.7054184544772757,
  "sell_threshold": 0.6122887900886655,
  "initial_capital": 1000000.0,
  "final_equity": 1012416.5391790001,
  "final_benchmark_equity": 1014040.0,
  "final_alpha_equity": 998376.5391790001,
  "alpha_total_return": -0.0016234608209999557,
  "alpha_sharpe": -5.797460229412464,
  "alpha_sortino": -4.117085981025965,
  "alpha_calmar": -44.364153078916054,
  "alpha_max_drawdown": -0.0025111949609998296,
  "base_shares": 10800,
  "ending_shares": 10800,
  "base_position_pct": 0.6,
  "max_t0_trade_pct": 0.3,
  "max_participation_rate": 0.05,
  "commission_rate": 0.001,
  "slippage_rate": 0.0005,
  "tp": 0.003,
  "sl": 0.002,
  "no_overnight": true
}