{
  "total_return": -0.006360007577864257,
  "annualized_return": -0.37112800953179437,
  "max_drawdown": -0.015641032219259166,
  "sharpe": -3.298394755500937,
  "sortino": -5.6453000392801735,
  "calmar": -23.72784636776183,
  "trade_count": 1,
  "win_rate": 0.0,
  "avg_net_return_per_trade": -0.0026983673441862664,
  "median_net_return_per_trade": -0.0026983673441862664,
  "backtest_mode": "a_share_inventory_t0",
  "trade_direction_mode": "sell_only",
  "buy_threshold": 0.5368165940785212,
  "sell_threshold": 0.46066038028567957,
  "initial_capital": 1000000.0,
  "final_equity": 993395.5569839999,
  "final_benchmark_equity": 993604.0,
  "final_alpha_equity": 999791.5569839999,
  "alpha_total_return": -0.00020844301600009274,
  "alpha_sharpe": -1.8407467488588913,
  "alpha_sortino": -0.663592145667243,
  "alpha_calmar": -19.813047489840994,
  "alpha_max_drawdown": -0.0007591172750849307,
  "base_shares": 8200,
  "ending_shares": 8200,
  "base_position_pct": 0.6,
  "max_t0_trade_pct": 0.3,
  "max_participation_rate": 0.05,
  "commission_rate": 0.001,
  "slippage_rate": 0.001,
  "tp": 0.003,
  "sl": 0.002,
  "no_overnight": true
}