{
  "fold": 1,
  "model_summaries": {
    "lstm": {
      "model": "LSTM",
      "target_col_buy": "buy_label",
      "target_col_sell": "sell_label",
      "feature_count": 194,
      "lookback": 32,
      "params": {
        "hidden_dim": 256,
        "num_layers": 2,
        "dropout": 0.3,
        "output_dim": 1
      },
      "buy_fit": {
        "best_score": 0.5632023560412307,
        "best_valid_auc": 0.5632023560412307,
        "epochs_ran": 16,
        "pos_rate": 0.2638888888888889,
        "pos_weight": 2.7894736842105265,
        "device": "cpu"
      },
      "sell_fit": {
        "best_score": 0.5453772411856725,
        "best_valid_auc": 0.5453772411856725,
        "epochs_ran": 17,
        "pos_rate": 0.3368055555555556,
        "pos_weight": 1.9690721649484535,
        "device": "cpu"
      },
      "valid_buy_auc": 0.5632023560412307,
      "valid_buy_positive_rate": 0.26953125,
      "valid_buy_prob_mean": 0.3687707483768463,
      "valid_buy_prob_std": 0.13635887205600739,
      "valid_buy_prob_min": 0.10180050134658813,
      "valid_buy_prob_max": 0.7520589828491211,
      "valid_buy_acc_05": 0.66796875,
      "valid_buy_precision_05": 0.34210526315789475,
      "valid_buy_recall_05": 0.25120772946859904,
      "valid_buy_f1_05": 0.28969359331476324,
      "valid_buy_q90_threshold": 0.5485273003578186,
      "valid_buy_q95_threshold": 0.5834246277809143,
      "test_buy_auc": 0.5204424071659868,
      "test_buy_positive_rate": 0.2799479166666667,
      "test_buy_prob_mean": 0.4488633871078491,
      "test_buy_prob_std": 0.16235189139842987,
      "test_buy_prob_min": 0.029050689190626144,
      "test_buy_prob_max": 0.7784065008163452,
      "test_buy_acc_05": 0.5481770833333334,
      "test_buy_precision_05": 0.3103448275862069,
      "test_buy_recall_05": 0.5023255813953489,
      "test_buy_f1_05": 0.3836589698046181,
      "test_buy_q90_threshold": 0.6450682282447815,
      "test_buy_q95_threshold": 0.6782912611961365,
      "valid_sell_auc": 0.5453772411856725,
      "valid_sell_positive_rate": 0.3033854166666667,
      "valid_sell_prob_mean": 0.4245872497558594,
      "valid_sell_prob_std": 0.20946922898292542,
      "valid_sell_prob_min": 0.06668654084205627,
      "valid_sell_prob_max": 0.9507176876068115,
      "valid_sell_acc_05": 0.6015625,
      "valid_sell_precision_05": 0.35797665369649806,
      "valid_sell_recall_05": 0.3948497854077253,
      "valid_sell_f1_05": 0.37551020408163266,
      "valid_sell_q90_threshold": 0.7421915531158447,
      "valid_sell_q95_threshold": 0.8427620530128479,
      "test_sell_auc": 0.5385531627048608,
      "test_sell_positive_rate": 0.3606770833333333,
      "test_sell_prob_mean": 0.41097012162208557,
      "test_sell_prob_std": 0.21120630204677582,
      "test_sell_prob_min": 0.025239234790205956,
      "test_sell_prob_max": 0.927831768989563,
      "test_sell_acc_05": 0.55859375,
      "test_sell_precision_05": 0.38257575757575757,
      "test_sell_recall_05": 0.36462093862815886,
      "test_sell_f1_05": 0.3733826247689464,
      "test_sell_q90_threshold": 0.7144666314125061,
      "test_sell_q95_threshold": 0.7878698110580444
    }
  },
  "selected_model_summary": {
    "model": "LSTM",
    "target_col_buy": "buy_label",
    "target_col_sell": "sell_label",
    "feature_count": 194,
    "lookback": 32,
    "params": {
      "hidden_dim": 256,
      "num_layers": 2,
      "dropout": 0.3,
      "output_dim": 1
    },
    "buy_fit": {
      "best_score": 0.5632023560412307,
      "best_valid_auc": 0.5632023560412307,
      "epochs_ran": 16,
      "pos_rate": 0.2638888888888889,
      "pos_weight": 2.7894736842105265,
      "device": "cpu"
    },
    "sell_fit": {
      "best_score": 0.5453772411856725,
      "best_valid_auc": 0.5453772411856725,
      "epochs_ran": 17,
      "pos_rate": 0.3368055555555556,
      "pos_weight": 1.9690721649484535,
      "device": "cpu"
    },
    "valid_buy_auc": 0.5632023560412307,
    "valid_buy_positive_rate": 0.26953125,
    "valid_buy_prob_mean": 0.3687707483768463,
    "valid_buy_prob_std": 0.13635887205600739,
    "valid_buy_prob_min": 0.10180050134658813,
    "valid_buy_prob_max": 0.7520589828491211,
    "valid_buy_acc_05": 0.66796875,
    "valid_buy_precision_05": 0.34210526315789475,
    "valid_buy_recall_05": 0.25120772946859904,
    "valid_buy_f1_05": 0.28969359331476324,
    "valid_buy_q90_threshold": 0.5485273003578186,
    "valid_buy_q95_threshold": 0.5834246277809143,
    "test_buy_auc": 0.5204424071659868,
    "test_buy_positive_rate": 0.2799479166666667,
    "test_buy_prob_mean": 0.4488633871078491,
    "test_buy_prob_std": 0.16235189139842987,
    "test_buy_prob_min": 0.029050689190626144,
    "test_buy_prob_max": 0.7784065008163452,
    "test_buy_acc_05": 0.5481770833333334,
    "test_buy_precision_05": 0.3103448275862069,
    "test_buy_recall_05": 0.5023255813953489,
    "test_buy_f1_05": 0.3836589698046181,
    "test_buy_q90_threshold": 0.6450682282447815,
    "test_buy_q95_threshold": 0.6782912611961365,
    "valid_sell_auc": 0.5453772411856725,
    "valid_sell_positive_rate": 0.3033854166666667,
    "valid_sell_prob_mean": 0.4245872497558594,
    "valid_sell_prob_std": 0.20946922898292542,
    "valid_sell_prob_min": 0.06668654084205627,
    "valid_sell_prob_max": 0.9507176876068115,
    "valid_sell_acc_05": 0.6015625,
    "valid_sell_precision_05": 0.35797665369649806,
    "valid_sell_recall_05": 0.3948497854077253,
    "valid_sell_f1_05": 0.37551020408163266,
    "valid_sell_q90_threshold": 0.7421915531158447,
    "valid_sell_q95_threshold": 0.8427620530128479,
    "test_sell_auc": 0.5385531627048608,
    "test_sell_positive_rate": 0.3606770833333333,
    "test_sell_prob_mean": 0.41097012162208557,
    "test_sell_prob_std": 0.21120630204677582,
    "test_sell_prob_min": 0.025239234790205956,
    "test_sell_prob_max": 0.927831768989563,
    "test_sell_acc_05": 0.55859375,
    "test_sell_precision_05": 0.38257575757575757,
    "test_sell_recall_05": 0.36462093862815886,
    "test_sell_f1_05": 0.3733826247689464,
    "test_sell_q90_threshold": 0.7144666314125061,
    "test_sell_q95_threshold": 0.7878698110580444
  },
  "t0_stats": {
    "total_return": 0.08033180101855297,
    "annualized_return": 2.092702994282035,
    "max_drawdown": -0.04434530819145299,
    "sharpe": 4.230957279652115,
    "sortino": 7.188357973361176,
    "calmar": 47.191080175768796,
    "trade_count": 4,
    "win_rate": 0.0,
    "avg_net_return_per_trade": -0.006370293033554932,
    "median_net_return_per_trade": -0.005704968248960493,
    "backtest_mode": "a_share_inventory_t0",
    "trade_direction_mode": "sell_only",
    "buy_threshold": 0.5834246009588241,
    "sell_threshold": 0.8427620708942413,
    "initial_capital": 1000000.0,
    "final_equity": 1078366.6774725001,
    "final_benchmark_equity": 1082604.0,
    "final_alpha_equity": 995762.6774725001,
    "alpha_total_return": -0.004237322527499865,
    "alpha_sharpe": -8.209162352503078,
    "alpha_sortino": -1.215530028670424,
    "alpha_calmar": -13.783873936565533,
    "alpha_max_drawdown": -0.0043646432802249,
    "base_shares": 10700,
    "ending_shares": 10700,
    "base_position_pct": 0.6,
    "max_t0_trade_pct": 0.3,
    "max_participation_rate": 0.05,
    "commission_rate": 0.001,
    "slippage_rate": 0.0005,
    "tp": 0.003,
    "sl": 0.002,
    "stop_loss_cooldown_bars": 6,
    "daily_max_trades": 0,
    "daily_max_losses": 2,
    "daily_loss_limit": 0.0,
    "no_overnight": true
  },
  "stress_stats": {
    "stress_scenario_count": 12,
    "stress_min_alpha_total_return": -0.005692205582499721,
    "stress_worst_alpha_drawdown": -0.005692205582499943,
    "stress_min_trade_count": 4
  },
  "sell_threshold_grid_stats": {
    "sell_grid_best_rule": "sell_only_q96",
    "sell_grid_best_quantile": 0.96,
    "sell_grid_best_alpha_total_return": -0.000974807152499868,
    "sell_grid_best_trade_count": 2,
    "sell_grid_result_count": 6
  },