model,side,valid_auc,raw_weight,weight,weight_method
transformer_lstm,buy,0.5292957746478874,0.02929577464788735,0.10256410256410266,valid_auc_edge_over_0p5
lstm,buy,0.6205633802816901,0.12056338028169011,0.42209072978303736,valid_auc_edge_over_0p5
cnn,buy,0.6311267605633802,0.13112676056338024,0.4590729783037474,valid_auc_edge_over_0p5
mlp,buy,0.5046478873239437,0.004647887323943722,0.016272189349112638,valid_auc_edge_over_0p5
