model,side,valid_auc,raw_weight,weight,weight_method
transformer_lstm,sell,0.5390812890812892,0.03908128908128916,0.4298941798941801,valid_auc_edge_over_0p5
lstm,sell,0.4986772486772487,0.0,0.0,valid_auc_edge_over_0p5
cnn,sell,0.5299422799422799,0.029942279942279937,0.3293650793650788,valid_auc_edge_over_0p5
mlp,sell,0.521885521885522,0.021885521885521952,0.24074074074074112,valid_auc_edge_over_0p5
