{
  "model": "auc_weighted_ensemble",
  "member_models": [
    "transformer_lstm",
    "lstm",
    "cnn",
    "mlp"
  ],
  "buy_weight_method": "valid_auc_edge_over_0p5",
  "sell_weight_method": "valid_auc_edge_over_0p5",
  "feature_count": 194,
  "lookback": 8,
  "valid_buy_auc": 0.6264788732394366,
  "valid_buy_positive_rate": 0.2604166666666667,
  "valid_buy_prob_mean": 0.3247475477749609,
  "valid_buy_prob_std": 0.0734293722366253,
  "valid_buy_prob_min": 0.21383265436018947,
  "valid_buy_prob_max": 0.5583833094531968,
  "valid_buy_acc_05": 0.7291666666666666,
  "valid_buy_precision_05": 0.3333333333333333,
  "valid_buy_recall_05": 0.04,
  "valid_buy_f1_05": 0.07142857142857142,
  "valid_buy_q90_threshold": 0.41854420179828156,
  "valid_buy_q95_threshold": 0.4595914352082699,
  "test_buy_auc": 0.4717534849596478,
  "test_buy_positive_rate": 0.3815789473684211,
  "test_buy_prob_mean": 0.33831555899378735,
  "test_buy_prob_std": 0.11075258524022247,
  "test_buy_prob_min": 0.20221160487427986,
  "test_buy_prob_max": 0.6570416156062948,
  "test_buy_acc_05": 0.5526315789473685,
  "test_buy_precision_05": 0.1875,
  "test_buy_recall_05": 0.05172413793103448,
  "test_buy_f1_05": 0.08108108108108109,
  "test_buy_q90_threshold": 0.5032497111656492,
  "test_buy_q95_threshold": 0.5952746765544781,
  "valid_sell_auc": 0.5382395382395382,
  "valid_sell_positive_rate": 0.34375,
  "valid_sell_prob_mean": 0.442496196683755,
  "valid_sell_prob_std": 0.09289219471907695,
  "valid_sell_prob_min": 0.24918777596146344,
  "valid_sell_prob_max": 0.663536331404454,
  "valid_sell_acc_05": 0.5833333333333334,
  "valid_sell_precision_05": 0.390625,
  "valid_sell_recall_05": 0.3787878787878788,
  "valid_sell_f1_05": 0.38461538461538464,
  "valid_sell_q90_threshold": 0.5628645781565597,
  "valid_sell_q95_threshold": 0.5900460568882486,
  "test_sell_auc": 0.48421717171717177,
  "test_sell_positive_rate": 0.2894736842105263,
  "test_sell_prob_mean": 0.4667298723368425,
  "test_sell_prob_std": 0.16484730862479388,
  "test_sell_prob_min": 0.14916468872910454,
  "test_sell_prob_max": 0.7699483546315047,
  "test_sell_acc_05": 0.48026315789473684,
  "test_sell_precision_05": 0.2727272727272727,
  "test_sell_recall_05": 0.4772727272727273,
  "test_sell_f1_05": 0.34710743801652894,
  "test_sell_q90_threshold": 0.7041582246148398,
  "test_sell_q95_threshold": 0.729189994864205
}