{
  "total_return": -0.02278262161994582,
  "annualized_return": -0.812762514644531,
  "max_drawdown": -0.03211861299190355,
  "sharpe": -12.120103371630032,
  "sortino": -20.26030315429737,
  "calmar": -25.3050315357457,
  "trade_count": 1,
  "win_rate": 0.0,
  "avg_net_return_per_trade": -0.006433489589908634,
  "median_net_return_per_trade": -0.006433489589908634,
  "backtest_mode": "a_share_inventory_t0",
  "trade_direction_mode": "sell_only",
  "buy_threshold": 0.4912304569405676,
  "sell_threshold": 0.6888126702694877,
  "initial_capital": 1000000.0,
  "final_equity": 977129.428816,
  "final_benchmark_equity": 977950.0,
  "final_alpha_equity": 999179.428816,
  "alpha_total_return": -0.0008205711840000296,
  "alpha_sharpe": -6.5244890039302375,
  "alpha_sortino": -1.992452816872454,
  "alpha_calmar": -44.32397041542128,
  "alpha_max_drawdown": -0.0013070004252445644,
  "base_shares": 9000,
  "ending_shares": 9000,
  "base_position_pct": 0.6,
  "max_t0_trade_pct": 0.3,
  "max_participation_rate": 0.05,
  "commission_rate": 0.001,
  "slippage_rate": 0.0005,
  "tp": 0.003,
  "sl": 0.002,
  "no_overnight": true
}