{
  "total_return": -0.057791656582285356,
  "annualized_return": -0.6264635439754325,
  "max_drawdown": -0.07913978708165215,
  "sharpe": -2.902836998775006,
  "sortino": -2.7657676557453876,
  "calmar": -7.91591141544368,
  "trade_count": 15,
  "win_rate": 0.26666666666666666,
  "avg_net_return_per_trade": -0.005047086665272768,
  "median_net_return_per_trade": -0.006143758376958516,
  "backtest_mode": "a_share_inventory_t0",
  "trade_direction_mode": "sell_only",
  "buy_threshold": 0.7839341640472411,
  "sell_threshold": 0.8303675591945648,
  "initial_capital": 1000000.0,
  "final_equity": 941931.3341647498,
  "final_benchmark_equity": 950804.0,
  "final_alpha_equity": 991127.3341647498,
  "alpha_total_return": -0.008872665835250149,
  "alpha_sharpe": -10.378624892298472,
  "alpha_sortino": -3.3072113503892884,
  "alpha_calmar": -15.449244344991765,
  "alpha_max_drawdown": -0.008872665835250149,
  "base_shares": 9800,
  "ending_shares": 9800,
  "base_position_pct": 0.6,
  "max_t0_trade_pct": 0.3,
  "max_participation_rate": 0.02,
  "commission_rate": 0.001,
  "slippage_rate": 0.00075,
  "tp": 0.003,
  "sl": 0.002,
  "stop_loss_cooldown_bars": 0,
  "daily_max_trades": 0,
  "daily_max_losses": 0,
  "daily_loss_limit": 0.0,
  "no_overnight": true
}