{
  "scenario_count": 12,
  "all_alpha_positive": false,
  "min_alpha_total_return": -0.008785079699499487,
  "worst_alpha_max_drawdown": -0.00975895386931791,
  "min_trade_count": 11
}