model_label,epoch,train_loss,valid_loss,valid_auc,valid_prob_mean,valid_prob_max
CNN_buy,1,1.8518548140654694,1.8747905492782593,0.6042328042328042,0.13408732414245605,0.27518555521965027
CNN_buy,2,1.5888928980440706,1.764554500579834,0.5328798185941043,0.19588907063007355,0.7476337552070618
CNN_buy,3,1.4454423769100293,1.768798828125,0.5147392290249433,0.24580274522304535,0.9129328727722168
