model_label,epoch,train_loss,valid_loss,valid_auc,valid_prob_mean,valid_prob_max
CNN_sell,1,0.96630445042172,0.9306516647338867,0.5730415551158189,0.36709466576576233,0.5448593497276306
CNN_sell,2,0.8842890745884663,0.8992786407470703,0.573390757769759,0.40379881858825684,0.6451994776725769
CNN_sell,3,0.8514230186874802,0.8944263458251953,0.5687347223838901,0.42711877822875977,0.7063109278678894
