{
  "model": "CNN",
  "target_col_buy": "buy_label",
  "target_col_sell": "sell_label",
  "feature_count": 194,
  "lookback": 8,
  "params": {
    "channels": 64,
    "kernel_size": 3,
    "dropout": 0.3,
    "output_dim": 1
  },
  "buy_fit": {
    "best_score": 0.6042328042328042,
    "best_valid_auc": 0.6042328042328042,
    "epochs_ran": 3,
    "pos_rate": 0.20777027027027026,
    "pos_weight": 3.813008130081301,
    "device": "cpu"
  },
  "sell_fit": {
    "best_score": 0.573390757769759,
    "best_valid_auc": 0.573390757769759,
    "epochs_ran": 3,
    "pos_rate": 0.36486486486486486,
    "pos_weight": 1.7407407407407407,
    "device": "cpu"
  },
  "valid_buy_auc": 0.6042328042328042,
  "valid_buy_positive_rate": 0.234375,
  "valid_buy_prob_mean": 0.13408732414245605,
  "valid_buy_prob_std": 0.0568486787378788,
  "valid_buy_prob_min": 0.011679092422127724,
  "valid_buy_prob_max": 0.27518555521965027,
  "valid_buy_acc_05": 0.765625,
  "valid_buy_precision_05": 0.0,
  "valid_buy_recall_05": 0.0,
  "valid_buy_f1_05": 0.0,
  "valid_buy_q90_threshold": 0.2107888013124466,
  "valid_buy_q95_threshold": 0.23111747205257416,
  "test_buy_auc": 0.5849588719153936,
  "test_buy_positive_rate": 0.24342105263157895,
  "test_buy_prob_mean": 0.1558462232351303,
  "test_buy_prob_std": 0.032832928001880646,
  "test_buy_prob_min": 0.08841296285390854,
  "test_buy_prob_max": 0.2508815824985504,
  "test_buy_acc_05": 0.756578947368421,
  "test_buy_precision_05": 0.0,
  "test_buy_recall_05": 0.0,
  "test_buy_f1_05": 0.0,
  "test_buy_q90_threshold": 0.19828011095523834,
  "test_buy_q95_threshold": 0.2162187397480011,
  "valid_sell_auc": 0.573390757769759,
  "valid_sell_positive_rate": 0.3697916666666667,
  "valid_sell_prob_mean": 0.40379881858825684,
  "valid_sell_prob_std": 0.0918082743883133,
  "valid_sell_prob_min": 0.23283067345619202,
  "valid_sell_prob_max": 0.6451994776725769,
  "valid_sell_acc_05": 0.6302083333333334,
  "valid_sell_precision_05": 0.5,
  "valid_sell_recall_05": 0.19718309859154928,
  "valid_sell_f1_05": 0.2828282828282828,
  "valid_sell_q90_threshold": 0.5181719660758972,
  "valid_sell_q95_threshold": 0.5515125393867493,
  "test_sell_auc": 0.5387279023145617,
  "test_sell_positive_rate": 0.3881578947368421,
  "test_sell_prob_mean": 0.343934565782547,
  "test_sell_prob_std": 0.07017092406749725,
  "test_sell_prob_min": 0.2320103496313095,
  "test_sell_prob_max": 0.5266775488853455,
  "test_sell_acc_05": 0.6052631578947368,
  "test_sell_precision_05": 0.42857142857142855,
  "test_sell_recall_05": 0.05084745762711865,
  "test_sell_f1_05": 0.09090909090909091,
  "test_sell_q90_threshold": 0.44033282995224,
  "test_sell_q95_threshold": 0.4758634567260742
}