{
  "model": "LSTM",
  "target_col_buy": "buy_label",
  "target_col_sell": "sell_label",
  "feature_count": 194,
  "lookback": 16,
  "params": {
    "hidden_dim": 256,
    "num_layers": 2,
    "dropout": 0.3,
    "output_dim": 1
  },
  "buy_fit": {
    "best_score": 0.5397526111792906,
    "best_valid_auc": 0.5397526111792906,
    "epochs_ran": 11,
    "pos_rate": 0.26287688442211055,
    "pos_weight": 2.804062126642772,
    "device": "cpu"
  },
  "sell_fit": {
    "best_score": 0.5953099180817776,
    "best_valid_auc": 0.5953099180817776,
    "epochs_ran": 20,
    "pos_rate": 0.31909547738693467,
    "pos_weight": 2.1338582677165356,
    "device": "cpu"
  },
  "valid_buy_auc": 0.5397526111792906,
  "valid_buy_positive_rate": 0.24362244897959184,
  "valid_buy_prob_mean": 0.49460795521736145,
  "valid_buy_prob_std": 0.08322738111019135,
  "valid_buy_prob_min": 0.30380627512931824,
  "valid_buy_prob_max": 0.728537380695343,
  "valid_buy_acc_05": 0.5625,
  "valid_buy_precision_05": 0.2654320987654321,
  "valid_buy_recall_05": 0.450261780104712,
  "valid_buy_f1_05": 0.3339805825242718,
  "valid_buy_q90_threshold": 0.6012092232704163,
  "valid_buy_q95_threshold": 0.6672047972679138,
  "test_buy_auc": 0.4954805677564153,
  "test_buy_positive_rate": 0.2461734693877551,
  "test_buy_prob_mean": 0.4911978542804718,
  "test_buy_prob_std": 0.07432623952627182,
  "test_buy_prob_min": 0.2917707860469818,
  "test_buy_prob_max": 0.6882120370864868,
  "test_buy_acc_05": 0.5165816326530612,
  "test_buy_precision_05": 0.23579545454545456,
  "test_buy_recall_05": 0.43005181347150256,
  "test_buy_f1_05": 0.30458715596330277,
  "test_buy_q90_threshold": 0.584752082824707,
  "test_buy_q95_threshold": 0.6220210194587708,
  "valid_sell_auc": 0.5953099180817776,
  "valid_sell_positive_rate": 0.3635204081632653,
  "valid_sell_prob_mean": 0.4451419413089752,
  "valid_sell_prob_std": 0.30819275975227356,
  "valid_sell_prob_min": 0.00246486347168684,
  "valid_sell_prob_max": 0.9950984120368958,
  "valid_sell_acc_05": 0.5841836734693877,
  "valid_sell_precision_05": 0.4369230769230769,
  "valid_sell_recall_05": 0.4982456140350877,
  "valid_sell_f1_05": 0.46557377049180326,
  "valid_sell_q90_threshold": 0.917057991027832,
  "valid_sell_q95_threshold": 0.9550599455833435,
  "test_sell_auc": 0.5216199512851274,
  "test_sell_positive_rate": 0.3380102040816326,
  "test_sell_prob_mean": 0.4603175222873688,
  "test_sell_prob_std": 0.26548269391059875,
  "test_sell_prob_min": 0.003138221800327301,
  "test_sell_prob_max": 0.9919644594192505,
  "test_sell_acc_05": 0.5382653061224489,
  "test_sell_precision_05": 0.3685636856368564,
  "test_sell_recall_05": 0.5132075471698113,
  "test_sell_f1_05": 0.42902208201892744,
  "test_sell_q90_threshold": 0.8189699053764343,
  "test_sell_q95_threshold": 0.8939472436904907
}