{
  "total_return": 0.07003916586564451,
  "annualized_return": 1.6765141606781184,
  "max_drawdown": -0.05248432610220677,
  "sharpe": 3.6987859005307624,
  "sortino": 6.2980295739583685,
  "calmar": 31.943139698760984,
  "trade_count": 6,
  "win_rate": 0.0,
  "avg_net_return_per_trade": -0.00886766687054363,
  "median_net_return_per_trade": -0.009030954894281403,
  "backtest_mode": "a_share_inventory_t0",
  "trade_direction_mode": "sell_only",
  "buy_threshold": 0.6505905956029889,
  "sell_threshold": 0.6179429918527604,
  "initial_capital": 1000000.0,
  "final_equity": 1068451.2277435,
  "final_benchmark_equity": 1079288.0,
  "final_alpha_equity": 989163.2277434999,
  "alpha_total_return": -0.010836772256500038,
  "alpha_sharpe": -8.924683198873304,
  "alpha_sortino": -1.694077350596092,
  "alpha_calmar": -13.522985878476184,
  "alpha_max_drawdown": -0.010836772256500038,
  "base_shares": 10600,
  "ending_shares": 10600,
  "base_position_pct": 0.6,
  "max_t0_trade_pct": 0.3,
  "max_participation_rate": 0.05,
  "commission_rate": 0.0015,
  "slippage_rate": 0.00075,
  "tp": 0.003,
  "sl": 0.002,
  "stop_loss_cooldown_bars": 0,
  "daily_max_trades": 0,
  "daily_max_losses": 0,
  "daily_loss_limit": 0.0,
  "no_overnight": true
}