{
  "total_return": -0.09432479555254758,
  "annualized_return": -0.8066101447602586,
  "max_drawdown": -0.11427433157050337,
  "sharpe": -6.134689053789476,
  "sortino": -9.785333174667135,
  "calmar": -7.058541788648378,
  "trade_count": 17,
  "win_rate": 0.5882352941176471,
  "avg_net_return_per_trade": -0.0018255729066932317,
  "median_net_return_per_trade": 0.00024449891788503025,
  "backtest_mode": "a_share_inventory_t0",
  "trade_direction_mode": "sell_only",
  "buy_threshold": 0.6601430773735046,
  "sell_threshold": 0.854426920413971,
  "initial_capital": 1000000.0,
  "final_equity": 910063.2008130003,
  "final_benchmark_equity": 913740.0,
  "final_alpha_equity": 996323.2008130003,
  "alpha_total_return": -0.003676799186999702,
  "alpha_sharpe": -3.649693522753067,
  "alpha_sortino": -1.6488230700365216,
  "alpha_calmar": -8.459842095311807,
  "alpha_max_drawdown": -0.0070048311887463965,
  "base_shares": 9500,
  "ending_shares": 9500,
  "base_position_pct": 0.6,
  "max_t0_trade_pct": 0.3,
  "max_participation_rate": 0.05,
  "commission_rate": 0.001,
  "slippage_rate": 0.0005,
  "tp": 0.003,
  "sl": 0.002,
  "stop_loss_cooldown_bars": 0,
  "daily_max_trades": 0,
  "daily_max_losses": 0,
  "daily_loss_limit": 0.0,
  "no_overnight": true
}