{
  "total_return": -0.026669014223112297,
  "annualized_return": -0.8598536843277658,
  "max_drawdown": -0.0345360445819779,
  "sharpe": -13.898551429915662,
  "sortino": -17.226928604007774,
  "calmar": -24.897283251031798,
  "trade_count": 6,
  "win_rate": 0.6666666666666666,
  "avg_net_return_per_trade": -0.0012068261748747358,
  "median_net_return_per_trade": 0.0006289993697092848,
  "backtest_mode": "a_share_inventory_t0",
  "trade_direction_mode": "sell_only",
  "buy_threshold": 0.4095080417989358,
  "sell_threshold": 0.39615412498822156,
  "initial_capital": 1000000.0,
  "final_equity": 972638.9474460003,
  "final_benchmark_equity": 972429.0,
  "final_alpha_equity": 1000209.9474460003,
  "alpha_total_return": 0.00020994744600022486,
  "alpha_sharpe": 0.9531686402214068,
  "alpha_sortino": 0.49782948459774723,
  "alpha_calmar": 9.650082680788243,
  "alpha_max_drawdown": -0.001593551951881822,
  "base_shares": 7900,
  "ending_shares": 7900,
  "base_position_pct": 0.6,
  "max_t0_trade_pct": 0.3,
  "max_participation_rate": 0.05,
  "commission_rate": 0.001,
  "slippage_rate": 0.0005,
  "tp": 0.003,
  "sl": 0.002,
  "no_overnight": true
}