{
  "total_return": -0.029304881397453242,
  "annualized_return": -0.9724592637138286,
  "max_drawdown": -0.030354771159028293,
  "sharpe": -14.78635141803912,
  "sortino": -26.62931963824142,
  "calmar": -32.03645511340296,
  "trade_count": 1,
  "win_rate": 0.0,
  "avg_net_return_per_trade": -0.0006179373187458169,
  "median_net_return_per_trade": -0.0006179373187458169,
  "backtest_mode": "a_share_inventory_t0",
  "trade_direction_mode": "sell_only",
  "buy_threshold": 0.5746058157671509,
  "sell_threshold": 0.5882390618324279,
  "initial_capital": 1000000.0,
  "final_equity": 970797.04159,
  "final_benchmark_equity": 970390.0,
  "final_alpha_equity": 1000407.04159,
  "alpha_total_return": 0.00040704158999993467,
  "alpha_sharpe": 2.914315516302298,
  "alpha_sortino": 1.3258576280841357,
  "alpha_calmar": 93.86794381586672,
  "alpha_max_drawdown": -0.0005366781992035552,
  "base_shares": 10500,
  "ending_shares": 10500,
  "base_position_pct": 0.6,
  "max_t0_trade_pct": 0.3,
  "max_participation_rate": 0.02,
  "commission_rate": 0.001,
  "slippage_rate": 0.001,
  "tp": 0.003,
  "sl": 0.002,
  "no_overnight": true
}