{
  "total_return": -0.09357517657197734,
  "annualized_return": -0.7920385011022812,
  "max_drawdown": -0.1163411810321976,
  "sharpe": -6.293795716261281,
  "sortino": -9.899065401182748,
  "calmar": -6.8078946257480695,
  "trade_count": 8,
  "win_rate": 0.375,
  "avg_net_return_per_trade": -0.004338646028800266,
  "median_net_return_per_trade": -0.005644467207985335,
  "backtest_mode": "a_share_inventory_t0",
  "trade_direction_mode": "sell_only",
  "buy_threshold": 0.6360969454050064,
  "sell_threshold": 0.9470027911663055,
  "initial_capital": 1000000.0,
  "final_equity": 905572.7840940004,
  "final_benchmark_equity": 911922.0,
  "final_alpha_equity": 993650.7840940004,
  "alpha_total_return": -0.006349215905999683,
  "alpha_sharpe": -6.488853602684968,
  "alpha_sortino": -1.873543236328528,
  "alpha_calmar": -11.886275193216674,
  "alpha_max_drawdown": -0.008143801107244553,
  "base_shares": 9400,
  "ending_shares": 9400,
  "base_position_pct": 0.6,
  "max_t0_trade_pct": 0.3,
  "max_participation_rate": 0.05,
  "commission_rate": 0.001,
  "slippage_rate": 0.0005,
  "tp": 0.003,
  "sl": 0.002,
  "stop_loss_cooldown_bars": 0,
  "daily_max_trades": 0,
  "daily_max_losses": 0,
  "daily_loss_limit": 0.0,
  "no_overnight": true
}