{
  "total_return": -0.09357998944958257,
  "annualized_return": -0.7920561504845942,
  "max_drawdown": -0.11578240191654321,
  "sharpe": -6.287995593620762,
  "sortino": -9.875574381349653,
  "calmar": -6.840902739740311,
  "trade_count": 13,
  "win_rate": 0.38461538461538464,
  "avg_net_return_per_trade": -0.0036839353982737336,
  "median_net_return_per_trade": -0.005373168864175601,
  "backtest_mode": "a_share_inventory_t0",
  "trade_direction_mode": "sell_only",
  "buy_threshold": 0.6360969454050064,
  "sell_threshold": 0.9222695231437683,
  "initial_capital": 1000000.0,
  "final_equity": 905567.9757405,
  "final_benchmark_equity": 911922.0,
  "final_alpha_equity": 993645.9757405,
  "alpha_total_return": -0.006354024259499935,
  "alpha_sharpe": -7.0329015367516705,
  "alpha_sortino": -2.0290831559686335,
  "alpha_calmar": -12.446688648110158,
  "alpha_max_drawdown": -0.007782738263901967,
  "base_shares": 9400,
  "ending_shares": 9400,
  "base_position_pct": 0.6,
  "max_t0_trade_pct": 0.3,
  "max_participation_rate": 0.02,
  "commission_rate": 0.001,
  "slippage_rate": 0.0005,
  "tp": 0.003,
  "sl": 0.002,
  "stop_loss_cooldown_bars": 0,
  "daily_max_trades": 0,
  "daily_max_losses": 0,
  "daily_loss_limit": 0.0,
  "no_overnight": true
}