{
  "fold": 13,
  "model_summaries": {
    "transformer_lstm": {
      "model": "Transformer_LSTM",
      "target_col_buy": "buy_label",
      "target_col_sell": "sell_label",
      "feature_count": 194,
      "lookback": 8,
      "params": {
        "d_model": 128,
        "nhead": 4,
        "transformer_layers": 2,
        "transformer_dropout": 0.2,
        "lstm_hidden_dim": 128,
        "lstm_num_layers": 1,
        "output_dim": 1
      },
      "buy_fit": {
        "best_score": 0.5481199945703815,
        "best_valid_auc": 0.5481199945703815,
        "epochs_ran": 3,
        "pos_rate": 0.2685810810810811,
        "pos_weight": 2.723270440251572,
        "device": "cpu"
      },
      "sell_fit": {
        "best_score": 0.5461143786760105,
        "best_valid_auc": 0.5461143786760105,
        "epochs_ran": 3,
        "pos_rate": 0.36317567567567566,
        "pos_weight": 1.7534883720930234,
        "device": "cpu"
      },
      "valid_buy_auc": 0.5481199945703815,
      "valid_buy_positive_rate": 0.2760416666666667,
      "valid_buy_prob_mean": 0.40880391001701355,
      "valid_buy_prob_std": 0.10568363964557648,
      "valid_buy_prob_min": 0.1825934648513794,
      "valid_buy_prob_max": 0.6708614230155945,
      "valid_buy_acc_05": 0.6614583333333334,
      "valid_buy_precision_05": 0.35,
      "valid_buy_recall_05": 0.2641509433962264,
      "valid_buy_f1_05": 0.3010752688172043,
      "valid_buy_q90_threshold": 0.5399588942527771,
      "valid_buy_q95_threshold": 0.5839946866035461,
      "test_buy_auc": 0.46802900461437047,
      "test_buy_positive_rate": 0.26973684210526316,
      "test_buy_prob_mean": 0.4322960376739502,
      "test_buy_prob_std": 0.08539269864559174,
      "test_buy_prob_min": 0.25596877932548523,
      "test_buy_prob_max": 0.617447555065155,
      "test_buy_acc_05": 0.6513157894736842,
      "test_buy_precision_05": 0.3235294117647059,
      "test_buy_recall_05": 0.2682926829268293,
      "test_buy_f1_05": 0.29333333333333333,
      "test_buy_q90_threshold": 0.5581066608428955,
      "test_buy_q95_threshold": 0.5945991277694702,
      "valid_sell_auc": 0.5461143786760105,
      "valid_sell_positive_rate": 0.3177083333333333,
      "valid_sell_prob_mean": 0.5067047476768494,
      "valid_sell_prob_std": 0.1418081670999527,
      "valid_sell_prob_min": 0.16628363728523254,
      "valid_sell_prob_max": 0.7557662725448608,
      "valid_sell_acc_05": 0.5052083333333334,
      "valid_sell_precision_05": 0.33962264150943394,
      "valid_sell_recall_05": 0.5901639344262295,
      "valid_sell_f1_05": 0.4311377245508982,
      "valid_sell_q90_threshold": 0.6754298210144043,
      "valid_sell_q95_threshold": 0.7099151015281677,
      "test_sell_auc": 0.4898039215686274,
      "test_sell_positive_rate": 0.32894736842105265,
      "test_sell_prob_mean": 0.5239344835281372,
      "test_sell_prob_std": 0.11325927823781967,
      "test_sell_prob_min": 0.23331128060817719,
      "test_sell_prob_max": 0.7453566789627075,
      "test_sell_acc_05": 0.4473684210526316,
      "test_sell_precision_05": 0.3111111111111111,
      "test_sell_recall_05": 0.56,
      "test_sell_f1_05": 0.4,
      "test_sell_q90_threshold": 0.6526933312416077,
      "test_sell_q95_threshold": 0.6727649569511414
    },
    "lstm": {
      "model": "LSTM",
      "target_col_buy": "buy_label",
      "target_col_sell": "sell_label",
      "feature_count": 194,
      "lookback": 8,
      "params": {
        "hidden_dim": 256,
        "num_layers": 2,
        "dropout": 0.3,
        "output_dim": 1
      },
      "buy_fit": {
        "best_score": 0.5405185285733678,
        "best_valid_auc": 0.5405185285733678,
        "epochs_ran": 3,
        "pos_rate": 0.2685810810810811,
        "pos_weight": 2.723270440251572,
        "device": "cpu"
      },
      "sell_fit": {
        "best_score": 0.5119509448129146,
        "best_valid_auc": 0.5119509448129146,
        "epochs_ran": 3,
        "pos_rate": 0.36317567567567566,
        "pos_weight": 1.7534883720930234,
        "device": "cpu"
      },
      "valid_buy_auc": 0.5405185285733678,
      "valid_buy_positive_rate": 0.2760416666666667,
      "valid_buy_prob_mean": 0.3483482897281647,
      "valid_buy_prob_std": 0.0860988050699234,
      "valid_buy_prob_min": 0.22971788048744202,
      "valid_buy_prob_max": 0.6357821226119995,
      "valid_buy_acc_05": 0.7239583333333334,
      "valid_buy_precision_05": 0.5,
      "valid_buy_recall_05": 0.11320754716981132,
      "valid_buy_f1_05": 0.18461538461538463,
      "valid_buy_q90_threshold": 0.4618583619594574,
      "valid_buy_q95_threshold": 0.5017867684364319,
      "test_buy_auc": 0.5482311579872555,
      "test_buy_positive_rate": 0.26973684210526316,
      "test_buy_prob_mean": 0.33858659863471985,
      "test_buy_prob_std": 0.07915223389863968,
      "test_buy_prob_min": 0.22929635643959045,
      "test_buy_prob_max": 0.6215624213218689,
      "test_buy_acc_05": 0.7039473684210527,
      "test_buy_precision_05": 0.3,
      "test_buy_recall_05": 0.07317073170731707,
      "test_buy_f1_05": 0.11764705882352941,
      "test_buy_q90_threshold": 0.4447898864746094,
      "test_buy_q95_threshold": 0.5373361110687256,
      "valid_sell_auc": 0.5119509448129146,
      "valid_sell_positive_rate": 0.3177083333333333,
      "valid_sell_prob_mean": 0.49281057715415955,
      "valid_sell_prob_std": 0.118641197681427,
      "valid_sell_prob_min": 0.2384246289730072,
      "valid_sell_prob_max": 0.7269025444984436,
      "valid_sell_acc_05": 0.5052083333333334,
      "valid_sell_precision_05": 0.3111111111111111,
      "valid_sell_recall_05": 0.45901639344262296,
      "valid_sell_f1_05": 0.3708609271523179,
      "valid_sell_q90_threshold": 0.6553128361701965,
      "valid_sell_q95_threshold": 0.6769586801528931,
      "test_sell_auc": 0.4664705882352942,
      "test_sell_positive_rate": 0.32894736842105265,
      "test_sell_prob_mean": 0.516114354133606,
      "test_sell_prob_std": 0.08855797350406647,
      "test_sell_prob_min": 0.30968257784843445,
      "test_sell_prob_max": 0.7194682359695435,
      "test_sell_acc_05": 0.4605263157894737,
      "test_sell_precision_05": 0.3048780487804878,
      "test_sell_recall_05": 0.5,
      "test_sell_f1_05": 0.3787878787878788,
      "test_sell_q90_threshold": 0.620536208152771,
      "test_sell_q95_threshold": 0.6524353623390198
    },
    "cnn": {
      "model": "CNN",
      "target_col_buy": "buy_label",
      "target_col_sell": "sell_label",
      "feature_count": 194,
      "lookback": 8,
      "params": {
        "channels": 64,
        "kernel_size": 3,
        "dropout": 0.3,
        "output_dim": 1
      },
      "buy_fit": {
        "best_score": 0.5998371114429211,
        "best_valid_auc": 0.5998371114429211,
        "epochs_ran": 3,
        "pos_rate": 0.2685810810810811,
        "pos_weight": 2.723270440251572,
        "device": "cpu"
      },
      "sell_fit": {
        "best_score": 0.5543736703791765,
        "best_valid_auc": 0.5543736703791765,
        "epochs_ran": 3,
        "pos_rate": 0.36317567567567566,
        "pos_weight": 1.7534883720930234,
        "device": "cpu"
      },
      "valid_buy_auc": 0.5998371114429211,
      "valid_buy_positive_rate": 0.2760416666666667,
      "valid_buy_prob_mean": 0.29449591040611267,
      "valid_buy_prob_std": 0.0947045311331749,
      "valid_buy_prob_min": 0.13134534657001495,
      "valid_buy_prob_max": 0.5172420740127563,
      "valid_buy_acc_05": 0.7291666666666666,
      "valid_buy_precision_05": 0.6,
      "valid_buy_recall_05": 0.05660377358490566,
      "valid_buy_f1_05": 0.10344827586206896,
      "valid_buy_q90_threshold": 0.4163748621940613,
      "valid_buy_q95_threshold": 0.4478594660758972,
      "test_buy_auc": 0.6306306306306306,
      "test_buy_positive_rate": 0.26973684210526316,
      "test_buy_prob_mean": 0.2889353632926941,
      "test_buy_prob_std": 0.08620992302894592,
      "test_buy_prob_min": 0.1664833277463913,