{
  "model": "LSTM",
  "target_col_buy": "buy_label",
  "target_col_sell": "sell_label",
  "feature_count": 194,
  "lookback": 24,
  "params": {
    "hidden_dim": 256,
    "num_layers": 2,
    "dropout": 0.3,
    "output_dim": 1
  },
  "buy_fit": {
    "best_score": 0.5703353645898106,
    "best_valid_auc": 0.5703353645898106,
    "epochs_ran": 11,
    "pos_rate": 0.276448362720403,
    "pos_weight": 2.6173120728929384,
    "device": "cpu"
  },
  "sell_fit": {
    "best_score": 0.5715637296712276,
    "best_valid_auc": 0.5715637296712276,
    "epochs_ran": 20,
    "pos_rate": 0.3217884130982368,
    "pos_weight": 2.1076320939334634,
    "device": "cpu"
  },
  "valid_buy_auc": 0.5703353645898106,
  "valid_buy_positive_rate": 0.2770618556701031,
  "valid_buy_prob_mean": 0.47356659173965454,
  "valid_buy_prob_std": 0.07813762873411179,
  "valid_buy_prob_min": 0.34244853258132935,
  "valid_buy_prob_max": 0.7192425727844238,
  "valid_buy_acc_05": 0.6494845360824743,
  "valid_buy_precision_05": 0.36097560975609755,
  "valid_buy_recall_05": 0.34418604651162793,
  "valid_buy_f1_05": 0.3523809523809524,
  "valid_buy_q90_threshold": 0.5913131237030029,
  "valid_buy_q95_threshold": 0.6601430773735046,
  "test_buy_auc": 0.5150405350802534,
  "test_buy_positive_rate": 0.2615979381443299,
  "test_buy_prob_mean": 0.4636513590812683,
  "test_buy_prob_std": 0.058953747153282166,
  "test_buy_prob_min": 0.34572312235832214,
  "test_buy_prob_max": 0.665688693523407,
  "test_buy_acc_05": 0.6211340206185567,
  "test_buy_precision_05": 0.26666666666666666,
  "test_buy_recall_05": 0.2561576354679803,
  "test_buy_f1_05": 0.2613065326633166,
  "test_buy_q90_threshold": 0.5476803779602051,
  "test_buy_q95_threshold": 0.5708178281784058,
  "valid_sell_auc": 0.5715637296712276,
  "valid_sell_positive_rate": 0.3646907216494845,
  "valid_sell_prob_mean": 0.47729721665382385,
  "valid_sell_prob_std": 0.22387544810771942,
  "valid_sell_prob_min": 0.06460168957710266,
  "valid_sell_prob_max": 0.9696691632270813,
  "valid_sell_acc_05": 0.5425257731958762,
  "valid_sell_precision_05": 0.39714285714285713,
  "valid_sell_recall_05": 0.4911660777385159,
  "valid_sell_f1_05": 0.4391785150078989,
  "valid_sell_q90_threshold": 0.7873047590255737,
  "valid_sell_q95_threshold": 0.8602266907691956,
  "test_sell_auc": 0.5149812068806264,
  "test_sell_positive_rate": 0.37242268041237114,
  "test_sell_prob_mean": 0.5078738927841187,
  "test_sell_prob_std": 0.20716917514801025,
  "test_sell_prob_min": 0.054757364094257355,
  "test_sell_prob_max": 0.9406307339668274,
  "test_sell_acc_05": 0.49871134020618557,
  "test_sell_precision_05": 0.37244897959183676,
  "test_sell_recall_05": 0.5051903114186851,
  "test_sell_f1_05": 0.4287812041116006,
  "test_sell_q90_threshold": 0.7875881791114807,
  "test_sell_q95_threshold": 0.8346487879753113
}