{
  "total_return": -0.04795019613148799,
  "annualized_return": -0.5573168596200564,
  "max_drawdown": -0.07882998914530537,
  "sharpe": -2.4367871989434855,
  "sortino": -2.3158317076592745,
  "calmar": -7.069858383371942,
  "trade_count": 4,
  "win_rate": 0.5,
  "avg_net_return_per_trade": -0.0028862861344011136,
  "median_net_return_per_trade": -0.0026901731448817877,
  "backtest_mode": "a_share_inventory_t0",
  "trade_direction_mode": "sell_only",
  "buy_threshold": 0.6456784754991531,
  "sell_threshold": 0.8729534447193146,
  "initial_capital": 1000000.0,
  "final_equity": 951210.0959415,
  "final_benchmark_equity": 953940.0,
  "final_alpha_equity": 997270.0959415,
  "alpha_total_return": -0.0027299040584999323,
  "alpha_sharpe": -5.8028778407230455,
  "alpha_sortino": -1.1025757903841822,
  "alpha_calmar": -13.572987311069939,
  "alpha_max_drawdown": -0.003265474797324752,
  "base_shares": 9800,
  "ending_shares": 9800,
  "base_position_pct": 0.6,
  "max_t0_trade_pct": 0.3,
  "max_participation_rate": 0.02,
  "commission_rate": 0.0015,
  "slippage_rate": 0.0005,
  "tp": 0.004,
  "sl": 0.003,
  "stop_loss_cooldown_bars": 6,
  "daily_max_trades": 0,
  "daily_max_losses": 2,
  "daily_loss_limit": 0.0,
  "no_overnight": true
}