{
  "scenario_count": 12,
  "all_alpha_positive": true,
  "min_alpha_total_return": 0.00011130238500012268,
  "worst_alpha_max_drawdown": -0.0006842601729795117,
  "min_trade_count": 1
}