{
  "total_return": -0.03186898849106734,
  "annualized_return": -0.9050578604045164,
  "max_drawdown": -0.034946147971637864,
  "sharpe": -15.603866506806783,
  "sortino": -17.914060068507016,
  "calmar": -25.89864442682087,
  "trade_count": 10,
  "win_rate": 0.2,
  "avg_net_return_per_trade": -0.00455391879879404,
  "median_net_return_per_trade": -0.005746824150305637,
  "backtest_mode": "a_share_inventory_t0",
  "buy_threshold": 0.5505254559569545,
  "sell_threshold": 0.46384699194966206,
  "initial_capital": 1000000.0,
  "final_equity": 967442.6703597498,
  "final_benchmark_equity": 972429.0,
  "final_alpha_equity": 995013.6703597498,
  "alpha_total_return": -0.004986329640250142,
  "alpha_sharpe": -12.713623677418077,
  "alpha_sortino": -7.299176750996083,
  "alpha_calmar": -58.687884706016526,
  "alpha_max_drawdown": -0.0051916846885001755,
  "base_shares": 7900,
  "ending_shares": 7900,
  "base_position_pct": 0.6,
  "max_t0_trade_pct": 0.3,
  "max_participation_rate": 0.05,
  "commission_rate": 0.001,
  "slippage_rate": 0.00075,
  "tp": 0.003,
  "sl": 0.002,
  "no_overnight": true
}