{
  "total_return": 0.06475575880760198,
  "annualized_return": 1.4881022061750855,
  "max_drawdown": -0.05343978014467188,
  "sharpe": 3.447407619750139,
  "sortino": 5.861071620029911,
  "calmar": 27.846338479434298,
  "trade_count": 17,
  "win_rate": 0.058823529411764705,
  "avg_net_return_per_trade": -0.00681224045834298,
  "median_net_return_per_trade": -0.007717542010980956,
  "backtest_mode": "a_share_inventory_t0",
  "trade_direction_mode": "sell_only",
  "buy_threshold": 0.6860697031021118,
  "sell_threshold": 0.9143876522779464,
  "initial_capital": 1000000.0,
  "final_equity": 1064078.5741450004,
  "final_benchmark_equity": 1079076.0,
  "final_alpha_equity": 985002.5741450004,
  "alpha_total_return": -0.014997425854999524,
  "alpha_sharpe": -16.383977988202652,
  "alpha_sortino": -6.775259680226758,
  "alpha_calmar": -13.142089686673053,
  "alpha_max_drawdown": -0.014997425854999524,
  "base_shares": 10600,
  "ending_shares": 10600,
  "base_position_pct": 0.6,
  "max_t0_trade_pct": 0.3,
  "max_participation_rate": 0.05,
  "commission_rate": 0.0015,
  "slippage_rate": 0.001,
  "tp": 0.003,
  "sl": 0.002,
  "stop_loss_cooldown_bars": 0,
  "daily_max_trades": 0,
  "daily_max_losses": 0,
  "daily_loss_limit": 0.0,
  "no_overnight": true
}