{
  "total_return": -0.04839817216298792,
  "annualized_return": -0.5603032214668194,
  "max_drawdown": -0.08040427239891512,
  "sharpe": -2.4287289187517653,
  "sortino": -2.3060670864152155,
  "calmar": -6.968575235491833,
  "trade_count": 9,
  "win_rate": 0.3333333333333333,
  "avg_net_return_per_trade": -0.002876608315584028,
  "median_net_return_per_trade": -0.005152509895093524,
  "backtest_mode": "a_share_inventory_t0",
  "trade_direction_mode": "sell_only",
  "buy_threshold": 0.6873311519622802,
  "sell_threshold": 0.8441569137573243,
  "initial_capital": 1000000.0,
  "final_equity": 951228.7999205,
  "final_benchmark_equity": 953450.0,
  "final_alpha_equity": 997778.7999205,
  "alpha_total_return": -0.0022212000794999964,
  "alpha_sharpe": -2.9312991718674986,
  "alpha_sortino": -1.3889872084839898,
  "alpha_calmar": -7.372169323153321,
  "alpha_max_drawdown": -0.004905040466807731,
  "base_shares": 9800,
  "ending_shares": 9800,
  "base_position_pct": 0.6,
  "max_t0_trade_pct": 0.3,
  "max_participation_rate": 0.05,
  "commission_rate": 0.001,
  "slippage_rate": 0.0005,
  "tp": 0.004,
  "sl": 0.002,
  "stop_loss_cooldown_bars": 6,
  "daily_max_trades": 0,
  "daily_max_losses": 2,
  "daily_loss_limit": 0.0,
  "no_overnight": true
}