{
  "total_return": 0.06929720457809418,
  "annualized_return": 1.6496497522784446,
  "max_drawdown": -0.05223214528799458,
  "sharpe": 3.675154771548986,
  "sortino": 6.227261303342002,
  "calmar": 31.583036522484406,
  "trade_count": 12,
  "win_rate": 0.25,
  "avg_net_return_per_trade": -0.006698418024251832,
  "median_net_return_per_trade": -0.008495284658671772,
  "backtest_mode": "a_share_inventory_t0",
  "trade_direction_mode": "sell_only",
  "buy_threshold": 0.6505905956029889,
  "sell_threshold": 0.5939954781532287,
  "initial_capital": 1000000.0,
  "final_equity": 1067710.3675265003,
  "final_benchmark_equity": 1079288.0,
  "final_alpha_equity": 988422.3675265003,
  "alpha_total_return": -0.011577632473499744,
  "alpha_sharpe": -10.362310767392843,
  "alpha_sortino": -2.7007854031378242,
  "alpha_calmar": -12.77801326463087,
  "alpha_max_drawdown": -0.012192417753499774,
  "base_shares": 10600,
  "ending_shares": 10600,
  "base_position_pct": 0.6,
  "max_t0_trade_pct": 0.3,
  "max_participation_rate": 0.05,
  "commission_rate": 0.001,
  "slippage_rate": 0.0005,
  "tp": 0.003,
  "sl": 0.002,
  "stop_loss_cooldown_bars": 0,
  "daily_max_trades": 0,
  "daily_max_losses": 0,
  "daily_loss_limit": 0.0,
  "no_overnight": true
}