{
  "fold": 2,
  "model_summaries": {
    "lstm": {
      "model": "LSTM",
      "target_col_buy": "buy_label",
      "target_col_sell": "sell_label",
      "feature_count": 194,
      "lookback": 24,
      "params": {
        "hidden_dim": 256,
        "num_layers": 2,
        "dropout": 0.3,
        "output_dim": 1
      },
      "buy_fit": {
        "best_score": 0.5666613032984714,
        "best_valid_auc": 0.5666613032984714,
        "epochs_ran": 11,
        "pos_rate": 0.31454659949622166,
        "pos_weight": 2.179179179179179,
        "device": "cpu"
      },
      "sell_fit": {
        "best_score": 0.5676354064908282,
        "best_valid_auc": 0.5676354064908282,
        "epochs_ran": 20,
        "pos_rate": 0.3850755667506297,
        "pos_weight": 1.5968928863450533,
        "device": "cpu"
      },
      "valid_buy_auc": 0.5666613032984714,
      "valid_buy_positive_rate": 0.2912371134020619,
      "valid_buy_prob_mean": 0.5008490681648254,
      "valid_buy_prob_std": 0.0795278400182724,
      "valid_buy_prob_min": 0.31464913487434387,
      "valid_buy_prob_max": 0.7301849126815796,
      "valid_buy_acc_05": 0.5579896907216495,
      "valid_buy_precision_05": 0.332378223495702,
      "valid_buy_recall_05": 0.5132743362831859,
      "valid_buy_f1_05": 0.40347826086956523,
      "valid_buy_q90_threshold": 0.6235811710357666,
      "valid_buy_q95_threshold": 0.653843879699707,
      "test_buy_auc": 0.5363190155233555,
      "test_buy_positive_rate": 0.30541237113402064,
      "test_buy_prob_mean": 0.5132241249084473,
      "test_buy_prob_std": 0.07834085077047348,
      "test_buy_prob_min": 0.3031574785709381,
      "test_buy_prob_max": 0.7172704339027405,
      "test_buy_acc_05": 0.4884020618556701,
      "test_buy_precision_05": 0.3181818181818182,
      "test_buy_recall_05": 0.5907172995780591,
      "test_buy_f1_05": 0.413589364844904,
      "test_buy_q90_threshold": 0.6144719123840332,
      "test_buy_q95_threshold": 0.6459130644798279,
      "valid_sell_auc": 0.5676354064908282,
      "valid_sell_positive_rate": 0.42783505154639173,
      "valid_sell_prob_mean": 0.524427592754364,
      "valid_sell_prob_std": 0.31550896167755127,
      "valid_sell_prob_min": 0.003552664304152131,
      "valid_sell_prob_max": 0.997999370098114,
      "valid_sell_acc_05": 0.538659793814433,
      "valid_sell_precision_05": 0.4681372549019608,
      "valid_sell_recall_05": 0.5753012048192772,
      "valid_sell_f1_05": 0.5162162162162162,
      "valid_sell_q90_threshold": 0.9345697164535522,
      "valid_sell_q95_threshold": 0.9692891240119934,
      "test_sell_auc": 0.4887688544639217,
      "test_sell_positive_rate": 0.4252577319587629,
      "test_sell_prob_mean": 0.5695686936378479,
      "test_sell_prob_std": 0.28195056319236755,
      "test_sell_prob_min": 0.004064903128892183,
      "test_sell_prob_max": 0.9914652705192566,
      "test_sell_acc_05": 0.49871134020618557,
      "test_sell_precision_05": 0.43917525773195876,
      "test_sell_recall_05": 0.6454545454545455,
      "test_sell_f1_05": 0.5226993865030675,
      "test_sell_q90_threshold": 0.9181971549987793,
      "test_sell_q95_threshold": 0.9527285695075989
    }
  },
  "selected_model_summary": {
    "model": "LSTM",
    "target_col_buy": "buy_label",
    "target_col_sell": "sell_label",
    "feature_count": 194,
    "lookback": 24,
    "params": {
      "hidden_dim": 256,
      "num_layers": 2,
      "dropout": 0.3,
      "output_dim": 1
    },
    "buy_fit": {
      "best_score": 0.5666613032984714,
      "best_valid_auc": 0.5666613032984714,
      "epochs_ran": 11,
      "pos_rate": 0.31454659949622166,
      "pos_weight": 2.179179179179179,
      "device": "cpu"
    },
    "sell_fit": {
      "best_score": 0.5676354064908282,
      "best_valid_auc": 0.5676354064908282,
      "epochs_ran": 20,
      "pos_rate": 0.3850755667506297,
      "pos_weight": 1.5968928863450533,
      "device": "cpu"
    },
    "valid_buy_auc": 0.5666613032984714,
    "valid_buy_positive_rate": 0.2912371134020619,
    "valid_buy_prob_mean": 0.5008490681648254,
    "valid_buy_prob_std": 0.0795278400182724,
    "valid_buy_prob_min": 0.31464913487434387,
    "valid_buy_prob_max": 0.7301849126815796,
    "valid_buy_acc_05": 0.5579896907216495,
    "valid_buy_precision_05": 0.332378223495702,
    "valid_buy_recall_05": 0.5132743362831859,
    "valid_buy_f1_05": 0.40347826086956523,
    "valid_buy_q90_threshold": 0.6235811710357666,
    "valid_buy_q95_threshold": 0.653843879699707,
    "test_buy_auc": 0.5363190155233555,
    "test_buy_positive_rate": 0.30541237113402064,
    "test_buy_prob_mean": 0.5132241249084473,
    "test_buy_prob_std": 0.07834085077047348,
    "test_buy_prob_min": 0.3031574785709381,
    "test_buy_prob_max": 0.7172704339027405,
    "test_buy_acc_05": 0.4884020618556701,
    "test_buy_precision_05": 0.3181818181818182,
    "test_buy_recall_05": 0.5907172995780591,
    "test_buy_f1_05": 0.413589364844904,
    "test_buy_q90_threshold": 0.6144719123840332,
    "test_buy_q95_threshold": 0.6459130644798279,
    "valid_sell_auc": 0.5676354064908282,
    "valid_sell_positive_rate": 0.42783505154639173,
    "valid_sell_prob_mean": 0.524427592754364,
    "valid_sell_prob_std": 0.31550896167755127,
    "valid_sell_prob_min": 0.003552664304152131,
    "valid_sell_prob_max": 0.997999370098114,
    "valid_sell_acc_05": 0.538659793814433,
    "valid_sell_precision_05": 0.4681372549019608,
    "valid_sell_recall_05": 0.5753012048192772,
    "valid_sell_f1_05": 0.5162162162162162,
    "valid_sell_q90_threshold": 0.9345697164535522,
    "valid_sell_q95_threshold": 0.9692891240119934,
    "test_sell_auc": 0.4887688544639217,
    "test_sell_positive_rate": 0.4252577319587629,
    "test_sell_prob_mean": 0.5695686936378479,
    "test_sell_prob_std": 0.28195056319236755,
    "test_sell_prob_min": 0.004064903128892183,
    "test_sell_prob_max": 0.9914652705192566,
    "test_sell_acc_05": 0.49871134020618557,
    "test_sell_precision_05": 0.43917525773195876,
    "test_sell_recall_05": 0.6454545454545455,
    "test_sell_f1_05": 0.5226993865030675,
    "test_sell_q90_threshold": 0.9181971549987793,
    "test_sell_q95_threshold": 0.9527285695075989
  },
  "t0_stats": {
    "total_return": -0.092971494035896,
    "annualized_return": -0.8017616424475248,
    "max_drawdown": -0.11309826483473018,
    "sharpe": -6.014952234837359,
    "sortino": -9.62854233660435,
    "calmar": -7.089071115451102,
    "trade_count": 7,
    "win_rate": 0.42857142857142855,
    "avg_net_return_per_trade": -0.003287384278650445,
    "median_net_return_per_trade": -0.006365075203745738,
    "backtest_mode": "a_share_inventory_t0",
    "trade_direction_mode": "sell_only",
    "buy_threshold": 0.653843879699707,
    "sell_threshold": 0.9692891389131546,
    "initial_capital": 1000000.0,
    "final_equity": 911423.0590755001,
    "final_benchmark_equity": 913740.0,
    "final_alpha_equity": 997683.0590755001,
    "alpha_total_return": -0.002316940924499855,
    "alpha_sharpe": -3.966602880239983,
    "alpha_sortino": -1.377426149275823,
    "alpha_calmar": -9.60885271138813,
    "alpha_max_drawdown": -0.003927430000120968,
    "base_shares": 9500,
    "ending_shares": 9500,
    "base_position_pct": 0.6,
    "max_t0_trade_pct": 0.3,
    "max_participation_rate": 0.05,
    "commission_rate": 0.001,
    "slippage_rate": 0.0005,
    "tp": 0.004,
    "sl": 0.003,
    "stop_loss_cooldown_bars": 6,
    "daily_max_trades": 0,
    "daily_max_losses": 2,
    "daily_loss_limit": 0.0,
    "no_overnight": true
  },
  "stress_stats": {
    "stress_scenario_count": 12,
    "stress_min_alpha_total_return": -0.004825482741499965,
    "stress_worst_alpha_drawdown": -0.006168059546532656,
    "stress_min_trade_count": 5
  },
  "sell_threshold_grid_stats": {
    "sell_grid_best_rule": "sell_only_q94",
    "sell_grid_best_quantile": 0.94,
    "sell_grid_best_alpha_total_return": -0.002247525388499927,
    "sell_grid_best_trade_count": 9,