{
  "total_return": -0.05069875814465641,
  "annualized_return": -0.9772306370484569,
  "max_drawdown": -0.08829562203918428,
  "sharpe": -7.498957158127488,
  "sortino": -6.4924419094475265,
  "calmar": -11.0677133755825,
  "trade_count": 6,
  "win_rate": 0.5,
  "avg_net_return_per_trade": -0.004884717815564041,
  "median_net_return_per_trade": -0.0030391275447998432,
  "backtest_mode": "a_share_inventory_t0",
  "trade_direction_mode": "sell_only",
  "buy_threshold": 0.3606427501078635,
  "sell_threshold": 0.5555824076022093,
  "initial_capital": 1000000.0,
  "final_equity": 949836.64775575,
  "final_benchmark_equity": 952718.0,
  "final_alpha_equity": 997118.64775575,
  "alpha_total_return": -0.002881352244250013,
  "alpha_sharpe": -7.757247346451682,
  "alpha_sortino": -3.7372690235484805,
  "alpha_calmar": -38.50881791441952,
  "alpha_max_drawdown": -0.004913856022750074,
  "base_shares": 9400,
  "ending_shares": 9400,
  "base_position_pct": 0.6,
  "max_t0_trade_pct": 0.3,
  "max_participation_rate": 0.05,
  "commission_rate": 0.0015,
  "slippage_rate": 0.0005,
  "tp": 0.003,
  "sl": 0.002,
  "no_overnight": true
}