{
  "total_return": -0.0487532440856816,
  "annualized_return": -0.5630127542801941,
  "max_drawdown": -0.07846269469620482,
  "sharpe": -2.441416178913305,
  "sortino": -2.3202451481725723,
  "calmar": -7.175547009443033,
  "trade_count": 2,
  "win_rate": 0.0,
  "avg_net_return_per_trade": -0.007848614536646478,
  "median_net_return_per_trade": -0.007848614536646478,
  "backtest_mode": "a_share_inventory_t0",
  "trade_direction_mode": "sell_only",
  "buy_threshold": 0.7298367828130722,
  "sell_threshold": 0.933867600560188,
  "initial_capital": 1000000.0,
  "final_equity": 950873.867186,
  "final_benchmark_equity": 953450.0,
  "final_alpha_equity": 997423.867186,
  "alpha_total_return": -0.002576132814000043,
  "alpha_sharpe": -6.281744032895614,
  "alpha_sortino": -0.6548654741911611,
  "alpha_calmar": -16.23514969499391,
  "alpha_max_drawdown": -0.002576132814000043,
  "base_shares": 9800,
  "ending_shares": 9800,
  "base_position_pct": 0.6,
  "max_t0_trade_pct": 0.3,
  "max_participation_rate": 0.02,
  "commission_rate": 0.001,
  "slippage_rate": 0.001,
  "tp": 0.003,
  "sl": 0.002,
  "stop_loss_cooldown_bars": 6,
  "daily_max_trades": 0,
  "daily_max_losses": 2,
  "daily_loss_limit": 0.0,
  "no_overnight": true
}