{
  "total_return": -0.09538361472705759,
  "annualized_return": -0.8107234426170111,
  "max_drawdown": -0.11297475525420664,
  "sharpe": -6.394802304647188,
  "sortino": -10.076047848047564,
  "calmar": -7.17614692585779,
  "trade_count": 12,
  "win_rate": 0.5,
  "avg_net_return_per_trade": -0.004345910594322349,
  "median_net_return_per_trade": -0.002661571471525401,
  "backtest_mode": "a_share_inventory_t0",
  "trade_direction_mode": "sell_only",
  "buy_threshold": 0.6396319121122359,
  "sell_threshold": 0.8835047245025632,
  "initial_capital": 1000000.0,
  "final_equity": 908187.810762,
  "final_benchmark_equity": 912204.0,
  "final_alpha_equity": 995983.810762,
  "alpha_total_return": -0.004016189237999956,
  "alpha_sharpe": -5.175741590225502,
  "alpha_sortino": -1.7578902963398595,
  "alpha_calmar": -11.401703732649331,
  "alpha_max_drawdown": -0.005669235746103896,
  "base_shares": 9400,
  "ending_shares": 9400,
  "base_position_pct": 0.6,
  "max_t0_trade_pct": 0.3,
  "max_participation_rate": 0.05,
  "commission_rate": 0.001,
  "slippage_rate": 0.0005,
  "tp": 0.003,
  "sl": 0.002,
  "stop_loss_cooldown_bars": 0,
  "daily_max_trades": 0,
  "daily_max_losses": 0,
  "daily_loss_limit": 0.0,
  "no_overnight": true
}