{
  "scenario_count": 12,
  "all_alpha_positive": false,
  "min_alpha_total_return": -0.0011713451424997245,
  "worst_alpha_max_drawdown": -0.002694783716999938,
  "min_trade_count": 5
}