{
  "total_return": 0.08210522455423841,
  "annualized_return": 2.1505980819378223,
  "max_drawdown": -0.04479052204663059,
  "sharpe": 4.326599145254693,
  "sortino": 7.352048395045056,
  "calmar": 48.014579506326676,
  "trade_count": 1,
  "win_rate": 1.0,
  "avg_net_return_per_trade": 0.0020916750743051916,
  "median_net_return_per_trade": 0.0020916750743051916,
  "backtest_mode": "a_share_inventory_t0",
  "trade_direction_mode": "sell_only",
  "buy_threshold": 0.701366928219795,
  "sell_threshold": 0.6161839395761487,
  "initial_capital": 1000000.0,
  "final_equity": 1080499.380401,
  "final_benchmark_equity": 1079288.0,
  "final_alpha_equity": 1001211.3804009999,
  "alpha_total_return": 0.001211380400999884,
  "alpha_sharpe": 3.1776406498042493,
  "alpha_sortino": 0.5778900304612574,
  "alpha_calmar": 30.023000288755963,
  "alpha_max_drawdown": -0.0005916388372980697,
  "base_shares": 10600,
  "ending_shares": 10600,
  "base_position_pct": 0.6,
  "max_t0_trade_pct": 0.3,
  "max_participation_rate": 0.05,
  "commission_rate": 0.001,
  "slippage_rate": 0.001,
  "tp": 0.004,
  "sl": 0.002,
  "stop_loss_cooldown_bars": 6,
  "daily_max_trades": 0,
  "daily_max_losses": 2,
  "daily_loss_limit": 0.0,
  "no_overnight": true
}