{
  "total_return": 0.03911485788508817,
  "annualized_return": 15.269866759379344,
  "max_drawdown": -0.02384778587233083,
  "sharpe": 8.564840840141871,
  "sortino": 20.372156657109123,
  "calmar": 640.3054288195393,
  "trade_count": 5,
  "win_rate": 0.2,
  "avg_net_return_per_trade": -0.001111416115181826,
  "median_net_return_per_trade": -0.00041937349009651655,
  "backtest_mode": "a_share_inventory_t0",
  "trade_direction_mode": "sell_only",
  "buy_threshold": 0.4607778406855257,
  "sell_threshold": 0.6616130504757166,
  "initial_capital": 1000000.0,
  "final_equity": 1036691.6420365,
  "final_benchmark_equity": 1036040.0,
  "final_alpha_equity": 1000651.6420365,
  "alpha_total_return": 0.0006516420365001441,
  "alpha_sharpe": 2.885676389451995,
  "alpha_sortino": 3.1944581348667116,
  "alpha_calmar": 40.637747098178586,
  "alpha_max_drawdown": -0.0011933728513758846,
  "base_shares": 10600,
  "ending_shares": 10600,
  "base_position_pct": 0.6,
  "max_t0_trade_pct": 0.3,
  "max_participation_rate": 0.02,
  "commission_rate": 0.001,
  "slippage_rate": 0.00075,
  "tp": 0.003,
  "sl": 0.002,
  "no_overnight": true
}