{
  "total_return": -0.02279944812899981,
  "annualized_return": -0.9382955358475196,
  "max_drawdown": -0.03707764377554068,
  "sharpe": -7.876864727883006,
  "sortino": -10.198339039241988,
  "calmar": -25.306234169780033,
  "trade_count": 3,
  "win_rate": 0.6666666666666666,
  "avg_net_return_per_trade": -0.0015788862667041762,
  "median_net_return_per_trade": 0.00012717995563338563,
  "backtest_mode": "a_share_inventory_t0",
  "trade_direction_mode": "sell_only",
  "buy_threshold": 0.7559412996219077,
  "sell_threshold": 0.6415113585314951,
  "initial_capital": 1000000.0,
  "final_equity": 977200.5518710002,
  "final_benchmark_equity": 977200.0,
  "final_alpha_equity": 1000000.5518710002,
  "alpha_total_return": 5.518710002316851e-07,
  "alpha_sharpe": 0.009267944991029665,
  "alpha_sortino": 0.007854116779895118,
  "alpha_calmar": 0.10567147473226353,
  "alpha_max_drawdown": -0.0006307521149999662,
  "base_shares": 10000,
  "ending_shares": 10000,
  "base_position_pct": 0.6,
  "max_t0_trade_pct": 0.3,
  "max_participation_rate": 0.05,
  "commission_rate": 0.001,
  "slippage_rate": 0.0005,
  "tp": 0.003,
  "sl": 0.002,
  "no_overnight": true
}