{
  "fold": 2,
  "model_summaries": {
    "lstm": {
      "model": "LSTM",
      "target_col_buy": "buy_label",
      "target_col_sell": "sell_label",
      "feature_count": 194,
      "lookback": 16,
      "params": {
        "hidden_dim": 256,
        "num_layers": 2,
        "dropout": 0.3,
        "output_dim": 1
      },
      "buy_fit": {
        "best_score": 0.5525281866099256,
        "best_valid_auc": 0.5525281866099256,
        "epochs_ran": 20,
        "pos_rate": 0.26287688442211055,
        "pos_weight": 2.804062126642772,
        "device": "cpu"
      },
      "sell_fit": {
        "best_score": 0.5906690574130717,
        "best_valid_auc": 0.5906690574130717,
        "epochs_ran": 20,
        "pos_rate": 0.31909547738693467,
        "pos_weight": 2.1338582677165356,
        "device": "cpu"
      },
      "valid_buy_auc": 0.5525281866099256,
      "valid_buy_positive_rate": 0.24362244897959184,
      "valid_buy_prob_mean": 0.3402664065361023,
      "valid_buy_prob_std": 0.3129442036151886,
      "valid_buy_prob_min": 1.7081016267184168e-05,
      "valid_buy_prob_max": 0.986924409866333,
      "valid_buy_acc_05": 0.6135204081632653,
      "valid_buy_precision_05": 0.2777777777777778,
      "valid_buy_recall_05": 0.36649214659685864,
      "valid_buy_f1_05": 0.3160270880361174,
      "valid_buy_q90_threshold": 0.8342974781990051,
      "valid_buy_q95_threshold": 0.9011712074279785,
      "test_buy_auc": 0.49803178944969007,
      "test_buy_positive_rate": 0.2461734693877551,
      "test_buy_prob_mean": 0.31751543283462524,
      "test_buy_prob_std": 0.2698991596698761,
      "test_buy_prob_min": 8.227380021708086e-05,
      "test_buy_prob_max": 0.9823968410491943,
      "test_buy_acc_05": 0.6135204081632653,
      "test_buy_precision_05": 0.24056603773584906,
      "test_buy_recall_05": 0.26424870466321243,
      "test_buy_f1_05": 0.2518518518518518,
      "test_buy_q90_threshold": 0.7261397242546082,
      "test_buy_q95_threshold": 0.8186450600624084,
      "valid_sell_auc": 0.5906690574130717,
      "valid_sell_positive_rate": 0.3635204081632653,
      "valid_sell_prob_mean": 0.36243388056755066,
      "valid_sell_prob_std": 0.2857372462749481,
      "valid_sell_prob_min": 0.0018477742560207844,
      "valid_sell_prob_max": 0.9927225708961487,
      "valid_sell_acc_05": 0.6071428571428571,
      "valid_sell_precision_05": 0.4534412955465587,
      "valid_sell_recall_05": 0.3929824561403509,
      "valid_sell_f1_05": 0.42105263157894735,
      "valid_sell_q90_threshold": 0.8167113065719604,
      "valid_sell_q95_threshold": 0.8903881907463074,
      "test_sell_auc": 0.4790416984767514,
      "test_sell_positive_rate": 0.3380102040816326,
      "test_sell_prob_mean": 0.33368754386901855,
      "test_sell_prob_std": 0.26581066846847534,
      "test_sell_prob_min": 0.0011997363762930036,
      "test_sell_prob_max": 0.9876535534858704,
      "test_sell_acc_05": 0.5637755102040817,
      "test_sell_precision_05": 0.3175355450236967,
      "test_sell_recall_05": 0.2528301886792453,
      "test_sell_f1_05": 0.2815126050420168,
      "test_sell_q90_threshold": 0.7590385675430298,
      "test_sell_q95_threshold": 0.8513610363006592
    }
  },
  "selected_model_summary": {
    "model": "LSTM",
    "target_col_buy": "buy_label",
    "target_col_sell": "sell_label",
    "feature_count": 194,
    "lookback": 16,
    "params": {
      "hidden_dim": 256,
      "num_layers": 2,
      "dropout": 0.3,
      "output_dim": 1
    },
    "buy_fit": {
      "best_score": 0.5525281866099256,
      "best_valid_auc": 0.5525281866099256,
      "epochs_ran": 20,
      "pos_rate": 0.26287688442211055,
      "pos_weight": 2.804062126642772,
      "device": "cpu"
    },
    "sell_fit": {
      "best_score": 0.5906690574130717,
      "best_valid_auc": 0.5906690574130717,
      "epochs_ran": 20,
      "pos_rate": 0.31909547738693467,
      "pos_weight": 2.1338582677165356,
      "device": "cpu"
    },
    "valid_buy_auc": 0.5525281866099256,
    "valid_buy_positive_rate": 0.24362244897959184,
    "valid_buy_prob_mean": 0.3402664065361023,
    "valid_buy_prob_std": 0.3129442036151886,
    "valid_buy_prob_min": 1.7081016267184168e-05,
    "valid_buy_prob_max": 0.986924409866333,
    "valid_buy_acc_05": 0.6135204081632653,
    "valid_buy_precision_05": 0.2777777777777778,
    "valid_buy_recall_05": 0.36649214659685864,
    "valid_buy_f1_05": 0.3160270880361174,
    "valid_buy_q90_threshold": 0.8342974781990051,
    "valid_buy_q95_threshold": 0.9011712074279785,
    "test_buy_auc": 0.49803178944969007,
    "test_buy_positive_rate": 0.2461734693877551,
    "test_buy_prob_mean": 0.31751543283462524,
    "test_buy_prob_std": 0.2698991596698761,
    "test_buy_prob_min": 8.227380021708086e-05,
    "test_buy_prob_max": 0.9823968410491943,
    "test_buy_acc_05": 0.6135204081632653,
    "test_buy_precision_05": 0.24056603773584906,
    "test_buy_recall_05": 0.26424870466321243,
    "test_buy_f1_05": 0.2518518518518518,
    "test_buy_q90_threshold": 0.7261397242546082,
    "test_buy_q95_threshold": 0.8186450600624084,
    "valid_sell_auc": 0.5906690574130717,
    "valid_sell_positive_rate": 0.3635204081632653,
    "valid_sell_prob_mean": 0.36243388056755066,
    "valid_sell_prob_std": 0.2857372462749481,
    "valid_sell_prob_min": 0.0018477742560207844,
    "valid_sell_prob_max": 0.9927225708961487,
    "valid_sell_acc_05": 0.6071428571428571,
    "valid_sell_precision_05": 0.4534412955465587,
    "valid_sell_recall_05": 0.3929824561403509,
    "valid_sell_f1_05": 0.42105263157894735,
    "valid_sell_q90_threshold": 0.8167113065719604,
    "valid_sell_q95_threshold": 0.8903881907463074,
    "test_sell_auc": 0.4790416984767514,
    "test_sell_positive_rate": 0.3380102040816326,
    "test_sell_prob_mean": 0.33368754386901855,
    "test_sell_prob_std": 0.26581066846847534,
    "test_sell_prob_min": 0.0011997363762930036,
    "test_sell_prob_max": 0.9876535534858704,
    "test_sell_acc_05": 0.5637755102040817,
    "test_sell_precision_05": 0.3175355450236967,
    "test_sell_recall_05": 0.2528301886792453,
    "test_sell_f1_05": 0.2815126050420168,
    "test_sell_q90_threshold": 0.7590385675430298,
    "test_sell_q95_threshold": 0.8513610363006592
  },
  "t0_stats": {
    "total_return": -0.10542971954014857,
    "annualized_return": -0.8420253324644865,
    "max_drawdown": -0.11943520714408618,
    "sharpe": -7.078713305629734,
    "sortino": -11.12933619118127,
    "calmar": -7.050059631484294,
    "trade_count": 12,
    "win_rate": 0.25,
    "avg_net_return_per_trade": -0.005065679374611922,
    "median_net_return_per_trade": -0.006745743948944169,
    "backtest_mode": "a_share_inventory_t0",
    "trade_direction_mode": "sell_only",
    "buy_threshold": 0.9011711865663528,
    "sell_threshold": 0.8903881818056105,
    "initial_capital": 1000000.0,
    "final_equity": 897232.5216145,
    "final_benchmark_equity": 906349.0,
    "final_alpha_equity": 990883.5216145,
    "alpha_total_return": -0.009116478385500004,
    "alpha_sharpe": -6.984979394113994,
    "alpha_sortino": -2.327466512189823,
    "alpha_calmar": -11.243652724784836,
    "alpha_max_drawdown": -0.012517708883281853,
    "base_shares": 9300,
    "ending_shares": 9300,
    "base_position_pct": 0.6,
    "max_t0_trade_pct": 0.3,
    "max_participation_rate": 0.05,
    "commission_rate": 0.001,
    "slippage_rate": 0.0005,
    "tp": 0.004,
    "sl": 0.002,
    "stop_loss_cooldown_bars": 6,
    "daily_max_trades": 0,
    "daily_max_losses": 2,
    "daily_loss_limit": 0.0,
    "no_overnight": true
  },
  "stress_stats": {
    "stress_scenario_count": 12,
    "stress_min_alpha_total_return": -0.012536650958875462,
    "stress_worst_alpha_drawdown": -0.01541024909121902,
    "stress_min_trade_count": 12
  },
  "sell_threshold_grid_stats": {
    "sell_grid_best_rule": "sell_only_q96",
    "sell_grid_best_quantile": 0.96,
    "sell_grid_best_alpha_total_return": -0.006892766840999709,
    "sell_grid_best_trade_count": 11,