{
  "total_return": -0.05157373380565167,
  "annualized_return": -0.5839852021088875,
  "max_drawdown": -0.07988958890905973,
  "sharpe": -2.597073370640883,
  "sortino": -2.471933202351968,
  "calmar": -7.309903706897931,
  "trade_count": 12,
  "win_rate": 0.3333333333333333,
  "avg_net_return_per_trade": -0.0034476863553071107,
  "median_net_return_per_trade": -0.005490840694966023,
  "backtest_mode": "a_share_inventory_t0",
  "trade_direction_mode": "sell_only",
  "buy_threshold": 0.6873311519622802,
  "sell_threshold": 0.8146311187744141,
  "initial_capital": 1000000.0,
  "final_equity": 948054.4830980002,
  "final_benchmark_equity": 953450.0,
  "final_alpha_equity": 994604.4830980002,
  "alpha_total_return": -0.005395516901999797,
  "alpha_sharpe": -8.5125621343146,
  "alpha_sortino": -3.10793894381149,
  "alpha_calmar": -14.423393125295892,
  "alpha_max_drawdown": -0.005942478111652827,
  "base_shares": 9800,
  "ending_shares": 9800,
  "base_position_pct": 0.6,
  "max_t0_trade_pct": 0.3,
  "max_participation_rate": 0.05,
  "commission_rate": 0.001,
  "slippage_rate": 0.0005,
  "tp": 0.004,
  "sl": 0.002,
  "stop_loss_cooldown_bars": 6,
  "daily_max_trades": 0,
  "daily_max_losses": 2,
  "daily_loss_limit": 0.0,
  "no_overnight": true
}