model,side,valid_auc,raw_weight,weight,weight_method
transformer_lstm,buy,0.6013568082700694,0.10135680827006943,0.38686806411837227,valid_auc_edge_over_0p5
lstm,buy,0.577612663543854,0.07761266354385399,0.2962392108508015,valid_auc_edge_over_0p5
cnn,buy,0.513002745921499,0.01300274592149897,0.04963008631319366,valid_auc_edge_over_0p5
mlp,buy,0.5700209982232273,0.07002099822322727,0.26726263871763256,valid_auc_edge_over_0p5
