model,side,valid_auc,raw_weight,weight,weight_method
transformer_lstm,sell,0.5104477611940299,0.010447761194029903,0.16714422158548292,valid_auc_edge_over_0p5
lstm,sell,0.5308656716417911,0.030865671641791104,0.49379178605539653,valid_auc_edge_over_0p5
cnn,sell,0.49623880597014924,0.0,0.0,valid_auc_edge_over_0p5
mlp,sell,0.5211940298507463,0.021194029850746254,0.33906399235912055,valid_auc_edge_over_0p5
