{
  "model": "auc_weighted_ensemble",
  "member_models": [
    "transformer_lstm",
    "lstm",
    "cnn",
    "mlp"
  ],
  "buy_weight_method": "valid_auc_edge_over_0p5",
  "sell_weight_method": "valid_auc_edge_over_0p5",
  "feature_count": 194,
  "lookback": 8,
  "valid_buy_auc": 0.5822968825714747,
  "valid_buy_positive_rate": 0.21354166666666666,
  "valid_buy_prob_mean": 0.27877307170260973,
  "valid_buy_prob_std": 0.050555360611397676,
  "valid_buy_prob_min": 0.16653271345479087,
  "valid_buy_prob_max": 0.40941340699516304,
  "valid_buy_acc_05": 0.7864583333333334,
  "valid_buy_precision_05": 0.0,
  "valid_buy_recall_05": 0.0,
  "valid_buy_f1_05": 0.0,
  "valid_buy_q90_threshold": 0.33988787710629903,
  "valid_buy_q95_threshold": 0.3606427501078635,
  "test_buy_auc": 0.45106186518928904,
  "test_buy_positive_rate": 0.25,
  "test_buy_prob_mean": 0.30053962686122115,
  "test_buy_prob_std": 0.05986952885468974,
  "test_buy_prob_min": 0.15259270217374735,
  "test_buy_prob_max": 0.4943944084677391,
  "test_buy_acc_05": 0.75,
  "test_buy_precision_05": 0.0,
  "test_buy_recall_05": 0.0,
  "test_buy_f1_05": 0.0,
  "test_buy_q90_threshold": 0.38109631082812456,
  "test_buy_q95_threshold": 0.39858116107210784,
  "valid_sell_auc": 0.5196417910447761,
  "valid_sell_positive_rate": 0.3489583333333333,
  "valid_sell_prob_mean": 0.39119137287233596,
  "valid_sell_prob_std": 0.09524979339039995,
  "valid_sell_prob_min": 0.22114831714427471,
  "valid_sell_prob_max": 0.6510953275840854,
  "valid_sell_acc_05": 0.6302083333333334,
  "valid_sell_precision_05": 0.42857142857142855,
  "valid_sell_recall_05": 0.1791044776119403,
  "valid_sell_f1_05": 0.25263157894736843,
  "valid_sell_q90_threshold": 0.5193314749964557,
  "valid_sell_q95_threshold": 0.5555824076022093,
  "test_sell_auc": 0.4960295475530932,
  "test_sell_positive_rate": 0.375,
  "test_sell_prob_mean": 0.38562959998264906,
  "test_sell_prob_std": 0.12373695841473988,
  "test_sell_prob_min": 0.16975424653621904,
  "test_sell_prob_max": 0.7009572363116109,
  "test_sell_acc_05": 0.5986842105263158,
  "test_sell_precision_05": 0.4230769230769231,
  "test_sell_recall_05": 0.19298245614035087,
  "test_sell_f1_05": 0.26506024096385544,
  "test_sell_q90_threshold": 0.5330921444817738,
  "test_sell_q95_threshold": 0.6106170007113967
}