{
  "total_return": -0.0875623512987207,
  "annualized_return": -0.7688573656341753,
  "max_drawdown": -0.1095402271715542,
  "sharpe": -5.85169266410479,
  "sortino": -9.23240204649197,
  "calmar": -7.01894989162333,
  "trade_count": 6,
  "win_rate": 0.6666666666666666,
  "avg_net_return_per_trade": -0.0006896409955349394,
  "median_net_return_per_trade": 0.00042690522047084383,
  "backtest_mode": "a_share_inventory_t0",
  "trade_direction_mode": "sell_only",
  "buy_threshold": 0.6214971184730529,
  "sell_threshold": 0.9510280704498291,
  "initial_capital": 1000000.0,
  "final_equity": 911579.9573115001,
  "final_benchmark_equity": 911922.0,
  "final_alpha_equity": 999657.9573115001,
  "alpha_total_return": -0.0003420426884999106,
  "alpha_sharpe": -0.4801033602232546,
  "alpha_sortino": -0.15911056483709102,
  "alpha_calmar": -1.761572786396268,
  "alpha_max_drawdown": -0.0030956935222002935,
  "base_shares": 9400,
  "ending_shares": 9400,
  "base_position_pct": 0.6,
  "max_t0_trade_pct": 0.3,
  "max_participation_rate": 0.05,
  "commission_rate": 0.001,
  "slippage_rate": 0.0005,
  "tp": 0.003,
  "sl": 0.002,
  "stop_loss_cooldown_bars": 6,
  "daily_max_trades": 0,
  "daily_max_losses": 2,
  "daily_loss_limit": 0.0,
  "no_overnight": true
}