model_label,epoch,train_loss,valid_loss,valid_auc,valid_prob_mean,valid_prob_max
CNN_buy,1,1.3250510982564978,1.1920249462127686,0.5250441156508756,0.2823786437511444,0.3998495936393738
CNN_buy,2,1.1882019284609202,1.1485346555709839,0.5782543776299714,0.29541388154029846,0.48858246207237244
CNN_buy,3,1.1016243808978312,1.1389285326004028,0.5998371114429211,0.29449591040611267,0.5172420740127563
