model_label,epoch,train_loss,valid_loss,valid_auc,valid_prob_mean,valid_prob_max
CNN_sell,1,1.1898576697787724,0.9064796566963196,0.4869227881366538,0.31787392497062683,0.4493972063064575
CNN_sell,2,1.094988143121874,0.9018349647521973,0.526967838818671,0.31577107310295105,0.4510704576969147
CNN_sell,3,1.0215538675720628,0.8846114277839661,0.5543736703791765,0.32828888297080994,0.5432404279708862
