{
  "model": "CNN",
  "target_col_buy": "buy_label",
  "target_col_sell": "sell_label",
  "feature_count": 194,
  "lookback": 8,
  "params": {
    "channels": 64,
    "kernel_size": 3,
    "dropout": 0.3,
    "output_dim": 1
  },
  "buy_fit": {
    "best_score": 0.5998371114429211,
    "best_valid_auc": 0.5998371114429211,
    "epochs_ran": 3,
    "pos_rate": 0.2685810810810811,
    "pos_weight": 2.723270440251572,
    "device": "cpu"
  },
  "sell_fit": {
    "best_score": 0.5543736703791765,
    "best_valid_auc": 0.5543736703791765,
    "epochs_ran": 3,
    "pos_rate": 0.36317567567567566,
    "pos_weight": 1.7534883720930234,
    "device": "cpu"
  },
  "valid_buy_auc": 0.5998371114429211,
  "valid_buy_positive_rate": 0.2760416666666667,
  "valid_buy_prob_mean": 0.29449591040611267,
  "valid_buy_prob_std": 0.0947045311331749,
  "valid_buy_prob_min": 0.13134534657001495,
  "valid_buy_prob_max": 0.5172420740127563,
  "valid_buy_acc_05": 0.7291666666666666,
  "valid_buy_precision_05": 0.6,
  "valid_buy_recall_05": 0.05660377358490566,
  "valid_buy_f1_05": 0.10344827586206896,
  "valid_buy_q90_threshold": 0.4163748621940613,
  "valid_buy_q95_threshold": 0.4478594660758972,
  "test_buy_auc": 0.6306306306306306,
  "test_buy_positive_rate": 0.26973684210526316,
  "test_buy_prob_mean": 0.2889353632926941,
  "test_buy_prob_std": 0.08620992302894592,
  "test_buy_prob_min": 0.1664833277463913,
  "test_buy_prob_max": 0.5087783932685852,
  "test_buy_acc_05": 0.7171052631578947,
  "test_buy_precision_05": 0.0,
  "test_buy_recall_05": 0.0,
  "test_buy_f1_05": 0.0,
  "test_buy_q90_threshold": 0.4317082464694977,
  "test_buy_q95_threshold": 0.46932312846183777,
  "valid_sell_auc": 0.5543736703791765,
  "valid_sell_positive_rate": 0.3177083333333333,
  "valid_sell_prob_mean": 0.32828888297080994,
  "valid_sell_prob_std": 0.07778477668762207,
  "valid_sell_prob_min": 0.1690535843372345,
  "valid_sell_prob_max": 0.5432404279708862,
  "valid_sell_acc_05": 0.6822916666666666,
  "valid_sell_precision_05": 0.5,
  "valid_sell_recall_05": 0.01639344262295082,
  "valid_sell_f1_05": 0.031746031746031744,
  "valid_sell_q90_threshold": 0.42775145173072815,
  "valid_sell_q95_threshold": 0.47452813386917114,
  "test_sell_auc": 0.5247058823529411,
  "test_sell_positive_rate": 0.32894736842105265,
  "test_sell_prob_mean": 0.3389149606227875,
  "test_sell_prob_std": 0.07494142651557922,
  "test_sell_prob_min": 0.16374443471431732,
  "test_sell_prob_max": 0.4860351085662842,
  "test_sell_acc_05": 0.6710526315789473,
  "test_sell_precision_05": 0.0,
  "test_sell_recall_05": 0.0,
  "test_sell_f1_05": 0.0,
  "test_sell_q90_threshold": 0.4452793300151825,
  "test_sell_q95_threshold": 0.45945271849632263
}