{
  "lookback": 16,
  "lookback_minutes": 80,
  "horizon": 9,
  "horizon_minutes": 45,
  "best_valid_auc": 0.5729261840908616,
  "valid_auc": 0.5729261840908616,
  "test_auc": 0.5231051320672988,
  "train_positive_rate": 0.3470128773485328,
  "valid_positive_rate": 0.34474255277174987,
  "test_positive_rate": 0.3866258999901371,
  "valid_action_metrics": {
    "accuracy": 0.4144801736042612,
    "buy_auc": 0.5729261840908616,
    "sell_auc": 0.5532144232940058,
    "buy_positive_rate": 0.34474255277174987,
    "sell_positive_rate": 0.44091536792266717,
    "hold_rate": 0.21434207930558297
  },
  "test_action_metrics": {
    "accuracy": 0.4007298550152875,
    "buy_auc": 0.5231051320672988,
    "sell_auc": 0.5238322729280608,
    "buy_positive_rate": 0.3866258999901371,
    "sell_positive_rate": 0.44639510799881643,
    "hold_rate": 0.16697899201104646
  },
  "test_trade_return_mean_all": 0.0005112161433281544,
  "test_trade_return_mean_label_1": 4.872230258036625e-07,
  "selected_threshold": 0.5121064573526383,
  "selected_quantile": 0.95,
  "selected_threshold_test_stats": {
    "threshold": 0.5121064573526383,
    "horizon": 9,
    "round_trip_cost": 0.003,
    "trade_count": 60,
    "win_rate": 0.43333333333333335,
    "gross_return_mean": 0.0010359554704852817,
    "net_return_mean": -0.001964044529514719,
    "gross_return_median": 0.0007192827632223064,
    "net_return_median": -0.0022807172367776936,
    "total_return": -0.12171517076199223,
    "max_drawdown": -0.22712224634361822,
    "per_trade_sharpe": -0.09761343381439659,
    "trades_per_year": 78.27950587885101,
    "bar_annualized_sharpe": -10.5205366149932,
    "sharpe": -0.8636417491499194,
    "avg_pred_prob": 0.5282698492209117,
    "positive_label_rate": 0.5833333333333334,
    "buy_label_rate": 0.45,
    "selected_by": "validation_net_return_mean",
    "selected_quantile": 0.95
  },
  "output_dir": "outputs\\diagnostics\\horizon_compare\\lb16_h9",
  "seed": 42
}