{
  "lookback": 16,
  "lookback_minutes": 80,
  "horizon": 9,
  "horizon_minutes": 45,
  "best_valid_auc": 0.6143052135682076,
  "valid_auc": 0.6143052135682076,
  "test_auc": 0.5524219562448812,
  "train_positive_rate": 0.26263457884737174,
  "valid_positive_rate": 0.2780627342671138,
  "test_positive_rate": 0.3125554788440675,
  "test_trade_return_mean_all": 0.0005112161433281544,
  "test_trade_return_mean_label_1": 0.013222285830700028,
  "selected_threshold": 0.7030822396278381,
  "selected_quantile": 0.95,
  "selected_threshold_test_stats": {
    "threshold": 0.7030822396278381,
    "horizon": 9,
    "round_trip_cost": 0.003,
    "trade_count": 75,
    "win_rate": 0.44,
    "gross_return_mean": 0.0017378765577809692,
    "net_return_mean": -0.0012621234422190311,
    "gross_return_median": 0.0004721063813046822,
    "net_return_median": -0.002527893618695318,
    "total_return": -0.10176891233792862,
    "max_drawdown": -0.20519298241021977,
    "sharpe": -7.326026412581257,
    "avg_pred_prob": 0.7122372126579285,
    "positive_label_rate": 0.44,
    "selected_by": "validation_net_return_mean",
    "selected_quantile": 0.95
  },
  "output_dir": "outputs\\diagnostics\\horizon_compare\\lb16_h9"
}