{
  "scenario_count": 12,
  "all_alpha_positive": false,
  "min_alpha_total_return": -0.005979694466999974,
  "worst_alpha_max_drawdown": -0.005979694467000196,
  "min_trade_count": 2
}