{
  "total_return": -0.02649150652388843,
  "annualized_return": -0.8579834556094961,
  "max_drawdown": -0.034359942997047366,
  "sharpe": -13.495915706700469,
  "sortino": -16.624744983806206,
  "calmar": -24.970456315460847,
  "trade_count": 1,
  "win_rate": 0.0,
  "avg_net_return_per_trade": -0.00018478361871859415,
  "median_net_return_per_trade": -0.00018478361871859415,
  "backtest_mode": "a_share_inventory_t0",
  "trade_direction_mode": "sell_only",
  "buy_threshold": 0.4095080417989358,
  "sell_threshold": 0.4341893776055725,
  "initial_capital": 1000000.0,
  "final_equity": 972816.3289372501,
  "final_benchmark_equity": 972429.0,
  "final_alpha_equity": 1000387.3289372501,
  "alpha_total_return": 0.00038732893725001993,
  "alpha_sharpe": 2.0931888162772148,
  "alpha_sortino": 1.2123302322734237,
  "alpha_calmar": 34.27869319073334,
  "alpha_max_drawdown": -0.0008329391131249864,
  "base_shares": 7900,
  "ending_shares": 7900,
  "base_position_pct": 0.6,
  "max_t0_trade_pct": 0.3,
  "max_participation_rate": 0.02,
  "commission_rate": 0.0015,
  "slippage_rate": 0.00075,
  "tp": 0.003,
  "sl": 0.002,
  "no_overnight": true
}