{
  "total_return": 0.07015029556682051,
  "annualized_return": 1.6901118758618079,
  "max_drawdown": -0.04897172310709741,
  "sharpe": 3.7876878076671443,
  "sortino": 6.442749214924619,
  "calmar": 34.511995262361154,
  "trade_count": 5,
  "win_rate": 0.0,
  "avg_net_return_per_trade": -0.008115146552691074,
  "median_net_return_per_trade": -0.0064718030286207125,
  "backtest_mode": "a_share_inventory_t0",
  "trade_direction_mode": "sell_only",
  "buy_threshold": 0.6164289712905884,
  "sell_threshold": 0.5996138751506805,
  "initial_capital": 1000000.0,
  "final_equity": 1069696.5518415002,
  "final_benchmark_equity": 1078122.0,
  "final_alpha_equity": 991574.5518415002,
  "alpha_total_return": -0.008425448158499771,
  "alpha_sharpe": -7.945517232957836,
  "alpha_sortino": -1.1744443057573397,
  "alpha_calmar": -13.78869219498695,
  "alpha_max_drawdown": -0.008425448158499993,
  "base_shares": 10600,
  "ending_shares": 10600,
  "base_position_pct": 0.6,
  "max_t0_trade_pct": 0.3,
  "max_participation_rate": 0.05,
  "commission_rate": 0.001,
  "slippage_rate": 0.0005,
  "tp": 0.003,
  "sl": 0.002,
  "stop_loss_cooldown_bars": 6,
  "daily_max_trades": 0,
  "daily_max_losses": 2,
  "daily_loss_limit": 0.0,
  "no_overnight": true
}