{
  "model": "RandomForestClassifier",
  "target_col_buy": "buy_label",
  "target_col_sell": "sell_label",
  "feature_count": 194,
  "lookback_aligned_to_sequence_models": 8,
  "params": {
    "n_estimators": 50,
    "max_depth": 5,
    "min_samples_leaf": 5,
    "max_features": "sqrt",
    "class_weight": "balanced_subsample",
    "n_jobs": -1,
    "random_state": 42
  },
  "valid_buy_auc": 0.5247170935080405,
  "valid_buy_positive_rate": 0.23958333333333334,
  "valid_buy_prob_mean": 0.3942594700383712,
  "valid_buy_prob_std": 0.05090414709909112,
  "valid_buy_prob_min": 0.26110330085338485,
  "valid_buy_prob_max": 0.5290152924562771,
  "valid_buy_acc_05": 0.7395833333333334,
  "valid_buy_precision_05": 0.0,
  "valid_buy_recall_05": 0.0,
  "valid_buy_f1_05": 0.0,
  "valid_buy_q90_threshold": 0.46044465223748837,
  "valid_buy_q95_threshold": 0.48317870789573086,
  "test_buy_auc": 0.44868856633562515,
  "test_buy_positive_rate": 0.21710526315789475,
  "test_buy_prob_mean": 0.424519123512286,
  "test_buy_prob_std": 0.048467609196357515,
  "test_buy_prob_min": 0.2875708496116014,
  "test_buy_prob_max": 0.5432310388607757,
  "test_buy_acc_05": 0.756578947368421,
  "test_buy_precision_05": 0.25,
  "test_buy_recall_05": 0.06060606060606061,
  "test_buy_f1_05": 0.0975609756097561,
  "test_buy_q90_threshold": 0.48483255821197685,
  "test_buy_q95_threshold": 0.5010879009636716,
  "valid_sell_auc": 0.6088089330024813,
  "valid_sell_positive_rate": 0.3229166666666667,
  "valid_sell_prob_mean": 0.38179867162238135,
  "valid_sell_prob_std": 0.06035405416226452,
  "valid_sell_prob_min": 0.23645201256603351,
  "valid_sell_prob_max": 0.5448833616156346,
  "valid_sell_acc_05": 0.671875,
  "valid_sell_precision_05": 0.4,
  "valid_sell_recall_05": 0.03225806451612903,
  "valid_sell_f1_05": 0.05970149253731343,
  "valid_sell_q90_threshold": 0.4608772854288198,
  "valid_sell_q95_threshold": 0.48630344402118086,
  "test_sell_auc": 0.5293345829428303,
  "test_sell_positive_rate": 0.3618421052631579,
  "test_sell_prob_mean": 0.37455715872383216,
  "test_sell_prob_std": 0.05608459336327192,
  "test_sell_prob_min": 0.2544861597470726,
  "test_sell_prob_max": 0.5406703867985,
  "test_sell_acc_05": 0.6447368421052632,
  "test_sell_precision_05": 0.6,
  "test_sell_recall_05": 0.05454545454545454,
  "test_sell_f1_05": 0.1,
  "test_sell_q90_threshold": 0.4421480173030902,
  "test_sell_q95_threshold": 0.4846688027639955,
  "feature_importance_file": "outputs\\diagnostics\\research_pipeline_smoke_inventory_t0_v2\\walk_forward\\fold_001\\models\\random_forest\\feature_importance.csv"
}