{
  "total_return": -0.09319693354603309,
  "annualized_return": -0.7906470396173405,
  "max_drawdown": -0.1154685584631242,
  "sharpe": -6.272295779465475,
  "sortino": -9.895495656713143,
  "calmar": -6.847292892028611,
  "trade_count": 19,
  "win_rate": 0.47368421052631576,
  "avg_net_return_per_trade": -0.0026906949574816933,
  "median_net_return_per_trade": -0.005052742737750579,
  "backtest_mode": "a_share_inventory_t0",
  "trade_direction_mode": "sell_only",
  "buy_threshold": 0.6214971184730529,
  "sell_threshold": 0.8897963523864745,
  "initial_capital": 1000000.0,
  "final_equity": 905950.6715715001,
  "final_benchmark_equity": 911922.0,
  "final_alpha_equity": 994028.6715715001,
  "alpha_total_return": -0.0059713284284999,
  "alpha_sharpe": -7.397416876274333,
  "alpha_sortino": -3.3009292098133853,
  "alpha_calmar": -10.848129589111489,
  "alpha_max_drawdown": -0.008415588348227199,
  "base_shares": 9400,
  "ending_shares": 9400,
  "base_position_pct": 0.6,
  "max_t0_trade_pct": 0.3,
  "max_participation_rate": 0.05,
  "commission_rate": 0.001,
  "slippage_rate": 0.0005,
  "tp": 0.003,
  "sl": 0.002,
  "stop_loss_cooldown_bars": 6,
  "daily_max_trades": 0,
  "daily_max_losses": 2,
  "daily_loss_limit": 0.0,
  "no_overnight": true
}