{
  "total_return": 0.0780848932177245,
  "annualized_return": 1.9963765878700426,
  "max_drawdown": -0.04293728996494495,
  "sharpe": 4.202291740898463,
  "sortino": 7.146923532085535,
  "calmar": 46.495169804613504,
  "trade_count": 4,
  "win_rate": 0.75,
  "avg_net_return_per_trade": -0.0008001270716858882,
  "median_net_return_per_trade": 0.0020634623080336726,
  "backtest_mode": "a_share_inventory_t0",
  "trade_direction_mode": "sell_only",
  "buy_threshold": 0.9164306968450546,
  "sell_threshold": 0.9058243632316589,
  "initial_capital": 1000000.0,
  "final_equity": 1077627.7852230002,
  "final_benchmark_equity": 1078122.0,
  "final_alpha_equity": 999505.7852230002,
  "alpha_total_return": -0.0004942147769997352,
  "alpha_sharpe": -0.7136817136811304,
  "alpha_sortino": -0.20015682970941556,
  "alpha_calmar": -1.8327028000935803,
  "alpha_max_drawdown": -0.003922774865094181,
  "base_shares": 10600,
  "ending_shares": 10600,
  "base_position_pct": 0.6,
  "max_t0_trade_pct": 0.3,
  "max_participation_rate": 0.02,
  "commission_rate": 0.001,
  "slippage_rate": 0.0005,
  "tp": 0.004,
  "sl": 0.003,
  "stop_loss_cooldown_bars": 0,
  "daily_max_trades": 0,
  "daily_max_losses": 0,
  "daily_loss_limit": 0.0,
  "no_overnight": true
}