{
  "total_return": -0.0919694568376217,
  "annualized_return": -0.7980982701331656,
  "max_drawdown": -0.11138603650152445,
  "sharpe": -5.9332980162274,
  "sortino": -9.45473490395628,
  "calmar": -7.165155482682451,
  "trade_count": 5,
  "win_rate": 0.6,
  "avg_net_return_per_trade": -0.002850143702168248,
  "median_net_return_per_trade": 9.841512274022784e-05,
  "backtest_mode": "a_share_inventory_t0",
  "trade_direction_mode": "sell_only",
  "buy_threshold": 0.6491788774728775,
  "sell_threshold": 0.8941711634397507,
  "initial_capital": 1000000.0,
  "final_equity": 912429.951144,
  "final_benchmark_equity": 913740.0,
  "final_alpha_equity": 998689.951144,
  "alpha_total_return": -0.0013100488559999457,
  "alpha_sharpe": -2.0689705191836767,
  "alpha_sortino": -0.42170489829785235,
  "alpha_calmar": -7.743502899361777,
  "alpha_max_drawdown": -0.002777220880968101,
  "base_shares": 9500,
  "ending_shares": 9500,
  "base_position_pct": 0.6,
  "max_t0_trade_pct": 0.3,
  "max_participation_rate": 0.05,
  "commission_rate": 0.001,
  "slippage_rate": 0.0005,
  "tp": 0.003,
  "sl": 0.002,
  "stop_loss_cooldown_bars": 6,
  "daily_max_trades": 0,
  "daily_max_losses": 2,
  "daily_loss_limit": 0.0,
  "no_overnight": true
}