side,reason,count,ratio
buy,stop_loss,34383,0.5076854928017719
buy,timeout_loss,16423,0.2424953857511997
buy,take_profit,11715,0.17297895902547064
buy,timeout_win,5204,0.07684016242155776
sell,stop_loss,32544,0.48053156146179404
sell,timeout_loss,15660,0.23122923588039868
sell,take_profit,11584,0.17104466592838685
sell,timeout_win,7937,0.11719453672942046
