model_label,epoch,train_loss,valid_loss,valid_auc,valid_prob_mean,valid_prob_max
MLP_buy,1,1.176315355945278,1.0560654401779175,0.5272727272727272,0.3401223123073578,0.8703218102455139
MLP_buy,2,0.8867707494142893,1.0432368516921997,0.5141340411413404,0.3519458770751953,0.766399085521698
MLP_buy,3,0.7815022710207347,1.061334252357483,0.48639681486396813,0.3776074945926666,0.8309686183929443
