model_label,epoch,train_loss,valid_loss,valid_auc,valid_prob_mean,valid_prob_max
MLP_sell,1,1.1217356050336682,0.9592292904853821,0.4980756469807565,0.33203017711639404,0.6365147829055786
MLP_sell,2,0.875819331890828,0.9976188540458679,0.4800265428002654,0.32699400186538696,0.7648255825042725
MLP_sell,3,0.8195683762833879,0.948754608631134,0.5198407431984073,0.33545103669166565,0.7856675982475281
