{
  "model": "MLP",
  "target_col_buy": "buy_label",
  "target_col_sell": "sell_label",
  "feature_count": 194,
  "lookback": 8,
  "params": {
    "lookback": 8,
    "hidden_dim": 256,
    "dropout": 0.3,
    "output_dim": 1
  },
  "buy_fit": {
    "best_score": 0.5272727272727272,
    "best_valid_auc": 0.5272727272727272,
    "epochs_ran": 3,
    "pos_rate": 0.30574324324324326,
    "pos_weight": 2.270718232044199,
    "device": "cpu"
  },
  "sell_fit": {
    "best_score": 0.5198407431984073,
    "best_valid_auc": 0.5198407431984073,
    "epochs_ran": 3,
    "pos_rate": 0.33783783783783783,
    "pos_weight": 1.9600000000000002,
    "device": "cpu"
  },
  "valid_buy_auc": 0.5272727272727272,
  "valid_buy_positive_rate": 0.2864583333333333,
  "valid_buy_prob_mean": 0.3401223123073578,
  "valid_buy_prob_std": 0.15619194507598877,
  "valid_buy_prob_min": 0.08917786926031113,
  "valid_buy_prob_max": 0.8703218102455139,
  "valid_buy_acc_05": 0.6666666666666666,
  "valid_buy_precision_05": 0.3333333333333333,
  "valid_buy_recall_05": 0.16363636363636364,
  "valid_buy_f1_05": 0.21951219512195122,
  "valid_buy_q90_threshold": 0.5711212158203125,
  "valid_buy_q95_threshold": 0.6753729581832886,
  "test_buy_auc": 0.4997395833333333,
  "test_buy_positive_rate": 0.21052631578947367,
  "test_buy_prob_mean": 0.19961462914943695,
  "test_buy_prob_std": 0.08776374906301498,
  "test_buy_prob_min": 0.04541734606027603,
  "test_buy_prob_max": 0.5768963098526001,
  "test_buy_acc_05": 0.7828947368421053,
  "test_buy_precision_05": 0.0,
  "test_buy_recall_05": 0.0,
  "test_buy_f1_05": 0.0,
  "test_buy_q90_threshold": 0.29961246252059937,
  "test_buy_q95_threshold": 0.3464471697807312,
  "valid_sell_auc": 0.5198407431984073,
  "valid_sell_positive_rate": 0.2864583333333333,
  "valid_sell_prob_mean": 0.33545103669166565,
  "valid_sell_prob_std": 0.12510602176189423,
  "valid_sell_prob_min": 0.05107561871409416,
  "valid_sell_prob_max": 0.7856675982475281,
  "valid_sell_acc_05": 0.6614583333333334,
  "valid_sell_precision_05": 0.2727272727272727,
  "valid_sell_recall_05": 0.10909090909090909,
  "valid_sell_f1_05": 0.15584415584415584,
  "valid_sell_q90_threshold": 0.5092925429344177,
  "valid_sell_q95_threshold": 0.552406907081604,
  "test_sell_auc": 0.5392156862745098,
  "test_sell_positive_rate": 0.32894736842105265,
  "test_sell_prob_mean": 0.3319295644760132,
  "test_sell_prob_std": 0.13647712767124176,
  "test_sell_prob_min": 0.10302562266588211,
  "test_sell_prob_max": 0.7001649141311646,
  "test_sell_acc_05": 0.6118421052631579,
  "test_sell_precision_05": 0.32,
  "test_sell_recall_05": 0.16,
  "test_sell_f1_05": 0.21333333333333335,
  "test_sell_q90_threshold": 0.5345935821533203,
  "test_sell_q95_threshold": 0.5711107850074768
}