{
  "scenario_count": 12,
  "all_alpha_positive": false,
  "min_alpha_total_return": -0.0005065535239999752,
  "worst_alpha_max_drawdown": -0.0009081289147966354,
  "min_trade_count": 1
}