{
  "model": "CNN",
  "target_col_buy": "buy_label",
  "target_col_sell": "sell_label",
  "feature_count": 194,
  "lookback": 32,
  "params": {
    "channels": 64,
    "kernel_size": 3,
    "dropout": 0.3,
    "output_dim": 1
  },
  "buy_fit": {
    "best_score": 0.559016696681967,
    "best_valid_auc": 0.559016696681967,
    "epochs_ran": 11,
    "pos_rate": 0.26306438127090304,
    "pos_weight": 2.80135081446166,
    "device": "cpu"
  },
  "sell_fit": {
    "best_score": 0.5046719877801373,
    "best_valid_auc": 0.5046719877801373,
    "epochs_ran": 17,
    "pos_rate": 0.31406772575250835,
    "pos_weight": 2.184026622296173,
    "device": "cpu"
  },
  "valid_buy_auc": 0.559016696681967,
  "valid_buy_positive_rate": 0.22001689189189189,
  "valid_buy_prob_mean": 0.5119646787643433,
  "valid_buy_prob_std": 0.06222318857908249,
  "valid_buy_prob_min": 0.3523934781551361,
  "valid_buy_prob_max": 0.7276744842529297,
  "valid_buy_acc_05": 0.5021114864864865,
  "valid_buy_precision_05": 0.24296875,
  "valid_buy_recall_05": 0.5969289827255279,
  "valid_buy_f1_05": 0.3453636868406441,
  "valid_buy_q90_threshold": 0.596664309501648,
  "valid_buy_q95_threshold": 0.6261062622070312,
  "test_buy_auc": 0.5070519629587493,
  "test_buy_positive_rate": 0.19721283783783783,
  "test_buy_prob_mean": 0.5007573962211609,
  "test_buy_prob_std": 0.06567585468292236,
  "test_buy_prob_min": 0.327494740486145,
  "test_buy_prob_max": 0.6952588558197021,
  "test_buy_acc_05": 0.4966216216216216,
  "test_buy_precision_05": 0.1899059024807528,
  "test_buy_recall_05": 0.4753747323340471,
  "test_buy_f1_05": 0.2713936430317848,
  "test_buy_q90_threshold": 0.5865154266357422,
  "test_buy_q95_threshold": 0.6123291850090027,
  "valid_sell_auc": 0.5046719877801373,
  "valid_sell_positive_rate": 0.32136824324324326,
  "valid_sell_prob_mean": 0.41022223234176636,
  "valid_sell_prob_std": 0.09628598392009735,
  "valid_sell_prob_min": 0.1691141128540039,
  "valid_sell_prob_max": 0.683448314666748,
  "valid_sell_acc_05": 0.6309121621621622,
  "valid_sell_precision_05": 0.33903133903133903,
  "valid_sell_recall_05": 0.15637319316688567,
  "valid_sell_f1_05": 0.21402877697841727,
  "valid_sell_q90_threshold": 0.5259726643562317,
  "valid_sell_q95_threshold": 0.5857278108596802,
  "test_sell_auc": 0.5054224263006011,
  "test_sell_positive_rate": 0.21326013513513514,
  "test_sell_prob_mean": 0.4721919894218445,
  "test_sell_prob_std": 0.07832654565572739,
  "test_sell_prob_min": 0.24608227610588074,
  "test_sell_prob_max": 0.6850267052650452,
  "test_sell_acc_05": 0.5899493243243243,
  "test_sell_precision_05": 0.22652582159624413,
  "test_sell_recall_05": 0.3821782178217822,
  "test_sell_f1_05": 0.2844509948415623,
  "test_sell_q90_threshold": 0.5719978213310242,
  "test_sell_q95_threshold": 0.6021766066551208
}