{
  "model": "LSTM",
  "target_col_buy": "buy_label",
  "target_col_sell": "sell_label",
  "feature_count": 194,
  "lookback": 32,
  "params": {
    "hidden_dim": 256,
    "num_layers": 2,
    "dropout": 0.3,
    "output_dim": 1
  },
  "buy_fit": {
    "best_score": 0.5919931693789023,
    "best_valid_auc": 0.5919931693789023,
    "epochs_ran": 13,
    "pos_rate": 0.24749163879598662,
    "pos_weight": 3.0405405405405403,
    "device": "cpu"
  },
  "sell_fit": {
    "best_score": 0.5899066235125928,
    "best_valid_auc": 0.5899066235125928,
    "epochs_ran": 11,
    "pos_rate": 0.31720317725752506,
    "pos_weight": 2.152553542009885,
    "device": "cpu"
  },
  "valid_buy_auc": 0.5919931693789023,
  "valid_buy_positive_rate": 0.19721283783783783,
  "valid_buy_prob_mean": 0.34157344698905945,
  "valid_buy_prob_std": 0.10365559160709381,
  "valid_buy_prob_min": 0.10406522452831268,
  "valid_buy_prob_max": 0.6637275218963623,
  "valid_buy_acc_05": 0.7833614864864865,
  "valid_buy_precision_05": 0.33088235294117646,
  "valid_buy_recall_05": 0.09635974304068523,
  "valid_buy_f1_05": 0.14925373134328357,
  "valid_buy_q90_threshold": 0.47376567125320435,
  "valid_buy_q95_threshold": 0.506266713142395,
  "test_buy_auc": 0.6292571725289231,
  "test_buy_positive_rate": 0.17905405405405406,
  "test_buy_prob_mean": 0.3491067886352539,
  "test_buy_prob_std": 0.10457217693328857,
  "test_buy_prob_min": 0.08197734504938126,
  "test_buy_prob_max": 0.6428044438362122,
  "test_buy_acc_05": 0.7829391891891891,
  "test_buy_precision_05": 0.2815533980582524,
  "test_buy_recall_05": 0.13679245283018868,
  "test_buy_f1_05": 0.18412698412698414,
  "test_buy_q90_threshold": 0.493109792470932,
  "test_buy_q95_threshold": 0.5241906046867371,
  "valid_sell_auc": 0.5899066235125928,
  "valid_sell_positive_rate": 0.21326013513513514,
  "valid_sell_prob_mean": 0.49806642532348633,
  "valid_sell_prob_std": 0.06684548407793045,
  "valid_sell_prob_min": 0.34574684500694275,
  "valid_sell_prob_max": 0.6841567158699036,
  "valid_sell_acc_05": 0.5612331081081081,
  "valid_sell_precision_05": 0.2632978723404255,
  "valid_sell_recall_05": 0.5881188118811881,
  "valid_sell_f1_05": 0.36374770361298225,
  "valid_sell_q90_threshold": 0.5944411754608154,
  "valid_sell_q95_threshold": 0.6177531480789185,
  "test_sell_auc": 0.5643439341367771,
  "test_sell_positive_rate": 0.22381756756756757,
  "test_sell_prob_mean": 0.46644484996795654,
  "test_sell_prob_std": 0.05689999461174011,
  "test_sell_prob_min": 0.29855582118034363,
  "test_sell_prob_max": 0.6240704655647278,
  "test_sell_acc_05": 0.6444256756756757,
  "test_sell_precision_05": 0.27714285714285714,
  "test_sell_recall_05": 0.3660377358490566,
  "test_sell_f1_05": 0.3154471544715447,
  "test_sell_q90_threshold": 0.5371140241622925,
  "test_sell_q95_threshold": 0.5581575632095337
}