{
  "total_return": 0.07652084442953799,
  "annualized_return": 1.9335499508874285,
  "max_drawdown": -0.04407280073351094,
  "sharpe": 4.131526619830176,
  "sortino": 7.01896942157865,
  "calmar": 43.87172856517026,
  "trade_count": 4,
  "win_rate": 0.5,
  "avg_net_return_per_trade": -0.0031783510975095484,
  "median_net_return_per_trade": -0.002846490203751214,
  "backtest_mode": "a_share_inventory_t0",
  "trade_direction_mode": "sell_only",
  "buy_threshold": 0.6006682366132736,
  "sell_threshold": 0.621973305940628,
  "initial_capital": 1000000.0,
  "final_equity": 1076064.3995915,
  "final_benchmark_equity": 1078122.0,
  "final_alpha_equity": 997942.3995914999,
  "alpha_total_return": -0.0020576004085001154,
  "alpha_sharpe": -1.974104063192097,
  "alpha_sortino": -0.4894941127642001,
  "alpha_calmar": -5.998081560195014,
  "alpha_max_drawdown": -0.004937558365024297,
  "base_shares": 10600,
  "ending_shares": 10600,
  "base_position_pct": 0.6,
  "max_t0_trade_pct": 0.3,
  "max_participation_rate": 0.02,
  "commission_rate": 0.001,
  "slippage_rate": 0.00075,
  "tp": 0.003,
  "sl": 0.002,
  "stop_loss_cooldown_bars": 0,
  "daily_max_trades": 0,
  "daily_max_losses": 0,
  "daily_loss_limit": 0.0,
  "no_overnight": true
}