{
  "fold": 3,
  "model_summaries": {
    "transformer_lstm": {
      "model": "Transformer_LSTM",
      "target_col_buy": "buy_label",
      "target_col_sell": "sell_label",
      "feature_count": 194,
      "lookback": 8,
      "params": {
        "d_model": 128,
        "nhead": 4,
        "transformer_layers": 2,
        "transformer_dropout": 0.2,
        "lstm_hidden_dim": 128,
        "lstm_num_layers": 1,
        "output_dim": 1
      },
      "buy_fit": {
        "best_score": 0.569140625,
        "best_valid_auc": 0.569140625,
        "epochs_ran": 3,
        "pos_rate": 0.26182432432432434,
        "pos_weight": 2.819354838709677,
        "device": "cpu"
      },
      "sell_fit": {
        "best_score": 0.5264966740576498,
        "best_valid_auc": 0.5264966740576498,
        "epochs_ran": 3,
        "pos_rate": 0.3277027027027027,
        "pos_weight": 2.0515463917525776,
        "device": "cpu"
      },
      "valid_buy_auc": 0.569140625,
      "valid_buy_positive_rate": 0.16666666666666666,
      "valid_buy_prob_mean": 0.4532555043697357,
      "valid_buy_prob_std": 0.09696029871702194,
      "valid_buy_prob_min": 0.24766360223293304,
      "valid_buy_prob_max": 0.6908901929855347,
      "valid_buy_acc_05": 0.65625,
      "valid_buy_precision_05": 0.17307692307692307,
      "valid_buy_recall_05": 0.28125,
      "valid_buy_f1_05": 0.21428571428571427,
      "valid_buy_q90_threshold": 0.5940090417861938,
      "valid_buy_q95_threshold": 0.6343849897384644,
      "test_buy_auc": 0.6549479166666667,
      "test_buy_positive_rate": 0.21052631578947367,
      "test_buy_prob_mean": 0.3905746340751648,
      "test_buy_prob_std": 0.07313517481088638,
      "test_buy_prob_min": 0.2287844717502594,
      "test_buy_prob_max": 0.6022546291351318,
      "test_buy_acc_05": 0.75,
      "test_buy_precision_05": 0.2857142857142857,
      "test_buy_recall_05": 0.125,
      "test_buy_f1_05": 0.17391304347826086,
      "test_buy_q90_threshold": 0.49558156728744507,
      "test_buy_q95_threshold": 0.5456926226615906,
      "valid_sell_auc": 0.5264966740576498,
      "valid_sell_positive_rate": 0.4270833333333333,
      "valid_sell_prob_mean": 0.4655165672302246,
      "valid_sell_prob_std": 0.09300236403942108,
      "valid_sell_prob_min": 0.29336413741111755,
      "valid_sell_prob_max": 0.6705029010772705,
      "valid_sell_acc_05": 0.5260416666666666,
      "valid_sell_precision_05": 0.43283582089552236,
      "valid_sell_recall_05": 0.35365853658536583,
      "valid_sell_f1_05": 0.38926174496644295,
      "valid_sell_q90_threshold": 0.6011399030685425,
      "valid_sell_q95_threshold": 0.6310552954673767,
      "test_sell_auc": 0.5357347055460262,
      "test_sell_positive_rate": 0.34868421052631576,
      "test_sell_prob_mean": 0.43010130524635315,
      "test_sell_prob_std": 0.10657103359699249,
      "test_sell_prob_min": 0.24454307556152344,
      "test_sell_prob_max": 0.6604543924331665,
      "test_sell_acc_05": 0.5723684210526315,
      "test_sell_precision_05": 0.35,
      "test_sell_recall_05": 0.2641509433962264,
      "test_sell_f1_05": 0.3010752688172043,
      "test_sell_q90_threshold": 0.589054524898529,
      "test_sell_q95_threshold": 0.605331540107727
    },
    "lstm": {
      "model": "LSTM",
      "target_col_buy": "buy_label",
      "target_col_sell": "sell_label",
      "feature_count": 194,
      "lookback": 8,
      "params": {
        "hidden_dim": 256,
        "num_layers": 2,
        "dropout": 0.3,
        "output_dim": 1
      },
      "buy_fit": {
        "best_score": 0.6714843749999999,
        "best_valid_auc": 0.6714843749999999,
        "epochs_ran": 3,
        "pos_rate": 0.26182432432432434,
        "pos_weight": 2.819354838709677,
        "device": "cpu"
      },
      "sell_fit": {
        "best_score": 0.5436807095343681,
        "best_valid_auc": 0.5436807095343681,
        "epochs_ran": 3,
        "pos_rate": 0.3277027027027027,
        "pos_weight": 2.0515463917525776,
        "device": "cpu"
      },
      "valid_buy_auc": 0.6714843749999999,
      "valid_buy_positive_rate": 0.16666666666666666,
      "valid_buy_prob_mean": 0.3303282558917999,
      "valid_buy_prob_std": 0.06314507871866226,
      "valid_buy_prob_min": 0.23164841532707214,
      "valid_buy_prob_max": 0.47160500288009644,
      "valid_buy_acc_05": 0.8333333333333334,
      "valid_buy_precision_05": 0.0,
      "valid_buy_recall_05": 0.0,
      "valid_buy_f1_05": 0.0,
      "valid_buy_q90_threshold": 0.43209147453308105,
      "valid_buy_q95_threshold": 0.452755331993103,
      "test_buy_auc": 0.5369791666666667,
      "test_buy_positive_rate": 0.21052631578947367,
      "test_buy_prob_mean": 0.28469330072402954,
      "test_buy_prob_std": 0.02855318784713745,
      "test_buy_prob_min": 0.22013626992702484,
      "test_buy_prob_max": 0.38636553287506104,
      "test_buy_acc_05": 0.7894736842105263,
      "test_buy_precision_05": 0.0,
      "test_buy_recall_05": 0.0,
      "test_buy_f1_05": 0.0,
      "test_buy_q90_threshold": 0.31628042459487915,
      "test_buy_q95_threshold": 0.33161935210227966,
      "valid_sell_auc": 0.5436807095343681,
      "valid_sell_positive_rate": 0.4270833333333333,
      "valid_sell_prob_mean": 0.49200233817100525,
      "valid_sell_prob_std": 0.08630502223968506,
      "valid_sell_prob_min": 0.3249058425426483,
      "valid_sell_prob_max": 0.7109547853469849,
      "valid_sell_acc_05": 0.5625,
      "valid_sell_precision_05": 0.4875,
      "valid_sell_recall_05": 0.47560975609756095,
      "valid_sell_f1_05": 0.48148148148148145,
      "valid_sell_q90_threshold": 0.6156918406486511,
      "valid_sell_q95_threshold": 0.6399837136268616,
      "test_sell_auc": 0.5740423098913665,
      "test_sell_positive_rate": 0.34868421052631576,
      "test_sell_prob_mean": 0.4373103678226471,
      "test_sell_prob_std": 0.09195417165756226,
      "test_sell_prob_min": 0.2840729355812073,
      "test_sell_prob_max": 0.7172160744667053,
      "test_sell_acc_05": 0.625,
      "test_sell_precision_05": 0.4411764705882353,
      "test_sell_recall_05": 0.2830188679245283,
      "test_sell_f1_05": 0.3448275862068966,
      "test_sell_q90_threshold": 0.5809663534164429,
      "test_sell_q95_threshold": 0.5994075536727905
    },
    "cnn": {
      "model": "CNN",
      "target_col_buy": "buy_label",
      "target_col_sell": "sell_label",
      "feature_count": 194,
      "lookback": 8,
      "params": {
        "channels": 64,
        "kernel_size": 3,
        "dropout": 0.3,
        "output_dim": 1
      },
      "buy_fit": {
        "best_score": 0.5091796875,
        "best_valid_auc": 0.5091796875,
        "epochs_ran": 3,
        "pos_rate": 0.26182432432432434,
        "pos_weight": 2.819354838709677,
        "device": "cpu"
      },
      "sell_fit": {
        "best_score": 0.49656319290465634,
        "best_valid_auc": 0.49656319290465634,
        "epochs_ran": 3,
        "pos_rate": 0.3277027027027027,
        "pos_weight": 2.0515463917525776,
        "device": "cpu"
      },
      "valid_buy_auc": 0.5091796875,
      "valid_buy_positive_rate": 0.16666666666666666,
      "valid_buy_prob_mean": 0.3066921532154083,
      "valid_buy_prob_std": 0.1106552705168724,
      "valid_buy_prob_min": 0.09219316393136978,
      "valid_buy_prob_max": 0.5948408842086792,
      "valid_buy_acc_05": 0.8020833333333334,
      "valid_buy_precision_05": 0.3125,
      "valid_buy_recall_05": 0.15625,
      "valid_buy_f1_05": 0.20833333333333334,
      "valid_buy_q90_threshold": 0.4703642725944519,
      "valid_buy_q95_threshold": 0.5338343977928162,
      "test_buy_auc": 0.4924479166666667,
      "test_buy_positive_rate": 0.21052631578947367,
      "test_buy_prob_mean": 0.29864493012428284,
      "test_buy_prob_std": 0.06044822186231613,
      "test_buy_prob_min": 0.2024570107460022,
      "test_buy_prob_max": 0.4451896846294403,
      "test_buy_acc_05": 0.7894736842105263,
      "test_buy_precision_05": 0.0,
      "test_buy_recall_05": 0.0,