{
  "total_return": 0.04036390418505986,
  "annualized_return": 16.754618876720162,
  "max_drawdown": -0.02354968621811193,
  "sharpe": 8.861971423563753,
  "sortino": 20.95390518418644,
  "calmar": 711.4582640950129,
  "trade_count": 5,
  "win_rate": 0.8,
  "avg_net_return_per_trade": 0.0012570403132158097,
  "median_net_return_per_trade": 0.0016004685783489484,
  "backtest_mode": "a_share_inventory_t0",
  "trade_direction_mode": "sell_only",
  "buy_threshold": 0.4607778406855257,
  "sell_threshold": 0.6694894049316644,
  "initial_capital": 1000000.0,
  "final_equity": 1037937.7755605002,
  "final_benchmark_equity": 1036040.0,
  "final_alpha_equity": 1001897.7755605002,
  "alpha_total_return": 0.0018977755605003033,
  "alpha_sharpe": 8.896984373414034,
  "alpha_sortino": 14.632472409387125,
  "alpha_calmar": 242.23374865306957,
  "alpha_max_drawdown": -0.0006100788515218669,
  "base_shares": 10600,
  "ending_shares": 10600,
  "base_position_pct": 0.6,
  "max_t0_trade_pct": 0.3,
  "max_participation_rate": 0.05,
  "commission_rate": 0.001,
  "slippage_rate": 0.0005,
  "tp": 0.003,
  "sl": 0.002,
  "no_overnight": true
}