{
  "total_return": 0.08030918617929017,
  "annualized_return": 2.075396213914066,
  "max_drawdown": -0.04522856251051044,
  "sharpe": 4.234346824931286,
  "sortino": 7.187315011326815,
  "calmar": 45.88684890066482,
  "trade_count": 5,
  "win_rate": 0.4,
  "avg_net_return_per_trade": -0.0026415768384307784,
  "median_net_return_per_trade": -0.0050839950930992,
  "backtest_mode": "a_share_inventory_t0",
  "trade_direction_mode": "sell_only",
  "buy_threshold": 0.669258889555931,
  "sell_threshold": 0.5913446354866028,
  "initial_capital": 1000000.0,
  "final_equity": 1078706.007347,
  "final_benchmark_equity": 1079288.0,
  "final_alpha_equity": 999418.0073470001,
  "alpha_total_return": -0.0005819926529999631,
  "alpha_sharpe": -0.9992888105628344,
  "alpha_sortino": -0.34326954856326986,
  "alpha_calmar": -3.6272151241932153,
  "alpha_max_drawdown": -0.0023243292453145603,
  "base_shares": 10600,
  "ending_shares": 10600,
  "base_position_pct": 0.6,
  "max_t0_trade_pct": 0.3,
  "max_participation_rate": 0.05,
  "commission_rate": 0.001,
  "slippage_rate": 0.0005,
  "tp": 0.004,
  "sl": 0.002,
  "stop_loss_cooldown_bars": 0,
  "daily_max_trades": 0,
  "daily_max_losses": 0,
  "daily_loss_limit": 0.0,
  "no_overnight": true
}