{
  "total_return": -0.04696205531758668,
  "annualized_return": -0.9970001052972606,
  "max_drawdown": -0.06286319491627035,
  "sharpe": -12.042790502617873,
  "sortino": -13.749476982418415,
  "calmar": -15.859838282562624,
  "trade_count": 5,
  "win_rate": 0.2,
  "avg_net_return_per_trade": -0.004606864246166761,
  "median_net_return_per_trade": -0.005046827417502728,
  "backtest_mode": "a_share_inventory_t0",
  "trade_direction_mode": "sell_only",
  "buy_threshold": 0.4654643074304277,
  "sell_threshold": 0.5144429359765443,
  "initial_capital": 1000000.0,
  "final_equity": 952717.723933,
  "final_benchmark_equity": 957328.0,
  "final_alpha_equity": 995389.723933,
  "alpha_total_return": -0.004610276067000041,
  "alpha_sharpe": -15.518035036851499,
  "alpha_sortino": -4.774607474779519,
  "alpha_calmar": -90.37571497370614,
  "alpha_max_drawdown": -0.004732374623445668,
  "base_shares": 8400,
  "ending_shares": 8400,
  "base_position_pct": 0.6,
  "max_t0_trade_pct": 0.3,
  "max_participation_rate": 0.05,
  "commission_rate": 0.001,
  "slippage_rate": 0.0005,
  "tp": 0.003,
  "sl": 0.002,
  "no_overnight": true
}