{
  "total_return": -0.059599487893440495,
  "annualized_return": -0.638144388436501,
  "max_drawdown": -0.08062493152286765,
  "sharpe": -2.9957514965861773,
  "sortino": -2.8567794772690442,
  "calmar": -7.914975881319094,
  "trade_count": 15,
  "win_rate": 0.2,
  "avg_net_return_per_trade": -0.00531744954107475,
  "median_net_return_per_trade": -0.006472710883620777,
  "backtest_mode": "a_share_inventory_t0",
  "trade_direction_mode": "sell_only",
  "buy_threshold": 0.7839341640472411,
  "sell_threshold": 0.8303675591945648,
  "initial_capital": 1000000.0,
  "final_equity": 940124.0343560001,
  "final_benchmark_equity": 950804.0,
  "final_alpha_equity": 989320.0343560001,
  "alpha_total_return": -0.010679965643999867,
  "alpha_sharpe": -11.950274737067634,
  "alpha_sortino": -3.8267718744232155,
  "alpha_calmar": -15.237872389492962,
  "alpha_max_drawdown": -0.010679965643999867,
  "base_shares": 9800,
  "ending_shares": 9800,
  "base_position_pct": 0.6,
  "max_t0_trade_pct": 0.3,
  "max_participation_rate": 0.05,
  "commission_rate": 0.0015,
  "slippage_rate": 0.0005,
  "tp": 0.003,
  "sl": 0.002,
  "stop_loss_cooldown_bars": 0,
  "daily_max_trades": 0,
  "daily_max_losses": 0,
  "daily_loss_limit": 0.0,
  "no_overnight": true
}