{
  "total_return": 0.08244781547059099,
  "annualized_return": 2.182406362925268,
  "max_drawdown": -0.04225623581144755,
  "sharpe": 4.357253000247786,
  "sortino": 7.39763382836218,
  "calmar": 51.64696573219228,
  "trade_count": 8,
  "win_rate": 0.375,
  "avg_net_return_per_trade": -0.0034337057471669173,
  "median_net_return_per_trade": -0.005922703065637355,
  "backtest_mode": "a_share_inventory_t0",
  "trade_direction_mode": "sell_only",
  "buy_threshold": 0.6558482885360718,
  "sell_threshold": 0.631584882736206,
  "initial_capital": 1000000.0,
  "final_equity": 1080478.84289425,
  "final_benchmark_equity": 1082604.0,
  "final_alpha_equity": 997874.8428942501,
  "alpha_total_return": -0.0021251571057498975,
  "alpha_sharpe": -2.4539377727632243,
  "alpha_sortino": -0.802925019661056,
  "alpha_calmar": -8.493654546981862,
  "alpha_max_drawdown": -0.003603596335433945,
  "base_shares": 10700,
  "ending_shares": 10700,
  "base_position_pct": 0.6,
  "max_t0_trade_pct": 0.3,
  "max_participation_rate": 0.02,
  "commission_rate": 0.001,
  "slippage_rate": 0.00075,
  "tp": 0.003,
  "sl": 0.002,
  "stop_loss_cooldown_bars": 0,
  "daily_max_trades": 0,
  "daily_max_losses": 0,
  "daily_loss_limit": 0.0,
  "no_overnight": true
}