{
  "total_return": -0.092971494035896,
  "annualized_return": -0.8017616424475248,
  "max_drawdown": -0.11309826483473018,
  "sharpe": -6.014952234837359,
  "sortino": -9.62854233660435,
  "calmar": -7.089071115451102,
  "trade_count": 7,
  "win_rate": 0.42857142857142855,
  "avg_net_return_per_trade": -0.003287384278650445,
  "median_net_return_per_trade": -0.006365075203745738,
  "backtest_mode": "a_share_inventory_t0",
  "trade_direction_mode": "sell_only",
  "buy_threshold": 0.653843879699707,
  "sell_threshold": 0.9692891389131546,
  "initial_capital": 1000000.0,
  "final_equity": 911423.0590755001,
  "final_benchmark_equity": 913740.0,
  "final_alpha_equity": 997683.0590755001,
  "alpha_total_return": -0.002316940924499855,
  "alpha_sharpe": -3.966602880239983,
  "alpha_sortino": -1.377426149275823,
  "alpha_calmar": -9.60885271138813,
  "alpha_max_drawdown": -0.003927430000120968,
  "base_shares": 9500,
  "ending_shares": 9500,
  "base_position_pct": 0.6,
  "max_t0_trade_pct": 0.3,
  "max_participation_rate": 0.05,
  "commission_rate": 0.001,
  "slippage_rate": 0.0005,
  "tp": 0.004,
  "sl": 0.003,
  "stop_loss_cooldown_bars": 6,
  "daily_max_trades": 0,
  "daily_max_losses": 2,
  "daily_loss_limit": 0.0,
  "no_overnight": true
}