{
  "lookback": 32,
  "lookback_minutes": 160,
  "horizon": 12,
  "horizon_minutes": 60,
  "best_valid_auc": 0.5596250020312853,
  "valid_auc": 0.5596250020312853,
  "test_auc": 0.5308626026566625,
  "train_positive_rate": 0.3598792025680014,
  "valid_positive_rate": 0.3587235724165185,
  "test_positive_rate": 0.3942896660738984,
  "valid_action_metrics": {
    "accuracy": 0.4229401304090101,
    "buy_auc": 0.5596250020312853,
    "sell_auc": 0.5461586024809602,
    "buy_positive_rate": 0.3587235724165185,
    "sell_positive_rate": 0.4569255087927287,
    "hold_rate": 0.18435091879075283
  },
  "test_action_metrics": {
    "accuracy": 0.42501481920569056,
    "buy_auc": 0.5308626026566625,
    "sell_auc": 0.5300926543540119,
    "buy_positive_rate": 0.3942896660738984,
    "sell_positive_rate": 0.4598893499308437,
    "hold_rate": 0.14582098399525786
  },
  "test_trade_return_mean_all": 0.0006688394166453594,
  "test_trade_return_mean_label_1": -4.469737573010463e-05,
  "selected_threshold": 0.43122733086347576,
  "selected_quantile": 0.95,
  "selected_threshold_test_stats": {
    "threshold": 0.43122733086347576,
    "horizon": 12,
    "round_trip_cost": 0.003,
    "trade_count": 84,
    "win_rate": 0.3333333333333333,
    "gross_return_mean": -0.0007336330656168513,
    "net_return_mean": -0.0037336330656168515,
    "gross_return_median": -0.0019906505835586286,
    "net_return_median": -0.004990650583558629,
    "total_return": -0.2799491835997576,
    "max_drawdown": -0.3382139660300385,
    "per_trade_sharpe": -0.20111401944557936,
    "trades_per_year": 99.60465325998737,
    "bar_annualized_sharpe": -21.675576021521103,
    "sharpe": -2.00716076883041,
    "avg_pred_prob": 0.4403464198112488,
    "positive_label_rate": 0.4523809523809524,
    "buy_label_rate": 0.39285714285714285,
    "selected_by": "validation_net_return_mean",
    "selected_quantile": 0.95
  },
  "output_dir": "outputs\\diagnostics\\horizon_compare\\lb32_h12",
  "seed": 42
}