{
  "lookback": 32,
  "lookback_minutes": 160,
  "horizon": 12,
  "horizon_minutes": 60,
  "best_valid_auc": 0.597958034992269,
  "valid_auc": 0.597958034992269,
  "test_auc": 0.5418037309975879,
  "train_positive_rate": 0.28725291434363914,
  "valid_positive_rate": 0.29766844497134953,
  "test_positive_rate": 0.3357044062438253,
  "test_trade_return_mean_all": 0.0006688394166453594,
  "test_trade_return_mean_label_1": 0.014935374442221828,
  "selected_threshold": 0.6800219535827636,
  "selected_quantile": 0.95,
  "selected_threshold_test_stats": {
    "threshold": 0.6800219535827636,
    "horizon": 12,
    "round_trip_cost": 0.003,
    "trade_count": 64,
    "win_rate": 0.390625,
    "gross_return_mean": 0.0001911544320593369,
    "net_return_mean": -0.0028088455679406645,
    "gross_return_median": -0.0007829763924702138,
    "net_return_median": -0.003782976392470214,
    "total_return": -0.17731762925159378,
    "max_drawdown": -0.29653527340892405,
    "sharpe": -13.775932489764372,
    "avg_pred_prob": 0.691457461565733,
    "positive_label_rate": 0.390625,
    "selected_by": "validation_net_return_mean",
    "selected_quantile": 0.95
  },
  "output_dir": "outputs\\diagnostics\\horizon_compare\\lb32_h12"
}