{
  "total_return": -0.10746460052857687,
  "annualized_return": -0.84787299351416,
  "max_drawdown": -0.12120278486464553,
  "sharpe": -7.221462204039778,
  "sortino": -11.360415071591653,
  "calmar": -6.995491023255208,
  "trade_count": 12,
  "win_rate": 0.25,
  "avg_net_return_per_trade": -0.006065679374611922,
  "median_net_return_per_trade": -0.007745743948944169,
  "backtest_mode": "a_share_inventory_t0",
  "trade_direction_mode": "sell_only",
  "buy_threshold": 0.9011711865663528,
  "sell_threshold": 0.8903881818056105,
  "initial_capital": 1000000.0,
  "final_equity": 895191.58482025,
  "final_benchmark_equity": 906349.0,
  "final_alpha_equity": 988842.58482025,
  "alpha_total_return": -0.011157415179749997,
  "alpha_sharpe": -8.370171133070212,
  "alpha_sortino": -2.763277545009189,
  "alpha_calmar": -11.937076990646853,
  "alpha_max_drawdown": -0.014207267364448217,
  "base_shares": 9300,
  "ending_shares": 9300,
  "base_position_pct": 0.6,
  "max_t0_trade_pct": 0.3,
  "max_participation_rate": 0.02,
  "commission_rate": 0.0015,
  "slippage_rate": 0.0005,
  "tp": 0.004,
  "sl": 0.002,
  "stop_loss_cooldown_bars": 6,
  "daily_max_trades": 0,
  "daily_max_losses": 2,
  "daily_loss_limit": 0.0,
  "no_overnight": true
}