{
  "total_return": -0.026343104655910388,
  "annualized_return": -0.8564010125742956,
  "max_drawdown": -0.03421271668364323,
  "sharpe": -13.42685758075002,
  "sortino": -16.53097948559862,
  "calmar": -25.031657687205314,
  "trade_count": 1,
  "win_rate": 1.0,
  "avg_net_return_per_trade": 0.0008174997486702952,
  "median_net_return_per_trade": 0.0008174997486702952,
  "backtest_mode": "a_share_inventory_t0",
  "trade_direction_mode": "sell_only",
  "buy_threshold": 0.4095080417989358,
  "sell_threshold": 0.4341893776055725,
  "initial_capital": 1000000.0,
  "final_equity": 972964.6252915,
  "final_benchmark_equity": 972429.0,
  "final_alpha_equity": 1000535.6252915,
  "alpha_total_return": 0.0005356252915000859,
  "alpha_sharpe": 2.9824855830517083,
  "alpha_sortino": 1.8361545276741837,
  "alpha_calmar": 52.321098212127424,
  "alpha_max_drawdown": -0.0007586869087500281,
  "base_shares": 7900,
  "ending_shares": 7900,
  "base_position_pct": 0.6,
  "max_t0_trade_pct": 0.3,
  "max_participation_rate": 0.05,
  "commission_rate": 0.0015,
  "slippage_rate": 0.0005,
  "tp": 0.003,
  "sl": 0.002,
  "no_overnight": true
}