{
  "total_return": 0.03617333656545196,
  "annualized_return": 12.239882616070947,
  "max_drawdown": -0.046543173936760884,
  "sharpe": 8.422268851335225,
  "sortino": 12.854614379416672,
  "calmar": 262.97911338624033,
  "trade_count": 9,
  "win_rate": 0.2222222222222222,
  "avg_net_return_per_trade": -0.0043346112863199525,
  "median_net_return_per_trade": -0.005342468490170835,
  "backtest_mode": "a_share_inventory_t0",
  "trade_direction_mode": "sell_only",
  "buy_threshold": 0.4595914352082699,
  "sell_threshold": 0.5935065198370388,
  "initial_capital": 1000000.0,
  "final_equity": 1035440.7620165001,
  "final_benchmark_equity": 1040804.0,
  "final_alpha_equity": 994636.7620165001,
  "alpha_total_return": -0.005363237983499913,
  "alpha_sharpe": -15.657197079784956,
  "alpha_sortino": -8.594720177436738,
  "alpha_calmar": -56.83620042542146,
  "alpha_max_drawdown": -0.0056931719842192585,
  "base_shares": 10100,
  "ending_shares": 10100,
  "base_position_pct": 0.6,
  "max_t0_trade_pct": 0.3,
  "max_participation_rate": 0.05,
  "commission_rate": 0.001,
  "slippage_rate": 0.0005,
  "tp": 0.003,
  "sl": 0.002,
  "no_overnight": true
}