{
  "total_return": -0.022308964859250047,
  "annualized_return": -0.9344404064443181,
  "max_drawdown": -0.03707764377554068,
  "sharpe": -7.717068805161056,
  "sortino": -9.965338682564902,
  "calmar": -25.20225967165552,
  "trade_count": 3,
  "win_rate": 0.3333333333333333,
  "avg_net_return_per_trade": -0.0018299960072645377,
  "median_net_return_per_trade": -0.00014757765182976364,
  "backtest_mode": "a_share_inventory_t0",
  "trade_direction_mode": "sell_only",
  "buy_threshold": 0.7559412996219077,
  "sell_threshold": 0.6503495338446286,
  "initial_capital": 1000000.0,
  "final_equity": 977691.03514075,
  "final_benchmark_equity": 977200.0,
  "final_alpha_equity": 1000491.03514075,
  "alpha_total_return": 0.0004910351407501068,
  "alpha_sharpe": 3.8442813875079858,
  "alpha_sortino": 2.7318875487454894,
  "alpha_calmar": 111.89020878190192,
  "alpha_max_drawdown": -0.0005459041349999971,
  "base_shares": 10000,
  "ending_shares": 10000,
  "base_position_pct": 0.6,
  "max_t0_trade_pct": 0.3,
  "max_participation_rate": 0.05,
  "commission_rate": 0.001,
  "slippage_rate": 0.00075,
  "tp": 0.003,
  "sl": 0.002,
  "no_overnight": true
}