model_label,epoch,train_loss,valid_loss,valid_auc,valid_prob_mean,valid_prob_max
Transformer_LSTM_buy,1,1.0721201880558118,0.9884395003318787,0.45613802256138025,0.48358455300331116,0.6874143481254578
Transformer_LSTM_buy,2,0.9205280671248565,1.0135539770126343,0.41128069011280693,0.5298228859901428,0.7498172521591187
Transformer_LSTM_buy,3,0.8899357818268441,1.0313760042190552,0.41287325812873255,0.4953833520412445,0.7053035497665405
