model_label,epoch,train_loss,valid_loss,valid_auc,valid_prob_mean,valid_prob_max
Transformer_LSTM_sell,1,0.9959550354931805,0.8859634399414062,0.5061712010617121,0.42605388164520264,0.5984078645706177
Transformer_LSTM_sell,2,0.8856129146911003,0.9001852869987488,0.4568015925680159,0.4369790554046631,0.6432851552963257
Transformer_LSTM_sell,3,0.8548179703789789,0.9020592570304871,0.47378898473788983,0.4140509068965912,0.6293099522590637
