{
  "model": "Transformer_LSTM",
  "target_col_buy": "buy_label",
  "target_col_sell": "sell_label",
  "feature_count": 194,
  "lookback": 8,
  "params": {
    "d_model": 128,
    "nhead": 4,
    "transformer_layers": 2,
    "transformer_dropout": 0.2,
    "lstm_hidden_dim": 128,
    "lstm_num_layers": 1,
    "output_dim": 1
  },
  "buy_fit": {
    "best_score": 0.45613802256138025,
    "best_valid_auc": 0.45613802256138025,
    "epochs_ran": 3,
    "pos_rate": 0.30574324324324326,
    "pos_weight": 2.270718232044199,
    "device": "cpu"
  },
  "sell_fit": {
    "best_score": 0.5061712010617121,
    "best_valid_auc": 0.5061712010617121,
    "epochs_ran": 3,
    "pos_rate": 0.33783783783783783,
    "pos_weight": 1.9600000000000002,
    "device": "cpu"
  },
  "valid_buy_auc": 0.45613802256138025,
  "valid_buy_positive_rate": 0.2864583333333333,
  "valid_buy_prob_mean": 0.48358455300331116,
  "valid_buy_prob_std": 0.096670962870121,
  "valid_buy_prob_min": 0.2595863342285156,
  "valid_buy_prob_max": 0.6874143481254578,
  "valid_buy_acc_05": 0.4739583333333333,
  "valid_buy_precision_05": 0.24444444444444444,
  "valid_buy_recall_05": 0.4,
  "valid_buy_f1_05": 0.30344827586206896,
  "valid_buy_q90_threshold": 0.5955060720443726,
  "valid_buy_q95_threshold": 0.6353535056114197,
  "test_buy_auc": 0.5859375000000001,
  "test_buy_positive_rate": 0.21052631578947367,
  "test_buy_prob_mean": 0.3533349335193634,
  "test_buy_prob_std": 0.1038542315363884,
  "test_buy_prob_min": 0.2070426493883133,
  "test_buy_prob_max": 0.6655536890029907,
  "test_buy_acc_05": 0.7302631578947368,
  "test_buy_precision_05": 0.2631578947368421,
  "test_buy_recall_05": 0.15625,
  "test_buy_f1_05": 0.19607843137254902,
  "test_buy_q90_threshold": 0.5049799680709839,
  "test_buy_q95_threshold": 0.5321413278579712,
  "valid_sell_auc": 0.5061712010617121,
  "valid_sell_positive_rate": 0.2864583333333333,
  "valid_sell_prob_mean": 0.42605388164520264,
  "valid_sell_prob_std": 0.07084580510854721,
  "valid_sell_prob_min": 0.29381147027015686,
  "valid_sell_prob_max": 0.5984078645706177,
  "valid_sell_acc_05": 0.6614583333333334,
  "valid_sell_precision_05": 0.3611111111111111,
  "valid_sell_recall_05": 0.23636363636363636,
  "valid_sell_f1_05": 0.2857142857142857,
  "valid_sell_q90_threshold": 0.5246025919914246,
  "valid_sell_q95_threshold": 0.5407125353813171,
  "test_sell_auc": 0.5305882352941177,
  "test_sell_positive_rate": 0.32894736842105265,
  "test_sell_prob_mean": 0.4375234842300415,
  "test_sell_prob_std": 0.0694226622581482,
  "test_sell_prob_min": 0.31373244524002075,
  "test_sell_prob_max": 0.6004905700683594,
  "test_sell_acc_05": 0.5986842105263158,
  "test_sell_precision_05": 0.3225806451612903,
  "test_sell_recall_05": 0.2,
  "test_sell_f1_05": 0.24691358024691357,
  "test_sell_q90_threshold": 0.5445958375930786,
  "test_sell_q95_threshold": 0.5597867369651794
}