{
  "total_return": -0.1161641953296988,
  "annualized_return": -0.8706550744014454,
  "max_drawdown": -0.12866766211777336,
  "sharpe": -7.83594847271373,
  "sortino": -12.195645581630052,
  "calmar": -6.766696931234429,
  "trade_count": 12,
  "win_rate": 0.08333333333333333,
  "avg_net_return_per_trade": -0.009931352378597913,
  "median_net_return_per_trade": -0.008581121297025925,
  "backtest_mode": "a_share_inventory_t0",
  "trade_direction_mode": "sell_only",
  "buy_threshold": 0.6604762256145478,
  "sell_threshold": 0.8768073558807371,
  "initial_capital": 1000000.0,
  "final_equity": 886466.100025,
  "final_benchmark_equity": 906349.0,
  "final_alpha_equity": 980117.100025,
  "alpha_total_return": -0.019882899974999924,
  "alpha_sharpe": -12.667163525235006,
  "alpha_sortino": -3.4930746197752445,
  "alpha_calmar": -13.384152565948837,
  "alpha_max_drawdown": -0.02114227901574406,
  "base_shares": 9300,
  "ending_shares": 9300,
  "base_position_pct": 0.6,
  "max_t0_trade_pct": 0.3,
  "max_participation_rate": 0.02,
  "commission_rate": 0.0015,
  "slippage_rate": 0.001,
  "tp": 0.003,
  "sl": 0.002,
  "stop_loss_cooldown_bars": 6,
  "daily_max_trades": 0,
  "daily_max_losses": 2,
  "daily_loss_limit": 0.0,
  "no_overnight": true
}