{
  "model": "LSTM",
  "target_col_buy": "buy_label",
  "target_col_sell": "sell_label",
  "feature_count": 194,
  "lookback": 16,
  "params": {
    "hidden_dim": 256,
    "num_layers": 2,
    "dropout": 0.3,
    "output_dim": 1
  },
  "buy_fit": {
    "best_score": 0.5664857198748043,
    "best_valid_auc": 0.5664857198748043,
    "epochs_ran": 11,
    "pos_rate": 0.2760678391959799,
    "pos_weight": 2.622298065984073,
    "device": "cpu"
  },
  "sell_fit": {
    "best_score": 0.5705845070422535,
    "best_valid_auc": 0.5705845070422535,
    "epochs_ran": 20,
    "pos_rate": 0.3228643216080402,
    "pos_weight": 2.09727626459144,
    "device": "cpu"
  },
  "valid_buy_auc": 0.5664857198748043,
  "valid_buy_positive_rate": 0.2755102040816326,
  "valid_buy_prob_mean": 0.47485530376434326,
  "valid_buy_prob_std": 0.08005928248167038,
  "valid_buy_prob_min": 0.31359216570854187,
  "valid_buy_prob_max": 0.7235519289970398,
  "valid_buy_acc_05": 0.6415816326530612,
  "valid_buy_precision_05": 0.35294117647058826,
  "valid_buy_recall_05": 0.3611111111111111,
  "valid_buy_f1_05": 0.35697940503432496,
  "valid_buy_q90_threshold": 0.5913110375404358,
  "valid_buy_q95_threshold": 0.6604762077331543,
  "test_buy_auc": 0.5287314811704236,
  "test_buy_positive_rate": 0.2627551020408163,
  "test_buy_prob_mean": 0.4733450710773468,
  "test_buy_prob_std": 0.06165407970547676,
  "test_buy_prob_min": 0.3285037577152252,
  "test_buy_prob_max": 0.6627732515335083,
  "test_buy_acc_05": 0.6033163265306123,
  "test_buy_precision_05": 0.2727272727272727,
  "test_buy_recall_05": 0.3058252427184466,
  "test_buy_f1_05": 0.28832951945080093,
  "test_buy_q90_threshold": 0.5605058670043945,
  "test_buy_q95_threshold": 0.586351215839386,
  "valid_sell_auc": 0.5705845070422535,
  "valid_sell_positive_rate": 0.3622448979591837,
  "valid_sell_prob_mean": 0.39813411235809326,
  "valid_sell_prob_std": 0.24697403609752655,
  "valid_sell_prob_min": 0.035526175051927567,
  "valid_sell_prob_max": 0.9801381230354309,
  "valid_sell_acc_05": 0.5701530612244898,
  "valid_sell_precision_05": 0.39768339768339767,
  "valid_sell_recall_05": 0.3626760563380282,
  "valid_sell_f1_05": 0.37937384898710863,
  "valid_sell_q90_threshold": 0.7866513133049011,
  "valid_sell_q95_threshold": 0.8768073320388794,
  "test_sell_auc": 0.5373092772023611,
  "test_sell_positive_rate": 0.37244897959183676,
  "test_sell_prob_mean": 0.4090989828109741,
  "test_sell_prob_std": 0.24613982439041138,
  "test_sell_prob_min": 0.010045135393738747,
  "test_sell_prob_max": 0.963779866695404,
  "test_sell_acc_05": 0.5561224489795918,
  "test_sell_precision_05": 0.39473684210526316,
  "test_sell_recall_05": 0.3595890410958904,
  "test_sell_f1_05": 0.3763440860215054,
  "test_sell_q90_threshold": 0.7743623852729797,
  "test_sell_q95_threshold": 0.8490816950798035
}