{
  "total_return": -0.09345090094025876,
  "annualized_return": -0.7915822813174752,
  "max_drawdown": -0.11506100079763493,
  "sharpe": -6.25615512319184,
  "sortino": -9.865247378760982,
  "calmar": -6.879674918782265,
  "trade_count": 12,
  "win_rate": 0.16666666666666666,
  "avg_net_return_per_trade": -0.005526940206516475,
  "median_net_return_per_trade": -0.007070892274013026,
  "backtest_mode": "a_share_inventory_t0",
  "trade_direction_mode": "sell_only",
  "buy_threshold": 0.6214971184730529,
  "sell_threshold": 0.9382578879594803,
  "initial_capital": 1000000.0,
  "final_equity": 905696.9429066251,
  "final_benchmark_equity": 911922.0,
  "final_alpha_equity": 993774.9429066251,
  "alpha_total_return": -0.006225057093374842,
  "alpha_sharpe": -9.46451003258971,
  "alpha_sortino": -3.9643215140212065,
  "alpha_calmar": -13.8661181362996,
  "alpha_max_drawdown": -0.006850788674185648,
  "base_shares": 9400,
  "ending_shares": 9400,
  "base_position_pct": 0.6,
  "max_t0_trade_pct": 0.3,
  "max_participation_rate": 0.05,
  "commission_rate": 0.0015,
  "slippage_rate": 0.00075,
  "tp": 0.003,
  "sl": 0.002,
  "stop_loss_cooldown_bars": 6,
  "daily_max_trades": 0,
  "daily_max_losses": 2,
  "daily_loss_limit": 0.0,
  "no_overnight": true
}