{
  "total_return": -0.023068063373703485,
  "annualized_return": -0.8166970479637685,
  "max_drawdown": -0.032401457994826854,
  "sharpe": -12.326055260217245,
  "sortino": -20.572047726318623,
  "calmar": -25.20556476483745,
  "trade_count": 1,
  "win_rate": 0.0,
  "avg_net_return_per_trade": -0.006433489589908634,
  "median_net_return_per_trade": -0.006433489589908634,
  "backtest_mode": "a_share_inventory_t0",
  "trade_direction_mode": "sell_only",
  "buy_threshold": 0.4912304569405676,
  "sell_threshold": 0.6770526586712827,
  "initial_capital": 1000000.0,
  "final_equity": 976844.0127520001,
  "final_benchmark_equity": 977950.0,
  "final_alpha_equity": 998894.0127520001,
  "alpha_total_return": -0.0011059872479999289,
  "alpha_sharpe": -6.524269432534975,
  "alpha_sortino": -1.992780704876501,
  "alpha_calmar": -43.885089596708944,
  "alpha_max_drawdown": -0.0017613110229682816,
  "base_shares": 9000,
  "ending_shares": 9000,
  "base_position_pct": 0.6,
  "max_t0_trade_pct": 0.3,
  "max_participation_rate": 0.05,
  "commission_rate": 0.001,
  "slippage_rate": 0.0005,
  "tp": 0.003,
  "sl": 0.002,
  "no_overnight": true
}