{
  "total_return": 0.03957055570465329,
  "annualized_return": 15.796800526611857,
  "max_drawdown": -0.0242473623050119,
  "sharpe": 8.669714742363572,
  "sortino": 20.457293612002942,
  "calmar": 651.4853173677649,
  "trade_count": 5,
  "win_rate": 0.4,
  "avg_net_return_per_trade": -0.00010857164152897267,
  "median_net_return_per_trade": -0.0001057478017747436,
  "backtest_mode": "a_share_inventory_t0",
  "trade_direction_mode": "sell_only",
  "buy_threshold": 0.4607778406855257,
  "sell_threshold": 0.6616130504757166,
  "initial_capital": 1000000.0,
  "final_equity": 1037146.2771687501,
  "final_benchmark_equity": 1036040.0,
  "final_alpha_equity": 1001106.2771687501,
  "alpha_total_return": 0.0011062771687500028,
  "alpha_sharpe": 4.762725613334664,
  "alpha_sortino": 5.3926182283803765,
  "alpha_calmar": 74.43084595358958,
  "alpha_max_drawdown": -0.0011244906749212635,
  "base_shares": 10600,
  "ending_shares": 10600,
  "base_position_pct": 0.6,
  "max_t0_trade_pct": 0.3,
  "max_participation_rate": 0.05,
  "commission_rate": 0.0015,
  "slippage_rate": 0.0005,
  "tp": 0.003,
  "sl": 0.002,
  "no_overnight": true
}