{
  "total_return": -0.05261411210794631,
  "annualized_return": -0.5914795507322519,
  "max_drawdown": -0.08093415311293628,
  "sharpe": -2.6533152277595087,
  "sortino": -2.51805543587979,
  "calmar": -7.30815765634683,
  "trade_count": 10,
  "win_rate": 0.2,
  "avg_net_return_per_trade": -0.006050075077881909,
  "median_net_return_per_trade": -0.006914545619991937,
  "backtest_mode": "a_share_inventory_t0",
  "trade_direction_mode": "sell_only",
  "buy_threshold": 0.6873311519622802,
  "sell_threshold": 0.8585168212652204,
  "initial_capital": 1000000.0,
  "final_equity": 947014.512624,
  "final_benchmark_equity": 953450.0,
  "final_alpha_equity": 993564.512624,
  "alpha_total_return": -0.006435487376000082,
  "alpha_sharpe": -7.003398741713186,
  "alpha_sortino": -2.081259578576315,
  "alpha_calmar": -14.861641849882291,
  "alpha_max_drawdown": -0.00682405547864684,
  "base_shares": 9800,
  "ending_shares": 9800,
  "base_position_pct": 0.6,
  "max_t0_trade_pct": 0.3,
  "max_participation_rate": 0.05,
  "commission_rate": 0.001,
  "slippage_rate": 0.001,
  "tp": 0.004,
  "sl": 0.002,
  "stop_loss_cooldown_bars": 6,
  "daily_max_trades": 0,
  "daily_max_losses": 2,
  "daily_loss_limit": 0.0,
  "no_overnight": true
}