{
  "total_return": -0.04756262350999929,
  "annualized_return": -0.9972200092905735,
  "max_drawdown": -0.06360033904618101,
  "sharpe": -12.195872933980784,
  "sortino": -13.858625233770372,
  "calmar": -15.67947630855363,
  "trade_count": 6,
  "win_rate": 0.0,
  "avg_net_return_per_trade": -0.006935721957448199,
  "median_net_return_per_trade": -0.007220049960530824,
  "backtest_mode": "a_share_inventory_t0",
  "trade_direction_mode": "sell_only",
  "buy_threshold": 0.6261110728865316,
  "sell_threshold": 0.5253765133082089,
  "initial_capital": 1000000.0,
  "final_equity": 952117.3575315,
  "final_benchmark_equity": 957328.0,
  "final_alpha_equity": 994789.3575315,
  "alpha_total_return": -0.005210642468500004,
  "alpha_sharpe": -27.295616614643187,
  "alpha_sortino": -15.083305029485025,
  "alpha_calmar": -89.79889255324248,
  "alpha_max_drawdown": -0.005210642468500004,
  "base_shares": 8400,
  "ending_shares": 8400,
  "base_position_pct": 0.6,
  "max_t0_trade_pct": 0.3,
  "max_participation_rate": 0.02,
  "commission_rate": 0.001,
  "slippage_rate": 0.00075,
  "tp": 0.003,
  "sl": 0.002,
  "no_overnight": true
}