{
  "total_return": -0.04877744387241556,
  "annualized_return": -0.5770579589999622,
  "max_drawdown": -0.07900466634608261,
  "sharpe": -2.307663609886979,
  "sortino": -2.1885260270558233,
  "calmar": -7.304099690417529,
  "trade_count": 8,
  "win_rate": 0.125,
  "avg_net_return_per_trade": -0.006047253598521537,
  "median_net_return_per_trade": -0.007321410357136623,
  "backtest_mode": "a_share_inventory_t0",
  "trade_direction_mode": "sell_only",
  "buy_threshold": 0.7788469702005386,
  "sell_threshold": 0.807967272400856,
  "initial_capital": 1000000.0,
  "final_equity": 953576.8319540002,
  "final_benchmark_equity": 957628.0,
  "final_alpha_equity": 995948.8319540002,
  "alpha_total_return": -0.004051168045999809,
  "alpha_sharpe": -8.61107910586944,
  "alpha_sortino": -2.0916452261630885,
  "alpha_calmar": -15.662425291909246,
  "alpha_max_drawdown": -0.004307750042974234,
  "base_shares": 9900,
  "ending_shares": 9900,
  "base_position_pct": 0.6,
  "max_t0_trade_pct": 0.3,
  "max_participation_rate": 0.02,
  "commission_rate": 0.001,
  "slippage_rate": 0.001,
  "tp": 0.003,
  "sl": 0.002,
  "stop_loss_cooldown_bars": 6,
  "daily_max_trades": 0,
  "daily_max_losses": 2,
  "daily_loss_limit": 0.0,
  "no_overnight": true
}