{
  "total_return": -0.05584780516665655,
  "annualized_return": -0.6144347610189862,
  "max_drawdown": -0.08148166305872218,
  "sharpe": -2.8742344731828626,
  "sortino": -2.712840052975963,
  "calmar": -7.540773444648222,
  "trade_count": 20,
  "win_rate": 0.3,
  "avg_net_return_per_trade": -0.005023707344862996,
  "median_net_return_per_trade": -0.005237594807418031,
  "backtest_mode": "a_share_inventory_t0",
  "trade_direction_mode": "sell_only",
  "buy_threshold": 0.7235490381717682,
  "sell_threshold": 0.8055225908756256,
  "initial_capital": 1000000.0,
  "final_equity": 943319.4525975004,
  "final_benchmark_equity": 953940.0,
  "final_alpha_equity": 989379.4525975004,
  "alpha_total_return": -0.010620547402499625,
  "alpha_sharpe": -10.143527663616611,
  "alpha_sortino": -3.9067090471231305,
  "alpha_calmar": -14.030531027214211,
  "alpha_max_drawdown": -0.011566279759864018,
  "base_shares": 9800,
  "ending_shares": 9800,
  "base_position_pct": 0.6,
  "max_t0_trade_pct": 0.3,
  "max_participation_rate": 0.05,
  "commission_rate": 0.001,
  "slippage_rate": 0.0005,
  "tp": 0.003,
  "sl": 0.002,
  "stop_loss_cooldown_bars": 6,
  "daily_max_trades": 0,
  "daily_max_losses": 2,
  "daily_loss_limit": 0.0,
  "no_overnight": true
}