{
  "total_return": -0.09532044464345224,
  "annualized_return": -0.8101058859441199,
  "max_drawdown": -0.11532484554585254,
  "sharpe": -6.200228217337021,
  "sortino": -9.883566879644118,
  "calmar": -7.0245564354302665,
  "trade_count": 12,
  "win_rate": 0.4166666666666667,
  "avg_net_return_per_trade": -0.0035799059217704195,
  "median_net_return_per_trade": -0.005737734282635406,
  "backtest_mode": "a_share_inventory_t0",
  "trade_direction_mode": "sell_only",
  "buy_threshold": 0.6520390957593918,
  "sell_threshold": 0.933201789855957,
  "initial_capital": 1000000.0,
  "final_equity": 909062.7278022502,
  "final_benchmark_equity": 913740.0,
  "final_alpha_equity": 995322.7278022502,
  "alpha_total_return": -0.004677272197749827,
  "alpha_sharpe": -5.98255278333809,
  "alpha_sortino": -2.4206857934287083,
  "alpha_calmar": -11.83503420046725,
  "alpha_max_drawdown": -0.006320552407856006,
  "base_shares": 9500,
  "ending_shares": 9500,
  "base_position_pct": 0.6,
  "max_t0_trade_pct": 0.3,
  "max_participation_rate": 0.05,
  "commission_rate": 0.0015,
  "slippage_rate": 0.0005,
  "tp": 0.004,
  "sl": 0.003,
  "stop_loss_cooldown_bars": 0,
  "daily_max_trades": 0,
  "daily_max_losses": 0,
  "daily_loss_limit": 0.0,
  "no_overnight": true
}