{
  "total_return": -0.022933492382314347,
  "annualized_return": -0.8148523850319933,
  "max_drawdown": -0.03226811123685691,
  "sharpe": -12.194548887397836,
  "sortino": -20.39102910809061,
  "calmar": -25.25255906832446,
  "trade_count": 1,
  "win_rate": 0.0,
  "avg_net_return_per_trade": -0.008429558563866398,
  "median_net_return_per_trade": -0.008429558563866398,
  "backtest_mode": "a_share_inventory_t0",
  "trade_direction_mode": "sell_only",
  "buy_threshold": 0.4912304569405676,
  "sell_threshold": 0.6888126702694877,
  "initial_capital": 1000000.0,
  "final_equity": 976978.571632,
  "final_benchmark_equity": 977950.0,
  "final_alpha_equity": 999028.571632,
  "alpha_total_return": -0.0009714283680000158,
  "alpha_sharpe": -7.675055692686216,
  "alpha_sortino": -2.4592454195585067,
  "alpha_calmar": -49.33640261474547,
  "alpha_max_drawdown": -0.0013826636536462544,
  "base_shares": 9000,
  "ending_shares": 9000,
  "base_position_pct": 0.6,
  "max_t0_trade_pct": 0.3,
  "max_participation_rate": 0.05,
  "commission_rate": 0.001,
  "slippage_rate": 0.001,
  "tp": 0.003,
  "sl": 0.002,
  "no_overnight": true
}