{
  "total_return": -0.09883381042200501,
  "annualized_return": -0.8219727403999915,
  "max_drawdown": -0.11760108880479903,
  "sharpe": -6.457467924325576,
  "sortino": -10.261068053412245,
  "calmar": -6.9894994064582905,
  "trade_count": 23,
  "win_rate": 0.43478260869565216,
  "avg_net_return_per_trade": -0.0032308026216229867,
  "median_net_return_per_trade": -0.0052297964318332975,
  "backtest_mode": "a_share_inventory_t0",
  "trade_direction_mode": "sell_only",
  "buy_threshold": 0.6491788774728775,
  "sell_threshold": 0.8092809915542603,
  "initial_capital": 1000000.0,
  "final_equity": 905532.3397665004,
  "final_benchmark_equity": 913740.0,
  "final_alpha_equity": 991792.3397665004,
  "alpha_total_return": -0.008207660233499614,
  "alpha_sharpe": -9.66784649888139,
  "alpha_sortino": -4.716253987440103,
  "alpha_calmar": -13.297449964618732,
  "alpha_max_drawdown": -0.009606967707669445,
  "base_shares": 9500,
  "ending_shares": 9500,
  "base_position_pct": 0.6,
  "max_t0_trade_pct": 0.3,
  "max_participation_rate": 0.05,
  "commission_rate": 0.001,
  "slippage_rate": 0.0005,
  "tp": 0.003,
  "sl": 0.002,
  "stop_loss_cooldown_bars": 6,
  "daily_max_trades": 0,
  "daily_max_losses": 2,
  "daily_loss_limit": 0.0,
  "no_overnight": true
}