{
  "total_return": -0.025302702176999925,
  "annualized_return": -0.9547327440896122,
  "max_drawdown": -0.03707764377554068,
  "sharpe": -8.782122610167614,
  "sortino": -11.322885591199874,
  "calmar": -25.749552745836258,
  "trade_count": 3,
  "win_rate": 0.0,
  "avg_net_return_per_trade": -0.005586416674401477,
  "median_net_return_per_trade": -0.006341844202309207,
  "backtest_mode": "a_share_inventory_t0",
  "trade_direction_mode": "sell_only",
  "buy_threshold": 0.7559412996219077,
  "sell_threshold": 0.6503495338446286,
  "initial_capital": 1000000.0,
  "final_equity": 974697.2978230001,
  "final_benchmark_equity": 977200.0,
  "final_alpha_equity": 997497.2978230001,
  "alpha_total_return": -0.0025027021769998825,
  "alpha_sharpe": -11.44760817055584,
  "alpha_sortino": -3.496004945942034,
  "alpha_calmar": -94.49122865278086,
  "alpha_max_drawdown": -0.0027635426869998536,
  "base_shares": 10000,
  "ending_shares": 10000,
  "base_position_pct": 0.6,
  "max_t0_trade_pct": 0.3,
  "max_participation_rate": 0.05,
  "commission_rate": 0.001,
  "slippage_rate": 0.001,
  "tp": 0.003,
  "sl": 0.002,
  "no_overnight": true
}