{
  "total_return": -0.035918204937710696,
  "annualized_return": -0.929994361307609,
  "max_drawdown": -0.038584510861406796,
  "sharpe": -17.40477506365126,
  "sortino": -19.99032334778577,
  "calmar": -24.102789967925002,
  "trade_count": 9,
  "win_rate": 0.0,
  "avg_net_return_per_trade": -0.007502424061630532,
  "median_net_return_per_trade": -0.007530624812145721,
  "backtest_mode": "a_share_inventory_t0",
  "buy_threshold": 0.5505254559569545,
  "sell_threshold": 0.46384699194966206,
  "initial_capital": 1000000.0,
  "final_equity": 963396.332906,
  "final_benchmark_equity": 972429.0,
  "final_alpha_equity": 990967.332906,
  "alpha_total_return": -0.00903266709400008,
  "alpha_sharpe": -21.79280496157429,
  "alpha_sortino": -12.210398358867392,
  "alpha_calmar": -53.46774238078955,
  "alpha_max_drawdown": -0.00903266709400008,
  "base_shares": 7900,
  "ending_shares": 7900,
  "base_position_pct": 0.6,
  "max_t0_trade_pct": 0.3,
  "max_participation_rate": 0.05,
  "commission_rate": 0.0015,
  "slippage_rate": 0.001,
  "tp": 0.003,
  "sl": 0.002,
  "no_overnight": true
}