{
  "fold": 1,
  "model_summaries": {
    "logistic_regression": {
      "model": "LogisticRegression",
      "target_col_buy": "buy_label",
      "target_col_sell": "sell_label",
      "feature_count": 194,
      "lookback_aligned_to_sequence_models": 8,
      "params": {
        "max_iter": 500,
        "C": 1.0,
        "class_weight": "balanced",
        "random_state": 42
      },
      "valid_buy_auc": 0.5541989279332936,
      "valid_buy_positive_rate": 0.23958333333333334,
      "valid_buy_prob_mean": 0.38226654023750134,
      "valid_buy_prob_std": 0.26893577088863374,
      "valid_buy_prob_min": 0.0018356888390939302,
      "valid_buy_prob_max": 0.983807196095751,
      "valid_buy_acc_05": 0.6145833333333334,
      "valid_buy_precision_05": 0.28125,
      "valid_buy_recall_05": 0.391304347826087,
      "valid_buy_f1_05": 0.32727272727272727,
      "valid_buy_q90_threshold": 0.7539886039927962,
      "valid_buy_q95_threshold": 0.9059128881281253,
      "test_buy_auc": 0.4453781512605042,
      "test_buy_positive_rate": 0.21710526315789475,
      "test_buy_prob_mean": 0.6819932933147023,
      "test_buy_prob_std": 0.2577587992964783,
      "test_buy_prob_min": 0.014597170335390054,
      "test_buy_prob_max": 0.9853324467725568,
      "test_buy_acc_05": 0.34868421052631576,
      "test_buy_precision_05": 0.21052631578947367,
      "test_buy_recall_05": 0.7272727272727273,
      "test_buy_f1_05": 0.32653061224489793,
      "test_buy_q90_threshold": 0.926109255381861,
      "test_buy_q95_threshold": 0.9466745537672169,
      "valid_sell_auc": 0.5299007444168734,
      "valid_sell_positive_rate": 0.3229166666666667,
      "valid_sell_prob_mean": 0.49894416825935806,
      "valid_sell_prob_std": 0.2481224629025433,
      "valid_sell_prob_min": 0.029541103519381197,
      "valid_sell_prob_max": 0.9757176090927137,
      "valid_sell_acc_05": 0.5260416666666666,
      "valid_sell_precision_05": 0.33707865168539325,
      "valid_sell_recall_05": 0.4838709677419355,
      "valid_sell_f1_05": 0.3973509933774834,
      "valid_sell_q90_threshold": 0.8735786676553786,
      "valid_sell_q95_threshold": 0.9239085713550543,
      "test_sell_auc": 0.5803186504217432,
      "test_sell_positive_rate": 0.3618421052631579,
      "test_sell_prob_mean": 0.36848901257100614,
      "test_sell_prob_std": 0.23544392657028293,
      "test_sell_prob_min": 0.008805553825101049,
      "test_sell_prob_max": 0.9021671958056374,
      "test_sell_acc_05": 0.5789473684210527,
      "test_sell_precision_05": 0.40425531914893614,
      "test_sell_recall_05": 0.34545454545454546,
      "test_sell_f1_05": 0.37254901960784315,
      "test_sell_q90_threshold": 0.7190049983489633,
      "test_sell_q95_threshold": 0.7996785614211601
    },
    "random_forest": {
      "model": "RandomForestClassifier",
      "target_col_buy": "buy_label",
      "target_col_sell": "sell_label",
      "feature_count": 194,
      "lookback_aligned_to_sequence_models": 8,
      "params": {
        "n_estimators": 50,
        "max_depth": 5,
        "min_samples_leaf": 5,
        "max_features": "sqrt",
        "class_weight": "balanced_subsample",
        "n_jobs": -1,
        "random_state": 42
      },
      "valid_buy_auc": 0.5247170935080405,
      "valid_buy_positive_rate": 0.23958333333333334,
      "valid_buy_prob_mean": 0.3942594700383712,
      "valid_buy_prob_std": 0.05090414709909111,
      "valid_buy_prob_min": 0.26110330085338485,
      "valid_buy_prob_max": 0.5290152924562772,
      "valid_buy_acc_05": 0.7395833333333334,
      "valid_buy_precision_05": 0.0,
      "valid_buy_recall_05": 0.0,
      "valid_buy_f1_05": 0.0,
      "valid_buy_q90_threshold": 0.46044465223748826,
      "valid_buy_q95_threshold": 0.4831787078957308,
      "test_buy_auc": 0.44868856633562515,
      "test_buy_positive_rate": 0.21710526315789475,
      "test_buy_prob_mean": 0.424519123512286,
      "test_buy_prob_std": 0.04846760919635752,
      "test_buy_prob_min": 0.28757084961160134,
      "test_buy_prob_max": 0.5432310388607758,
      "test_buy_acc_05": 0.756578947368421,
      "test_buy_precision_05": 0.25,
      "test_buy_recall_05": 0.06060606060606061,
      "test_buy_f1_05": 0.0975609756097561,
      "test_buy_q90_threshold": 0.48483255821197685,
      "test_buy_q95_threshold": 0.5010879009636717,
      "valid_sell_auc": 0.6088089330024813,
      "valid_sell_positive_rate": 0.3229166666666667,
      "valid_sell_prob_mean": 0.38179867162238135,
      "valid_sell_prob_std": 0.060354054162264525,
      "valid_sell_prob_min": 0.23645201256603351,
      "valid_sell_prob_max": 0.5448833616156343,
      "valid_sell_acc_05": 0.671875,
      "valid_sell_precision_05": 0.4,
      "valid_sell_recall_05": 0.03225806451612903,
      "valid_sell_f1_05": 0.05970149253731343,
      "valid_sell_q90_threshold": 0.4608772854288198,
      "valid_sell_q95_threshold": 0.48630344402118086,
      "test_sell_auc": 0.5293345829428303,
      "test_sell_positive_rate": 0.3618421052631579,
      "test_sell_prob_mean": 0.37455715872383216,
      "test_sell_prob_std": 0.056084593363271915,
      "test_sell_prob_min": 0.25448615974707267,
      "test_sell_prob_max": 0.5406703867985001,
      "test_sell_acc_05": 0.6447368421052632,
      "test_sell_precision_05": 0.6,
      "test_sell_recall_05": 0.05454545454545454,
      "test_sell_f1_05": 0.1,
      "test_sell_q90_threshold": 0.4421480173030902,
      "test_sell_q95_threshold": 0.4846688027639955,
      "feature_importance_file": "outputs\\diagnostics\\research_pipeline_smoke_wf\\walk_forward\\fold_001\\models\\random_forest\\feature_importance.csv"
    }
  },
  "selected_model_summary": {
    "model": "auc_weighted_ensemble",
    "member_models": [
      "logistic_regression",
      "random_forest"
    ],
    "buy_weight_method": "valid_auc_edge_over_0p5",
    "sell_weight_method": "valid_auc_edge_over_0p5",
    "feature_count": 194,
    "lookback": null,
    "valid_buy_auc": 0.5547945205479452,
    "valid_buy_positive_rate": 0.23958333333333334,
    "valid_buy_prob_mean": 0.38602281636381147,
    "valid_buy_prob_std": 0.19153963795485165,
    "valid_buy_prob_min": 0.1085213834818854,
    "valid_buy_prob_max": 0.841362939484142,
    "valid_buy_acc_05": 0.6145833333333334,
    "valid_buy_precision_05": 0.26666666666666666,
    "valid_buy_recall_05": 0.34782608695652173,
    "valid_buy_f1_05": 0.3018867924528302,
    "valid_buy_q90_threshold": 0.6390243239623867,
    "valid_buy_q95_threshold": 0.7593238848072256,
    "test_buy_auc": 0.43901196842373313,
    "test_buy_positive_rate": 0.21710526315789475,
    "test_buy_prob_mean": 0.601350440131304,
    "test_buy_prob_std": 0.17794540223088454,
    "test_buy_prob_min": 0.14764679462756575,
    "test_buy_prob_max": 0.8154345312678575,
    "test_buy_acc_05": 0.3355263157894737,
    "test_buy_precision_05": 0.19642857142857142,
    "test_buy_recall_05": 0.6666666666666666,
    "test_buy_f1_05": 0.30344827586206896,
    "test_buy_q90_threshold": 0.7761861352857528,
    "test_buy_q95_threshold": 0.793249086552143,
    "valid_sell_auc": 0.5811414392059553,
    "valid_sell_positive_rate": 0.3229166666666667,
    "valid_sell_prob_mean": 0.40705096562015547,
    "valid_sell_prob_std": 0.08465429491236405,
    "valid_sell_prob_min": 0.2340262892386143,
    "valid_sell_prob_max": 0.6094274019813961,
    "valid_sell_acc_05": 0.6510416666666666,
    "valid_sell_precision_05": 0.41935483870967744,
    "valid_sell_recall_05": 0.20967741935483872,
    "valid_sell_f1_05": 0.27956989247311825,
    "valid_sell_q90_threshold": 0.5268904576594663,
    "valid_sell_q95_threshold": 0.5588395679573952,
    "test_sell_auc": 0.5756326148078725,
    "test_sell_positive_rate": 0.3618421052631579,
    "test_sell_prob_mean": 0.37324908786262373,
    "test_sell_prob_std": 0.07778041892283842,
    "test_sell_prob_min": 0.2234004380703516,
    "test_sell_prob_max": 0.6010877640791635,
    "test_sell_acc_05": 0.6118421052631579,
    "test_sell_precision_05": 0.3,