{
  "model": "LSTM",
  "target_col_buy": "buy_label",
  "target_col_sell": "sell_label",
  "feature_count": 194,
  "lookback": 24,
  "params": {
    "hidden_dim": 256,
    "num_layers": 2,
    "dropout": 0.3,
    "output_dim": 1
  },
  "buy_fit": {
    "best_score": 0.5666613032984714,
    "best_valid_auc": 0.5666613032984714,
    "epochs_ran": 11,
    "pos_rate": 0.31454659949622166,
    "pos_weight": 2.179179179179179,
    "device": "cpu"
  },
  "sell_fit": {
    "best_score": 0.5676354064908282,
    "best_valid_auc": 0.5676354064908282,
    "epochs_ran": 20,
    "pos_rate": 0.3850755667506297,
    "pos_weight": 1.5968928863450533,
    "device": "cpu"
  },
  "valid_buy_auc": 0.5666613032984714,
  "valid_buy_positive_rate": 0.2912371134020619,
  "valid_buy_prob_mean": 0.5008490681648254,
  "valid_buy_prob_std": 0.0795278400182724,
  "valid_buy_prob_min": 0.31464913487434387,
  "valid_buy_prob_max": 0.7301849126815796,
  "valid_buy_acc_05": 0.5579896907216495,
  "valid_buy_precision_05": 0.332378223495702,
  "valid_buy_recall_05": 0.5132743362831859,
  "valid_buy_f1_05": 0.40347826086956523,
  "valid_buy_q90_threshold": 0.6235811710357666,
  "valid_buy_q95_threshold": 0.653843879699707,
  "test_buy_auc": 0.5363190155233555,
  "test_buy_positive_rate": 0.30541237113402064,
  "test_buy_prob_mean": 0.5132241249084473,
  "test_buy_prob_std": 0.07834085077047348,
  "test_buy_prob_min": 0.3031574785709381,
  "test_buy_prob_max": 0.7172704339027405,
  "test_buy_acc_05": 0.4884020618556701,
  "test_buy_precision_05": 0.3181818181818182,
  "test_buy_recall_05": 0.5907172995780591,
  "test_buy_f1_05": 0.413589364844904,
  "test_buy_q90_threshold": 0.6144719123840332,
  "test_buy_q95_threshold": 0.6459130644798279,
  "valid_sell_auc": 0.5676354064908282,
  "valid_sell_positive_rate": 0.42783505154639173,
  "valid_sell_prob_mean": 0.524427592754364,
  "valid_sell_prob_std": 0.31550896167755127,
  "valid_sell_prob_min": 0.003552664304152131,
  "valid_sell_prob_max": 0.997999370098114,
  "valid_sell_acc_05": 0.538659793814433,
  "valid_sell_precision_05": 0.4681372549019608,
  "valid_sell_recall_05": 0.5753012048192772,
  "valid_sell_f1_05": 0.5162162162162162,
  "valid_sell_q90_threshold": 0.9345697164535522,
  "valid_sell_q95_threshold": 0.9692891240119934,
  "test_sell_auc": 0.4887688544639217,
  "test_sell_positive_rate": 0.4252577319587629,
  "test_sell_prob_mean": 0.5695686936378479,
  "test_sell_prob_std": 0.28195056319236755,
  "test_sell_prob_min": 0.004064903128892183,
  "test_sell_prob_max": 0.9914652705192566,
  "test_sell_acc_05": 0.49871134020618557,
  "test_sell_precision_05": 0.43917525773195876,
  "test_sell_recall_05": 0.6454545454545455,
  "test_sell_f1_05": 0.5226993865030675,
  "test_sell_q90_threshold": 0.9181971549987793,
  "test_sell_q95_threshold": 0.9527285695075989
}