{
  "lookback": 12,
  "lookback_minutes": 60,
  "horizon": 1,
  "horizon_minutes": 5,
  "best_valid_auc": 0.6698583911972477,
  "valid_auc": 0.6698583911972477,
  "test_auc": 0.6153851371221943,
  "train_positive_rate": 0.19698184888138456,
  "valid_positive_rate": 0.22764468106083013,
  "test_positive_rate": 0.2503943217665615,
  "valid_action_metrics": {
    "accuracy": 0.43872621512373067,
    "buy_auc": 0.6698583911972477,
    "sell_auc": 0.6694325910086023,
    "buy_positive_rate": 0.22764468106083013,
    "sell_positive_rate": 0.24203884452331656,
    "hold_rate": 0.5303164744158533
  },
  "test_action_metrics": {
    "accuracy": 0.350256309148265,
    "buy_auc": 0.6153851371221943,
    "sell_auc": 0.6102509119259488,
    "buy_positive_rate": 0.2503943217665615,
    "sell_positive_rate": 0.2639984227129338,
    "hold_rate": 0.4856072555205047
  },
  "test_trade_return_mean_all": 7.931817234798281e-05,
  "test_trade_return_mean_label_1": -5.721009071876316e-05,
  "selected_threshold": 0.5257501542568207,
  "selected_quantile": 0.95,
  "selected_threshold_test_stats": {
    "threshold": 0.5257501542568207,
    "horizon": 1,
    "round_trip_cost": 0.003,
    "trade_count": 325,
    "win_rate": 0.27692307692307694,
    "gross_return_mean": -5.897874144728404e-06,
    "net_return_mean": -0.0030058978741447284,
    "gross_return_median": -0.0001819836214741466,
    "net_return_median": -0.0031819836214741467,
    "total_return": -0.6268679482209111,
    "max_drawdown": -0.6273934313106557,
    "per_trade_sharpe": -0.44523933879907335,
    "trades_per_year": 368.5694880170769,
    "bar_annualized_sharpe": -47.98680451276336,
    "sharpe": -8.547777695305198,
    "avg_pred_prob": 0.5422542476654053,
    "positive_label_rate": 0.6215384615384615,
    "buy_label_rate": 0.38461538461538464,
    "selected_by": "validation_net_return_mean",
    "selected_quantile": 0.95
  },
  "output_dir": "outputs\\diagnostics\\horizon_compare\\lb12_h1",
  "seed": 42
}