{
  "scenario_count": 12,
  "all_alpha_positive": false,
  "min_alpha_total_return": -0.011145116628999863,
  "worst_alpha_max_drawdown": -0.011749992859076852,
  "min_trade_count": 14
}