{
  "fold": 0,
  "model_summaries": {
    "transformer_lstm": {
      "model": "Transformer_LSTM",
      "target_col_buy": "buy_label",
      "target_col_sell": "sell_label",
      "feature_count": 194,
      "lookback": 8,
      "params": {
        "d_model": 128,
        "nhead": 4,
        "transformer_layers": 2,
        "transformer_dropout": 0.2,
        "lstm_hidden_dim": 128,
        "lstm_num_layers": 1,
        "output_dim": 1
      },
      "buy_fit": {
        "best_score": 0.5195753151957532,
        "best_valid_auc": 0.5195753151957532,
        "epochs_ran": 3,
        "pos_rate": 0.30574324324324326,
        "pos_weight": 2.270718232044199,
        "device": "cpu"
      },
      "sell_fit": {
        "best_score": 0.48214996682149963,
        "best_valid_auc": 0.48214996682149963,
        "epochs_ran": 3,
        "pos_rate": 0.33783783783783783,
        "pos_weight": 1.9600000000000002,
        "device": "cpu"
      },
      "valid_buy_auc": 0.5195753151957532,
      "valid_buy_positive_rate": 0.2864583333333333,
      "valid_buy_prob_mean": 0.5315679907798767,
      "valid_buy_prob_std": 0.06319355964660645,
      "valid_buy_prob_min": 0.33339259028434753,
      "valid_buy_prob_max": 0.6687750816345215,
      "valid_buy_acc_05": 0.421875,
      "valid_buy_precision_05": 0.2971014492753623,
      "valid_buy_recall_05": 0.7454545454545455,
      "valid_buy_f1_05": 0.42487046632124353,
      "valid_buy_q90_threshold": 0.6091201305389404,
      "valid_buy_q95_threshold": 0.6189324855804443,
      "test_buy_auc": 0.4921875,
      "test_buy_positive_rate": 0.21052631578947367,
      "test_buy_prob_mean": 0.47084689140319824,
      "test_buy_prob_std": 0.07073063403367996,
      "test_buy_prob_min": 0.27350297570228577,
      "test_buy_prob_max": 0.6356893181800842,
      "test_buy_acc_05": 0.5921052631578947,
      "test_buy_precision_05": 0.1875,
      "test_buy_recall_05": 0.28125,
      "test_buy_f1_05": 0.225,
      "test_buy_q90_threshold": 0.5496624708175659,
      "test_buy_q95_threshold": 0.5846084952354431,
      "valid_sell_auc": 0.48214996682149963,
      "valid_sell_positive_rate": 0.2864583333333333,
      "valid_sell_prob_mean": 0.4286895990371704,
      "valid_sell_prob_std": 0.08519811183214188,
      "valid_sell_prob_min": 0.2763546407222748,
      "valid_sell_prob_max": 0.6146400570869446,
      "valid_sell_acc_05": 0.625,
      "valid_sell_precision_05": 0.3111111111111111,
      "valid_sell_recall_05": 0.2545454545454545,
      "valid_sell_f1_05": 0.28,
      "valid_sell_q90_threshold": 0.5525564551353455,
      "valid_sell_q95_threshold": 0.5748097896575928,
      "test_sell_auc": 0.46352941176470586,
      "test_sell_positive_rate": 0.32894736842105265,
      "test_sell_prob_mean": 0.4428073465824127,
      "test_sell_prob_std": 0.07513948529958725,
      "test_sell_prob_min": 0.2813129723072052,
      "test_sell_prob_max": 0.5816065073013306,
      "test_sell_acc_05": 0.6052631578947368,
      "test_sell_precision_05": 0.3333333333333333,
      "test_sell_recall_05": 0.2,
      "test_sell_f1_05": 0.25,
      "test_sell_q90_threshold": 0.5417066216468811,
      "test_sell_q95_threshold": 0.5515124797821045
    },
    "lstm": {
      "model": "LSTM",
      "target_col_buy": "buy_label",
      "target_col_sell": "sell_label",
      "feature_count": 194,
      "lookback": 8,
      "params": {
        "hidden_dim": 256,
        "num_layers": 2,
        "dropout": 0.3,
        "output_dim": 1
      },
      "buy_fit": {
        "best_score": 0.5228931652289317,
        "best_valid_auc": 0.5228931652289317,
        "epochs_ran": 3,
        "pos_rate": 0.30574324324324326,
        "pos_weight": 2.270718232044199,
        "device": "cpu"
      },
      "sell_fit": {
        "best_score": 0.5457199734571997,
        "best_valid_auc": 0.5457199734571997,
        "epochs_ran": 3,
        "pos_rate": 0.33783783783783783,
        "pos_weight": 1.9600000000000002,
        "device": "cpu"
      },
      "valid_buy_auc": 0.5228931652289317,
      "valid_buy_positive_rate": 0.2864583333333333,
      "valid_buy_prob_mean": 0.40908145904541016,
      "valid_buy_prob_std": 0.03836335614323616,
      "valid_buy_prob_min": 0.3237185478210449,
      "valid_buy_prob_max": 0.5182876586914062,
      "valid_buy_acc_05": 0.6979166666666666,
      "valid_buy_precision_05": 0.0,
      "valid_buy_recall_05": 0.0,
      "valid_buy_f1_05": 0.0,
      "valid_buy_q90_threshold": 0.4596632719039917,
      "valid_buy_q95_threshold": 0.4839230179786682,
      "test_buy_auc": 0.41328125,
      "test_buy_positive_rate": 0.21052631578947367,
      "test_buy_prob_mean": 0.3381020426750183,
      "test_buy_prob_std": 0.046804316341876984,
      "test_buy_prob_min": 0.2556634545326233,
      "test_buy_prob_max": 0.47761639952659607,
      "test_buy_acc_05": 0.7894736842105263,
      "test_buy_precision_05": 0.0,
      "test_buy_recall_05": 0.0,
      "test_buy_f1_05": 0.0,
      "test_buy_q90_threshold": 0.3897932469844818,
      "test_buy_q95_threshold": 0.44776567816734314,
      "valid_sell_auc": 0.5457199734571997,
      "valid_sell_positive_rate": 0.2864583333333333,
      "valid_sell_prob_mean": 0.381678968667984,
      "valid_sell_prob_std": 0.0530146099627018,
      "valid_sell_prob_min": 0.31024378538131714,
      "valid_sell_prob_max": 0.5387560725212097,
      "valid_sell_acc_05": 0.6875,
      "valid_sell_precision_05": 0.2222222222222222,
      "valid_sell_recall_05": 0.03636363636363636,
      "valid_sell_f1_05": 0.0625,
      "valid_sell_q90_threshold": 0.4439450204372406,
      "valid_sell_q95_threshold": 0.4935579299926758,
      "test_sell_auc": 0.5556862745098039,
      "test_sell_positive_rate": 0.32894736842105265,
      "test_sell_prob_mean": 0.3767472505569458,
      "test_sell_prob_std": 0.041394319385290146,
      "test_sell_prob_min": 0.3088466227054596,
      "test_sell_prob_max": 0.458074688911438,
      "test_sell_acc_05": 0.6710526315789473,
      "test_sell_precision_05": 0.0,
      "test_sell_recall_05": 0.0,
      "test_sell_f1_05": 0.0,
      "test_sell_q90_threshold": 0.44120609760284424,
      "test_sell_q95_threshold": 0.4459359347820282
    },
    "cnn": {
      "model": "CNN",
      "target_col_buy": "buy_label",
      "target_col_sell": "sell_label",
      "feature_count": 194,
      "lookback": 8,
      "params": {
        "channels": 64,
        "kernel_size": 3,
        "dropout": 0.3,
        "output_dim": 1
      },
      "buy_fit": {
        "best_score": 0.4637027206370273,
        "best_valid_auc": 0.4637027206370273,
        "epochs_ran": 3,
        "pos_rate": 0.30574324324324326,
        "pos_weight": 2.270718232044199,
        "device": "cpu"
      },
      "sell_fit": {
        "best_score": 0.527007299270073,
        "best_valid_auc": 0.527007299270073,
        "epochs_ran": 3,
        "pos_rate": 0.33783783783783783,
        "pos_weight": 1.9600000000000002,
        "device": "cpu"
      },
      "valid_buy_auc": 0.4637027206370273,
      "valid_buy_positive_rate": 0.2864583333333333,
      "valid_buy_prob_mean": 0.4451347291469574,
      "valid_buy_prob_std": 0.07985993474721909,
      "valid_buy_prob_min": 0.29861292243003845,
      "valid_buy_prob_max": 0.6102766394615173,
      "valid_buy_acc_05": 0.578125,
      "valid_buy_precision_05": 0.25925925925925924,
      "valid_buy_recall_05": 0.2545454545454545,
      "valid_buy_f1_05": 0.25688073394495414,
      "valid_buy_q90_threshold": 0.5562700629234314,
      "valid_buy_q95_threshold": 0.5753785967826843,
      "test_buy_auc": 0.38593750000000004,
      "test_buy_positive_rate": 0.21052631578947367,
      "test_buy_prob_mean": 0.37265560030937195,
      "test_buy_prob_std": 0.06784942746162415,
      "test_buy_prob_min": 0.2809859812259674,
      "test_buy_prob_max": 0.536615252494812,
      "test_buy_acc_05": 0.7631578947368421,
      "test_buy_precision_05": 0.35714285714285715,
      "test_buy_recall_05": 0.15625,