{
  "total_return": -0.022933492290306168,
  "annualized_return": -0.8148523837645323,
  "max_drawdown": -0.03226811114568584,
  "sharpe": -12.194547668008191,
  "sortino": -20.39101962540536,
  "calmar": -25.252559100394567,
  "trade_count": 1,
  "win_rate": 0.0,
  "avg_net_return_per_trade": -0.007433489589908634,
  "median_net_return_per_trade": -0.007433489589908634,
  "backtest_mode": "a_share_inventory_t0",
  "trade_direction_mode": "sell_only",
  "buy_threshold": 0.4912304569405676,
  "sell_threshold": 0.6888126702694877,
  "initial_capital": 1000000.0,
  "final_equity": 976978.5717239999,
  "final_benchmark_equity": 977950.0,
  "final_alpha_equity": 999028.5717239999,
  "alpha_total_return": -0.0009714282760000525,
  "alpha_sharpe": -7.675153750798127,
  "alpha_sortino": -2.5890688623407825,
  "alpha_calmar": -49.33774309419658,
  "alpha_max_drawdown": -0.0013826259609993619,
  "base_shares": 9000,
  "ending_shares": 9000,
  "base_position_pct": 0.6,
  "max_t0_trade_pct": 0.3,
  "max_participation_rate": 0.05,
  "commission_rate": 0.0015,
  "slippage_rate": 0.0005,
  "tp": 0.003,
  "sl": 0.002,
  "no_overnight": true
}