{
  "total_return": 0.07844659162584944,
  "annualized_return": 2.0110830762653826,
  "max_drawdown": -0.04453888448702248,
  "sharpe": 4.223681034463775,
  "sortino": 7.205580012099378,
  "calmar": 45.153422664893235,
  "trade_count": 3,
  "win_rate": 0.3333333333333333,
  "avg_net_return_per_trade": -0.001122177286302555,
  "median_net_return_per_trade": -0.002524113886607557,
  "backtest_mode": "a_share_inventory_t0",
  "trade_direction_mode": "sell_only",
  "buy_threshold": 0.9503372311592102,
  "sell_threshold": 0.5626334697008133,
  "initial_capital": 1000000.0,
  "final_equity": 1077989.330271,
  "final_benchmark_equity": 1078122.0,
  "final_alpha_equity": 999867.330271,
  "alpha_total_return": -0.00013266972899994567,
  "alpha_sharpe": -0.20086462801080504,
  "alpha_sortino": -0.06781612344111049,
  "alpha_calmar": -0.846785450807307,
  "alpha_max_drawdown": -0.0022847306430141545,
  "base_shares": 10600,
  "ending_shares": 10600,
  "base_position_pct": 0.6,
  "max_t0_trade_pct": 0.3,
  "max_participation_rate": 0.05,
  "commission_rate": 0.001,
  "slippage_rate": 0.0005,
  "tp": 0.004,
  "sl": 0.003,
  "stop_loss_cooldown_bars": 6,
  "daily_max_trades": 0,
  "daily_max_losses": 2,
  "daily_loss_limit": 0.0,
  "no_overnight": true
}