model_label,epoch,train_loss,valid_loss,valid_auc,valid_prob_mean,valid_prob_max
MLP_buy,1,1.519874907828666,1.748439908027649,0.5223901098901098,0.19056729972362518,0.5119584798812866
MLP_buy,2,1.0070810124680802,1.633611798286438,0.5291208791208791,0.24395513534545898,0.5953314304351807
MLP_buy,3,0.8636121588784296,1.5700669288635254,0.513598901098901,0.27355489134788513,0.6632511615753174
