model_label,epoch,train_loss,valid_loss,valid_auc,valid_prob_mean,valid_prob_max
MLP_sell,1,1.2486325244645815,1.0012239217758179,0.5040942928039702,0.3138653635978699,0.7637436985969543
MLP_sell,2,0.9121741507504437,1.0135184526443481,0.477667493796526,0.32899296283721924,0.7277877330780029
MLP_sell,3,0.7970748028239688,1.0215917825698853,0.47196029776674936,0.35990461707115173,0.822845458984375
