{
  "model": "MLP",
  "target_col_buy": "buy_label",
  "target_col_sell": "sell_label",
  "feature_count": 194,
  "lookback": 8,
  "params": {
    "lookback": 8,
    "hidden_dim": 256,
    "dropout": 0.3,
    "output_dim": 1
  },
  "buy_fit": {
    "best_score": 0.5291208791208791,
    "best_valid_auc": 0.5291208791208791,
    "epochs_ran": 3,
    "pos_rate": 0.23986486486486486,
    "pos_weight": 3.169014084507042,
    "device": "cpu"
  },
  "sell_fit": {
    "best_score": 0.5040942928039702,
    "best_valid_auc": 0.5040942928039702,
    "epochs_ran": 3,
    "pos_rate": 0.3581081081081081,
    "pos_weight": 1.7924528301886793,
    "device": "cpu"
  },
  "valid_buy_auc": 0.5291208791208791,
  "valid_buy_positive_rate": 0.2708333333333333,
  "valid_buy_prob_mean": 0.24395513534545898,
  "valid_buy_prob_std": 0.14180941879749298,
  "valid_buy_prob_min": 0.008525455370545387,
  "valid_buy_prob_max": 0.5953314304351807,
  "valid_buy_acc_05": 0.7135416666666666,
  "valid_buy_precision_05": 0.38461538461538464,
  "valid_buy_recall_05": 0.09615384615384616,
  "valid_buy_f1_05": 0.15384615384615385,
  "valid_buy_q90_threshold": 0.46117791533470154,
  "valid_buy_q95_threshold": 0.5350689888000488,
  "test_buy_auc": 0.5011459129106188,
  "test_buy_positive_rate": 0.21710526315789475,
  "test_buy_prob_mean": 0.3027966022491455,
  "test_buy_prob_std": 0.12709762156009674,
  "test_buy_prob_min": 0.04286902770400047,
  "test_buy_prob_max": 0.5930525064468384,
  "test_buy_acc_05": 0.7368421052631579,
  "test_buy_precision_05": 0.1111111111111111,
  "test_buy_recall_05": 0.030303030303030304,
  "test_buy_f1_05": 0.047619047619047616,
  "test_buy_q90_threshold": 0.47160130739212036,
  "test_buy_q95_threshold": 0.504605233669281,
  "valid_sell_auc": 0.5040942928039702,
  "valid_sell_positive_rate": 0.3229166666666667,
  "valid_sell_prob_mean": 0.3138653635978699,
  "valid_sell_prob_std": 0.1398833692073822,
  "valid_sell_prob_min": 0.0566144660115242,
  "valid_sell_prob_max": 0.7637436985969543,
  "valid_sell_acc_05": 0.640625,
  "valid_sell_precision_05": 0.3333333333333333,
  "valid_sell_recall_05": 0.11290322580645161,
  "valid_sell_f1_05": 0.1686746987951807,
  "valid_sell_q90_threshold": 0.5028893947601318,
  "valid_sell_q95_threshold": 0.5882390737533569,
  "test_sell_auc": 0.5830277632268204,
  "test_sell_positive_rate": 0.45394736842105265,
  "test_sell_prob_mean": 0.19364316761493683,
  "test_sell_prob_std": 0.10289251804351807,
  "test_sell_prob_min": 0.014761026948690414,
  "test_sell_prob_max": 0.6029368042945862,
  "test_sell_acc_05": 0.5328947368421053,
  "test_sell_precision_05": 0.0,
  "test_sell_recall_05": 0.0,
  "test_sell_f1_05": 0.0,
  "test_sell_q90_threshold": 0.328309565782547,
  "test_sell_q95_threshold": 0.37235984206199646
}