{
  "model": "LSTM",
  "target_col_buy": "buy_label",
  "target_col_sell": "sell_label",
  "feature_count": 194,
  "lookback": 32,
  "params": {
    "hidden_dim": 256,
    "num_layers": 2,
    "dropout": 0.3,
    "output_dim": 1
  },
  "buy_fit": {
    "best_score": 0.5272498981946518,
    "best_valid_auc": 0.5272498981946518,
    "epochs_ran": 11,
    "pos_rate": 0.26988636363636365,
    "pos_weight": 2.705263157894737,
    "device": "cpu"
  },
  "sell_fit": {
    "best_score": 0.5546740910061615,
    "best_valid_auc": 0.5546740910061615,
    "epochs_ran": 17,
    "pos_rate": 0.33964646464646464,
    "pos_weight": 1.9442379182156135,
    "device": "cpu"
  },
  "valid_buy_auc": 0.5272498981946518,
  "valid_buy_positive_rate": 0.2760416666666667,
  "valid_buy_prob_mean": 0.5479884147644043,
  "valid_buy_prob_std": 0.10816261917352676,
  "valid_buy_prob_min": 0.33588704466819763,
  "valid_buy_prob_max": 0.835485577583313,
  "valid_buy_acc_05": 0.4453125,
  "valid_buy_precision_05": 0.2723404255319149,
  "valid_buy_recall_05": 0.6037735849056604,
  "valid_buy_f1_05": 0.375366568914956,
  "valid_buy_q90_threshold": 0.700709342956543,
  "valid_buy_q95_threshold": 0.7473481893539429,
  "test_buy_auc": 0.511844790617169,
  "test_buy_positive_rate": 0.26953125,
  "test_buy_prob_mean": 0.5116008520126343,
  "test_buy_prob_std": 0.10381598025560379,
  "test_buy_prob_min": 0.29051104187965393,
  "test_buy_prob_max": 0.8142267465591431,
  "test_buy_acc_05": 0.5143229166666666,
  "test_buy_precision_05": 0.2804232804232804,
  "test_buy_recall_05": 0.5120772946859904,
  "test_buy_f1_05": 0.3623931623931624,
  "test_buy_q90_threshold": 0.6622300744056702,
  "test_buy_q95_threshold": 0.7340202331542969,
  "valid_sell_auc": 0.5546740910061615,
  "valid_sell_positive_rate": 0.3111979166666667,
  "valid_sell_prob_mean": 0.5343056321144104,
  "valid_sell_prob_std": 0.22984592616558075,
  "valid_sell_prob_min": 0.12286274135112762,
  "valid_sell_prob_max": 0.9697068333625793,
  "valid_sell_acc_05": 0.5208333333333334,
  "valid_sell_precision_05": 0.3399503722084367,
  "valid_sell_recall_05": 0.5732217573221757,
  "valid_sell_f1_05": 0.42679127725856697,
  "valid_sell_q90_threshold": 0.8617860078811646,
  "valid_sell_q95_threshold": 0.9047144651412964,
  "test_sell_auc": 0.5090610083831375,
  "test_sell_positive_rate": 0.3033854166666667,
  "test_sell_prob_mean": 0.5117129683494568,
  "test_sell_prob_std": 0.20697270333766937,
  "test_sell_prob_min": 0.09265418350696564,
  "test_sell_prob_max": 0.9542107582092285,
  "test_sell_acc_05": 0.5143229166666666,
  "test_sell_precision_05": 0.32926829268292684,
  "test_sell_recall_05": 0.5793991416309013,
  "test_sell_f1_05": 0.4199066874027994,
  "test_sell_q90_threshold": 0.7896232604980469,
  "test_sell_q95_threshold": 0.8455706834793091
}