{
  "total_return": -0.09734495559680345,
  "annualized_return": -0.8174236786132859,
  "max_drawdown": -0.11487578475994575,
  "sharpe": -6.538540866960661,
  "sortino": -10.354758583822067,
  "calmar": -7.115717906271058,
  "trade_count": 19,
  "win_rate": 0.42105263157894735,
  "avg_net_return_per_trade": -0.002966691956580173,
  "median_net_return_per_trade": -0.0052289312446448495,
  "backtest_mode": "a_share_inventory_t0",
  "trade_direction_mode": "sell_only",
  "buy_threshold": 0.6345955163240432,
  "sell_threshold": 0.8463670790195469,
  "initial_capital": 1000000.0,
  "final_equity": 906218.7265185004,
  "final_benchmark_equity": 912204.0,
  "final_alpha_equity": 994014.7265185004,
  "alpha_total_return": -0.005985273481499687,
  "alpha_sharpe": -7.6637507096897535,
  "alpha_sortino": -3.109268467481479,
  "alpha_calmar": -12.740032451300072,
  "alpha_max_drawdown": -0.0074470849726284705,
  "base_shares": 9400,
  "ending_shares": 9400,
  "base_position_pct": 0.6,
  "max_t0_trade_pct": 0.3,
  "max_participation_rate": 0.05,
  "commission_rate": 0.001,
  "slippage_rate": 0.0005,
  "tp": 0.003,
  "sl": 0.002,
  "stop_loss_cooldown_bars": 6,
  "daily_max_trades": 0,
  "daily_max_losses": 2,
  "daily_loss_limit": 0.0,
  "no_overnight": true
}