{
  "total_return": 0.07592350568841222,
  "annualized_return": 1.9098808108457526,
  "max_drawdown": -0.04422230874690869,
  "sharpe": 4.0996377221999944,
  "sortino": 6.965639419668431,
  "calmar": 43.18817504025636,
  "trade_count": 4,
  "win_rate": 0.25,
  "avg_net_return_per_trade": -0.004178387287940174,
  "median_net_return_per_trade": -0.0038466922832809357,
  "backtest_mode": "a_share_inventory_t0",
  "trade_direction_mode": "sell_only",
  "buy_threshold": 0.6006682366132736,
  "sell_threshold": 0.621973305940628,
  "initial_capital": 1000000.0,
  "final_equity": 1075467.3141220002,
  "final_benchmark_equity": 1078122.0,
  "final_alpha_equity": 997345.3141220002,
  "alpha_total_return": -0.002654685877999774,
  "alpha_sharpe": -2.503397558811157,
  "alpha_sortino": -0.6213862144512597,
  "alpha_calmar": -7.265839244095237,
  "alpha_max_drawdown": -0.005237630129196313,
  "base_shares": 10600,
  "ending_shares": 10600,
  "base_position_pct": 0.6,
  "max_t0_trade_pct": 0.3,
  "max_participation_rate": 0.02,
  "commission_rate": 0.001,
  "slippage_rate": 0.001,
  "tp": 0.003,
  "sl": 0.002,
  "stop_loss_cooldown_bars": 0,
  "daily_max_trades": 0,
  "daily_max_losses": 0,
  "daily_loss_limit": 0.0,
  "no_overnight": true
}