{
  "total_return": 0.07289738414062552,
  "annualized_return": 1.792681909317368,
  "max_drawdown": -0.04864321531704452,
  "sharpe": 3.92995949462354,
  "sortino": 6.68459972660145,
  "calmar": 36.85368859013756,
  "trade_count": 2,
  "win_rate": 0.0,
  "avg_net_return_per_trade": -0.010925370480530324,
  "median_net_return_per_trade": -0.010925370480530324,
  "backtest_mode": "a_share_inventory_t0",
  "trade_direction_mode": "sell_only",
  "buy_threshold": 0.6164289712905884,
  "sell_threshold": 0.62716144323349,
  "initial_capital": 1000000.0,
  "final_equity": 1072442.4756497499,
  "final_benchmark_equity": 1078122.0,
  "final_alpha_equity": 994320.4756497499,
  "alpha_total_return": -0.005679524350250098,
  "alpha_sharpe": -6.1787144789267465,
  "alpha_sortino": -0.8418724630254493,
  "alpha_calmar": -14.0455012799433,
  "alpha_max_drawdown": -0.005679524350250098,
  "base_shares": 10600,
  "ending_shares": 10600,
  "base_position_pct": 0.6,
  "max_t0_trade_pct": 0.3,
  "max_participation_rate": 0.02,
  "commission_rate": 0.0015,
  "slippage_rate": 0.00075,
  "tp": 0.003,
  "sl": 0.002,
  "stop_loss_cooldown_bars": 6,
  "daily_max_trades": 0,
  "daily_max_losses": 2,
  "daily_loss_limit": 0.0,
  "no_overnight": true
}