model_label,epoch,train_loss,valid_loss,valid_auc,valid_prob_mean,valid_prob_max
MLP_buy,1,1.2956197954512931,0.9139947891235352,0.5974526562761856,0.2535747289657593,0.5932461023330688
MLP_buy,2,1.0203758204305493,0.8546090126037598,0.6024803083626612,0.327257364988327,0.6920539140701294
MLP_buy,3,0.8337004458582079,0.854433536529541,0.6125356125356125,0.36825141310691833,0.7477560043334961
