model_label,epoch,train_loss,valid_loss,valid_auc,valid_prob_mean,valid_prob_max
MLP_sell,1,1.2018722940135647,1.28226637840271,0.5468513560703061,0.2645200490951538,0.6953290700912476
MLP_sell,2,0.9430643432849163,1.2440381050109863,0.5880572692352461,0.2806704044342041,0.7831351161003113
MLP_sell,3,0.8300819767488016,1.1662284135818481,0.5985333488534512,0.3369453251361847,0.8332706093788147
