{
  "model": "MLP",
  "target_col_buy": "buy_label",
  "target_col_sell": "sell_label",
  "feature_count": 194,
  "lookback": 8,
  "params": {
    "lookback": 8,
    "hidden_dim": 256,
    "dropout": 0.3,
    "output_dim": 1
  },
  "buy_fit": {
    "best_score": 0.6125356125356125,
    "best_valid_auc": 0.6125356125356125,
    "epochs_ran": 3,
    "pos_rate": 0.28716216216216217,
    "pos_weight": 2.4823529411764707,
    "device": "cpu"
  },
  "sell_fit": {
    "best_score": 0.5985333488534512,
    "best_valid_auc": 0.5985333488534512,
    "epochs_ran": 3,
    "pos_rate": 0.32094594594594594,
    "pos_weight": 2.1157894736842104,
    "device": "cpu"
  },
  "valid_buy_auc": 0.6125356125356125,
  "valid_buy_positive_rate": 0.203125,
  "valid_buy_prob_mean": 0.36825141310691833,
  "valid_buy_prob_std": 0.14936493337154388,
  "valid_buy_prob_min": 0.08724042028188705,
  "valid_buy_prob_max": 0.7477560043334961,
  "valid_buy_acc_05": 0.7135416666666666,
  "valid_buy_precision_05": 0.3,
  "valid_buy_recall_05": 0.3076923076923077,
  "valid_buy_f1_05": 0.3037974683544304,
  "valid_buy_q90_threshold": 0.5814062356948853,
  "valid_buy_q95_threshold": 0.6309734582901001,
  "test_buy_auc": 0.44754098360655736,
  "test_buy_positive_rate": 0.19736842105263158,
  "test_buy_prob_mean": 0.4611213207244873,
  "test_buy_prob_std": 0.2330968677997589,
  "test_buy_prob_min": 0.033596161752939224,
  "test_buy_prob_max": 0.939328670501709,
  "test_buy_acc_05": 0.5197368421052632,
  "test_buy_precision_05": 0.15873015873015872,
  "test_buy_recall_05": 0.3333333333333333,
  "test_buy_f1_05": 0.21505376344086022,
  "test_buy_q90_threshold": 0.8102334141731262,
  "test_buy_q95_threshold": 0.860197126865387,
  "valid_sell_auc": 0.5985333488534512,
  "valid_sell_positive_rate": 0.3697916666666667,
  "valid_sell_prob_mean": 0.3369453251361847,
  "valid_sell_prob_std": 0.14409387111663818,
  "valid_sell_prob_min": 0.007631184067577124,
  "valid_sell_prob_max": 0.8332706093788147,
  "valid_sell_acc_05": 0.625,
  "valid_sell_precision_05": 0.4782608695652174,
  "valid_sell_recall_05": 0.15492957746478872,
  "valid_sell_f1_05": 0.23404255319148937,
  "valid_sell_q90_threshold": 0.5197511911392212,
  "valid_sell_q95_threshold": 0.5728076696395874,
  "test_sell_auc": 0.4440696022727273,
  "test_sell_positive_rate": 0.42105263157894735,
  "test_sell_prob_mean": 0.3238656222820282,
  "test_sell_prob_std": 0.16710367798805237,
  "test_sell_prob_min": 0.005379077512770891,
  "test_sell_prob_max": 0.8582888841629028,
  "test_sell_acc_05": 0.4934210526315789,
  "test_sell_precision_05": 0.19047619047619047,
  "test_sell_recall_05": 0.0625,
  "test_sell_f1_05": 0.09411764705882353,
  "test_sell_q90_threshold": 0.5425720810890198,
  "test_sell_q95_threshold": 0.6524448990821838
}