{
  "total_return": -0.00027416260948420756,
  "annualized_return": -0.019736068708912535,
  "max_drawdown": -0.02523470194036459,
  "sharpe": 1.5078452305394403,
  "sortino": 2.610221952642219,
  "calmar": -0.7821003297583387,
  "trade_count": 1,
  "win_rate": 1.0,
  "avg_net_return_per_trade": 0.0038146875632233427,
  "median_net_return_per_trade": 0.0038146875632233427,
  "backtest_mode": "a_share_inventory_t0",
  "trade_direction_mode": "sell_only",
  "buy_threshold": 0.6109327335007458,
  "sell_threshold": 0.6959225672483444,
  "initial_capital": 1000000.0,
  "final_equity": 1003294.8586299999,
  "final_benchmark_equity": 1002520.0,
  "final_alpha_equity": 1000774.8586299999,
  "alpha_total_return": 0.0007748586299998195,
  "alpha_sharpe": 7.750508200961637,
  "alpha_sortino": 4.161161403430745,
  "alpha_calmar": 214.98830465245004,
  "alpha_max_drawdown": -0.0002694251099137901,
  "base_shares": 10500,
  "ending_shares": 10500,
  "base_position_pct": 0.6,
  "max_t0_trade_pct": 0.3,
  "max_participation_rate": 0.05,
  "commission_rate": 0.001,
  "slippage_rate": 0.0005,
  "tp": 0.003,
  "sl": 0.002,
  "no_overnight": true
}