{
  "total_return": -0.09911752640954541,
  "annualized_return": -0.8228999722823154,
  "max_drawdown": -0.11873917239185672,
  "sharpe": -6.464166330784636,
  "sortino": -10.339115629264734,
  "calmar": -6.930315882332619,
  "trade_count": 17,
  "win_rate": 0.29411764705882354,
  "avg_net_return_per_trade": -0.004256076938885447,
  "median_net_return_per_trade": -0.006513232766201079,
  "backtest_mode": "a_share_inventory_t0",
  "trade_direction_mode": "sell_only",
  "buy_threshold": 0.6601430773735046,
  "sell_threshold": 0.8602267056703568,
  "initial_capital": 1000000.0,
  "final_equity": 905247.2491750004,
  "final_benchmark_equity": 913740.0,
  "final_alpha_equity": 991507.2491750004,
  "alpha_total_return": -0.008492750824999673,
  "alpha_sharpe": -9.147077805786472,
  "alpha_sortino": -3.8178870865377297,
  "alpha_calmar": -13.42243579147842,
  "alpha_max_drawdown": -0.009826602740328427,
  "base_shares": 9500,
  "ending_shares": 9500,
  "base_position_pct": 0.6,
  "max_t0_trade_pct": 0.3,
  "max_participation_rate": 0.05,
  "commission_rate": 0.001,
  "slippage_rate": 0.001,
  "tp": 0.003,
  "sl": 0.002,
  "stop_loss_cooldown_bars": 0,
  "daily_max_trades": 0,
  "daily_max_losses": 0,
  "daily_loss_limit": 0.0,
  "no_overnight": true
}