{
  "total_return": 0.07653676944974719,
  "annualized_return": 1.9341834162901863,
  "max_drawdown": -0.04453888448702248,
  "sharpe": 4.127136987023161,
  "sortino": 7.0397191883090295,
  "calmar": 43.42684911324528,
  "trade_count": 6,
  "win_rate": 0.3333333333333333,
  "avg_net_return_per_trade": -0.0029400422581813755,
  "median_net_return_per_trade": -0.003672580300046355,
  "backtest_mode": "a_share_inventory_t0",
  "trade_direction_mode": "sell_only",
  "buy_threshold": 0.9503372311592102,
  "sell_threshold": 0.5506287217140198,
  "initial_capital": 1000000.0,
  "final_equity": 1076080.3178595004,
  "final_benchmark_equity": 1078122.0,
  "final_alpha_equity": 997958.3178595004,
  "alpha_total_return": -0.002041682140499601,
  "alpha_sharpe": -2.4167536380053187,
  "alpha_sortino": -0.8870709203590214,
  "alpha_calmar": -10.50687957105336,
  "alpha_max_drawdown": -0.0027972081688217854,
  "base_shares": 10600,
  "ending_shares": 10600,
  "base_position_pct": 0.6,
  "max_t0_trade_pct": 0.3,
  "max_participation_rate": 0.05,
  "commission_rate": 0.001,
  "slippage_rate": 0.0005,
  "tp": 0.004,
  "sl": 0.003,
  "stop_loss_cooldown_bars": 6,
  "daily_max_trades": 0,
  "daily_max_losses": 2,
  "daily_loss_limit": 0.0,
  "no_overnight": true
}