{
  "total_return": -0.037921297208443394,
  "annualized_return": -0.18493411580636432,
  "max_drawdown": -0.09451533654630262,
  "sharpe": -1.2854889385601638,
  "sortino": -1.474763783770403,
  "calmar": -1.9566572216114997,
  "trade_count": 46,
  "win_rate": 0.1956521739130435,
  "avg_net_return_per_trade": -0.004769553957181012,
  "median_net_return_per_trade": -0.005912257332107037,
  "backtest_mode": "a_share_inventory_t0",
  "trade_direction_mode": "sell_only",
  "buy_threshold": 0.5876382724393838,
  "sell_threshold": 0.7648406952126675,
  "initial_capital": 1000000.0,
  "final_equity": 961972.8741342495,
  "final_benchmark_equity": 986910.0,
  "final_alpha_equity": 975062.8741342495,
  "alpha_total_return": -0.024937125865750476,
  "alpha_sharpe": -10.449951083864718,
  "alpha_sortino": -4.673548747695872,
  "alpha_calmar": -4.722285202173859,
  "alpha_max_drawdown": -0.026478702774904384,
  "base_shares": 11000,
  "ending_shares": 11000,
  "base_position_pct": 0.6,
  "max_t0_trade_pct": 0.3,
  "max_participation_rate": 0.02,
  "commission_rate": 0.001,
  "slippage_rate": 0.00075,
  "tp": 0.003,
  "sl": 0.002,
  "no_overnight": true
}