{
  "total_return": -0.09587945908254203,
  "annualized_return": -0.812438811275004,
  "max_drawdown": -0.11332972059025159,
  "sharpe": -6.392087752274807,
  "sortino": -10.14334719472548,
  "calmar": -7.168806267619868,
  "trade_count": 9,
  "win_rate": 0.4444444444444444,
  "avg_net_return_per_trade": -0.003857847316969634,
  "median_net_return_per_trade": -0.00680469645836945,
  "backtest_mode": "a_share_inventory_t0",
  "trade_direction_mode": "sell_only",
  "buy_threshold": 0.6345955163240432,
  "sell_threshold": 0.9112650871276854,
  "initial_capital": 1000000.0,
  "final_equity": 907690.008813,
  "final_benchmark_equity": 912204.0,
  "final_alpha_equity": 995486.008813,
  "alpha_total_return": -0.0045139911869999105,
  "alpha_sharpe": -7.907299696407419,
  "alpha_sortino": -2.0735730811527437,
  "alpha_calmar": -14.592657987837073,
  "alpha_max_drawdown": -0.004959450848975644,
  "base_shares": 9400,
  "ending_shares": 9400,
  "base_position_pct": 0.6,
  "max_t0_trade_pct": 0.3,
  "max_participation_rate": 0.05,
  "commission_rate": 0.001,
  "slippage_rate": 0.0005,
  "tp": 0.003,
  "sl": 0.002,
  "stop_loss_cooldown_bars": 6,
  "daily_max_trades": 0,
  "daily_max_losses": 2,
  "daily_loss_limit": 0.0,
  "no_overnight": true
}