{
  "scenario_count": 12,
  "all_alpha_positive": false,
  "min_alpha_total_return": -0.003848856816999646,
  "worst_alpha_max_drawdown": -0.005963798273211696,
  "min_trade_count": 4
}