{
  "scenario_count": 12,
  "all_alpha_positive": false,
  "min_alpha_total_return": -0.004186938988499755,
  "worst_alpha_max_drawdown": -0.005468071545499997,
  "min_trade_count": 6
}