{
  "total_return": -0.05024273751160446,
  "annualized_return": -0.5742089651094293,
  "max_drawdown": -0.07909161788126806,
  "sharpe": -2.521738609612056,
  "sortino": -2.393206581890681,
  "calmar": -7.260048289458801,
  "trade_count": 5,
  "win_rate": 0.2,
  "avg_net_return_per_trade": -0.005555011523139283,
  "median_net_return_per_trade": -0.005322679719742538,
  "backtest_mode": "a_share_inventory_t0",
  "trade_direction_mode": "sell_only",
  "buy_threshold": 0.7298367828130722,
  "sell_threshold": 0.8908113062381745,
  "initial_capital": 1000000.0,
  "final_equity": 949384.9576415,
  "final_benchmark_equity": 953450.0,
  "final_alpha_equity": 995934.9576415,
  "alpha_total_return": -0.004065042358499915,
  "alpha_sharpe": -8.142187970292488,
  "alpha_sortino": -1.4636693591147145,
  "alpha_calmar": -14.64611412916213,
  "alpha_max_drawdown": -0.004454506678510772,
  "base_shares": 9800,
  "ending_shares": 9800,
  "base_position_pct": 0.6,
  "max_t0_trade_pct": 0.3,
  "max_participation_rate": 0.05,
  "commission_rate": 0.001,
  "slippage_rate": 0.0005,
  "tp": 0.003,
  "sl": 0.002,
  "stop_loss_cooldown_bars": 6,
  "daily_max_trades": 0,
  "daily_max_losses": 2,
  "daily_loss_limit": 0.0,
  "no_overnight": true
}