{
  "total_return": -0.05435923793385733,
  "annualized_return": -0.6042287573482947,
  "max_drawdown": -0.08045150408028445,
  "sharpe": -2.7839993806819336,
  "sortino": -2.637426458265049,
  "calmar": -7.510471858242956,
  "trade_count": 14,
  "win_rate": 0.07142857142857142,
  "avg_net_return_per_trade": -0.0077665197368448164,
  "median_net_return_per_trade": -0.007804780749677217,
  "backtest_mode": "a_share_inventory_t0",
  "trade_direction_mode": "sell_only",
  "buy_threshold": 0.7235490381717682,
  "sell_threshold": 0.8430290222167969,
  "initial_capital": 1000000.0,
  "final_equity": 944806.7069140003,
  "final_benchmark_equity": 953940.0,
  "final_alpha_equity": 990866.7069140003,
  "alpha_total_return": -0.009133293085999639,
  "alpha_sharpe": -10.978291448914245,
  "alpha_sortino": -3.651679040599952,
  "alpha_calmar": -14.278751481382843,
  "alpha_max_drawdown": -0.009885379547662332,
  "base_shares": 9800,
  "ending_shares": 9800,
  "base_position_pct": 0.6,
  "max_t0_trade_pct": 0.3,
  "max_participation_rate": 0.05,
  "commission_rate": 0.001,
  "slippage_rate": 0.001,
  "tp": 0.003,
  "sl": 0.002,
  "stop_loss_cooldown_bars": 6,
  "daily_max_trades": 0,
  "daily_max_losses": 2,
  "daily_loss_limit": 0.0,
  "no_overnight": true
}