model,side,valid_auc,raw_weight,weight,weight_method
transformer_lstm,buy,0.5839285714285715,0.08392857142857146,0.33887964503605117,valid_auc_edge_over_0p5
lstm,buy,0.5689560439560439,0.06895604395604393,0.2784248474764281,valid_auc_edge_over_0p5
cnn,buy,0.5656593406593406,0.06565934065934065,0.26511369938990564,valid_auc_edge_over_0p5
mlp,buy,0.5291208791208791,0.02912087912087913,0.1175818080976151,valid_auc_edge_over_0p5
