{
  "model": "auc_weighted_ensemble",
  "member_models": [
    "transformer_lstm",
    "lstm",
    "cnn",
    "mlp"
  ],
  "buy_weight_method": "valid_auc_edge_over_0p5",
  "sell_weight_method": "valid_auc_edge_over_0p5",
  "feature_count": 194,
  "lookback": 8,
  "valid_buy_auc": 0.5807692307692308,
  "valid_buy_positive_rate": 0.2708333333333333,
  "valid_buy_prob_mean": 0.39265542366673606,
  "valid_buy_prob_std": 0.11845677471457747,
  "valid_buy_prob_min": 0.15533187713306676,
  "valid_buy_prob_max": 0.6199001218633922,
  "valid_buy_acc_05": 0.671875,
  "valid_buy_precision_05": 0.36585365853658536,
  "valid_buy_recall_05": 0.28846153846153844,
  "valid_buy_f1_05": 0.3225806451612903,
  "valid_buy_q90_threshold": 0.5533587058352155,
  "valid_buy_q95_threshold": 0.5746058157671509,
  "test_buy_auc": 0.507257448433919,
  "test_buy_positive_rate": 0.21710526315789475,
  "test_buy_prob_mean": 0.44248921403059305,
  "test_buy_prob_std": 0.08090992180634364,
  "test_buy_prob_min": 0.2689415059169662,
  "test_buy_prob_max": 0.5832749999237272,
  "test_buy_acc_05": 0.625,
  "test_buy_precision_05": 0.21428571428571427,
  "test_buy_recall_05": 0.2727272727272727,
  "test_buy_f1_05": 0.24,
  "test_buy_q90_threshold": 0.5467771250574839,
  "test_buy_q95_threshold": 0.5594279785438571,
  "valid_sell_auc": 0.5040942928039702,
  "valid_sell_positive_rate": 0.3229166666666667,
  "valid_sell_prob_mean": 0.3138653645679976,
  "valid_sell_prob_std": 0.1398833706838188,
  "valid_sell_prob_min": 0.0566144660115242,
  "valid_sell_prob_max": 0.7637436985969543,
  "valid_sell_acc_05": 0.640625,
  "valid_sell_precision_05": 0.3333333333333333,
  "valid_sell_recall_05": 0.11290322580645161,
  "valid_sell_f1_05": 0.1686746987951807,
  "valid_sell_q90_threshold": 0.5028893649578094,
  "valid_sell_q95_threshold": 0.5882390618324279,
  "test_sell_auc": 0.5830277632268204,
  "test_sell_positive_rate": 0.45394736842105265,
  "test_sell_prob_mean": 0.19364316908544615,
  "test_sell_prob_std": 0.102892518667517,
  "test_sell_prob_min": 0.014761026948690414,
  "test_sell_prob_max": 0.6029368042945862,
  "test_sell_acc_05": 0.5328947368421053,
  "test_sell_precision_05": 0.0,
  "test_sell_recall_05": 0.0,
  "test_sell_f1_05": 0.0,
  "test_sell_q90_threshold": 0.32830956280231477,
  "test_sell_q95_threshold": 0.37235984057188026
}