{
  "total_return": 0.06859203932888769,
  "annualized_return": 1.6215545718128053,
  "max_drawdown": -0.050272315230987186,
  "sharpe": 3.652161064881264,
  "sortino": 6.1931617804691195,
  "calmar": 32.255418600918155,
  "trade_count": 17,
  "win_rate": 0.058823529411764705,
  "avg_net_return_per_trade": -0.005405489937583013,
  "median_net_return_per_trade": -0.006718775716338218,
  "backtest_mode": "a_share_inventory_t0",
  "trade_direction_mode": "sell_only",
  "buy_threshold": 0.6860697031021118,
  "sell_threshold": 0.9143876522779464,
  "initial_capital": 1000000.0,
  "final_equity": 1067912.4147918746,
  "final_benchmark_equity": 1079076.0,
  "final_alpha_equity": 988836.4147918746,
  "alpha_total_return": -0.011163585208125437,
  "alpha_sharpe": -12.281559287085747,
  "alpha_sortino": -5.83486917022458,
  "alpha_calmar": -13.479898979432502,
  "alpha_max_drawdown": -0.011163585208125437,
  "base_shares": 10600,
  "ending_shares": 10600,
  "base_position_pct": 0.6,
  "max_t0_trade_pct": 0.3,
  "max_participation_rate": 0.02,
  "commission_rate": 0.0015,
  "slippage_rate": 0.00075,
  "tp": 0.003,
  "sl": 0.002,
  "stop_loss_cooldown_bars": 0,
  "daily_max_trades": 0,
  "daily_max_losses": 0,
  "daily_loss_limit": 0.0,
  "no_overnight": true
}