{
  "total_return": -0.09780605270464593,
  "annualized_return": -0.8185755179140285,
  "max_drawdown": -0.1176878143901714,
  "sharpe": -6.465186590388328,
  "sortino": -10.163855907836187,
  "calmar": -6.95548236795526,
  "trade_count": 5,
  "win_rate": 0.4,
  "avg_net_return_per_trade": -0.006996179727022797,
  "median_net_return_per_trade": -0.00680469645836945,
  "backtest_mode": "a_share_inventory_t0",
  "trade_direction_mode": "sell_only",
  "buy_threshold": 0.653843879699707,
  "sell_threshold": 0.9761324524879456,
  "initial_capital": 1000000.0,
  "final_equity": 906565.07697,
  "final_benchmark_equity": 913740.0,
  "final_alpha_equity": 992825.07697,
  "alpha_total_return": -0.007174923030000002,
  "alpha_sharpe": -4.019639856120739,
  "alpha_sortino": -0.7295185334847385,
  "alpha_calmar": -11.759025600348675,
  "alpha_max_drawdown": -0.009572457526563105,
  "base_shares": 9500,
  "ending_shares": 9500,
  "base_position_pct": 0.6,
  "max_t0_trade_pct": 0.3,
  "max_participation_rate": 0.05,
  "commission_rate": 0.001,
  "slippage_rate": 0.0005,
  "tp": 0.004,
  "sl": 0.003,
  "stop_loss_cooldown_bars": 6,
  "daily_max_trades": 0,
  "daily_max_losses": 2,
  "daily_loss_limit": 0.0,
  "no_overnight": true
}