{
  "lookback": 32,
  "lookback_minutes": 160,
  "horizon": 2,
  "horizon_minutes": 10,
  "best_valid_auc": 0.639270881988208,
  "valid_auc": 0.639270881988208,
  "test_auc": 0.5839453783497077,
  "train_positive_rate": 0.25074431470259084,
  "valid_positive_rate": 0.2680035562580263,
  "test_positive_rate": 0.30333860134334256,
  "valid_action_metrics": {
    "accuracy": 0.4462115973525635,
    "buy_auc": 0.639270881988208,
    "sell_auc": 0.6301766292813877,
    "buy_positive_rate": 0.2680035562580263,
    "sell_positive_rate": 0.3103822977378248,
    "hold_rate": 0.421614146004149
  },
  "test_action_metrics": {
    "accuracy": 0.3924338206242592,
    "buy_auc": 0.5839453783497077,
    "sell_auc": 0.5753250190576498,
    "buy_positive_rate": 0.30333860134334256,
    "sell_positive_rate": 0.3357368629000395,
    "hold_rate": 0.3609245357566179
  },
  "test_trade_return_mean_all": 0.00012889927880097225,
  "test_trade_return_mean_label_1": -4.37706068145329e-05,
  "selected_threshold": 0.538440716266632,
  "selected_quantile": 0.95,
  "selected_threshold_test_stats": {
    "threshold": 0.538440716266632,
    "horizon": 2,
    "round_trip_cost": 0.003,
    "trade_count": 214,
    "win_rate": 0.29906542056074764,
    "gross_return_mean": -8.71386002887482e-05,
    "net_return_mean": -0.003087138600288748,
    "gross_return_median": -0.00031994333134666153,
    "net_return_median": -0.0033199433313466616,
    "total_return": -0.48859677893006437,
    "max_drawdown": -0.48899288079334147,
    "per_trade_sharpe": -0.3382140089934495,
    "trades_per_year": 245.01331127485662,
    "bar_annualized_sharpe": -36.45187681938141,
    "sharpe": -5.29403041643092,
    "avg_pred_prob": 0.5601981418712116,
    "positive_label_rate": 0.5747663551401869,
    "buy_label_rate": 0.3878504672897196,
    "selected_by": "validation_net_return_mean",
    "selected_quantile": 0.95
  },
  "output_dir": "outputs\\diagnostics\\horizon_compare\\lb32_h2",
  "seed": 42
}