{
  "total_return": 0.001273739346473235,
  "annualized_return": 0.09695440306025671,
  "max_drawdown": -0.01570561660914549,
  "sharpe": 1.051529193578454,
  "sortino": 1.7333901057822327,
  "calmar": 6.173231237785308,
  "trade_count": 3,
  "win_rate": 0.0,
  "avg_net_return_per_trade": -0.006639213628036467,
  "median_net_return_per_trade": -0.006525986582260442,
  "backtest_mode": "a_share_inventory_t0",
  "trade_direction_mode": "sell_only",
  "buy_threshold": 0.5084829671873515,
  "sell_threshold": 0.602220640428732,
  "initial_capital": 1000000.0,
  "final_equity": 1002305.0512980002,
  "final_benchmark_equity": 1005665.0,
  "final_alpha_equity": 996640.0512980002,
  "alpha_total_return": -0.0033599487019998486,
  "alpha_sharpe": -20.169448787594455,
  "alpha_sortino": -6.999872902710749,
  "alpha_calmar": -64.59494025265374,
  "alpha_max_drawdown": -0.0033599487019998486,
  "base_shares": 10300,
  "ending_shares": 10300,
  "base_position_pct": 0.6,
  "max_t0_trade_pct": 0.3,
  "max_participation_rate": 0.02,
  "commission_rate": 0.0015,
  "slippage_rate": 0.0005,
  "tp": 0.003,
  "sl": 0.002,
  "no_overnight": true
}