{
  "total_return": -0.050698757559736074,
  "annualized_return": -0.9772306360285566,
  "max_drawdown": -0.08829564369033915,
  "sharpe": -7.498956120868278,
  "sortino": -6.492442121312372,
  "calmar": -11.067710650094961,
  "trade_count": 6,
  "win_rate": 0.16666666666666666,
  "avg_net_return_per_trade": -0.0058833342888200205,
  "median_net_return_per_trade": -0.004039588686914505,
  "backtest_mode": "a_share_inventory_t0",
  "trade_direction_mode": "sell_only",
  "buy_threshold": 0.3606427501078635,
  "sell_threshold": 0.5555824076022093,
  "initial_capital": 1000000.0,
  "final_equity": 949836.6483410002,
  "final_benchmark_equity": 952718.0,
  "final_alpha_equity": 997118.6483410002,
  "alpha_total_return": -0.002881351658999831,
  "alpha_sharpe": -7.75715299492193,
  "alpha_sortino": -3.7055381239487706,
  "alpha_calmar": -38.50880559025862,
  "alpha_max_drawdown": -0.004913856696999841,
  "base_shares": 9400,
  "ending_shares": 9400,
  "base_position_pct": 0.6,
  "max_t0_trade_pct": 0.3,
  "max_participation_rate": 0.02,
  "commission_rate": 0.001,
  "slippage_rate": 0.001,
  "tp": 0.003,
  "sl": 0.002,
  "no_overnight": true
}