{
  "total_return": 0.08087774685858817,
  "annualized_return": 2.099019619226728,
  "max_drawdown": -0.04571884132619419,
  "sharpe": 4.264707935123491,
  "sortino": 7.238613851187551,
  "calmar": 45.911478907583636,
  "trade_count": 3,
  "win_rate": 0.6666666666666666,
  "avg_net_return_per_trade": -0.0004916731950371014,
  "median_net_return_per_trade": 0.0020891171575929714,
  "backtest_mode": "a_share_inventory_t0",
  "trade_direction_mode": "sell_only",
  "buy_threshold": 0.669258889555931,
  "sell_threshold": 0.6061013400554657,
  "initial_capital": 1000000.0,
  "final_equity": 1079273.72428225,
  "final_benchmark_equity": 1079288.0,
  "final_alpha_equity": 999985.72428225,
  "alpha_total_return": -1.427571774992309e-05,
  "alpha_sharpe": -0.019513906801814158,
  "alpha_sortino": -0.005467118546796337,
  "alpha_calmar": -0.09395543062606816,
  "alpha_max_drawdown": -0.0022095219976369096,
  "base_shares": 10600,
  "ending_shares": 10600,
  "base_position_pct": 0.6,
  "max_t0_trade_pct": 0.3,
  "max_participation_rate": 0.02,
  "commission_rate": 0.0015,
  "slippage_rate": 0.0005,
  "tp": 0.004,
  "sl": 0.002,
  "stop_loss_cooldown_bars": 0,
  "daily_max_trades": 0,
  "daily_max_losses": 0,
  "daily_loss_limit": 0.0,
  "no_overnight": true
}