{
  "total_return": -0.054333749184259816,
  "annualized_return": -0.6031277324874816,
  "max_drawdown": -0.07957140402772134,
  "sharpe": -2.720721162939598,
  "sortino": -2.5898737265348557,
  "calmar": -7.579704541563224,
  "trade_count": 13,
  "win_rate": 0.3076923076923077,
  "avg_net_return_per_trade": -0.004951749115157899,
  "median_net_return_per_trade": -0.005898084475384866,
  "backtest_mode": "a_share_inventory_t0",
  "trade_direction_mode": "sell_only",
  "buy_threshold": 0.7211705774068828,
  "sell_threshold": 0.8075392246246337,
  "initial_capital": 1000000.0,
  "final_equity": 945388.2249380003,
  "final_benchmark_equity": 950804.0,
  "final_alpha_equity": 994584.2249380003,
  "alpha_total_return": -0.005415775061999639,
  "alpha_sharpe": -7.902313760015337,
  "alpha_sortino": -3.052692161526377,
  "alpha_calmar": -15.360870607460294,
  "alpha_max_drawdown": -0.005593150569064731,
  "base_shares": 9800,
  "ending_shares": 9800,
  "base_position_pct": 0.6,
  "max_t0_trade_pct": 0.3,
  "max_participation_rate": 0.02,
  "commission_rate": 0.001,
  "slippage_rate": 0.0005,
  "tp": 0.003,
  "sl": 0.002,
  "stop_loss_cooldown_bars": 6,
  "daily_max_trades": 0,
  "daily_max_losses": 2,
  "daily_loss_limit": 0.0,
  "no_overnight": true
}