{
  "total_return": -0.05106400277444678,
  "annualized_return": -0.5807257144286642,
  "max_drawdown": -0.08115210260614791,
  "sharpe": -2.6068578548642782,
  "sortino": -2.47584751457943,
  "calmar": -7.156015627186838,
  "trade_count": 12,
  "win_rate": 0.4166666666666667,
  "avg_net_return_per_trade": -0.003371781602760885,
  "median_net_return_per_trade": -0.005146001726988034,
  "backtest_mode": "a_share_inventory_t0",
  "trade_direction_mode": "sell_only",
  "buy_threshold": 0.6456784754991531,
  "sell_threshold": 0.8062929213047028,
  "initial_capital": 1000000.0,
  "final_equity": 948099.0356760003,
  "final_benchmark_equity": 953940.0,
  "final_alpha_equity": 994159.0356760003,
  "alpha_total_return": -0.00584096432399972,
  "alpha_sharpe": -8.723130628574792,
  "alpha_sortino": -2.9898348763447538,
  "alpha_calmar": -14.429829844580329,
  "alpha_max_drawdown": -0.006415901015831893,
  "base_shares": 9800,
  "ending_shares": 9800,
  "base_position_pct": 0.6,
  "max_t0_trade_pct": 0.3,
  "max_participation_rate": 0.05,
  "commission_rate": 0.001,
  "slippage_rate": 0.0005,
  "tp": 0.004,
  "sl": 0.003,
  "stop_loss_cooldown_bars": 6,
  "daily_max_trades": 0,
  "daily_max_losses": 2,
  "daily_loss_limit": 0.0,
  "no_overnight": true
}