{
  "lookback": 16,
  "lookback_minutes": 80,
  "horizon": 6,
  "horizon_minutes": 30,
  "best_valid_auc": 0.586920360778671,
  "valid_auc": 0.586920360778671,
  "test_auc": 0.5306603044307774,
  "train_positive_rate": 0.32185679304230347,
  "valid_positive_rate": 0.327941611598777,
  "test_positive_rate": 0.36413847519479237,
  "valid_action_metrics": {
    "accuracy": 0.4311076043002268,
    "buy_auc": 0.586920360778671,
    "sell_auc": 0.5765117657734246,
    "buy_positive_rate": 0.327941611598777,
    "sell_positive_rate": 0.4133543741986389,
    "hold_rate": 0.2587040142025841
  },
  "test_action_metrics": {
    "accuracy": 0.39431896636749186,
    "buy_auc": 0.5306603044307774,
    "sell_auc": 0.5397442224014355,
    "buy_positive_rate": 0.36413847519479237,
    "sell_positive_rate": 0.42568300621363053,
    "hold_rate": 0.21017851859157707
  },
  "test_trade_return_mean_all": 0.00034697584759460704,
  "test_trade_return_mean_label_1": -4.794652225713115e-05,
  "selected_threshold": 0.4991502404212952,
  "selected_quantile": 0.95,
  "selected_threshold_test_stats": {
    "threshold": 0.4991502404212952,
    "horizon": 6,
    "round_trip_cost": 0.003,
    "trade_count": 102,
    "win_rate": 0.35294117647058826,
    "gross_return_mean": -0.0007350357425596667,
    "net_return_mean": -0.0037350357425596672,
    "gross_return_median": -0.00017388167549370337,
    "net_return_median": -0.0031738816754937034,
    "total_return": -0.3233284420440975,
    "max_drawdown": -0.35285407665903845,
    "per_trade_sharpe": -0.28254558787769196,
    "trades_per_year": 128.03799522673032,
    "bar_annualized_sharpe": -30.452070852502178,
    "sharpe": -3.1971128251318044,
    "avg_pred_prob": 0.5150389139558754,
    "positive_label_rate": 0.5588235294117647,
    "buy_label_rate": 0.43137254901960786,
    "selected_by": "validation_net_return_mean",
    "selected_quantile": 0.95
  },
  "output_dir": "outputs\\diagnostics\\horizon_compare\\lb16_h6",
  "seed": 42
}