{
  "total_return": -0.09854168015934617,
  "annualized_return": -0.8206249325191006,
  "max_drawdown": -0.11067276259438741,
  "sharpe": -6.45326416866891,
  "sortino": -10.147495077919682,
  "calmar": -7.414877096062634,
  "trade_count": 4,
  "win_rate": 0.5,
  "avg_net_return_per_trade": -0.0031548111932523625,
  "median_net_return_per_trade": -0.0031353899707762777,
  "backtest_mode": "a_share_inventory_t0",
  "trade_direction_mode": "sell_only",
  "buy_threshold": 0.667204812169075,
  "sell_threshold": 0.9550599306821823,
  "initial_capital": 1000000.0,
  "final_equity": 904141.0598004996,
  "final_benchmark_equity": 906349.0,
  "final_alpha_equity": 997792.0598004996,
  "alpha_total_return": -0.0022079401995004355,
  "alpha_sharpe": -3.0217966065460913,
  "alpha_sortino": -0.8663992332079901,
  "alpha_calmar": -8.923284981162872,
  "alpha_max_drawdown": -0.004028629965500241,
  "base_shares": 9300,
  "ending_shares": 9300,
  "base_position_pct": 0.6,
  "max_t0_trade_pct": 0.3,
  "max_participation_rate": 0.05,
  "commission_rate": 0.001,
  "slippage_rate": 0.00075,
  "tp": 0.004,
  "sl": 0.002,
  "stop_loss_cooldown_bars": 0,
  "daily_max_trades": 0,
  "daily_max_losses": 0,
  "daily_loss_limit": 0.0,
  "no_overnight": true
}