{
  "total_return": -0.049224488147207146,
  "annualized_return": -0.9745115205476542,
  "max_drawdown": -0.052258563310844885,
  "sharpe": -10.714643737256543,
  "sortino": -9.061350805396641,
  "calmar": -18.647881970100393,
  "trade_count": 6,
  "win_rate": 0.3333333333333333,
  "avg_net_return_per_trade": -0.0039298425571779655,
  "median_net_return_per_trade": -0.006193554508531037,
  "backtest_mode": "a_share_inventory_t0",
  "trade_direction_mode": "sell_only",
  "buy_threshold": 0.40356216017206964,
  "sell_threshold": 0.5443313121795654,
  "initial_capital": 1000000.0,
  "final_equity": 953519.44998,
  "final_benchmark_equity": 955045.0,
  "final_alpha_equity": 998474.44998,
  "alpha_total_return": -0.0015255500199999883,
  "alpha_sharpe": -8.00097201803687,
  "alpha_sortino": -6.974313398594838,
  "alpha_calmar": -43.756924239497636,
  "alpha_max_drawdown": -0.0024007541370000274,
  "base_shares": 11100,
  "ending_shares": 11100,
  "base_position_pct": 0.6,
  "max_t0_trade_pct": 0.3,
  "max_participation_rate": 0.05,
  "commission_rate": 0.001,
  "slippage_rate": 0.001,
  "tp": 0.003,
  "sl": 0.002,
  "no_overnight": true
}