side,label_col,sample_count,positive_count,positive_rate,gross_return_mean_all,gross_return_mean_positive,gross_return_mean_negative,avg_exit_bar
buy,buy_label,67705,16916,0.2498486079314674,-5.086378813727591e-05,0.0038755222035676776,-0.0013586025787352596,2.047116165718928
sell,sell_label,67705,19509,0.28814710878073996,0.0001464954779130294,0.0037103831645409866,-0.0012961114786481963,2.0897865741082637
