{
  "total_return": 0.07433469247338054,
  "annualized_return": 1.8370950577536065,
  "max_drawdown": -0.04873863910504861,
  "sharpe": 3.9264116708553733,
  "sortino": 6.659458597277912,
  "calmar": 37.6927852621004,
  "trade_count": 3,
  "win_rate": 0.0,
  "avg_net_return_per_trade": -0.008235408562212753,
  "median_net_return_per_trade": -0.009998812500565998,
  "backtest_mode": "a_share_inventory_t0",
  "trade_direction_mode": "sell_only",
  "buy_threshold": 0.6333531647920608,
  "sell_threshold": 0.5956914156675338,
  "initial_capital": 1000000.0,
  "final_equity": 1072740.37978975,
  "final_benchmark_equity": 1079288.0,
  "final_alpha_equity": 993452.3797897501,
  "alpha_total_return": -0.006547620210249905,
  "alpha_sharpe": -6.592347568150441,
  "alpha_sortino": -0.8675863913776607,
  "alpha_calmar": -13.915839445359598,
  "alpha_max_drawdown": -0.006547620210249905,
  "base_shares": 10600,
  "ending_shares": 10600,
  "base_position_pct": 0.6,
  "max_t0_trade_pct": 0.3,
  "max_participation_rate": 0.05,
  "commission_rate": 0.0015,
  "slippage_rate": 0.0005,
  "tp": 0.003,
  "sl": 0.002,
  "stop_loss_cooldown_bars": 6,
  "daily_max_trades": 0,
  "daily_max_losses": 2,
  "daily_loss_limit": 0.0,
  "no_overnight": true
}