{
  "total_return": -0.02847075949504385,
  "annualized_return": -0.14168235986324418,
  "max_drawdown": -0.0891479805539015,
  "sharpe": -0.9438398002816994,
  "sortino": -1.0822212886577658,
  "calmar": -1.5892941038364727,
  "trade_count": 34,
  "win_rate": 0.35294117647058826,
  "avg_net_return_per_trade": -0.003331749191273881,
  "median_net_return_per_trade": -0.004913903689501784,
  "backtest_mode": "a_share_inventory_t0",
  "trade_direction_mode": "sell_only",
  "buy_threshold": 0.5876382724393838,
  "sell_threshold": 0.7808485170580868,
  "initial_capital": 1000000.0,
  "final_equity": 971422.3722885007,
  "final_benchmark_equity": 986910.0,
  "final_alpha_equity": 984512.3722885007,
  "alpha_total_return": -0.015487627711499363,
  "alpha_sharpe": -7.412508460047583,
  "alpha_sortino": -2.6899659638519196,
  "alpha_calmar": -4.702004182769778,
  "alpha_max_drawdown": -0.016853706765589282,
  "base_shares": 11000,
  "ending_shares": 11000,
  "base_position_pct": 0.6,
  "max_t0_trade_pct": 0.3,
  "max_participation_rate": 0.05,
  "commission_rate": 0.001,
  "slippage_rate": 0.0005,
  "tp": 0.003,
  "sl": 0.002,
  "no_overnight": true
}