{
  "lookback": 6,
  "lookback_minutes": 30,
  "horizon": 12,
  "horizon_minutes": 60,
  "best_valid_auc": 0.5943210619811061,
  "valid_auc": 0.5943210619811061,
  "test_auc": 0.5450549022373609,
  "train_positive_rate": 0.2873485584026341,
  "valid_positive_rate": 0.2975955853370122,
  "test_positive_rate": 0.3358297201418999,
  "test_trade_return_mean_all": 0.0006661114750419357,
  "test_trade_return_mean_label_1": 0.014918620844276866,
  "selected_threshold": 0.6690260171890259,
  "selected_quantile": 0.95,
  "selected_threshold_test_stats": {
    "threshold": 0.6690260171890259,
    "horizon": 12,
    "round_trip_cost": 0.003,
    "trade_count": 71,
    "win_rate": 0.49295774647887325,
    "gross_return_mean": 0.004721052554917545,
    "net_return_mean": 0.0017210525549175438,
    "gross_return_median": 0.002887139107611514,
    "net_return_median": -0.00011286089238848624,
    "total_return": 0.10990712948547321,
    "max_drawdown": -0.09678817081213897,
    "sharpe": 8.136104993266123,
    "avg_pred_prob": 0.6802445213559648,
    "positive_label_rate": 0.49295774647887325,
    "selected_by": "validation_net_return_mean",
    "selected_quantile": 0.95
  },
  "output_dir": "outputs\\diagnostics\\horizon_compare\\lb6_h12"
}