model_label,epoch,train_loss,valid_loss,valid_auc,valid_prob_mean,valid_prob_max
LSTM_buy,1,1.134907361623403,0.8772546648979187,0.6344896933132228,0.3063371479511261,0.3635227084159851
LSTM_buy,2,1.0228072855923627,0.8437232971191406,0.6338193397016927,0.3915956914424896,0.5130472183227539
LSTM_buy,3,0.960416316986084,0.8810744285583496,0.6368359309535779,0.5055230259895325,0.693688154220581
