model_label,epoch,train_loss,valid_loss,valid_auc,valid_prob_mean,valid_prob_max
LSTM_sell,1,1.0331304524395917,1.125547170639038,0.5113490862530555,0.3260810971260071,0.4019271433353424
LSTM_sell,2,0.9495404104928713,1.0646392107009888,0.5272960074496567,0.3748691976070404,0.5360429286956787
LSTM_sell,3,0.9105809685346242,1.0113846063613892,0.5569782330345712,0.4211317002773285,0.5800420045852661
