{
  "model": "LSTM",
  "target_col_buy": "buy_label",
  "target_col_sell": "sell_label",
  "feature_count": 194,
  "lookback": 8,
  "params": {
    "hidden_dim": 256,
    "num_layers": 2,
    "dropout": 0.3,
    "output_dim": 1
  },
  "buy_fit": {
    "best_score": 0.6368359309535779,
    "best_valid_auc": 0.6368359309535779,
    "epochs_ran": 3,
    "pos_rate": 0.28716216216216217,
    "pos_weight": 2.4823529411764707,
    "device": "cpu"
  },
  "sell_fit": {
    "best_score": 0.5569782330345712,
    "best_valid_auc": 0.5569782330345712,
    "epochs_ran": 3,
    "pos_rate": 0.32094594594594594,
    "pos_weight": 2.1157894736842104,
    "device": "cpu"
  },
  "valid_buy_auc": 0.6368359309535779,
  "valid_buy_positive_rate": 0.203125,
  "valid_buy_prob_mean": 0.5055230259895325,
  "valid_buy_prob_std": 0.09908178448677063,
  "valid_buy_prob_min": 0.28007930517196655,
  "valid_buy_prob_max": 0.693688154220581,
  "valid_buy_acc_05": 0.5104166666666666,
  "valid_buy_precision_05": 0.24770642201834864,
  "valid_buy_recall_05": 0.6923076923076923,
  "valid_buy_f1_05": 0.36486486486486486,
  "valid_buy_q90_threshold": 0.6171929836273193,
  "valid_buy_q95_threshold": 0.6289472579956055,
  "test_buy_auc": 0.40327868852459015,
  "test_buy_positive_rate": 0.19736842105263158,
  "test_buy_prob_mean": 0.6011247634887695,
  "test_buy_prob_std": 0.1287069320678711,
  "test_buy_prob_min": 0.31875354051589966,
  "test_buy_prob_max": 0.8055336475372314,
  "test_buy_acc_05": 0.2565789473684211,
  "test_buy_precision_05": 0.16260162601626016,
  "test_buy_recall_05": 0.6666666666666666,
  "test_buy_f1_05": 0.26143790849673204,
  "test_buy_q90_threshold": 0.7575324177742004,
  "test_buy_q95_threshold": 0.7859521508216858,
  "valid_sell_auc": 0.5569782330345712,
  "valid_sell_positive_rate": 0.3697916666666667,
  "valid_sell_prob_mean": 0.4211317002773285,
  "valid_sell_prob_std": 0.07244837284088135,
  "valid_sell_prob_min": 0.2909344434738159,
  "valid_sell_prob_max": 0.5800420045852661,
  "valid_sell_acc_05": 0.5989583333333334,
  "valid_sell_precision_05": 0.4,
  "valid_sell_recall_05": 0.16901408450704225,
  "valid_sell_f1_05": 0.2376237623762376,
  "valid_sell_q90_threshold": 0.5264314413070679,
  "valid_sell_q95_threshold": 0.5528468489646912,
  "test_sell_auc": 0.4918323863636364,
  "test_sell_positive_rate": 0.42105263157894735,
  "test_sell_prob_mean": 0.5206390023231506,
  "test_sell_prob_std": 0.10327765345573425,
  "test_sell_prob_min": 0.3338414430618286,
  "test_sell_prob_max": 0.7406675815582275,
  "test_sell_acc_05": 0.5328947368421053,
  "test_sell_precision_05": 0.4567901234567901,
  "test_sell_recall_05": 0.578125,
  "test_sell_f1_05": 0.5103448275862069,
  "test_sell_q90_threshold": 0.6767865419387817,
  "test_sell_q95_threshold": 0.6924463510513306
}