{
  "total_return": -0.1105733429319341,
  "annualized_return": -0.8564152970737889,
  "max_drawdown": -0.12262436047865122,
  "sharpe": -7.411099329247679,
  "sortino": -11.525791485013912,
  "calmar": -6.984055156176655,
  "trade_count": 17,
  "win_rate": 0.29411764705882354,
  "avg_net_return_per_trade": -0.005645933767763825,
  "median_net_return_per_trade": -0.006072777149100925,
  "backtest_mode": "a_share_inventory_t0",
  "trade_direction_mode": "sell_only",
  "buy_threshold": 0.6489220082759856,
  "sell_threshold": 0.9250798058509826,
  "initial_capital": 1000000.0,
  "final_equity": 892073.5907995005,
  "final_benchmark_equity": 906349.0,
  "final_alpha_equity": 985724.5907995005,
  "alpha_total_return": -0.014275409200499523,
  "alpha_sharpe": -11.823330750329774,
  "alpha_sortino": -3.994007650973535,
  "alpha_calmar": -13.920514311944993,
  "alpha_max_drawdown": -0.015223162589505623,
  "base_shares": 9300,
  "ending_shares": 9300,
  "base_position_pct": 0.6,
  "max_t0_trade_pct": 0.3,
  "max_participation_rate": 0.05,
  "commission_rate": 0.001,
  "slippage_rate": 0.0005,
  "tp": 0.003,
  "sl": 0.002,
  "stop_loss_cooldown_bars": 0,
  "daily_max_trades": 0,
  "daily_max_losses": 0,
  "daily_loss_limit": 0.0,
  "no_overnight": true
}