model_label,epoch,train_loss,valid_loss,valid_auc,valid_prob_mean,valid_prob_max
LSTM_buy,1,1.35058226134326,1.2364249229431152,0.577612663543854,0.25832226872444153,0.32435619831085205
LSTM_buy,2,1.1690616108275749,1.1351048946380615,0.5540300436116944,0.3281315565109253,0.5047921538352966
LSTM_buy,3,1.0452273761903919,1.0963149070739746,0.5449846551445646,0.43564507365226746,0.740135669708252
