model_label,epoch,train_loss,valid_loss,valid_auc,valid_prob_mean,valid_prob_max
LSTM_sell,1,0.9590769522898906,0.950428307056427,0.5308656716417911,0.38188275694847107,0.5152646899223328
LSTM_sell,2,0.874028014170157,0.9387948513031006,0.5195223880597015,0.4364694356918335,0.7169287204742432
LSTM_sell,3,0.8381533364991884,0.941218912601471,0.5203582089552238,0.49170926213264465,0.798778772354126
