{
  "model": "LSTM",
  "target_col_buy": "buy_label",
  "target_col_sell": "sell_label",
  "feature_count": 194,
  "lookback": 8,
  "params": {
    "hidden_dim": 256,
    "num_layers": 2,
    "dropout": 0.3,
    "output_dim": 1
  },
  "buy_fit": {
    "best_score": 0.577612663543854,
    "best_valid_auc": 0.577612663543854,
    "epochs_ran": 3,
    "pos_rate": 0.22128378378378377,
    "pos_weight": 3.5190839694656493,
    "device": "cpu"
  },
  "sell_fit": {
    "best_score": 0.5308656716417911,
    "best_valid_auc": 0.5308656716417911,
    "epochs_ran": 3,
    "pos_rate": 0.34628378378378377,
    "pos_weight": 1.8878048780487806,
    "device": "cpu"
  },
  "valid_buy_auc": 0.577612663543854,
  "valid_buy_positive_rate": 0.21354166666666666,
  "valid_buy_prob_mean": 0.25832226872444153,
  "valid_buy_prob_std": 0.031249303370714188,
  "valid_buy_prob_min": 0.18963614106178284,
  "valid_buy_prob_max": 0.32435619831085205,
  "valid_buy_acc_05": 0.7864583333333334,
  "valid_buy_precision_05": 0.0,
  "valid_buy_recall_05": 0.0,
  "valid_buy_f1_05": 0.0,
  "valid_buy_q90_threshold": 0.29850101470947266,
  "valid_buy_q95_threshold": 0.30563730001449585,
  "test_buy_auc": 0.5491689750692521,
  "test_buy_positive_rate": 0.25,
  "test_buy_prob_mean": 0.2816426455974579,
  "test_buy_prob_std": 0.037343911826610565,
  "test_buy_prob_min": 0.20719864964485168,
  "test_buy_prob_max": 0.36144477128982544,
  "test_buy_acc_05": 0.75,
  "test_buy_precision_05": 0.0,
  "test_buy_recall_05": 0.0,
  "test_buy_f1_05": 0.0,
  "test_buy_q90_threshold": 0.3347547650337219,
  "test_buy_q95_threshold": 0.34395289421081543,
  "valid_sell_auc": 0.5308656716417911,
  "valid_sell_positive_rate": 0.3489583333333333,
  "valid_sell_prob_mean": 0.38188275694847107,
  "valid_sell_prob_std": 0.04419921338558197,
  "valid_sell_prob_min": 0.3021458387374878,
  "valid_sell_prob_max": 0.5152646899223328,
  "valid_sell_acc_05": 0.640625,
  "valid_sell_precision_05": 0.25,
  "valid_sell_recall_05": 0.014925373134328358,
  "valid_sell_f1_05": 0.028169014084507043,
  "valid_sell_q90_threshold": 0.42972126603126526,
  "valid_sell_q95_threshold": 0.44605037569999695,
  "test_sell_auc": 0.5335180055401663,
  "test_sell_positive_rate": 0.375,
  "test_sell_prob_mean": 0.39273256063461304,
  "test_sell_prob_std": 0.060976170003414154,
  "test_sell_prob_min": 0.26404625177383423,
  "test_sell_prob_max": 0.49656325578689575,
  "test_sell_acc_05": 0.625,
  "test_sell_precision_05": 0.0,
  "test_sell_recall_05": 0.0,
  "test_sell_f1_05": 0.0,
  "test_sell_q90_threshold": 0.47363826632499695,
  "test_sell_q95_threshold": 0.4841872751712799
}