{
  "total_return": -0.09686284359179764,
  "annualized_return": -0.8154042466491944,
  "max_drawdown": -0.11621491630414982,
  "sharpe": -6.3567347881555705,
  "sortino": -10.017797654970735,
  "calmar": -7.016347578955989,
  "trade_count": 11,
  "win_rate": 0.18181818181818182,
  "avg_net_return_per_trade": -0.005403929421915363,
  "median_net_return_per_trade": -0.0008584786000513898,
  "backtest_mode": "a_share_inventory_t0",
  "trade_direction_mode": "sell_only",
  "buy_threshold": 0.6491788774728775,
  "sell_threshold": 0.8673499226570129,
  "initial_capital": 1000000.0,
  "final_equity": 907512.8559310001,
  "final_benchmark_equity": 913740.0,
  "final_alpha_equity": 993772.8559310001,
  "alpha_total_return": -0.006227144068999935,
  "alpha_sharpe": -5.374404622338132,
  "alpha_sortino": -1.3284171590094647,
  "alpha_calmar": -12.827577787145373,
  "alpha_max_drawdown": -0.007671620559354997,
  "base_shares": 9500,
  "ending_shares": 9500,
  "base_position_pct": 0.6,
  "max_t0_trade_pct": 0.3,
  "max_participation_rate": 0.02,
  "commission_rate": 0.001,
  "slippage_rate": 0.001,
  "tp": 0.003,
  "sl": 0.002,
  "stop_loss_cooldown_bars": 6,
  "daily_max_trades": 0,
  "daily_max_losses": 2,
  "daily_loss_limit": 0.0,
  "no_overnight": true
}