{
  "lookback": 6,
  "lookback_minutes": 30,
  "horizon": 9,
  "horizon_minutes": 45,
  "best_valid_auc": 0.6151679360726443,
  "valid_auc": 0.6151679360726443,
  "test_auc": 0.5510804887244898,
  "train_positive_rate": 0.2626846770789363,
  "valid_positive_rate": 0.27778872684272765,
  "test_positive_rate": 0.3122475120701547,
  "test_trade_return_mean_all": 0.0005027183947609725,
  "test_trade_return_mean_label_1": 0.013222285830700028,
  "selected_threshold": 0.7040040880441665,
  "selected_quantile": 0.95,
  "selected_threshold_test_stats": {
    "threshold": 0.7040040880441665,
    "horizon": 9,
    "round_trip_cost": 0.003,
    "trade_count": 68,
    "win_rate": 0.3382352941176471,
    "gross_return_mean": 0.0016137808074606957,
    "net_return_mean": -0.0013862191925393045,
    "gross_return_median": -0.0003471533425907225,
    "net_return_median": -0.0033471533425907226,
    "total_return": -0.10142816861859094,
    "max_drawdown": -0.19902546587879077,
    "per_trade_sharpe": -0.07089987671520265,
    "trades_per_year": 88.65959345562716,
    "bar_annualized_sharpe": -7.641414914253154,
    "sharpe": -0.6675877328502546,
    "avg_pred_prob": 0.7225736940608305,
    "positive_label_rate": 0.3382352941176471,
    "selected_by": "validation_net_return_mean",
    "selected_quantile": 0.95
  },
  "output_dir": "outputs\\diagnostics\\horizon_compare\\lb6_h9",
  "seed": 42
}