{
  "lookback": 6,
  "lookback_minutes": 30,
  "horizon": 9,
  "horizon_minutes": 45,
  "best_valid_auc": 0.6206205033955938,
  "valid_auc": 0.6206205033955938,
  "test_auc": 0.5513740516337984,
  "train_positive_rate": 0.2626846770789363,
  "valid_positive_rate": 0.27778872684272765,
  "test_positive_rate": 0.3122475120701547,
  "test_trade_return_mean_all": 0.0005027183947609725,
  "test_trade_return_mean_label_1": 0.013222285830700028,
  "selected_threshold": 0.6991203278303146,
  "selected_quantile": 0.95,
  "selected_threshold_test_stats": {
    "threshold": 0.6991203278303146,
    "horizon": 9,
    "round_trip_cost": 0.003,
    "trade_count": 81,
    "win_rate": 0.37037037037037035,
    "gross_return_mean": 0.0015136681105861105,
    "net_return_mean": -0.0014863318894138898,
    "gross_return_median": -0.0007694527267481099,
    "net_return_median": -0.00376945272674811,
    "total_return": -0.125666533597946,
    "max_drawdown": -0.2235575848528718,
    "sharpe": -8.571989863782672,
    "avg_pred_prob": 0.7120907166857778,
    "positive_label_rate": 0.37037037037037035,
    "selected_by": "validation_net_return_mean",
    "selected_quantile": 0.95
  },
  "output_dir": "outputs\\diagnostics\\horizon_compare\\lb6_h9"
}