{
  "lookback": 6,
  "lookback_minutes": 30,
  "horizon": 9,
  "horizon_minutes": 45,
  "best_valid_auc": 0.5754819052878143,
  "valid_auc": 0.5754819052878143,
  "test_auc": 0.5243413174388394,
  "train_positive_rate": 0.3470662726888983,
  "valid_positive_rate": 0.344402837997635,
  "test_positive_rate": 0.3862449502414031,
  "valid_action_metrics": {
    "accuracy": 0.41880173433188805,
    "buy_auc": 0.5754819052878143,
    "sell_auc": 0.5482591092319951,
    "buy_positive_rate": 0.344402837997635,
    "sell_positive_rate": 0.4407765076862436,
    "hold_rate": 0.2148206543161214
  },
  "test_action_metrics": {
    "accuracy": 0.40555719775347326,
    "buy_auc": 0.5243413174388394,
    "sell_auc": 0.5266448974429574,
    "buy_positive_rate": 0.3862449502414031,
    "sell_positive_rate": 0.4468420534042763,
    "hold_rate": 0.16691299635432064
  },
  "test_trade_return_mean_all": 0.0005027183947609725,
  "test_trade_return_mean_label_1": 7.053373563681114e-08,
  "selected_threshold": 0.5024745911359787,
  "selected_quantile": 0.95,
  "selected_threshold_test_stats": {
    "threshold": 0.5024745911359787,
    "horizon": 9,
    "round_trip_cost": 0.003,
    "trade_count": 65,
    "win_rate": 0.4307692307692308,
    "gross_return_mean": 0.002334264648445519,
    "net_return_mean": -0.0006657353515544819,
    "gross_return_median": 0.0011802088061734217,
    "net_return_median": -0.0018197911938265783,
    "total_return": -0.05524677092139518,
    "max_drawdown": -0.1911166799935995,
    "per_trade_sharpe": -0.03219866779536524,
    "trades_per_year": 81.83208664951229,
    "bar_annualized_sharpe": -3.4702934858253287,
    "sharpe": -0.2912726560572285,
    "avg_pred_prob": 0.5231666537431571,
    "positive_label_rate": 0.6153846153846154,
    "buy_label_rate": 0.46153846153846156,
    "selected_by": "validation_net_return_mean",
    "selected_quantile": 0.95
  },
  "output_dir": "outputs\\diagnostics\\horizon_compare\\lb6_h9",
  "seed": 42
}