{
  "total_return": -0.05036739777925925,
  "annualized_return": -0.9766455686469742,
  "max_drawdown": -0.05318118801173943,
  "sharpe": -11.065069643008236,
  "sortino": -9.181608086511108,
  "calmar": -18.36449325711538,
  "trade_count": 7,
  "win_rate": 0.14285714285714285,
  "avg_net_return_per_trade": -0.0048987441721836935,
  "median_net_return_per_trade": -0.0012327606920108885,
  "backtest_mode": "a_share_inventory_t0",
  "trade_direction_mode": "sell_only",
  "buy_threshold": 0.40356216017206964,
  "sell_threshold": 0.5443313121795654,
  "initial_capital": 1000000.0,
  "final_equity": 952373.2419107498,
  "final_benchmark_equity": 955045.0,
  "final_alpha_equity": 997328.2419107498,
  "alpha_total_return": -0.0026717580892501314,
  "alpha_sharpe": -10.55445709804507,
  "alpha_sortino": -6.751820475901125,
  "alpha_calmar": -51.29038783814788,
  "alpha_max_drawdown": -0.0034459417815705384,
  "base_shares": 11100,
  "ending_shares": 11100,
  "base_position_pct": 0.6,
  "max_t0_trade_pct": 0.3,
  "max_participation_rate": 0.02,
  "commission_rate": 0.0015,
  "slippage_rate": 0.00075,
  "tp": 0.003,
  "sl": 0.002,
  "no_overnight": true
}