{
  "total_return": -0.050683562908800495,
  "annualized_return": -0.5914075281025589,
  "max_drawdown": -0.07894249947369647,
  "sharpe": -2.4145682478592883,
  "sortino": -2.2861657528154375,
  "calmar": -7.491624056058867,
  "trade_count": 3,
  "win_rate": 0.0,
  "avg_net_return_per_trade": -0.008172953624384968,
  "median_net_return_per_trade": -0.00895595256396053,
  "backtest_mode": "a_share_inventory_t0",
  "trade_direction_mode": "sell_only",
  "buy_threshold": 0.7473482042551041,
  "sell_threshold": 0.931441839337349,
  "initial_capital": 1000000.0,
  "final_equity": 951665.9952730002,
  "final_benchmark_equity": 957628.0,
  "final_alpha_equity": 994037.9952730002,
  "alpha_total_return": -0.005962004726999814,
  "alpha_sharpe": -7.504531960196549,
  "alpha_sortino": -0.9658815483405145,
  "alpha_calmar": -16.40110674083611,
  "alpha_max_drawdown": -0.005962004726999814,
  "base_shares": 9900,
  "ending_shares": 9900,
  "base_position_pct": 0.6,
  "max_t0_trade_pct": 0.3,
  "max_participation_rate": 0.05,
  "commission_rate": 0.001,
  "slippage_rate": 0.0005,
  "tp": 0.003,
  "sl": 0.002,
  "stop_loss_cooldown_bars": 0,
  "daily_max_trades": 0,
  "daily_max_losses": 0,
  "daily_loss_limit": 0.0,
  "no_overnight": true
}