{
  "lookback": 12,
  "lookback_minutes": 60,
  "horizon": 2,
  "horizon_minutes": 10,
  "best_valid_auc": 0.7025084635320211,
  "valid_auc": 0.7025084635320211,
  "test_auc": 0.6516665905354835,
  "train_positive_rate": 0.13797251947065156,
  "valid_positive_rate": 0.17292714187124125,
  "test_positive_rate": 0.19331624605678233,
  "test_trade_return_mean_all": 0.00013218118907045858,
  "test_trade_return_mean_label_1": 0.007656368881850286,
  "selected_threshold": 0.7999591410160064,
  "selected_quantile": 0.95,
  "selected_threshold_test_stats": {
    "threshold": 0.7999591410160064,
    "horizon": 2,
    "round_trip_cost": 0.003,
    "trade_count": 207,
    "win_rate": 0.2898550724637681,
    "gross_return_mean": -0.0006631660192633451,
    "net_return_mean": -0.0036631660192633455,
    "gross_return_median": -0.0004751948298802322,
    "net_return_median": -0.0034751948298802323,
    "total_return": -0.53753434875355,
    "max_drawdown": -0.5534197328909366,
    "sharpe": -37.46893184543006,
    "avg_pred_prob": 0.8122025486351787,
    "positive_label_rate": 0.2898550724637681,
    "selected_by": "validation_net_return_mean",
    "selected_quantile": 0.95
  },
  "output_dir": "outputs\\diagnostics\\horizon_compare\\lb12_h2"
}