{
  "lookback": 12,
  "lookback_minutes": 60,
  "horizon": 2,
  "horizon_minutes": 10,
  "best_valid_auc": 0.6396430580021455,
  "valid_auc": 0.6396430580021455,
  "test_auc": 0.5843388910844164,
  "train_positive_rate": 0.2508284260959497,
  "valid_positive_rate": 0.26796805678793256,
  "test_positive_rate": 0.3032334384858044,
  "valid_action_metrics": {
    "accuracy": 0.45065562456866803,
    "buy_auc": 0.6396430580021455,
    "sell_auc": 0.6320680308019284,
    "buy_positive_rate": 0.26796805678793256,
    "sell_positive_rate": 0.30996746524696833,
    "hold_rate": 0.4220644779650991
  },
  "test_action_metrics": {
    "accuracy": 0.4008280757097792,
    "buy_auc": 0.5843388910844164,
    "sell_auc": 0.5857209240457749,
    "buy_positive_rate": 0.3032334384858044,
    "sell_positive_rate": 0.3351735015772871,
    "hold_rate": 0.3615930599369085
  },
  "test_trade_return_mean_all": 0.00013218118907045858,
  "test_trade_return_mean_label_1": -4.328496962922412e-05,
  "selected_threshold": 0.5253013610839844,
  "selected_quantile": 0.95,
  "selected_threshold_test_stats": {
    "threshold": 0.5253013610839844,
    "horizon": 2,
    "round_trip_cost": 0.003,
    "trade_count": 220,
    "win_rate": 0.2863636363636364,
    "gross_return_mean": -0.000419198871129416,
    "net_return_mean": -0.0034191988711294165,
    "gross_return_median": -0.0008338723490156075,
    "net_return_median": -0.0038338723490156075,
    "total_return": -0.5337443884309674,
    "max_drawdown": -0.5295110734179728,
    "per_trade_sharpe": -0.36761634838664,
    "trades_per_year": 248.00394367404678,
    "bar_annualized_sharpe": -39.62078888470921,
    "sharpe": -5.789274073336696,
    "avg_pred_prob": 0.5463947667316957,
    "positive_label_rate": 0.55,
    "buy_label_rate": 0.36818181818181817,
    "selected_by": "validation_net_return_mean",
    "selected_quantile": 0.95
  },
  "output_dir": "outputs\\diagnostics\\horizon_compare\\lb12_h2",
  "seed": 42
}