{
  "total_return": -0.09748169608732193,
  "annualized_return": -0.8059113100529454,
  "max_drawdown": -0.11944577579794069,
  "sharpe": -6.563639659779241,
  "sortino": -10.307616830181301,
  "calmar": -6.747089251747651,
  "trade_count": 13,
  "win_rate": 0.07692307692307693,
  "avg_net_return_per_trade": -0.005836042020018815,
  "median_net_return_per_trade": -0.008226204175571069,
  "backtest_mode": "a_share_inventory_t0",
  "trade_direction_mode": "sell_only",
  "buy_threshold": 0.6360969454050064,
  "sell_threshold": 0.9222695231437683,
  "initial_capital": 1000000.0,
  "final_equity": 901669.9367070001,
  "final_benchmark_equity": 911922.0,
  "final_alpha_equity": 989747.9367070001,
  "alpha_total_return": -0.01025206329299988,
  "alpha_sharpe": -9.423840839363473,
  "alpha_sortino": -2.9316302574347493,
  "alpha_calmar": -13.420690612377562,
  "alpha_max_drawdown": -0.011315820939133525,
  "base_shares": 9400,
  "ending_shares": 9400,
  "base_position_pct": 0.6,
  "max_t0_trade_pct": 0.3,
  "max_participation_rate": 0.02,
  "commission_rate": 0.0015,
  "slippage_rate": 0.001,
  "tp": 0.003,
  "sl": 0.002,
  "stop_loss_cooldown_bars": 0,
  "daily_max_trades": 0,
  "daily_max_losses": 0,
  "daily_loss_limit": 0.0,
  "no_overnight": true
}