{
  "total_return": -0.10997653559756171,
  "annualized_return": -0.8548111584905052,
  "max_drawdown": -0.12186210217761628,
  "sharpe": -7.375026578927253,
  "sortino": -11.500342247979535,
  "calmar": -7.014577487302836,
  "trade_count": 23,
  "win_rate": 0.17391304347826086,
  "avg_net_return_per_trade": -0.005301492778133637,
  "median_net_return_per_trade": -0.005881567784557781,
  "backtest_mode": "a_share_inventory_t0",
  "trade_direction_mode": "sell_only",
  "buy_threshold": 0.6489220082759856,
  "sell_threshold": 0.9102133363485335,
  "initial_capital": 1000000.0,
  "final_equity": 892672.1742324999,
  "final_benchmark_equity": 906349.0,
  "final_alpha_equity": 986323.1742324999,
  "alpha_total_return": -0.013676825767500067,
  "alpha_sharpe": -10.811208220716995,
  "alpha_sortino": -3.792484427078394,
  "alpha_calmar": -13.776510042495595,
  "alpha_max_drawdown": -0.014804196023738725,
  "base_shares": 9300,
  "ending_shares": 9300,
  "base_position_pct": 0.6,
  "max_t0_trade_pct": 0.3,
  "max_participation_rate": 0.02,
  "commission_rate": 0.001,
  "slippage_rate": 0.00075,
  "tp": 0.003,
  "sl": 0.002,
  "stop_loss_cooldown_bars": 0,
  "daily_max_trades": 0,
  "daily_max_losses": 0,
  "daily_loss_limit": 0.0,
  "no_overnight": true
}