{
  "total_return": 0.08164320153257432,
  "annualized_return": 2.131090828163754,
  "max_drawdown": -0.04525300934209742,
  "sharpe": 4.305327243404226,
  "sortino": 7.305546334316352,
  "calmar": 47.092798007165214,
  "trade_count": 3,
  "win_rate": 0.6666666666666666,
  "avg_net_return_per_trade": 0.0005083268049628987,
  "median_net_return_per_trade": 0.0030891171575929714,
  "backtest_mode": "a_share_inventory_t0",
  "trade_direction_mode": "sell_only",
  "buy_threshold": 0.669258889555931,
  "sell_threshold": 0.6061013400554657,
  "initial_capital": 1000000.0,
  "final_equity": 1080038.0430214999,
  "final_benchmark_equity": 1079288.0,
  "final_alpha_equity": 1000750.0430214999,
  "alpha_total_return": 0.0007500430214999465,
  "alpha_sharpe": 1.3222378326271402,
  "alpha_sortino": 0.36568175702847794,
  "alpha_calmar": 5.738658140741303,
  "alpha_max_drawdown": -0.0019105006230604182,
  "base_shares": 10600,
  "ending_shares": 10600,
  "base_position_pct": 0.6,
  "max_t0_trade_pct": 0.3,
  "max_participation_rate": 0.02,
  "commission_rate": 0.001,
  "slippage_rate": 0.0005,
  "tp": 0.004,
  "sl": 0.002,
  "stop_loss_cooldown_bars": 0,
  "daily_max_trades": 0,
  "daily_max_losses": 0,
  "daily_loss_limit": 0.0,
  "no_overnight": true
}