{
  "total_return": -0.09817176854852039,
  "annualized_return": -0.8201808572615961,
  "max_drawdown": -0.11565674668000392,
  "sharpe": -6.563143739070078,
  "sortino": -10.406448476999607,
  "calmar": -7.091508976392455,
  "trade_count": 13,
  "win_rate": 0.3076923076923077,
  "avg_net_return_per_trade": -0.004358038708526803,
  "median_net_return_per_trade": -0.005881567784557781,
  "backtest_mode": "a_share_inventory_t0",
  "trade_direction_mode": "sell_only",
  "buy_threshold": 0.6345955163240432,
  "sell_threshold": 0.8987929791212081,
  "initial_capital": 1000000.0,
  "final_equity": 905388.6493092501,
  "final_benchmark_equity": 912204.0,
  "final_alpha_equity": 993184.6493092501,
  "alpha_total_return": -0.0068153506907498995,
  "alpha_sharpe": -10.01235254156145,
  "alpha_sortino": -3.211422330324403,
  "alpha_calmar": -14.82220766719666,
  "alpha_max_drawdown": -0.0072422013927331275,
  "base_shares": 9400,
  "ending_shares": 9400,
  "base_position_pct": 0.6,
  "max_t0_trade_pct": 0.3,
  "max_participation_rate": 0.02,
  "commission_rate": 0.001,
  "slippage_rate": 0.00075,
  "tp": 0.003,
  "sl": 0.002,
  "stop_loss_cooldown_bars": 6,
  "daily_max_trades": 0,
  "daily_max_losses": 2,
  "daily_loss_limit": 0.0,
  "no_overnight": true
}