{
  "total_return": 0.07960303386359802,
  "annualized_return": 2.062357966629971,
  "max_drawdown": -0.04479067679583426,
  "sharpe": 4.191970675227418,
  "sortino": 7.124094991681496,
  "calmar": 46.04435820495974,
  "trade_count": 4,
  "win_rate": 0.0,
  "avg_net_return_per_trade": -0.008366425172517896,
  "median_net_return_per_trade": -0.007701765380544231,
  "backtest_mode": "a_share_inventory_t0",
  "trade_direction_mode": "sell_only",
  "buy_threshold": 0.5834246009588241,
  "sell_threshold": 0.8427620708942413,
  "initial_capital": 1000000.0,
  "final_equity": 1077639.235945,
  "final_benchmark_equity": 1082604.0,
  "final_alpha_equity": 995035.2359450001,
  "alpha_total_return": -0.004964764054999904,
  "alpha_sharpe": -8.636128128543499,
  "alpha_sortino": -1.3516304357015716,
  "alpha_calmar": -13.978415423234582,
  "alpha_max_drawdown": -0.0050180501113451514,
  "base_shares": 10700,
  "ending_shares": 10700,
  "base_position_pct": 0.6,
  "max_t0_trade_pct": 0.3,
  "max_participation_rate": 0.05,
  "commission_rate": 0.001,
  "slippage_rate": 0.001,
  "tp": 0.003,
  "sl": 0.002,
  "stop_loss_cooldown_bars": 6,
  "daily_max_trades": 0,
  "daily_max_losses": 2,
  "daily_loss_limit": 0.0,
  "no_overnight": true
}