{
  "total_return": 0.058777233220890235,
  "annualized_return": 62.56382125818191,
  "max_drawdown": -0.019542419471694883,
  "sharpe": 15.018573036530487,
  "sortino": 24.758733145590554,
  "calmar": 3201.4368204919024,
  "trade_count": 13,
  "win_rate": 0.15384615384615385,
  "avg_net_return_per_trade": -0.005587510033660402,
  "median_net_return_per_trade": -0.006062619938455301,
  "backtest_mode": "a_share_inventory_t0",
  "trade_direction_mode": "sell_only",
  "buy_threshold": 0.4856871202588081,
  "sell_threshold": 0.7281160473823547,
  "initial_capital": 1000000.0,
  "final_equity": 1057902.6832262499,
  "final_benchmark_equity": 1066316.0,
  "final_alpha_equity": 991586.6832262499,
  "alpha_total_return": -0.008413316773750124,
  "alpha_sharpe": -28.92072572590431,
  "alpha_sortino": -20.745196515427303,
  "alpha_calmar": -52.97002758201599,
  "alpha_max_drawdown": -0.008663960493999978,
  "base_shares": 11800,
  "ending_shares": 11800,
  "base_position_pct": 0.6,
  "max_t0_trade_pct": 0.3,
  "max_participation_rate": 0.05,
  "commission_rate": 0.001,
  "slippage_rate": 0.00075,
  "tp": 0.003,
  "sl": 0.002,
  "no_overnight": true
}