{
  "total_return": 0.07948534066341661,
  "annualized_return": 2.057483449861899,
  "max_drawdown": -0.04476706680154563,
  "sharpe": 4.185504328342681,
  "sortino": 7.113301481165639,
  "calmar": 45.95975561639571,
  "trade_count": 4,
  "win_rate": 0.0,
  "avg_net_return_per_trade": -0.008368483526236533,
  "median_net_return_per_trade": -0.007703491321014274,
  "backtest_mode": "a_share_inventory_t0",
  "trade_direction_mode": "sell_only",
  "buy_threshold": 0.5834246009588241,
  "sell_threshold": 0.8427620708942413,
  "initial_capital": 1000000.0,
  "final_equity": 1077521.7568287498,
  "final_benchmark_equity": 1082604.0,
  "final_alpha_equity": 994917.7568287498,
  "alpha_total_return": -0.005082243171250167,
  "alpha_sharpe": -9.028252190809859,
  "alpha_sortino": -1.452078809777429,
  "alpha_calmar": -14.072136259403425,
  "alpha_max_drawdown": -0.00509853383373482,
  "base_shares": 10700,
  "ending_shares": 10700,
  "base_position_pct": 0.6,
  "max_t0_trade_pct": 0.3,
  "max_participation_rate": 0.02,
  "commission_rate": 0.0015,
  "slippage_rate": 0.00075,
  "tp": 0.003,
  "sl": 0.002,
  "stop_loss_cooldown_bars": 6,
  "daily_max_trades": 0,
  "daily_max_losses": 2,
  "daily_loss_limit": 0.0,
  "no_overnight": true
}