{
  "model": "auc_weighted_ensemble",
  "member_models": [
    "transformer_lstm",
    "lstm",
    "cnn",
    "mlp"
  ],
  "buy_weight_method": "valid_auc_edge_over_0p5",
  "sell_weight_method": "valid_auc_edge_over_0p5",
  "feature_count": 194,
  "lookback": 8,
  "valid_buy_auc": 0.5892424487158779,
  "valid_buy_positive_rate": 0.21354166666666666,
  "valid_buy_prob_mean": 0.29710811698654044,
  "valid_buy_prob_std": 0.11224442837045413,
  "valid_buy_prob_min": 0.12285821884870529,
  "valid_buy_prob_max": 0.5125051140785217,
  "valid_buy_acc_05": 0.78125,
  "valid_buy_precision_05": 0.3333333333333333,
  "valid_buy_recall_05": 0.024390243902439025,
  "valid_buy_f1_05": 0.045454545454545456,
  "valid_buy_q90_threshold": 0.4583854377269745,
  "valid_buy_q95_threshold": 0.4856871202588081,
  "test_buy_auc": 0.430946065428824,
  "test_buy_positive_rate": 0.4276315789473684,
  "test_buy_prob_mean": 0.11154562353131998,
  "test_buy_prob_std": 0.06776160621689241,
  "test_buy_prob_min": 0.009729523211717606,
  "test_buy_prob_max": 0.2929021716117859,
  "test_buy_acc_05": 0.5723684210526315,
  "test_buy_precision_05": 0.0,
  "test_buy_recall_05": 0.0,
  "test_buy_f1_05": 0.0,
  "test_buy_q90_threshold": 0.19499061703681947,
  "test_buy_q95_threshold": 0.2314684763550757,
  "valid_sell_auc": 0.5298692117355955,
  "valid_sell_positive_rate": 0.359375,
  "valid_sell_prob_mean": 0.4548351327733447,
  "valid_sell_prob_std": 0.15951589213628903,
  "valid_sell_prob_min": 0.06290221959352493,
  "valid_sell_prob_max": 0.890367865562439,
  "valid_sell_acc_05": 0.546875,
  "valid_sell_precision_05": 0.3815789473684211,
  "valid_sell_recall_05": 0.42028985507246375,
  "valid_sell_f1_05": 0.4,
  "valid_sell_q90_threshold": 0.6546404600143433,
  "valid_sell_q95_threshold": 0.7281160473823547,
  "test_sell_auc": 0.4489942528735632,
  "test_sell_positive_rate": 0.23684210526315788,
  "test_sell_prob_mean": 0.6697935839428714,
  "test_sell_prob_std": 0.19507941814039337,
  "test_sell_prob_min": 0.1453651785850525,
  "test_sell_prob_max": 0.9948371648788452,
  "test_sell_acc_05": 0.3355263157894737,
  "test_sell_precision_05": 0.23140495867768596,
  "test_sell_recall_05": 0.7777777777777778,
  "test_sell_f1_05": 0.35668789808917195,
  "test_sell_q90_threshold": 0.9135873496532441,
  "test_sell_q95_threshold": 0.9671757191419601
}