{
  "model": "LSTM",
  "target_col_buy": "buy_label",
  "target_col_sell": "sell_label",
  "feature_count": 194,
  "lookback": 16,
  "params": {
    "hidden_dim": 256,
    "num_layers": 2,
    "dropout": 0.3,
    "output_dim": 1
  },
  "buy_fit": {
    "best_score": 0.5478845196615232,
    "best_valid_auc": 0.5478845196615232,
    "epochs_ran": 11,
    "pos_rate": 0.25722361809045224,
    "pos_weight": 2.887667887667888,
    "device": "cpu"
  },
  "sell_fit": {
    "best_score": 0.5499871478310991,
    "best_valid_auc": 0.5499871478310991,
    "epochs_ran": 15,
    "pos_rate": 0.3401381909547739,
    "pos_weight": 1.9399815327793168,
    "device": "cpu"
  },
  "valid_buy_auc": 0.5478845196615232,
  "valid_buy_positive_rate": 0.26785714285714285,
  "valid_buy_prob_mean": 0.5050607919692993,
  "valid_buy_prob_std": 0.10214442014694214,
  "valid_buy_prob_min": 0.2700164020061493,
  "valid_buy_prob_max": 0.7558245658874512,
  "valid_buy_acc_05": 0.5153061224489796,
  "valid_buy_precision_05": 0.2896039603960396,
  "valid_buy_recall_05": 0.5571428571428572,
  "valid_buy_f1_05": 0.3811074918566775,
  "valid_buy_q90_threshold": 0.6482102870941162,
  "valid_buy_q95_threshold": 0.6873311400413513,
  "test_buy_auc": 0.46403820148749153,
  "test_buy_positive_rate": 0.2602040816326531,
  "test_buy_prob_mean": 0.4944300055503845,
  "test_buy_prob_std": 0.10184502601623535,
  "test_buy_prob_min": 0.27274560928344727,
  "test_buy_prob_max": 0.7589248418807983,
  "test_buy_acc_05": 0.5012755102040817,
  "test_buy_precision_05": 0.23209169054441262,
  "test_buy_recall_05": 0.39705882352941174,
  "test_buy_f1_05": 0.29294755877034356,
  "test_buy_q90_threshold": 0.6416681408882141,
  "test_buy_q95_threshold": 0.676427960395813,
  "valid_sell_auc": 0.5499871478310991,
  "valid_sell_positive_rate": 0.2971938775510204,
  "valid_sell_prob_mean": 0.5167915225028992,
  "valid_sell_prob_std": 0.19434328377246857,
  "valid_sell_prob_min": 0.10059089958667755,
  "valid_sell_prob_max": 0.9479100704193115,
  "valid_sell_acc_05": 0.5089285714285714,
  "valid_sell_precision_05": 0.32325581395348835,
  "valid_sell_recall_05": 0.5965665236051502,
  "valid_sell_f1_05": 0.4193061840120664,
  "valid_sell_q90_threshold": 0.7865294814109802,
  "valid_sell_q95_threshold": 0.8585168123245239,
  "test_sell_auc": 0.5337311014698207,
  "test_sell_positive_rate": 0.2971938775510204,
  "test_sell_prob_mean": 0.52033531665802,
  "test_sell_prob_std": 0.20281371474266052,
  "test_sell_prob_min": 0.11041789501905441,
  "test_sell_prob_max": 0.922886073589325,
  "test_sell_acc_05": 0.5063775510204082,
  "test_sell_precision_05": 0.3157894736842105,
  "test_sell_recall_05": 0.5665236051502146,
  "test_sell_f1_05": 0.4055299539170507,
  "test_sell_q90_threshold": 0.8226278424263,
  "test_sell_q95_threshold": 0.8645635843276978
}