{
  "total_return": 0.08087774762046895,
  "annualized_return": 2.0990196509953964,
  "max_drawdown": -0.04571884109244184,
  "sharpe": 4.264708114672707,
  "sortino": 7.23861286478156,
  "calmar": 45.911479837191294,
  "trade_count": 3,
  "win_rate": 0.6666666666666666,
  "avg_net_return_per_trade": -0.0014946805196834854,
  "median_net_return_per_trade": 0.0010835303310552415,
  "backtest_mode": "a_share_inventory_t0",
  "trade_direction_mode": "sell_only",
  "buy_threshold": 0.669258889555931,
  "sell_threshold": 0.6061013400554657,
  "initial_capital": 1000000.0,
  "final_equity": 1079273.7250430002,
  "final_benchmark_equity": 1079288.0,
  "final_alpha_equity": 999985.7250430002,
  "alpha_total_return": -1.4274956999793531e-05,
  "alpha_sharpe": -0.01951226194978715,
  "alpha_sortino": -0.005753339339772753,
  "alpha_calmar": -0.09395043752231388,
  "alpha_max_drawdown": -0.0022095216853591504,
  "base_shares": 10600,
  "ending_shares": 10600,
  "base_position_pct": 0.6,
  "max_t0_trade_pct": 0.3,
  "max_participation_rate": 0.02,
  "commission_rate": 0.001,
  "slippage_rate": 0.001,
  "tp": 0.004,
  "sl": 0.002,
  "stop_loss_cooldown_bars": 0,
  "daily_max_trades": 0,
  "daily_max_losses": 0,
  "daily_loss_limit": 0.0,
  "no_overnight": true
}