{
  "scenario_count": 12,
  "all_alpha_positive": false,
  "min_alpha_total_return": -0.0017315778825000017,
  "worst_alpha_max_drawdown": -0.0017315778825000017,
  "min_trade_count": 1
}