{
  "total_return": -0.05079039962315235,
  "annualized_return": -0.5782574222854271,
  "max_drawdown": -0.0790200883304012,
  "sharpe": -2.553954812615449,
  "sortino": -2.42113033925747,
  "calmar": -7.317853402891675,
  "trade_count": 8,
  "win_rate": 0.375,
  "avg_net_return_per_trade": -0.003800468082118033,
  "median_net_return_per_trade": -0.004326880205824443,
  "backtest_mode": "a_share_inventory_t0",
  "trade_direction_mode": "sell_only",
  "buy_threshold": 0.7311467230319973,
  "sell_threshold": 0.8935735565423966,
  "initial_capital": 1000000.0,
  "final_equity": 948837.5102134999,
  "final_benchmark_equity": 953450.0,
  "final_alpha_equity": 995387.5102134999,
  "alpha_total_return": -0.004612489786500085,
  "alpha_sharpe": -7.655281558257068,
  "alpha_sortino": -1.772933981438513,
  "alpha_calmar": -13.24642668716919,
  "alpha_max_drawdown": -0.0055649226410445785,
  "base_shares": 9800,
  "ending_shares": 9800,
  "base_position_pct": 0.6,
  "max_t0_trade_pct": 0.3,
  "max_participation_rate": 0.05,
  "commission_rate": 0.001,
  "slippage_rate": 0.0005,
  "tp": 0.004,
  "sl": 0.002,
  "stop_loss_cooldown_bars": 0,
  "daily_max_trades": 0,
  "daily_max_losses": 0,
  "daily_loss_limit": 0.0,
  "no_overnight": true
}