{
  "total_return": 0.07523618552582034,
  "annualized_return": 1.8719151825901994,
  "max_drawdown": -0.04843838169040804,
  "sharpe": 3.9743094305276485,
  "sortino": 6.7381689623728045,
  "calmar": 38.64528742009735,
  "trade_count": 3,
  "win_rate": 0.3333333333333333,
  "avg_net_return_per_trade": -0.007235408562212753,
  "median_net_return_per_trade": -0.008998812500565997,
  "backtest_mode": "a_share_inventory_t0",
  "trade_direction_mode": "sell_only",
  "buy_threshold": 0.6333531647920608,
  "sell_threshold": 0.5956914156675338,
  "initial_capital": 1000000.0,
  "final_equity": 1073640.5350265,
  "final_benchmark_equity": 1079288.0,
  "final_alpha_equity": 994352.5350265,
  "alpha_total_return": -0.005647464973499994,
  "alpha_sharpe": -5.933942419808957,
  "alpha_sortino": -0.8419986922866848,
  "alpha_calmar": -14.00008652810711,
  "alpha_max_drawdown": -0.005647464973499994,
  "base_shares": 10600,
  "ending_shares": 10600,
  "base_position_pct": 0.6,
  "max_t0_trade_pct": 0.3,
  "max_participation_rate": 0.02,
  "commission_rate": 0.001,
  "slippage_rate": 0.0005,
  "tp": 0.003,
  "sl": 0.002,
  "stop_loss_cooldown_bars": 6,
  "daily_max_trades": 0,
  "daily_max_losses": 2,
  "daily_loss_limit": 0.0,
  "no_overnight": true
}