model_label,epoch,train_loss,valid_loss,valid_auc,valid_prob_mean,valid_prob_max
LSTM_buy,1,1.2172610147579297,0.8185191750526428,0.6714843749999999,0.3303282558917999,0.47160500288009644
LSTM_buy,2,1.0649062781720549,0.8709235787391663,0.5691406250000001,0.45616328716278076,0.7499940395355225
LSTM_buy,3,0.9708631989118215,1.0764204263687134,0.503515625,0.5992454886436462,0.8866949677467346
