model_label,epoch,train_loss,valid_loss,valid_auc,valid_prob_mean,valid_prob_max
LSTM_sell,1,1.0141344875902742,1.1286147832870483,0.530820399113082,0.38256096839904785,0.5371485352516174
LSTM_sell,2,0.9201902569951238,1.0555291175842285,0.5372505543237251,0.4450039565563202,0.6517134308815002
LSTM_sell,3,0.8686212993956901,1.0168181657791138,0.5436807095343681,0.49200233817100525,0.7109547853469849
