{
  "fold": 12,
  "model_summaries": {
    "transformer_lstm": {
      "model": "Transformer_LSTM",
      "target_col_buy": "buy_label",
      "target_col_sell": "sell_label",
      "feature_count": 194,
      "lookback": 8,
      "params": {
        "d_model": 128,
        "nhead": 4,
        "transformer_layers": 2,
        "transformer_dropout": 0.2,
        "lstm_hidden_dim": 128,
        "lstm_num_layers": 1,
        "output_dim": 1
      },
      "buy_fit": {
        "best_score": 0.5080633652062223,
        "best_valid_auc": 0.5080633652062223,
        "epochs_ran": 3,
        "pos_rate": 0.28209459459459457,
        "pos_weight": 2.544910179640719,
        "device": "cpu"
      },
      "sell_fit": {
        "best_score": 0.5337962962962963,
        "best_valid_auc": 0.5337962962962963,
        "epochs_ran": 3,
        "pos_rate": 0.33952702702702703,
        "pos_weight": 1.9452736318407962,
        "device": "cpu"
      },
      "valid_buy_auc": 0.5080633652062223,
      "valid_buy_positive_rate": 0.2552083333333333,
      "valid_buy_prob_mean": 0.5345327854156494,
      "valid_buy_prob_std": 0.1196853294968605,
      "valid_buy_prob_min": 0.24092750251293182,
      "valid_buy_prob_max": 0.7162739038467407,
      "valid_buy_acc_05": 0.453125,
      "valid_buy_precision_05": 0.27049180327868855,
      "valid_buy_recall_05": 0.673469387755102,
      "valid_buy_f1_05": 0.38596491228070173,
      "valid_buy_q90_threshold": 0.6841801404953003,
      "valid_buy_q95_threshold": 0.6939998865127563,
      "test_buy_auc": 0.49081007488087136,
      "test_buy_positive_rate": 0.2565789473684211,
      "test_buy_prob_mean": 0.4968763589859009,
      "test_buy_prob_std": 0.10974126309156418,
      "test_buy_prob_min": 0.21673144400119781,
      "test_buy_prob_max": 0.6950739026069641,
      "test_buy_acc_05": 0.4868421052631579,
      "test_buy_precision_05": 0.25316455696202533,
      "test_buy_recall_05": 0.5128205128205128,
      "test_buy_f1_05": 0.3389830508474576,
      "test_buy_q90_threshold": 0.6288493871688843,
      "test_buy_q95_threshold": 0.6544018983840942,
      "valid_sell_auc": 0.5337962962962963,
      "valid_sell_positive_rate": 0.375,
      "valid_sell_prob_mean": 0.4558098614215851,
      "valid_sell_prob_std": 0.11523004621267319,
      "valid_sell_prob_min": 0.18822726607322693,
      "valid_sell_prob_max": 0.7110852003097534,
      "valid_sell_acc_05": 0.5625,
      "valid_sell_precision_05": 0.4142857142857143,
      "valid_sell_recall_05": 0.4027777777777778,
      "valid_sell_f1_05": 0.4084507042253521,
      "valid_sell_q90_threshold": 0.6114581823348999,
      "valid_sell_q95_threshold": 0.649968683719635,
      "test_sell_auc": 0.5227963525835867,
      "test_sell_positive_rate": 0.3092105263157895,
      "test_sell_prob_mean": 0.464590460062027,
      "test_sell_prob_std": 0.13573798537254333,
      "test_sell_prob_min": 0.25249341130256653,
      "test_sell_prob_max": 0.7769114375114441,
      "test_sell_acc_05": 0.5394736842105263,
      "test_sell_precision_05": 0.2982456140350877,
      "test_sell_recall_05": 0.3617021276595745,
      "test_sell_f1_05": 0.3269230769230769,
      "test_sell_q90_threshold": 0.639902651309967,
      "test_sell_q95_threshold": 0.7386883497238159
    },
    "lstm": {
      "model": "LSTM",
      "target_col_buy": "buy_label",
      "target_col_sell": "sell_label",
      "feature_count": 194,
      "lookback": 8,
      "params": {
        "hidden_dim": 256,
        "num_layers": 2,
        "dropout": 0.3,
        "output_dim": 1
      },
      "buy_fit": {
        "best_score": 0.5324675324675324,
        "best_valid_auc": 0.5324675324675324,
        "epochs_ran": 3,
        "pos_rate": 0.28209459459459457,
        "pos_weight": 2.544910179640719,
        "device": "cpu"
      },
      "sell_fit": {
        "best_score": 0.4925925925925925,
        "best_valid_auc": 0.4925925925925925,
        "epochs_ran": 3,
        "pos_rate": 0.33952702702702703,
        "pos_weight": 1.9452736318407962,
        "device": "cpu"
      },
      "valid_buy_auc": 0.5324675324675324,
      "valid_buy_positive_rate": 0.2552083333333333,
      "valid_buy_prob_mean": 0.5077753663063049,
      "valid_buy_prob_std": 0.13251617550849915,
      "valid_buy_prob_min": 0.31629759073257446,
      "valid_buy_prob_max": 0.832014799118042,
      "valid_buy_acc_05": 0.5364583333333334,
      "valid_buy_precision_05": 0.2777777777777778,
      "valid_buy_recall_05": 0.5102040816326531,
      "valid_buy_f1_05": 0.3597122302158273,
      "valid_buy_q90_threshold": 0.6824997663497925,
      "valid_buy_q95_threshold": 0.7805845737457275,
      "test_buy_auc": 0.5253006580440209,
      "test_buy_positive_rate": 0.2565789473684211,
      "test_buy_prob_mean": 0.45765283703804016,
      "test_buy_prob_std": 0.10979551076889038,
      "test_buy_prob_min": 0.2506534457206726,
      "test_buy_prob_max": 0.6773263216018677,
      "test_buy_acc_05": 0.5723684210526315,
      "test_buy_precision_05": 0.27586206896551724,
      "test_buy_recall_05": 0.41025641025641024,
      "test_buy_f1_05": 0.32989690721649484,
      "test_buy_q90_threshold": 0.6069741249084473,
      "test_buy_q95_threshold": 0.6355958580970764,
      "valid_sell_auc": 0.4925925925925925,
      "valid_sell_positive_rate": 0.375,
      "valid_sell_prob_mean": 0.4585360288619995,
      "valid_sell_prob_std": 0.10091766715049744,
      "valid_sell_prob_min": 0.29019373655319214,
      "valid_sell_prob_max": 0.6618345975875854,
      "valid_sell_acc_05": 0.515625,
      "valid_sell_precision_05": 0.34328358208955223,
      "valid_sell_recall_05": 0.3194444444444444,
      "valid_sell_f1_05": 0.33093525179856115,
      "valid_sell_q90_threshold": 0.6117475032806396,
      "valid_sell_q95_threshold": 0.6341536045074463,
      "test_sell_auc": 0.47011144883485306,
      "test_sell_positive_rate": 0.3092105263157895,
      "test_sell_prob_mean": 0.44658249616622925,
      "test_sell_prob_std": 0.09701155871152878,
      "test_sell_prob_min": 0.28889915347099304,
      "test_sell_prob_max": 0.6833993196487427,
      "test_sell_acc_05": 0.5855263157894737,
      "test_sell_precision_05": 0.2777777777777778,
      "test_sell_recall_05": 0.2127659574468085,
      "test_sell_f1_05": 0.24096385542168675,
      "test_sell_q90_threshold": 0.6062664985656738,
      "test_sell_q95_threshold": 0.6263773441314697
    },
    "cnn": {
      "model": "CNN",
      "target_col_buy": "buy_label",
      "target_col_sell": "sell_label",
      "feature_count": 194,
      "lookback": 8,
      "params": {
        "channels": 64,
        "kernel_size": 3,
        "dropout": 0.3,
        "output_dim": 1
      },
      "buy_fit": {
        "best_score": 0.46096760382474666,
        "best_valid_auc": 0.46096760382474666,
        "epochs_ran": 3,
        "pos_rate": 0.28209459459459457,
        "pos_weight": 2.544910179640719,
        "device": "cpu"
      },
      "sell_fit": {
        "best_score": 0.47141203703703705,
        "best_valid_auc": 0.47141203703703705,
        "epochs_ran": 3,
        "pos_rate": 0.33952702702702703,
        "pos_weight": 1.9452736318407962,
        "device": "cpu"
      },
      "valid_buy_auc": 0.46096760382474666,
      "valid_buy_positive_rate": 0.2552083333333333,
      "valid_buy_prob_mean": 0.3337273895740509,
      "valid_buy_prob_std": 0.07690737396478653,
      "valid_buy_prob_min": 0.18972782790660858,
      "valid_buy_prob_max": 0.5294156670570374,
      "valid_buy_acc_05": 0.7291666666666666,
      "valid_buy_precision_05": 0.0,
      "valid_buy_recall_05": 0.0,
      "valid_buy_f1_05": 0.0,
      "valid_buy_q90_threshold": 0.4534479081630707,
      "valid_buy_q95_threshold": 0.47978124022483826,
      "test_buy_auc": 0.5205355116859542,
      "test_buy_positive_rate": 0.2565789473684211,
      "test_buy_prob_mean": 0.3203345239162445,
      "test_buy_prob_std": 0.07558140158653259,
      "test_buy_prob_min": 0.15958184003829956,