{
  "total_return": -0.0460896300905258,
  "annualized_return": -0.556015351221901,
  "max_drawdown": -0.07910935411179654,
  "sharpe": -2.1663403984501275,
  "sortino": -2.052291187680027,
  "calmar": -7.028440030443755,
  "trade_count": 5,
  "win_rate": 0.4,
  "avg_net_return_per_trade": -0.0027284045822140142,
  "median_net_return_per_trade": -0.005145894265981663,
  "backtest_mode": "a_share_inventory_t0",
  "trade_direction_mode": "sell_only",
  "buy_threshold": 0.7788469702005386,
  "sell_threshold": 0.8382531267404556,
  "initial_capital": 1000000.0,
  "final_equity": 956271.2980750002,
  "final_benchmark_equity": 957628.0,
  "final_alpha_equity": 998643.2980750002,
  "alpha_total_return": -0.0013567019249998147,
  "alpha_sharpe": -1.829452819895503,
  "alpha_sortino": -0.6846885942661146,
  "alpha_calmar": -6.359526455933557,
  "alpha_max_drawdown": -0.003630944925663848,
  "base_shares": 9900,
  "ending_shares": 9900,
  "base_position_pct": 0.6,
  "max_t0_trade_pct": 0.3,
  "max_participation_rate": 0.05,
  "commission_rate": 0.001,
  "slippage_rate": 0.0005,
  "tp": 0.003,
  "sl": 0.002,
  "stop_loss_cooldown_bars": 6,
  "daily_max_trades": 0,
  "daily_max_losses": 2,
  "daily_loss_limit": 0.0,
  "no_overnight": true
}