{
  "total_return": -0.11434690276138204,
  "annualized_return": -0.8661789136705814,
  "max_drawdown": -0.12602818909553948,
  "sharpe": -7.712119128212361,
  "sortino": -11.998206597718864,
  "calmar": -6.872898197513163,
  "trade_count": 21,
  "win_rate": 0.19047619047619047,
  "avg_net_return_per_trade": -0.005984921651927055,
  "median_net_return_per_trade": -0.0068902444854652654,
  "backtest_mode": "a_share_inventory_t0",
  "trade_direction_mode": "sell_only",
  "buy_threshold": 0.6489220082759856,
  "sell_threshold": 0.9102133363485335,
  "initial_capital": 1000000.0,
  "final_equity": 888288.800856,
  "final_benchmark_equity": 906349.0,
  "final_alpha_equity": 981939.800856,
  "alpha_total_return": -0.018060199143999922,
  "alpha_sharpe": -12.917060108042767,
  "alpha_sortino": -4.825922805548383,
  "alpha_calmar": -13.617497199643054,
  "alpha_max_drawdown": -0.019134434635037945,
  "base_shares": 9300,
  "ending_shares": 9300,
  "base_position_pct": 0.6,
  "max_t0_trade_pct": 0.3,
  "max_participation_rate": 0.05,
  "commission_rate": 0.0015,
  "slippage_rate": 0.0005,
  "tp": 0.003,
  "sl": 0.002,
  "stop_loss_cooldown_bars": 0,
  "daily_max_trades": 0,
  "daily_max_losses": 0,
  "daily_loss_limit": 0.0,
  "no_overnight": true
}