model,side,valid_auc,raw_weight,weight,weight_method
transformer_lstm,buy,0.5314707598746852,0.03147075987468517,0.20778924487228628,valid_auc_edge_over_0p5
lstm,buy,0.5388844523619387,0.038884452361938715,0.2567389864665752,valid_auc_edge_over_0p5
cnn,buy,0.540184536058726,0.04018453605872596,0.2653229358437713,valid_auc_edge_over_0p5
mlp,buy,0.5409154432090424,0.04091544320904239,0.2701488328173672,valid_auc_edge_over_0p5
