model,side,valid_auc,raw_weight,weight,weight_method
transformer_lstm,sell,0.5422182180569957,0.04221821805699566,0.27925713429622545,valid_auc_edge_over_0p5
lstm,sell,0.5362664962100241,0.03626649621002409,0.23988880319163705,valid_auc_edge_over_0p5
cnn,sell,0.5535839515742074,0.05358395157420737,0.3544370522858046,valid_auc_edge_over_0p5
mlp,sell,0.5191117799632914,0.019111779963291387,0.12641701022633292,valid_auc_edge_over_0p5
