{
  "model": "auc_weighted_ensemble",
  "member_models": [
    "transformer_lstm",
    "lstm",
    "cnn",
    "mlp"
  ],
  "buy_weight_method": "valid_auc_edge_over_0p5",
  "sell_weight_method": "valid_auc_edge_over_0p5",
  "feature_count": 194,
  "lookback": 32,
  "valid_buy_auc": 0.5469287502303581,
  "valid_buy_positive_rate": 0.24662162162162163,
  "valid_buy_prob_mean": 0.49168702300062866,
  "valid_buy_prob_std": 0.1270809726361751,
  "valid_buy_prob_min": 0.15399987311549576,
  "valid_buy_prob_max": 0.833278788548848,
  "valid_buy_acc_05": 0.5261824324324325,
  "valid_buy_precision_05": 0.26608695652173914,
  "valid_buy_recall_05": 0.523972602739726,
  "valid_buy_f1_05": 0.35294117647058826,
  "valid_buy_q90_threshold": 0.6523252837179845,
  "valid_buy_q95_threshold": 0.6868722345201278,
  "test_buy_auc": 0.5657470172620018,
  "test_buy_positive_rate": 0.22001689189189189,
  "test_buy_prob_mean": 0.5536257662804875,
  "test_buy_prob_std": 0.1331442369704502,
  "test_buy_prob_min": 0.16182258658047372,
  "test_buy_prob_max": 0.8365318610433163,
  "test_buy_acc_05": 0.4527027027027027,
  "test_buy_precision_05": 0.25112395632626844,
  "test_buy_recall_05": 0.7504798464491362,
  "test_buy_f1_05": 0.3763233878729548,
  "test_buy_q90_threshold": 0.7287974130621789,
  "test_buy_q95_threshold": 0.7645248524665623,
  "valid_sell_auc": 0.551332447495663,
  "valid_sell_positive_rate": 0.30658783783783783,
  "valid_sell_prob_mean": 0.4512759802703664,
  "valid_sell_prob_std": 0.12065606243430217,
  "valid_sell_prob_min": 0.1820465046592967,
  "valid_sell_prob_max": 0.9097791776149445,
  "valid_sell_acc_05": 0.6034628378378378,
  "valid_sell_precision_05": 0.35704697986577183,
  "valid_sell_recall_05": 0.36639118457300274,
  "valid_sell_f1_05": 0.3616587355540449,
  "valid_sell_q90_threshold": 0.5897532948532048,
  "valid_sell_q95_threshold": 0.6760560954993466,
  "test_sell_auc": 0.5200016027121815,
  "test_sell_positive_rate": 0.32136824324324326,
  "test_sell_prob_mean": 0.4407712471078557,
  "test_sell_prob_std": 0.09979154141644167,
  "test_sell_prob_min": 0.17054376680688932,
  "test_sell_prob_max": 0.7396786894716177,
  "test_sell_acc_05": 0.5882601351351351,
  "test_sell_precision_05": 0.3373860182370821,
  "test_sell_recall_05": 0.29172141918528255,
  "test_sell_f1_05": 0.3128964059196617,
  "test_sell_q90_threshold": 0.5734365437177716,
  "test_sell_q95_threshold": 0.6149242621263621
}