{
  "total_return": -0.05732272770075819,
  "annualized_return": -0.6238393077141869,
  "max_drawdown": -0.08294002350207774,
  "sharpe": -2.910760694938907,
  "sortino": -2.7726458378145598,
  "calmar": -7.521571388252127,
  "trade_count": 18,
  "win_rate": 0.2777777777777778,
  "avg_net_return_per_trade": -0.004412815445478721,
  "median_net_return_per_trade": -0.005889985397930839,
  "backtest_mode": "a_share_inventory_t0",
  "trade_direction_mode": "sell_only",
  "buy_threshold": 0.7311467230319973,
  "sell_threshold": 0.8292179036140442,
  "initial_capital": 1000000.0,
  "final_equity": 942307.7428085005,
  "final_benchmark_equity": 953450.0,
  "final_alpha_equity": 988857.7428085005,
  "alpha_total_return": -0.011142257191499416,
  "alpha_sharpe": -11.175857057295536,
  "alpha_sortino": -3.8619771550875677,
  "alpha_calmar": -14.726092185799041,
  "alpha_max_drawdown": -0.011502194915595676,
  "base_shares": 9800,
  "ending_shares": 9800,
  "base_position_pct": 0.6,
  "max_t0_trade_pct": 0.3,
  "max_participation_rate": 0.05,
  "commission_rate": 0.001,
  "slippage_rate": 0.0005,
  "tp": 0.004,
  "sl": 0.002,
  "stop_loss_cooldown_bars": 0,
  "daily_max_trades": 0,
  "daily_max_losses": 0,
  "daily_loss_limit": 0.0,
  "no_overnight": true
}