{
  "total_return": -0.027170226650053975,
  "annualized_return": -0.9640918897490838,
  "max_drawdown": -0.05672779084416901,
  "sharpe": -9.339181559648992,
  "sortino": -12.73034125905626,
  "calmar": -16.995054371100753,
  "trade_count": 1,
  "win_rate": 1.0,
  "avg_net_return_per_trade": 0.00012145619151316279,
  "median_net_return_per_trade": 0.00012145619151316279,
  "backtest_mode": "a_share_inventory_t0",
  "trade_direction_mode": "sell_only",
  "buy_threshold": 0.36078413022845357,
  "sell_threshold": 0.5629415590088706,
  "initial_capital": 1000000.0,
  "final_equity": 970925.9454835001,
  "final_benchmark_equity": 970336.0,
  "final_alpha_equity": 1000589.9454835001,
  "alpha_total_return": 0.0005899454835001094,
  "alpha_sharpe": 4.818021435815842,
  "alpha_sortino": NaN,
  "alpha_calmar": 114.34088054569652,
  "alpha_max_drawdown": -0.0006456624244693954,
  "base_shares": 10300,
  "ending_shares": 10300,
  "base_position_pct": 0.6,
  "max_t0_trade_pct": 0.3,
  "max_participation_rate": 0.05,
  "commission_rate": 0.0015,
  "slippage_rate": 0.001,
  "tp": 0.003,
  "sl": 0.002,
  "no_overnight": true
}