model_label,epoch,train_loss,valid_loss,valid_auc,valid_prob_mean,valid_prob_max
Transformer_LSTM_buy,1,1.11629462886501,0.8823480606079102,0.5399698340874811,0.43984949588775635,0.5744612216949463
Transformer_LSTM_buy,2,0.9476347758963302,0.8958559036254883,0.6276185687950394,0.518401026725769,0.6471657752990723
Transformer_LSTM_buy,3,0.9151046437186163,0.8791621327400208,0.6502430031841797,0.5073500871658325,0.6836458444595337
