model_label,epoch,train_loss,valid_loss,valid_auc,valid_prob_mean,valid_prob_max
Transformer_LSTM_sell,1,1.0097685053541854,1.0407896041870117,0.5921313001978815,0.3759220540523529,0.5183938145637512
Transformer_LSTM_sell,2,0.9125752867879094,0.9653195738792419,0.6211151204749156,0.45668673515319824,0.6171558499336243
Transformer_LSTM_sell,3,0.8566836392557299,0.9469159245491028,0.6578978000232801,0.45802903175354004,0.6415583491325378
