{
  "model": "Transformer_LSTM",
  "target_col_buy": "buy_label",
  "target_col_sell": "sell_label",
  "feature_count": 194,
  "lookback": 8,
  "params": {
    "d_model": 128,
    "nhead": 4,
    "transformer_layers": 2,
    "transformer_dropout": 0.2,
    "lstm_hidden_dim": 128,
    "lstm_num_layers": 1,
    "output_dim": 1
  },
  "buy_fit": {
    "best_score": 0.6502430031841797,
    "best_valid_auc": 0.6502430031841797,
    "epochs_ran": 3,
    "pos_rate": 0.28716216216216217,
    "pos_weight": 2.4823529411764707,
    "device": "cpu"
  },
  "sell_fit": {
    "best_score": 0.6578978000232801,
    "best_valid_auc": 0.6578978000232801,
    "epochs_ran": 3,
    "pos_rate": 0.32094594594594594,
    "pos_weight": 2.1157894736842104,
    "device": "cpu"
  },
  "valid_buy_auc": 0.6502430031841797,
  "valid_buy_positive_rate": 0.203125,
  "valid_buy_prob_mean": 0.5073500871658325,
  "valid_buy_prob_std": 0.09415778517723083,
  "valid_buy_prob_min": 0.2324639856815338,
  "valid_buy_prob_max": 0.6836458444595337,
  "valid_buy_acc_05": 0.4895833333333333,
  "valid_buy_precision_05": 0.25210084033613445,
  "valid_buy_recall_05": 0.7692307692307693,
  "valid_buy_f1_05": 0.379746835443038,
  "valid_buy_q90_threshold": 0.6102691888809204,
  "valid_buy_q95_threshold": 0.6247575879096985,
  "test_buy_auc": 0.38852459016393437,
  "test_buy_positive_rate": 0.19736842105263158,
  "test_buy_prob_mean": 0.5393110513687134,
  "test_buy_prob_std": 0.08689214289188385,
  "test_buy_prob_min": 0.3098308742046356,
  "test_buy_prob_max": 0.6866271495819092,
  "test_buy_acc_05": 0.3092105263157895,
  "test_buy_precision_05": 0.16216216216216217,
  "test_buy_recall_05": 0.6,
  "test_buy_f1_05": 0.2553191489361702,
  "test_buy_q90_threshold": 0.6304880380630493,
  "test_buy_q95_threshold": 0.6536005139350891,
  "valid_sell_auc": 0.6578978000232801,
  "valid_sell_positive_rate": 0.3697916666666667,
  "valid_sell_prob_mean": 0.45802903175354004,
  "valid_sell_prob_std": 0.08380094915628433,
  "valid_sell_prob_min": 0.24783144891262054,
  "valid_sell_prob_max": 0.6415583491325378,
  "valid_sell_acc_05": 0.65625,
  "valid_sell_precision_05": 0.5362318840579711,
  "valid_sell_recall_05": 0.5211267605633803,
  "valid_sell_f1_05": 0.5285714285714286,
  "valid_sell_q90_threshold": 0.561180591583252,
  "valid_sell_q95_threshold": 0.5832095146179199,
  "test_sell_auc": 0.42240767045454547,
  "test_sell_positive_rate": 0.42105263157894735,
  "test_sell_prob_mean": 0.47771206498146057,
  "test_sell_prob_std": 0.06661009043455124,
  "test_sell_prob_min": 0.34270939230918884,
  "test_sell_prob_max": 0.6404184103012085,
  "test_sell_acc_05": 0.47368421052631576,
  "test_sell_precision_05": 0.35185185185185186,
  "test_sell_recall_05": 0.296875,
  "test_sell_f1_05": 0.3220338983050847,
  "test_sell_q90_threshold": 0.5730241537094116,
  "test_sell_q95_threshold": 0.595970094203949
}