model,side,valid_auc,raw_weight,weight,weight_method
transformer_lstm,buy,0.45613802256138025,0.0,0.0,valid_auc_edge_over_0p5
lstm,buy,0.5353682813536829,0.03536828135368286,0.2818614489687998,valid_auc_edge_over_0p5
cnn,buy,0.5162574651625746,0.016257465162574647,0.1295610787942886,valid_auc_edge_over_0p5
mlp,buy,0.5738553417385535,0.07385534173855346,0.5885774722369116,valid_auc_edge_over_0p5
random_forest,buy,0.4707365627073656,0.0,0.0,valid_auc_edge_over_0p5
logistic_regression,buy,0.45388188453881884,0.0,0.0,valid_auc_edge_over_0p5
