{
  "model": "auc_weighted_ensemble",
  "member_models": [
    "transformer_lstm",
    "lstm",
    "cnn",
    "mlp",
    "random_forest",
    "logistic_regression"
  ],
  "buy_weight_method": "valid_auc_edge_over_0p5",
  "sell_weight_method": "valid_auc_edge_over_0p5",
  "feature_count": 194,
  "lookback": 8,
  "valid_buy_auc": 0.5693430656934306,
  "valid_buy_positive_rate": 0.2864583333333333,
  "valid_buy_prob_mean": 0.3835826629752918,
  "valid_buy_prob_std": 0.09019800274818791,
  "valid_buy_prob_min": 0.1848748910330957,
  "valid_buy_prob_max": 0.6804713800053064,
  "valid_buy_acc_05": 0.6770833333333334,
  "valid_buy_precision_05": 0.3333333333333333,
  "valid_buy_recall_05": 0.12727272727272726,
  "valid_buy_f1_05": 0.18421052631578946,
  "valid_buy_q90_threshold": 0.5095597710655456,
  "valid_buy_q95_threshold": 0.5505254559569545,
  "test_buy_auc": 0.5234375,
  "test_buy_positive_rate": 0.21052631578947367,
  "test_buy_prob_mean": 0.26747116432822926,
  "test_buy_prob_std": 0.08826921878241524,
  "test_buy_prob_min": 0.12921960204485108,
  "test_buy_prob_max": 0.6140286983446366,
  "test_buy_acc_05": 0.7828947368421053,
  "test_buy_precision_05": 0.4,
  "test_buy_recall_05": 0.0625,
  "test_buy_f1_05": 0.10810810810810811,
  "test_buy_q90_threshold": 0.35627481366105335,
  "test_buy_q95_threshold": 0.47053592066280026,
  "valid_sell_auc": 0.5343065693430656,
  "valid_sell_positive_rate": 0.2864583333333333,
  "valid_sell_prob_mean": 0.35943406996574834,
  "valid_sell_prob_std": 0.062296202364030516,
  "valid_sell_prob_min": 0.22811571828826607,
  "valid_sell_prob_max": 0.5257289496047666,
  "valid_sell_acc_05": 0.7135416666666666,
  "valid_sell_precision_05": 0.5,
  "valid_sell_recall_05": 0.03636363636363636,
  "valid_sell_f1_05": 0.06779661016949153,
  "valid_sell_q90_threshold": 0.44984426025965385,
  "valid_sell_q95_threshold": 0.46384699194966206,
  "test_sell_auc": 0.5027450980392156,
  "test_sell_positive_rate": 0.32894736842105265,
  "test_sell_prob_mean": 0.39805641031143757,
  "test_sell_prob_std": 0.062443217665889734,
  "test_sell_prob_min": 0.25685792666691876,
  "test_sell_prob_max": 0.5309390712974833,
  "test_sell_acc_05": 0.6644736842105263,
  "test_sell_precision_05": 0.4,
  "test_sell_recall_05": 0.04,
  "test_sell_f1_05": 0.07272727272727272,
  "test_sell_q90_threshold": 0.47903482077729614,
  "test_sell_q95_threshold": 0.49042827061504063
}