{
  "total_return": -0.09036017607350899,
  "annualized_return": -0.7799296997250376,
  "max_drawdown": -0.11234078709220874,
  "sharpe": -6.065713544926211,
  "sortino": -9.581230633954434,
  "calmar": -6.9425336951295815,
  "trade_count": 12,
  "win_rate": 0.5,
  "avg_net_return_per_trade": -0.002449478552286302,
  "median_net_return_per_trade": -0.0024988097128498784,
  "backtest_mode": "a_share_inventory_t0",
  "trade_direction_mode": "sell_only",
  "buy_threshold": 0.6214971184730529,
  "sell_threshold": 0.925811333656311,
  "initial_capital": 1000000.0,
  "final_equity": 908784.7624920001,
  "final_benchmark_equity": 911922.0,
  "final_alpha_equity": 996862.7624920001,
  "alpha_total_return": -0.0031372375079998793,
  "alpha_sharpe": -3.6482941860397324,
  "alpha_sortino": -1.6774412024579797,
  "alpha_calmar": -9.144656292255073,
  "alpha_max_drawdown": -0.005356639059375001,
  "base_shares": 9400,
  "ending_shares": 9400,
  "base_position_pct": 0.6,
  "max_t0_trade_pct": 0.3,
  "max_participation_rate": 0.05,
  "commission_rate": 0.001,
  "slippage_rate": 0.0005,
  "tp": 0.003,
  "sl": 0.002,
  "stop_loss_cooldown_bars": 6,
  "daily_max_trades": 0,
  "daily_max_losses": 2,
  "daily_loss_limit": 0.0,
  "no_overnight": true
}