{
  "total_return": -0.030120036323701194,
  "annualized_return": -0.8917463196520216,
  "max_drawdown": -0.03634500619731729,
  "sharpe": -15.904836262634602,
  "sortino": -20.174404766920144,
  "calmar": -24.535594100898614,
  "trade_count": 9,
  "win_rate": 0.1111111111111111,
  "avg_net_return_per_trade": -0.003702705235059632,
  "median_net_return_per_trade": -0.002220763481442896,
  "backtest_mode": "a_share_inventory_t0",
  "buy_threshold": 0.7113386557652472,
  "sell_threshold": 0.5209025421464168,
  "initial_capital": 1000000.0,
  "final_equity": 969190.3790221249,
  "final_benchmark_equity": 972429.0,
  "final_alpha_equity": 996761.3790221249,
  "alpha_total_return": -0.003238620977875084,
  "alpha_sharpe": -11.802689766164548,
  "alpha_sortino": -10.089527741430912,
  "alpha_calmar": -55.8437498388379,
  "alpha_max_drawdown": -0.003761857750375186,
  "base_shares": 7900,
  "ending_shares": 7900,
  "base_position_pct": 0.6,
  "max_t0_trade_pct": 0.3,
  "max_participation_rate": 0.02,
  "commission_rate": 0.0015,
  "slippage_rate": 0.00075,
  "tp": 0.003,
  "sl": 0.002,
  "no_overnight": true
}