{
  "total_return": 0.08180737825082418,
  "annualized_return": 2.1380096778500994,
  "max_drawdown": -0.04479052204663059,
  "sharpe": 4.311176589038084,
  "sortino": 7.327305478370793,
  "calmar": 47.73352888417458,
  "trade_count": 1,
  "win_rate": 1.0,
  "avg_net_return_per_trade": 0.0010916750743051916,
  "median_net_return_per_trade": 0.0010916750743051916,
  "backtest_mode": "a_share_inventory_t0",
  "trade_direction_mode": "sell_only",
  "buy_threshold": 0.701366928219795,
  "sell_threshold": 0.6161839395761487,
  "initial_capital": 1000000.0,
  "final_equity": 1080201.9761015,
  "final_benchmark_equity": 1079288.0,
  "final_alpha_equity": 1000913.9761015,
  "alpha_total_return": 0.0009139761015000136,
  "alpha_sharpe": 2.3490799332592673,
  "alpha_sortino": 0.33966644449893063,
  "alpha_calmar": 18.08065637782038,
  "alpha_max_drawdown": -0.0007397325996771897,
  "base_shares": 10600,
  "ending_shares": 10600,
  "base_position_pct": 0.6,
  "max_t0_trade_pct": 0.3,
  "max_participation_rate": 0.05,
  "commission_rate": 0.0015,
  "slippage_rate": 0.001,
  "tp": 0.004,
  "sl": 0.002,
  "stop_loss_cooldown_bars": 6,
  "daily_max_trades": 0,
  "daily_max_losses": 2,
  "daily_loss_limit": 0.0,
  "no_overnight": true
}