{
  "total_return": -0.05135396083170363,
  "annualized_return": -0.5828452991019766,
  "max_drawdown": -0.08019738318869052,
  "sharpe": -2.626442050556517,
  "sortino": -2.5033614680329164,
  "calmar": -7.26763487694658,
  "trade_count": 12,
  "win_rate": 0.25,
  "avg_net_return_per_trade": -0.0056405488338000685,
  "median_net_return_per_trade": -0.007298434840108833,
  "backtest_mode": "a_share_inventory_t0",
  "trade_direction_mode": "sell_only",
  "buy_threshold": 0.6666267216205597,
  "sell_threshold": 0.7634641826152802,
  "initial_capital": 1000000.0,
  "final_equity": 947809.3333617499,
  "final_benchmark_equity": 953940.0,
  "final_alpha_equity": 993869.3333617499,
  "alpha_total_return": -0.006130666638250126,
  "alpha_sharpe": -7.979968302600276,
  "alpha_sortino": -3.167857301713211,
  "alpha_calmar": -13.932461131288221,
  "alpha_max_drawdown": -0.006958974796551054,
  "base_shares": 9800,
  "ending_shares": 9800,
  "base_position_pct": 0.6,
  "max_t0_trade_pct": 0.3,
  "max_participation_rate": 0.02,
  "commission_rate": 0.001,
  "slippage_rate": 0.00075,
  "tp": 0.004,
  "sl": 0.003,
  "stop_loss_cooldown_bars": 0,
  "daily_max_trades": 0,
  "daily_max_losses": 0,
  "daily_loss_limit": 0.0,
  "no_overnight": true
}