{
  "total_return": 0.07755465708110254,
  "annualized_return": 1.9749383301164598,
  "max_drawdown": -0.04453888448702248,
  "sharpe": 4.176769821149923,
  "sortino": 7.1263484640146775,
  "calmar": 44.34189030243691,
  "trade_count": 3,
  "win_rate": 0.3333333333333333,
  "avg_net_return_per_trade": -0.0021221772863025553,
  "median_net_return_per_trade": -0.003524113886607557,
  "backtest_mode": "a_share_inventory_t0",
  "trade_direction_mode": "sell_only",
  "buy_threshold": 0.9503372311592102,
  "sell_threshold": 0.5626334697008133,
  "initial_capital": 1000000.0,
  "final_equity": 1077097.7739065,
  "final_benchmark_equity": 1078122.0,
  "final_alpha_equity": 998975.7739065001,
  "alpha_total_return": -0.001024226093499947,
  "alpha_sharpe": -1.4991910920316593,
  "alpha_sortino": -0.437524590333355,
  "alpha_calmar": -4.904199073201816,
  "alpha_max_drawdown": -0.003027154588918557,
  "base_shares": 10600,
  "ending_shares": 10600,
  "base_position_pct": 0.6,
  "max_t0_trade_pct": 0.3,
  "max_participation_rate": 0.02,
  "commission_rate": 0.0015,
  "slippage_rate": 0.0005,
  "tp": 0.004,
  "sl": 0.003,
  "stop_loss_cooldown_bars": 6,
  "daily_max_trades": 0,
  "daily_max_losses": 2,
  "daily_loss_limit": 0.0,
  "no_overnight": true
}