{
  "total_return": 0.03623142263430257,
  "annualized_return": 12.293946957862437,
  "max_drawdown": -0.046540622928749276,
  "sharpe": 8.435789265228989,
  "sortino": 12.877335833755938,
  "calmar": 264.1551871079097,
  "trade_count": 9,
  "win_rate": 0.2222222222222222,
  "avg_net_return_per_trade": -0.0043346112863199525,
  "median_net_return_per_trade": -0.005342468490170835,
  "backtest_mode": "a_share_inventory_t0",
  "trade_direction_mode": "sell_only",
  "buy_threshold": 0.4595914352082699,
  "sell_threshold": 0.5992321455628469,
  "initial_capital": 1000000.0,
  "final_equity": 1035498.8070185,
  "final_benchmark_equity": 1040804.0,
  "final_alpha_equity": 994694.8070185,
  "alpha_total_return": -0.0053051929814998955,
  "alpha_sharpe": -15.519289279112849,
  "alpha_sortino": -8.381251477374581,
  "alpha_calmar": -57.023265514611495,
  "alpha_max_drawdown": -0.005624065522491839,
  "base_shares": 10100,
  "ending_shares": 10100,
  "base_position_pct": 0.6,
  "max_t0_trade_pct": 0.3,
  "max_participation_rate": 0.05,
  "commission_rate": 0.001,
  "slippage_rate": 0.0005,
  "tp": 0.003,
  "sl": 0.002,
  "no_overnight": true
}