{
  "total_return": -0.022490568974999903,
  "annualized_return": -0.9358948691136024,
  "max_drawdown": -0.03707764377554068,
  "sharpe": -7.766539408850043,
  "sortino": -10.053933825754747,
  "calmar": -25.241487155421456,
  "trade_count": 3,
  "win_rate": 0.6666666666666666,
  "avg_net_return_per_trade": -0.0015788862667041762,
  "median_net_return_per_trade": 0.00012717995563338563,
  "backtest_mode": "a_share_inventory_t0",
  "trade_direction_mode": "sell_only",
  "buy_threshold": 0.7559412996219077,
  "sell_threshold": 0.6551853376376837,
  "initial_capital": 1000000.0,
  "final_equity": 977509.431025,
  "final_benchmark_equity": 977200.0,
  "final_alpha_equity": 1000309.431025,
  "alpha_total_return": 0.0003094310250000287,
  "alpha_sharpe": 2.8719622263728075,
  "alpha_sortino": 1.8172335969856515,
  "alpha_calmar": 92.5503341679662,
  "alpha_max_drawdown": -0.00041136007499997795,
  "base_shares": 10000,
  "ending_shares": 10000,
  "base_position_pct": 0.6,
  "max_t0_trade_pct": 0.3,
  "max_participation_rate": 0.05,
  "commission_rate": 0.001,
  "slippage_rate": 0.0005,
  "tp": 0.003,
  "sl": 0.002,
  "no_overnight": true
}