{
  "total_return": -0.049589641853106436,
  "annualized_return": -0.5693333804283174,
  "max_drawdown": -0.08034701120057042,
  "sharpe": -2.4889842307580117,
  "sortino": -2.3636128505533542,
  "calmar": -7.085931037398383,
  "trade_count": 9,
  "win_rate": 0.3333333333333333,
  "avg_net_return_per_trade": -0.00338381393260736,
  "median_net_return_per_trade": -0.005152509895093524,
  "backtest_mode": "a_share_inventory_t0",
  "trade_direction_mode": "sell_only",
  "buy_threshold": 0.6873311519622802,
  "sell_threshold": 0.8755833506584167,
  "initial_capital": 1000000.0,
  "final_equity": 950037.7972865,
  "final_benchmark_equity": 953450.0,
  "final_alpha_equity": 996587.7972865,
  "alpha_total_return": -0.0034122027134999566,
  "alpha_sharpe": -5.105118423249663,
  "alpha_sortino": -2.237185374368046,
  "alpha_calmar": -10.606891366171954,
  "alpha_max_drawdown": -0.005189122366639376,
  "base_shares": 9800,
  "ending_shares": 9800,
  "base_position_pct": 0.6,
  "max_t0_trade_pct": 0.3,
  "max_participation_rate": 0.05,
  "commission_rate": 0.001,
  "slippage_rate": 0.0005,
  "tp": 0.004,
  "sl": 0.002,
  "stop_loss_cooldown_bars": 6,
  "daily_max_trades": 0,
  "daily_max_losses": 2,
  "daily_loss_limit": 0.0,
  "no_overnight": true
}