{
  "total_return": -0.030774022937308132,
  "annualized_return": -0.8969265580842974,
  "max_drawdown": -0.03455007258558829,
  "sharpe": -15.104061631351309,
  "sortino": -17.31920412324171,
  "calmar": -25.960193162037765,
  "trade_count": 9,
  "win_rate": 0.4444444444444444,
  "avg_net_return_per_trade": -0.003524013848768175,
  "median_net_return_per_trade": -0.0053831574517451105,
  "backtest_mode": "a_share_inventory_t0",
  "buy_threshold": 0.5505254559569545,
  "sell_threshold": 0.46384699194966206,
  "initial_capital": 1000000.0,
  "final_equity": 968536.8573930003,
  "final_benchmark_equity": 972429.0,
  "final_alpha_equity": 996107.8573930003,
  "alpha_total_return": -0.003892142606999771,
  "alpha_sharpe": -10.251848673084387,
  "alpha_sortino": -5.701832191623252,
  "alpha_calmar": -55.83571589420805,
  "alpha_max_drawdown": -0.0044210968924999205,
  "base_shares": 7900,
  "ending_shares": 7900,
  "base_position_pct": 0.6,
  "max_t0_trade_pct": 0.3,
  "max_participation_rate": 0.05,
  "commission_rate": 0.001,
  "slippage_rate": 0.0005,
  "tp": 0.003,
  "sl": 0.002,
  "no_overnight": true
}