{
  "total_return": 0.040370005434172684,
  "annualized_return": 16.762189825767926,
  "max_drawdown": -0.023571978711678487,
  "sharpe": 8.864441815707053,
  "sortino": 20.963325522665485,
  "calmar": 711.1066080109464,
  "trade_count": 5,
  "win_rate": 0.8,
  "avg_net_return_per_trade": 0.0012570403132158097,
  "median_net_return_per_trade": 0.0016004685783489484,
  "backtest_mode": "a_share_inventory_t0",
  "trade_direction_mode": "sell_only",
  "buy_threshold": 0.4607778406855257,
  "sell_threshold": 0.6671598228812218,
  "initial_capital": 1000000.0,
  "final_equity": 1037943.8625815001,
  "final_benchmark_equity": 1036040.0,
  "final_alpha_equity": 1001903.8625815001,
  "alpha_total_return": 0.0019038625814999932,
  "alpha_sharpe": 8.615616049720312,
  "alpha_sortino": 15.107885678265006,
  "alpha_calmar": 220.58460041190676,
  "alpha_max_drawdown": -0.0006722533456162694,
  "base_shares": 10600,
  "ending_shares": 10600,
  "base_position_pct": 0.6,
  "max_t0_trade_pct": 0.3,
  "max_participation_rate": 0.05,
  "commission_rate": 0.001,
  "slippage_rate": 0.0005,
  "tp": 0.003,
  "sl": 0.002,
  "no_overnight": true
}