{
  "total_return": 0.08030785677998287,
  "annualized_return": 2.091701549257007,
  "max_drawdown": -0.043101321525045644,
  "sharpe": 4.2431601457482175,
  "sortino": 7.208729685079707,
  "calmar": 48.529870436607034,
  "trade_count": 8,
  "win_rate": 0.125,
  "avg_net_return_per_trade": -0.005433614292088367,
  "median_net_return_per_trade": -0.007921367422013544,
  "backtest_mode": "a_share_inventory_t0",
  "trade_direction_mode": "sell_only",
  "buy_threshold": 0.6558482885360718,
  "sell_threshold": 0.631584882736206,
  "initial_capital": 1000000.0,
  "final_equity": 1078342.7767885001,
  "final_benchmark_equity": 1082604.0,
  "final_alpha_equity": 995738.7767885001,
  "alpha_total_return": -0.004261223211499909,
  "alpha_sharpe": -4.626248218796919,
  "alpha_sortino": -1.5512314577046447,
  "alpha_calmar": -11.740746125780811,
  "alpha_max_drawdown": -0.005152250271237557,
  "base_shares": 10700,
  "ending_shares": 10700,
  "base_position_pct": 0.6,
  "max_t0_trade_pct": 0.3,
  "max_participation_rate": 0.05,
  "commission_rate": 0.0015,
  "slippage_rate": 0.001,
  "tp": 0.003,
  "sl": 0.002,
  "stop_loss_cooldown_bars": 0,
  "daily_max_trades": 0,
  "daily_max_losses": 0,
  "daily_loss_limit": 0.0,
  "no_overnight": true
}