{
  "total_return": -0.05103950802207535,
  "annualized_return": -0.5805461957208583,
  "max_drawdown": -0.07918090634301722,
  "sharpe": -2.60742208150121,
  "sortino": -2.4703134767833497,
  "calmar": -7.331896318613627,
  "trade_count": 13,
  "win_rate": 0.15384615384615385,
  "avg_net_return_per_trade": -0.005389449217150342,
  "median_net_return_per_trade": -0.005637474507540261,
  "backtest_mode": "a_share_inventory_t0",
  "trade_direction_mode": "sell_only",
  "buy_threshold": 0.7235490381717682,
  "sell_threshold": 0.8506454825401306,
  "initial_capital": 1000000.0,
  "final_equity": 948123.5088240001,
  "final_benchmark_equity": 953940.0,
  "final_alpha_equity": 994183.5088240001,
  "alpha_total_return": -0.005816491175999916,
  "alpha_sharpe": -7.897646643393882,
  "alpha_sortino": -2.6295620633633385,
  "alpha_calmar": -13.313384776150496,
  "alpha_max_drawdown": -0.0069261003098595175,
  "base_shares": 9800,
  "ending_shares": 9800,
  "base_position_pct": 0.6,
  "max_t0_trade_pct": 0.3,
  "max_participation_rate": 0.05,
  "commission_rate": 0.001,
  "slippage_rate": 0.0005,
  "tp": 0.003,
  "sl": 0.002,
  "stop_loss_cooldown_bars": 6,
  "daily_max_trades": 0,
  "daily_max_losses": 2,
  "daily_loss_limit": 0.0,
  "no_overnight": true
}