{
  "total_return": -0.10882347014435023,
  "annualized_return": -0.851664061961879,
  "max_drawdown": -0.12184889814655908,
  "sharpe": -7.3156990318286255,
  "sortino": -11.380612269719697,
  "calmar": -6.989509752788268,
  "trade_count": 12,
  "win_rate": 0.25,
  "avg_net_return_per_trade": -0.006030854129378759,
  "median_net_return_per_trade": -0.005584203460945955,
  "backtest_mode": "a_share_inventory_t0",
  "trade_direction_mode": "sell_only",
  "buy_threshold": 0.6604762256145478,
  "sell_threshold": 0.8768073558807371,
  "initial_capital": 1000000.0,
  "final_equity": 893828.6712085002,
  "final_benchmark_equity": 906349.0,
  "final_alpha_equity": 987479.6712085002,
  "alpha_total_return": -0.01252032879149989,
  "alpha_sharpe": -8.852670544039238,
  "alpha_sortino": -2.224108061774617,
  "alpha_calmar": -13.416506662406373,
  "alpha_max_drawdown": -0.0140385583229512,
  "base_shares": 9300,
  "ending_shares": 9300,
  "base_position_pct": 0.6,
  "max_t0_trade_pct": 0.3,
  "max_participation_rate": 0.05,
  "commission_rate": 0.001,
  "slippage_rate": 0.0005,
  "tp": 0.003,
  "sl": 0.002,
  "stop_loss_cooldown_bars": 6,
  "daily_max_trades": 0,
  "daily_max_losses": 2,
  "daily_loss_limit": 0.0,
  "no_overnight": true
}