{
  "fold": 0,
  "model_summaries": {
    "lstm": {
      "model": "LSTM",
      "target_col_buy": "buy_label",
      "target_col_sell": "sell_label",
      "feature_count": 194,
      "lookback": 8,
      "params": {
        "hidden_dim": 256,
        "num_layers": 2,
        "dropout": 0.3,
        "output_dim": 1
      },
      "buy_fit": {
        "best_score": 0.5283704757388968,
        "best_valid_auc": 0.5283704757388968,
        "epochs_ran": 20,
        "pos_rate": 0.2706766917293233,
        "pos_weight": 2.6944444444444446,
        "device": "cpu"
      },
      "sell_fit": {
        "best_score": 0.5340424415510431,
        "best_valid_auc": 0.5340424415510431,
        "epochs_ran": 18,
        "pos_rate": 0.3405388471177945,
        "pos_weight": 1.9365225390984362,
        "device": "cpu"
      },
      "valid_buy_auc": 0.5283704757388968,
      "valid_buy_positive_rate": 0.2803030303030303,
      "valid_buy_prob_mean": 0.3791564702987671,
      "valid_buy_prob_std": 0.23580586910247803,
      "valid_buy_prob_min": 0.017246389761567116,
      "valid_buy_prob_max": 0.9152812957763672,
      "valid_buy_acc_05": 0.5984848484848485,
      "valid_buy_precision_05": 0.3125,
      "valid_buy_recall_05": 0.36036036036036034,
      "valid_buy_f1_05": 0.33472803347280333,
      "valid_buy_q90_threshold": 0.7148022651672363,
      "valid_buy_q95_threshold": 0.7839341759681702,
      "test_buy_auc": 0.52263072971549,
      "test_buy_positive_rate": 0.26262626262626265,
      "test_buy_prob_mean": 0.373139351606369,
      "test_buy_prob_std": 0.21092112362384796,
      "test_buy_prob_min": 0.014389773830771446,
      "test_buy_prob_max": 0.8735644817352295,
      "test_buy_acc_05": 0.6136363636363636,
      "test_buy_precision_05": 0.3008130081300813,
      "test_buy_recall_05": 0.3557692307692308,
      "test_buy_f1_05": 0.32599118942731276,
      "test_buy_q90_threshold": 0.6641697287559509,
      "test_buy_q95_threshold": 0.7329289317131042,
      "valid_sell_auc": 0.5340424415510431,
      "valid_sell_positive_rate": 0.3068181818181818,
      "valid_sell_prob_mean": 0.46671348810195923,
      "valid_sell_prob_std": 0.23055948317050934,
      "valid_sell_prob_min": 0.0320567786693573,
      "valid_sell_prob_max": 0.9270738363265991,
      "valid_sell_acc_05": 0.5404040404040404,
      "valid_sell_precision_05": 0.33053221288515405,
      "valid_sell_recall_05": 0.48559670781893005,
      "valid_sell_f1_05": 0.3933333333333333,
      "valid_sell_q90_threshold": 0.7821643352508545,
      "valid_sell_q95_threshold": 0.8303675651550293,
      "test_sell_auc": 0.4916683532348378,
      "test_sell_positive_rate": 0.3068181818181818,
      "test_sell_prob_mean": 0.4384613037109375,
      "test_sell_prob_std": 0.23043900728225708,
      "test_sell_prob_min": 0.03477892279624939,
      "test_sell_prob_max": 0.9650458693504333,
      "test_sell_acc_05": 0.547979797979798,
      "test_sell_precision_05": 0.3050847457627119,
      "test_sell_recall_05": 0.37037037037037035,
      "test_sell_f1_05": 0.3345724907063197,
      "test_sell_q90_threshold": 0.7793388962745667,
      "test_sell_q95_threshold": 0.851359486579895
    }
  },
  "selected_model_summary": {
    "model": "LSTM",
    "target_col_buy": "buy_label",
    "target_col_sell": "sell_label",
    "feature_count": 194,
    "lookback": 8,
    "params": {
      "hidden_dim": 256,
      "num_layers": 2,
      "dropout": 0.3,
      "output_dim": 1
    },
    "buy_fit": {
      "best_score": 0.5283704757388968,
      "best_valid_auc": 0.5283704757388968,
      "epochs_ran": 20,
      "pos_rate": 0.2706766917293233,
      "pos_weight": 2.6944444444444446,
      "device": "cpu"
    },
    "sell_fit": {
      "best_score": 0.5340424415510431,
      "best_valid_auc": 0.5340424415510431,
      "epochs_ran": 18,
      "pos_rate": 0.3405388471177945,
      "pos_weight": 1.9365225390984362,
      "device": "cpu"
    },
    "valid_buy_auc": 0.5283704757388968,
    "valid_buy_positive_rate": 0.2803030303030303,
    "valid_buy_prob_mean": 0.3791564702987671,
    "valid_buy_prob_std": 0.23580586910247803,
    "valid_buy_prob_min": 0.017246389761567116,
    "valid_buy_prob_max": 0.9152812957763672,
    "valid_buy_acc_05": 0.5984848484848485,
    "valid_buy_precision_05": 0.3125,
    "valid_buy_recall_05": 0.36036036036036034,
    "valid_buy_f1_05": 0.33472803347280333,
    "valid_buy_q90_threshold": 0.7148022651672363,
    "valid_buy_q95_threshold": 0.7839341759681702,
    "test_buy_auc": 0.52263072971549,
    "test_buy_positive_rate": 0.26262626262626265,
    "test_buy_prob_mean": 0.373139351606369,
    "test_buy_prob_std": 0.21092112362384796,
    "test_buy_prob_min": 0.014389773830771446,
    "test_buy_prob_max": 0.8735644817352295,
    "test_buy_acc_05": 0.6136363636363636,
    "test_buy_precision_05": 0.3008130081300813,
    "test_buy_recall_05": 0.3557692307692308,
    "test_buy_f1_05": 0.32599118942731276,
    "test_buy_q90_threshold": 0.6641697287559509,
    "test_buy_q95_threshold": 0.7329289317131042,
    "valid_sell_auc": 0.5340424415510431,
    "valid_sell_positive_rate": 0.3068181818181818,
    "valid_sell_prob_mean": 0.46671348810195923,
    "valid_sell_prob_std": 0.23055948317050934,
    "valid_sell_prob_min": 0.0320567786693573,
    "valid_sell_prob_max": 0.9270738363265991,
    "valid_sell_acc_05": 0.5404040404040404,
    "valid_sell_precision_05": 0.33053221288515405,
    "valid_sell_recall_05": 0.48559670781893005,
    "valid_sell_f1_05": 0.3933333333333333,
    "valid_sell_q90_threshold": 0.7821643352508545,
    "valid_sell_q95_threshold": 0.8303675651550293,
    "test_sell_auc": 0.4916683532348378,
    "test_sell_positive_rate": 0.3068181818181818,
    "test_sell_prob_mean": 0.4384613037109375,
    "test_sell_prob_std": 0.23043900728225708,
    "test_sell_prob_min": 0.03477892279624939,
    "test_sell_prob_max": 0.9650458693504333,
    "test_sell_acc_05": 0.547979797979798,
    "test_sell_precision_05": 0.3050847457627119,
    "test_sell_recall_05": 0.37037037037037035,
    "test_sell_f1_05": 0.3345724907063197,
    "test_sell_q90_threshold": 0.7793388962745667,
    "test_sell_q95_threshold": 0.851359486579895
  },
  "t0_stats": {
    "total_return": -0.057476872296454706,
    "annualized_return": -0.624393779702286,
    "max_drawdown": -0.07914769028294288,
    "sharpe": -2.885463387407561,
    "sortino": -2.7492979785186322,
    "calmar": -7.888970322066987,
    "trade_count": 15,
    "win_rate": 0.26666666666666666,
    "avg_net_return_per_trade": -0.004317449541074749,
    "median_net_return_per_trade": -0.005472710883620777,
    "backtest_mode": "a_share_inventory_t0",
    "trade_direction_mode": "sell_only",
    "buy_threshold": 0.7839341640472411,
    "sell_threshold": 0.8303675591945648,
    "initial_capital": 1000000.0,
    "final_equity": 942246.0259040005,
    "final_benchmark_equity": 950804.0,
    "final_alpha_equity": 991442.0259040005,
    "alpha_total_return": -0.008557974095999454,
    "alpha_sharpe": -10.406824948766905,
    "alpha_sortino": -3.2604803123917616,
    "alpha_calmar": -15.40810112063103,
    "alpha_max_drawdown": -0.008601478059031442,
    "base_shares": 9800,
    "ending_shares": 9800,
    "base_position_pct": 0.6,
    "max_t0_trade_pct": 0.3,
    "max_participation_rate": 0.05,
    "commission_rate": 0.001,
    "slippage_rate": 0.0005,
    "tp": 0.003,
    "sl": 0.002,
    "stop_loss_cooldown_bars": 0,
    "daily_max_trades": 0,
    "daily_max_losses": 0,
    "daily_loss_limit": 0.0,
    "no_overnight": true
  },
  "stress_stats": {
    "stress_scenario_count": 12,
    "stress_min_alpha_total_return": -0.013851433392999657,
    "stress_worst_alpha_drawdown": -0.013851433392999657,
    "stress_min_trade_count": 15
  },
  "sell_threshold_grid_stats": {
    "sell_grid_best_rule": "sell_only_q92",
    "sell_grid_best_quantile": 0.92,
    "sell_grid_best_alpha_total_return": -0.003949482332999854,
    "sell_grid_best_trade_count": 17,