{
  "scenario_count": 12,
  "all_alpha_positive": false,
  "min_alpha_total_return": -0.011158235377499826,
  "worst_alpha_max_drawdown": -0.011158235377499826,
  "min_trade_count": 12
}