{
  "total_return": -0.09940844577969687,
  "annualized_return": -0.8238460322862768,
  "max_drawdown": -0.11845699488543093,
  "sharpe": -6.537105167366795,
  "sortino": -10.316384343258653,
  "calmar": -6.954811179222325,
  "trade_count": 11,
  "win_rate": 0.0,
  "avg_net_return_per_trade": -0.006403929421915363,
  "median_net_return_per_trade": -0.0018584786000513899,
  "backtest_mode": "a_share_inventory_t0",
  "trade_direction_mode": "sell_only",
  "buy_threshold": 0.6491788774728775,
  "sell_threshold": 0.8673499226570129,
  "initial_capital": 1000000.0,
  "final_equity": 904954.9203005005,
  "final_benchmark_equity": 913740.0,
  "final_alpha_equity": 991214.9203005005,
  "alpha_total_return": -0.008785079699499487,
  "alpha_sharpe": -7.108860006626616,
  "alpha_sortino": -1.8764189585828972,
  "alpha_calmar": -13.949424564440264,
  "alpha_max_drawdown": -0.00975895386931791,
  "base_shares": 9500,
  "ending_shares": 9500,
  "base_position_pct": 0.6,
  "max_t0_trade_pct": 0.3,
  "max_participation_rate": 0.05,
  "commission_rate": 0.0015,
  "slippage_rate": 0.001,
  "tp": 0.003,
  "sl": 0.002,
  "stop_loss_cooldown_bars": 6,
  "daily_max_trades": 0,
  "daily_max_losses": 2,
  "daily_loss_limit": 0.0,
  "no_overnight": true
}