model_label,epoch,train_loss,valid_loss,valid_auc,valid_prob_mean,valid_prob_max
Transformer_LSTM_buy,1,1.098208789889877,0.9570465087890625,0.541340411413404,0.49572286009788513,0.6974058151245117
Transformer_LSTM_buy,2,0.9299375302082783,0.965998649597168,0.5040477770404778,0.5042898058891296,0.6535150408744812
Transformer_LSTM_buy,3,0.8879620078447703,0.9833464622497559,0.4785666887856669,0.47418442368507385,0.658065676689148
