model_label,epoch,train_loss,valid_loss,valid_auc,valid_prob_mean,valid_prob_max
Transformer_LSTM_sell,1,0.9780233002997734,0.8835706114768982,0.4877239548772395,0.43344759941101074,0.60174560546875
Transformer_LSTM_sell,2,0.8779371880196236,0.9049445986747742,0.44419376244193765,0.44918546080589294,0.6336733102798462
Transformer_LSTM_sell,3,0.8593092335237039,0.9027497172355652,0.46821499668214994,0.4186306893825531,0.6377471089363098
