{
  "total_return": -0.05733871215266373,
  "annualized_return": -0.6239449387213032,
  "max_drawdown": -0.08368191541150005,
  "sharpe": -2.891743848817149,
  "sortino": -2.758850767434285,
  "calmar": -7.456150300254206,
  "trade_count": 12,
  "win_rate": 0.08333333333333333,
  "avg_net_return_per_trade": -0.005968802212842402,
  "median_net_return_per_trade": -0.007984034971514228,
  "backtest_mode": "a_share_inventory_t0",
  "trade_direction_mode": "sell_only",
  "buy_threshold": 0.7226963907480239,
  "sell_threshold": 0.9022319376468658,
  "initial_capital": 1000000.0,
  "final_equity": 942291.7646225002,
  "final_benchmark_equity": 953450.0,
  "final_alpha_equity": 988841.7646225002,
  "alpha_total_return": -0.011158235377499826,
  "alpha_sharpe": -11.111962410956346,
  "alpha_sortino": -4.172226439002759,
  "alpha_calmar": -15.199952940209398,
  "alpha_max_drawdown": -0.011158235377499826,
  "base_shares": 9800,
  "ending_shares": 9800,
  "base_position_pct": 0.6,
  "max_t0_trade_pct": 0.3,
  "max_participation_rate": 0.05,
  "commission_rate": 0.0015,
  "slippage_rate": 0.001,
  "tp": 0.003,
  "sl": 0.002,
  "stop_loss_cooldown_bars": 0,
  "daily_max_trades": 0,
  "daily_max_losses": 0,
  "daily_loss_limit": 0.0,
  "no_overnight": true
}