{
  "total_return": -0.02737125608866542,
  "annualized_return": -0.9649770384194575,
  "max_drawdown": -0.05692715373673707,
  "sharpe": -9.457082214126157,
  "sortino": -12.946535698843944,
  "calmar": -16.951085291951358,
  "trade_count": 2,
  "win_rate": 0.5,
  "avg_net_return_per_trade": 0.0002189028053556398,
  "median_net_return_per_trade": 0.0002189028053556398,
  "backtest_mode": "a_share_inventory_t0",
  "trade_direction_mode": "sell_only",
  "buy_threshold": 0.36078413022845357,
  "sell_threshold": 0.5629415590088706,
  "initial_capital": 1000000.0,
  "final_equity": 970725.3094595001,
  "final_benchmark_equity": 970336.0,
  "final_alpha_equity": 1000389.3094595001,
  "alpha_total_return": 0.00038930945950022,
  "alpha_sharpe": 3.3090924666497403,
  "alpha_sortino": 2.2275632994683474,
  "alpha_calmar": 66.4491559829765,
  "alpha_max_drawdown": -0.000724324609079785,
  "base_shares": 10300,
  "ending_shares": 10300,
  "base_position_pct": 0.6,
  "max_t0_trade_pct": 0.3,
  "max_participation_rate": 0.05,
  "commission_rate": 0.0015,
  "slippage_rate": 0.0005,
  "tp": 0.003,
  "sl": 0.002,
  "no_overnight": true
}