{
  "total_return": 0.07503845597650116,
  "annualized_return": 1.860915936621307,
  "max_drawdown": -0.04868598582402639,
  "sharpe": 3.9887567785968496,
  "sortino": 6.7582944597895045,
  "calmar": 38.222825421416246,
  "trade_count": 4,
  "win_rate": 0.0,
  "avg_net_return_per_trade": -0.006202832613993427,
  "median_net_return_per_trade": -0.005304180114783671,
  "backtest_mode": "a_share_inventory_t0",
  "trade_direction_mode": "sell_only",
  "buy_threshold": 0.6654055744409558,
  "sell_threshold": 0.6038862615823746,
  "initial_capital": 1000000.0,
  "final_equity": 1074354.7315185,
  "final_benchmark_equity": 1079076.0,
  "final_alpha_equity": 995278.7315185,
  "alpha_total_return": -0.004721268481500007,
  "alpha_sharpe": -5.099557853066779,
  "alpha_sortino": -0.7751359844964846,
  "alpha_calmar": -14.072398996434973,
  "alpha_max_drawdown": -0.004721268481500007,
  "base_shares": 10600,
  "ending_shares": 10600,
  "base_position_pct": 0.6,
  "max_t0_trade_pct": 0.3,
  "max_participation_rate": 0.02,
  "commission_rate": 0.0015,
  "slippage_rate": 0.0005,
  "tp": 0.003,
  "sl": 0.002,
  "stop_loss_cooldown_bars": 6,
  "daily_max_trades": 0,
  "daily_max_losses": 2,
  "daily_loss_limit": 0.0,
  "no_overnight": true
}