model_label,epoch,train_loss,valid_loss,valid_auc,valid_prob_mean,valid_prob_max
CNN_buy,1,1.3293699283857603,1.0391703844070435,0.5892424487158779,0.29710811376571655,0.5125051140785217
CNN_buy,2,1.161894231229215,1.0419363975524902,0.5457922791148442,0.3362215757369995,0.5399236679077148
CNN_buy,3,1.0523260219677075,1.0626863241195679,0.5104183492166048,0.3668387234210968,0.6017060279846191
