model_label,epoch,train_loss,valid_loss,valid_auc,valid_prob_mean,valid_prob_max
CNN_sell,1,0.9371569124428002,0.9579349160194397,0.4629433250854247,0.364274263381958,0.5366259217262268
CNN_sell,2,0.852148492594023,0.9829110503196716,0.44609402615765287,0.3564928472042084,0.52247154712677
CNN_sell,3,0.8168365504290607,0.9942759871482849,0.4297160362907977,0.36094436049461365,0.5512609481811523
