{
  "model": "CNN",
  "target_col_buy": "buy_label",
  "target_col_sell": "sell_label",
  "feature_count": 194,
  "lookback": 8,
  "params": {
    "channels": 64,
    "kernel_size": 3,
    "dropout": 0.3,
    "output_dim": 1
  },
  "buy_fit": {
    "best_score": 0.5892424487158779,
    "best_valid_auc": 0.5892424487158779,
    "epochs_ran": 3,
    "pos_rate": 0.2533783783783784,
    "pos_weight": 2.9466666666666663,
    "device": "cpu"
  },
  "sell_fit": {
    "best_score": 0.4629433250854247,
    "best_valid_auc": 0.4629433250854247,
    "epochs_ran": 3,
    "pos_rate": 0.36317567567567566,
    "pos_weight": 1.7534883720930234,
    "device": "cpu"
  },
  "valid_buy_auc": 0.5892424487158779,
  "valid_buy_positive_rate": 0.21354166666666666,
  "valid_buy_prob_mean": 0.29710811376571655,
  "valid_buy_prob_std": 0.11224443465471268,
  "valid_buy_prob_min": 0.12285821884870529,
  "valid_buy_prob_max": 0.5125051140785217,
  "valid_buy_acc_05": 0.78125,
  "valid_buy_precision_05": 0.3333333333333333,
  "valid_buy_recall_05": 0.024390243902439025,
  "valid_buy_f1_05": 0.045454545454545456,
  "valid_buy_q90_threshold": 0.4583854377269745,
  "valid_buy_q95_threshold": 0.48568710684776306,
  "test_buy_auc": 0.430946065428824,
  "test_buy_positive_rate": 0.4276315789473684,
  "test_buy_prob_mean": 0.1115456148982048,
  "test_buy_prob_std": 0.0677616074681282,
  "test_buy_prob_min": 0.009729523211717606,
  "test_buy_prob_max": 0.2929021716117859,
  "test_buy_acc_05": 0.5723684210526315,
  "test_buy_precision_05": 0.0,
  "test_buy_recall_05": 0.0,
  "test_buy_f1_05": 0.0,
  "test_buy_q90_threshold": 0.1949906200170517,
  "test_buy_q95_threshold": 0.23146846890449524,
  "valid_sell_auc": 0.4629433250854247,
  "valid_sell_positive_rate": 0.359375,
  "valid_sell_prob_mean": 0.364274263381958,
  "valid_sell_prob_std": 0.07700570672750473,
  "valid_sell_prob_min": 0.21115587651729584,
  "valid_sell_prob_max": 0.5366259217262268,
  "valid_sell_acc_05": 0.6510416666666666,
  "valid_sell_precision_05": 0.625,
  "valid_sell_recall_05": 0.07246376811594203,
  "valid_sell_f1_05": 0.12987012987012986,
  "valid_sell_q90_threshold": 0.46797508001327515,
  "valid_sell_q95_threshold": 0.4930554926395416,
  "test_sell_auc": 0.5126915708812261,
  "test_sell_positive_rate": 0.23684210526315788,
  "test_sell_prob_mean": 0.5659855604171753,
  "test_sell_prob_std": 0.18019527196884155,
  "test_sell_prob_min": 0.23094788193702698,
  "test_sell_prob_max": 0.9169120192527771,
  "test_sell_acc_05": 0.46710526315789475,
  "test_sell_precision_05": 0.2413793103448276,
  "test_sell_recall_05": 0.5833333333333334,
  "test_sell_f1_05": 0.34146341463414637,
  "test_sell_q90_threshold": 0.8414636254310608,
  "test_sell_q95_threshold": 0.8662965893745422
}