{
  "total_return": -0.028484857282527698,
  "annualized_return": -0.8776436411299607,
  "max_drawdown": -0.03596410455883314,
  "sharpe": -14.697154968597697,
  "sortino": -18.0111243925658,
  "calmar": -24.403322476560945,
  "trade_count": 6,
  "win_rate": 0.3333333333333333,
  "avg_net_return_per_trade": -0.003904373859787792,
  "median_net_return_per_trade": -0.005555932542066763,
  "backtest_mode": "a_share_inventory_t0",
  "trade_direction_mode": "sell_only",
  "buy_threshold": 0.5653021192148,
  "sell_threshold": 0.4055664901519764,
  "initial_capital": 1000000.0,
  "final_equity": 970824.3954510002,
  "final_benchmark_equity": 972429.0,
  "final_alpha_equity": 998395.3954510002,
  "alpha_total_return": -0.0016046045489997995,
  "alpha_sharpe": -8.238835433468012,
  "alpha_sortino": -4.673885119346425,
  "alpha_calmar": -46.433362319366644,
  "alpha_max_drawdown": -0.0023729954764999395,
  "base_shares": 7900,
  "ending_shares": 7900,
  "base_position_pct": 0.6,
  "max_t0_trade_pct": 0.3,
  "max_participation_rate": 0.05,
  "commission_rate": 0.001,
  "slippage_rate": 0.0005,
  "tp": 0.003,
  "sl": 0.002,
  "no_overnight": true
}