{
  "model": "LSTM",
  "target_col_buy": "buy_label",
  "target_col_sell": "sell_label",
  "feature_count": 194,
  "lookback": 16,
  "params": {
    "hidden_dim": 256,
    "num_layers": 2,
    "dropout": 0.3,
    "output_dim": 1
  },
  "buy_fit": {
    "best_score": 0.569721570161711,
    "best_valid_auc": 0.569721570161711,
    "epochs_ran": 11,
    "pos_rate": 0.2760678391959799,
    "pos_weight": 2.622298065984073,
    "device": "cpu"
  },
  "sell_fit": {
    "best_score": 0.5641549295774647,
    "best_valid_auc": 0.5641549295774647,
    "epochs_ran": 20,
    "pos_rate": 0.3228643216080402,
    "pos_weight": 2.09727626459144,
    "device": "cpu"
  },
  "valid_buy_auc": 0.569721570161711,
  "valid_buy_positive_rate": 0.2755102040816326,
  "valid_buy_prob_mean": 0.4949941039085388,
  "valid_buy_prob_std": 0.07136949151754379,
  "valid_buy_prob_min": 0.34596163034439087,
  "valid_buy_prob_max": 0.711779773235321,
  "valid_buy_acc_05": 0.5816326530612245,
  "valid_buy_precision_05": 0.3157894736842105,
  "valid_buy_recall_05": 0.4444444444444444,
  "valid_buy_f1_05": 0.36923076923076925,
  "valid_buy_q90_threshold": 0.6037001013755798,
  "valid_buy_q95_threshold": 0.6489220261573792,
  "test_buy_auc": 0.5299324755601841,
  "test_buy_positive_rate": 0.2627551020408163,
  "test_buy_prob_mean": 0.4886772632598877,
  "test_buy_prob_std": 0.06281601637601852,
  "test_buy_prob_min": 0.34978044033050537,
  "test_buy_prob_max": 0.6539452075958252,
  "test_buy_acc_05": 0.5625,
  "test_buy_precision_05": 0.28792569659442724,
  "test_buy_recall_05": 0.45145631067961167,
  "test_buy_f1_05": 0.3516068052930057,
  "test_buy_q90_threshold": 0.5723627805709839,
  "test_buy_q95_threshold": 0.6011415123939514,
  "valid_sell_auc": 0.5641549295774647,
  "valid_sell_positive_rate": 0.3622448979591837,
  "valid_sell_prob_mean": 0.5055689811706543,
  "valid_sell_prob_std": 0.26988688111305237,
  "valid_sell_prob_min": 0.026239298284053802,
  "valid_sell_prob_max": 0.988416850566864,
  "valid_sell_acc_05": 0.5216836734693877,
  "valid_sell_precision_05": 0.39243498817966904,
  "valid_sell_recall_05": 0.5845070422535211,
  "valid_sell_f1_05": 0.4695898161244696,
  "valid_sell_q90_threshold": 0.8671776056289673,
  "valid_sell_q95_threshold": 0.9102133512496948,
  "test_sell_auc": 0.518348368415191,
  "test_sell_positive_rate": 0.37244897959183676,
  "test_sell_prob_mean": 0.4829692542552948,
  "test_sell_prob_std": 0.2702910900115967,
  "test_sell_prob_min": 0.009743504226207733,
  "test_sell_prob_max": 0.984254002571106,
  "test_sell_acc_05": 0.5204081632653061,
  "test_sell_precision_05": 0.3870967741935484,
  "test_sell_recall_05": 0.4931506849315068,
  "test_sell_f1_05": 0.43373493975903615,
  "test_sell_q90_threshold": 0.8691263794898987,
  "test_sell_q95_threshold": 0.9182190299034119
}