{
  "total_return": -0.03683583646801014,
  "annualized_return": -0.180058150511881,
  "max_drawdown": -0.09162938136334364,
  "sharpe": -1.247452014471112,
  "sortino": -1.4301901468772211,
  "calmar": -1.965070022658838,
  "trade_count": 53,
  "win_rate": 0.2830188679245283,
  "avg_net_return_per_trade": -0.004052334637448347,
  "median_net_return_per_trade": -0.005268878267346564,
  "backtest_mode": "a_share_inventory_t0",
  "trade_direction_mode": "sell_only",
  "buy_threshold": 0.5876382724393838,
  "sell_threshold": 0.7534191642222479,
  "initial_capital": 1000000.0,
  "final_equity": 963058.2154740014,
  "final_benchmark_equity": 986910.0,
  "final_alpha_equity": 976148.2154740014,
  "alpha_total_return": -0.023851784525998676,
  "alpha_sharpe": -10.079052731122687,
  "alpha_sortino": -5.441728141201334,
  "alpha_calmar": -4.732557476541442,
  "alpha_max_drawdown": -0.025330099810875195,
  "base_shares": 11000,
  "ending_shares": 11000,
  "base_position_pct": 0.6,
  "max_t0_trade_pct": 0.3,
  "max_participation_rate": 0.05,
  "commission_rate": 0.001,
  "slippage_rate": 0.0005,
  "tp": 0.003,
  "sl": 0.002,
  "no_overnight": true
}