{
  "lookback": 6,
  "lookback_minutes": 30,
  "horizon": 12,
  "horizon_minutes": 60,
  "best_valid_auc": 0.5678854419516949,
  "valid_auc": 0.5678854419516949,
  "test_auc": 0.5195880550937488,
  "train_positive_rate": 0.359956097766896,
  "valid_positive_rate": 0.3588884509262909,
  "test_positive_rate": 0.3944619629483642,
  "valid_action_metrics": {
    "accuracy": 0.4309223492313756,
    "buy_auc": 0.5678854419516949,
    "sell_auc": 0.5451473559534592,
    "buy_positive_rate": 0.3588884509262909,
    "sell_positive_rate": 0.4562475364603863,
    "hold_rate": 0.18486401261332283
  },
  "test_action_metrics": {
    "accuracy": 0.41978715017737483,
    "buy_auc": 0.5195880550937488,
    "sell_auc": 0.5301304099057811,
    "buy_positive_rate": 0.3944619629483642,
    "sell_positive_rate": 0.45969649191959006,
    "hold_rate": 0.14584154513204572
  },
  "test_trade_return_mean_all": 0.0006661114750419357,
  "test_trade_return_mean_label_1": -4.1797926702577834e-05,
  "selected_threshold": 0.4309201717376709,
  "selected_quantile": 0.95,
  "selected_threshold_test_stats": {
    "threshold": 0.4309201717376709,
    "horizon": 12,
    "round_trip_cost": 0.003,
    "trade_count": 96,
    "win_rate": 0.3645833333333333,
    "gross_return_mean": 0.00015220073954963614,
    "net_return_mean": -0.0028477992604503647,
    "gross_return_median": -0.0018387453521077624,
    "net_return_median": -0.004838745352107762,
    "total_return": -0.2486884330909107,
    "max_drawdown": -0.3176309292820091,
    "per_trade_sharpe": -0.17743437849338628,
    "trades_per_year": 112.38586611763397,
    "bar_annualized_sharpe": -19.123442366012945,
    "sharpe": -1.8810208872374532,
    "avg_pred_prob": 0.4404402530441682,
    "positive_label_rate": 0.4791666666666667,
    "buy_label_rate": 0.4166666666666667,
    "selected_by": "validation_net_return_mean",
    "selected_quantile": 0.95
  },
  "output_dir": "outputs\\diagnostics\\robustness\\lb6_h12\\seed_23",
  "seed": 23
}