{
  "lookback": 6,
  "lookback_minutes": 30,
  "horizon": 12,
  "horizon_minutes": 60,
  "best_valid_auc": 0.5995129505132264,
  "valid_auc": 0.5995129505132264,
  "test_auc": 0.5505016778465053,
  "train_positive_rate": 0.2873485584026341,
  "valid_positive_rate": 0.2975955853370122,
  "test_positive_rate": 0.3358297201418999,
  "test_trade_return_mean_all": 0.0006661114750419357,
  "test_trade_return_mean_label_1": 0.014918620844276866,
  "selected_threshold": 0.6613009095191955,
  "selected_quantile": 0.95,
  "selected_threshold_test_stats": {
    "threshold": 0.6613009095191955,
    "horizon": 12,
    "round_trip_cost": 0.003,
    "trade_count": 75,
    "win_rate": 0.4,
    "gross_return_mean": 0.0035065754842609166,
    "net_return_mean": 0.0005065754842609155,
    "gross_return_median": 0.0009057971014492239,
    "net_return_median": -0.002094202898550776,
    "total_return": 0.019945539888170938,
    "max_drawdown": -0.1593147788074999,
    "per_trade_sharpe": 0.022569099381008352,
    "trades_per_year": 87.83469344585342,
    "bar_annualized_sharpe": 2.4324422072559018,
    "sharpe": 0.2115179719931374,
    "avg_pred_prob": 0.6734364438056946,
    "positive_label_rate": 0.4,
    "selected_by": "validation_net_return_mean",
    "selected_quantile": 0.95
  },
  "output_dir": "outputs\\diagnostics\\robustness\\lb6_h12\\seed_23",
  "seed": 23
}