{
  "total_return": -0.05624046379385517,
  "annualized_return": -0.6161594264807531,
  "max_drawdown": -0.07882873768386889,
  "sharpe": -2.8218944020702827,
  "sortino": -2.6857122724121316,
  "calmar": -7.816431476446702,
  "trade_count": 16,
  "win_rate": 0.25,
  "avg_net_return_per_trade": -0.004248755943197218,
  "median_net_return_per_trade": -0.00530930257480122,
  "backtest_mode": "a_share_inventory_t0",
  "trade_direction_mode": "sell_only",
  "buy_threshold": 0.7839341640472411,
  "sell_threshold": 0.8160488653182982,
  "initial_capital": 1000000.0,
  "final_equity": 943482.0709025002,
  "final_benchmark_equity": 950804.0,
  "final_alpha_equity": 992678.0709025002,
  "alpha_total_return": -0.007321929097499846,
  "alpha_sharpe": -9.053418327162023,
  "alpha_sortino": -2.7508196414754407,
  "alpha_calmar": -15.451421063584236,
  "alpha_max_drawdown": -0.007408244903322925,
  "base_shares": 9800,
  "ending_shares": 9800,
  "base_position_pct": 0.6,
  "max_t0_trade_pct": 0.3,
  "max_participation_rate": 0.05,
  "commission_rate": 0.001,
  "slippage_rate": 0.0005,
  "tp": 0.003,
  "sl": 0.002,
  "stop_loss_cooldown_bars": 0,
  "daily_max_trades": 0,
  "daily_max_losses": 0,
  "daily_loss_limit": 0.0,
  "no_overnight": true
}