{
  "total_return": -0.04584864033068148,
  "annualized_return": -0.5540812612950547,
  "max_drawdown": -0.07900342752934408,
  "sharpe": -2.1563836036224857,
  "sortino": -2.0462407783127614,
  "calmar": -7.013382566082383,
  "trade_count": 7,
  "win_rate": 0.42857142857142855,
  "avg_net_return_per_trade": -0.0023471826468830633,
  "median_net_return_per_trade": -0.003507866145667224,
  "backtest_mode": "a_share_inventory_t0",
  "trade_direction_mode": "sell_only",
  "buy_threshold": 0.7473482042551041,
  "sell_threshold": 0.8919892561435699,
  "initial_capital": 1000000.0,
  "final_equity": 956512.8842845,
  "final_benchmark_equity": 957628.0,
  "final_alpha_equity": 998884.8842845,
  "alpha_total_return": -0.001115115715499937,
  "alpha_sharpe": -1.3333245331094747,
  "alpha_sortino": -0.7001816423906713,
  "alpha_calmar": -6.346784519911433,
  "alpha_max_drawdown": -0.002996224165242034,
  "base_shares": 9900,
  "ending_shares": 9900,
  "base_position_pct": 0.6,
  "max_t0_trade_pct": 0.3,
  "max_participation_rate": 0.05,
  "commission_rate": 0.001,
  "slippage_rate": 0.0005,
  "tp": 0.003,
  "sl": 0.002,
  "stop_loss_cooldown_bars": 0,
  "daily_max_trades": 0,
  "daily_max_losses": 0,
  "daily_loss_limit": 0.0,
  "no_overnight": true
}