{
  "total_return": -0.06045331953794364,
  "annualized_return": -0.6435410725611693,
  "max_drawdown": -0.08036433457836578,
  "sharpe": -3.0410950226623146,
  "sortino": -2.907970946105223,
  "calmar": -8.007794451824052,
  "trade_count": 16,
  "win_rate": 0.0,
  "avg_net_return_per_trade": -0.006408591788283128,
  "median_net_return_per_trade": -0.006502223899303158,
  "backtest_mode": "a_share_inventory_t0",
  "trade_direction_mode": "sell_only",
  "buy_threshold": 0.7839341640472411,
  "sell_threshold": 0.8303675591945648,
  "initial_capital": 1000000.0,
  "final_equity": 939270.4537380005,
  "final_benchmark_equity": 950804.0,
  "final_alpha_equity": 988466.4537380005,
  "alpha_total_return": -0.011533546261999539,
  "alpha_sharpe": -13.189585156198675,
  "alpha_sortino": -3.8528157718595186,
  "alpha_calmar": -15.139316126865978,
  "alpha_max_drawdown": -0.011533546261999539,
  "base_shares": 9800,
  "ending_shares": 9800,
  "base_position_pct": 0.6,
  "max_t0_trade_pct": 0.3,
  "max_participation_rate": 0.02,
  "commission_rate": 0.001,
  "slippage_rate": 0.001,
  "tp": 0.003,
  "sl": 0.002,
  "stop_loss_cooldown_bars": 0,
  "daily_max_trades": 0,
  "daily_max_losses": 0,
  "daily_loss_limit": 0.0,
  "no_overnight": true
}