{
  "total_return": -0.05183903796748712,
  "annualized_return": -0.5863687014247406,
  "max_drawdown": -0.08105014018746426,
  "sharpe": -2.649312094464796,
  "sortino": -2.510007305647114,
  "calmar": -7.234641421575631,
  "trade_count": 12,
  "win_rate": 0.3333333333333333,
  "avg_net_return_per_trade": -0.004156463709492461,
  "median_net_return_per_trade": -0.00613665621631537,
  "backtest_mode": "a_share_inventory_t0",
  "trade_direction_mode": "sell_only",
  "buy_threshold": 0.6456784754991531,
  "sell_threshold": 0.8265395760536194,
  "initial_capital": 1000000.0,
  "final_equity": 947324.6840640001,
  "final_benchmark_equity": 953940.0,
  "final_alpha_equity": 993384.6840640001,
  "alpha_total_return": -0.006615315935999844,
  "alpha_sharpe": -10.46014844327972,
  "alpha_sortino": -3.398335867294246,
  "alpha_calmar": -15.106259541784995,
  "alpha_max_drawdown": -0.006899845926919168,
  "base_shares": 9800,
  "ending_shares": 9800,
  "base_position_pct": 0.6,
  "max_t0_trade_pct": 0.3,
  "max_participation_rate": 0.05,
  "commission_rate": 0.001,
  "slippage_rate": 0.0005,
  "tp": 0.004,
  "sl": 0.003,
  "stop_loss_cooldown_bars": 6,
  "daily_max_trades": 0,
  "daily_max_losses": 2,
  "daily_loss_limit": 0.0,
  "no_overnight": true
}