{
  "total_return": 0.07710869044449842,
  "annualized_return": 1.9570179275743675,
  "max_drawdown": -0.04453888448702248,
  "sharpe": 4.153281140773835,
  "sortino": 7.086691636038377,
  "calmar": 43.9395362078409,
  "trade_count": 3,
  "win_rate": 0.3333333333333333,
  "avg_net_return_per_trade": -0.0031229911819908272,
  "median_net_return_per_trade": -0.004524226988931231,
  "backtest_mode": "a_share_inventory_t0",
  "trade_direction_mode": "sell_only",
  "buy_threshold": 0.9503372311592102,
  "sell_threshold": 0.5626334697008133,
  "initial_capital": 1000000.0,
  "final_equity": 1076651.99635975,
  "final_benchmark_equity": 1078122.0,
  "final_alpha_equity": 998529.9963597499,
  "alpha_total_return": -0.0014700036402500727,
  "alpha_sharpe": -2.08632990787195,
  "alpha_sortino": -0.6330465671817214,
  "alpha_calmar": -6.250600903750305,
  "alpha_max_drawdown": -0.003398521798255061,
  "base_shares": 10600,
  "ending_shares": 10600,
  "base_position_pct": 0.6,
  "max_t0_trade_pct": 0.3,
  "max_participation_rate": 0.02,
  "commission_rate": 0.0015,
  "slippage_rate": 0.00075,
  "tp": 0.004,
  "sl": 0.003,
  "stop_loss_cooldown_bars": 6,
  "daily_max_trades": 0,
  "daily_max_losses": 2,
  "daily_loss_limit": 0.0,
  "no_overnight": true
}