{
  "total_return": -0.05286702523841991,
  "annualized_return": -0.5928215587310901,
  "max_drawdown": -0.0801867846015919,
  "sharpe": -2.644462710961619,
  "sortino": -2.519948348805563,
  "calmar": -7.393008232921727,
  "trade_count": 17,
  "win_rate": 0.35294117647058826,
  "avg_net_return_per_trade": -0.0032944491295873483,
  "median_net_return_per_trade": -0.004654582544793004,
  "backtest_mode": "a_share_inventory_t0",
  "trade_direction_mode": "sell_only",
  "buy_threshold": 0.7839341640472411,
  "sell_threshold": 0.7981405401229859,
  "initial_capital": 1000000.0,
  "final_equity": 946854.5176670002,
  "final_benchmark_equity": 950804.0,
  "final_alpha_equity": 996050.5176670002,
  "alpha_total_return": -0.003949482332999854,
  "alpha_sharpe": -4.837884908479205,
  "alpha_sortino": -3.214792464593145,
  "alpha_calmar": -11.813394372430714,
  "alpha_max_drawdown": -0.0053639030487909745,
  "base_shares": 9800,
  "ending_shares": 9800,
  "base_position_pct": 0.6,
  "max_t0_trade_pct": 0.3,
  "max_participation_rate": 0.05,
  "commission_rate": 0.001,
  "slippage_rate": 0.0005,
  "tp": 0.003,
  "sl": 0.002,
  "stop_loss_cooldown_bars": 0,
  "daily_max_trades": 0,
  "daily_max_losses": 0,
  "daily_loss_limit": 0.0,
  "no_overnight": true
}