{
  "model": "LSTM",
  "target_col_buy": "buy_label",
  "target_col_sell": "sell_label",
  "feature_count": 194,
  "lookback": 24,
  "params": {
    "hidden_dim": 256,
    "num_layers": 2,
    "dropout": 0.3,
    "output_dim": 1
  },
  "buy_fit": {
    "best_score": 0.564424778761062,
    "best_valid_auc": 0.564424778761062,
    "epochs_ran": 11,
    "pos_rate": 0.31454659949622166,
    "pos_weight": 2.179179179179179,
    "device": "cpu"
  },
  "sell_fit": {
    "best_score": 0.5741275914468685,
    "best_valid_auc": 0.5741275914468685,
    "epochs_ran": 20,
    "pos_rate": 0.3850755667506297,
    "pos_weight": 1.5968928863450533,
    "device": "cpu"
  },
  "valid_buy_auc": 0.564424778761062,
  "valid_buy_positive_rate": 0.2912371134020619,
  "valid_buy_prob_mean": 0.5033462643623352,
  "valid_buy_prob_std": 0.07982490211725235,
  "valid_buy_prob_min": 0.30738601088523865,
  "valid_buy_prob_max": 0.7467884421348572,
  "valid_buy_acc_05": 0.538659793814433,
  "valid_buy_precision_05": 0.32065217391304346,
  "valid_buy_recall_05": 0.5221238938053098,
  "valid_buy_f1_05": 0.39730639730639733,
  "valid_buy_q90_threshold": 0.6174067258834839,
  "valid_buy_q95_threshold": 0.652039110660553,
  "test_buy_auc": 0.5444760182554034,
  "test_buy_positive_rate": 0.30541237113402064,
  "test_buy_prob_mean": 0.5131770968437195,
  "test_buy_prob_std": 0.07941894978284836,
  "test_buy_prob_min": 0.29933035373687744,
  "test_buy_prob_max": 0.7044836282730103,
  "test_buy_acc_05": 0.4896907216494845,
  "test_buy_precision_05": 0.32679738562091504,
  "test_buy_recall_05": 0.6329113924050633,
  "test_buy_f1_05": 0.43103448275862066,
  "test_buy_q90_threshold": 0.6129107475280762,
  "test_buy_q95_threshold": 0.643744707107544,
  "valid_sell_auc": 0.5741275914468685,
  "valid_sell_positive_rate": 0.42783505154639173,
  "valid_sell_prob_mean": 0.3654400408267975,
  "valid_sell_prob_std": 0.321100115776062,
  "valid_sell_prob_min": 0.00012422453437466174,
  "valid_sell_prob_max": 0.9973177313804626,
  "valid_sell_acc_05": 0.5695876288659794,
  "valid_sell_precision_05": 0.49624060150375937,
  "valid_sell_recall_05": 0.39759036144578314,
  "valid_sell_f1_05": 0.4414715719063545,
  "valid_sell_q90_threshold": 0.8790596723556519,
  "valid_sell_q95_threshold": 0.933201789855957,
  "test_sell_auc": 0.5070593830683517,
  "test_sell_positive_rate": 0.4252577319587629,
  "test_sell_prob_mean": 0.34284618496894836,
  "test_sell_prob_std": 0.2945757210254669,
  "test_sell_prob_min": 0.00045747749391011894,
  "test_sell_prob_max": 0.9900729656219482,
  "test_sell_acc_05": 0.5399484536082474,
  "test_sell_precision_05": 0.44664031620553357,
  "test_sell_recall_05": 0.3424242424242424,
  "test_sell_f1_05": 0.3876500857632933,
  "test_sell_q90_threshold": 0.807425856590271,
  "test_sell_q95_threshold": 0.8772148489952087
}