{
  "total_return": -0.10635860687095178,
  "annualized_return": -0.8447204084927463,
  "max_drawdown": -0.1206137043887675,
  "sharpe": -7.202877448641158,
  "sortino": -11.294226122257118,
  "calmar": -7.003519316262815,
  "trade_count": 17,
  "win_rate": 0.4117647058823529,
  "avg_net_return_per_trade": -0.003699860676490795,
  "median_net_return_per_trade": -0.005375060318377753,
  "backtest_mode": "a_share_inventory_t0",
  "trade_direction_mode": "sell_only",
  "buy_threshold": 0.9011711865663528,
  "sell_threshold": 0.8409603357315064,
  "initial_capital": 1000000.0,
  "final_equity": 896300.8699150003,
  "final_benchmark_equity": 906349.0,
  "final_alpha_equity": 989951.8699150003,
  "alpha_total_return": -0.010048130084999718,
  "alpha_sharpe": -5.972935837456479,
  "alpha_sortino": -1.9650694467088616,
  "alpha_calmar": -10.4203566289814,
  "alpha_max_drawdown": -0.014781497477782013,
  "base_shares": 9300,
  "ending_shares": 9300,
  "base_position_pct": 0.6,
  "max_t0_trade_pct": 0.3,
  "max_participation_rate": 0.05,
  "commission_rate": 0.001,
  "slippage_rate": 0.0005,
  "tp": 0.004,
  "sl": 0.002,
  "stop_loss_cooldown_bars": 6,
  "daily_max_trades": 0,
  "daily_max_losses": 2,
  "daily_loss_limit": 0.0,
  "no_overnight": true
}