{
  "total_return": -0.1323905087117031,
  "annualized_return": -0.485501199667281,
  "max_drawdown": -0.1702237190116369,
  "sharpe": -3.036044339192526,
  "sortino": -4.259517511823126,
  "calmar": -2.8521360153933126,
  "trade_count": 61,
  "win_rate": 0.36065573770491804,
  "avg_net_return_per_trade": -0.0035937758680766076,
  "median_net_return_per_trade": -0.005539847088619318,
  "backtest_mode": "a_share_inventory_t0",
  "trade_direction_mode": "sell_only",
  "buy_threshold": 0.6868722345201278,
  "sell_threshold": 0.5897532948532048,
  "initial_capital": 1000000.0,
  "final_equity": 870925.4947640008,
  "final_benchmark_equity": 896351.0,
  "final_alpha_equity": 974574.4947640008,
  "alpha_total_return": -0.02542550523599929,
  "alpha_sharpe": -8.92587031584498,
  "alpha_sortino": -3.8164335790495616,
  "alpha_calmar": -3.95336588899444,
  "alpha_max_drawdown": -0.028719786166013672,
  "base_shares": 9100,
  "ending_shares": 9100,
  "base_position_pct": 0.6,
  "max_t0_trade_pct": 0.3,
  "max_participation_rate": 0.05,
  "commission_rate": 0.001,
  "slippage_rate": 0.0005,
  "tp": 0.003,
  "sl": 0.002,
  "no_overnight": true
}