{
  "scenario_count": 12,
  "all_alpha_positive": false,
  "min_alpha_total_return": -0.004424779852500005,
  "worst_alpha_max_drawdown": -0.005898902225268565,
  "min_trade_count": 4
}