{
  "total_return": -0.04395863687865642,
  "annualized_return": -0.5250650813233861,
  "max_drawdown": -0.07839828595051834,
  "sharpe": -2.193287920034312,
  "sortino": -2.0850159366435634,
  "calmar": -6.69740511488714,
  "trade_count": 2,
  "win_rate": 1.0,
  "avg_net_return_per_trade": 0.003012631442222527,
  "median_net_return_per_trade": 0.003012631442222527,
  "backtest_mode": "a_share_inventory_t0",
  "trade_direction_mode": "sell_only",
  "buy_threshold": 0.7298367828130722,
  "sell_threshold": 0.9526931810379028,
  "initial_capital": 1000000.0,
  "final_equity": 955666.594907,
  "final_benchmark_equity": 953450.0,
  "final_alpha_equity": 1002216.594907,
  "alpha_total_return": 0.0022165949069998803,
  "alpha_sharpe": 3.502266745256562,
  "alpha_sortino": 2.243992459366796,
  "alpha_calmar": 64.86146216590902,
  "alpha_max_drawdown": -0.0005759000054698094,
  "base_shares": 9800,
  "ending_shares": 9800,
  "base_position_pct": 0.6,
  "max_t0_trade_pct": 0.3,
  "max_participation_rate": 0.05,
  "commission_rate": 0.001,
  "slippage_rate": 0.0005,
  "tp": 0.003,
  "sl": 0.002,
  "stop_loss_cooldown_bars": 6,
  "daily_max_trades": 0,
  "daily_max_losses": 2,
  "daily_loss_limit": 0.0,
  "no_overnight": true
}