{
  "total_return": 0.07752130030432913,
  "annualized_return": 1.9735944530609615,
  "max_drawdown": -0.045057402394115154,
  "sharpe": 4.17384809883425,
  "sortino": 7.1080994367737595,
  "calmar": 43.80178057754009,
  "trade_count": 8,
  "win_rate": 0.625,
  "avg_net_return_per_trade": -0.0012075974661708952,
  "median_net_return_per_trade": 0.002038053850788815,
  "backtest_mode": "a_share_inventory_t0",
  "trade_direction_mode": "sell_only",
  "buy_threshold": 0.9164306968450546,
  "sell_threshold": 0.8818831443786621,
  "initial_capital": 1000000.0,
  "final_equity": 1077064.431273,
  "final_benchmark_equity": 1078122.0,
  "final_alpha_equity": 998942.4312730001,
  "alpha_total_return": -0.0010575687269999134,
  "alpha_sharpe": -1.7172186258929338,
  "alpha_sortino": -0.6123239659404663,
  "alpha_calmar": -4.1110922317425365,
  "alpha_max_drawdown": -0.0037278631549454433,
  "base_shares": 10600,
  "ending_shares": 10600,
  "base_position_pct": 0.6,
  "max_t0_trade_pct": 0.3,
  "max_participation_rate": 0.05,
  "commission_rate": 0.001,
  "slippage_rate": 0.0005,
  "tp": 0.004,
  "sl": 0.003,
  "stop_loss_cooldown_bars": 0,
  "daily_max_trades": 0,
  "daily_max_losses": 0,
  "daily_loss_limit": 0.0,
  "no_overnight": true
}