{
  "total_return": -0.006210915647249293,
  "annualized_return": -0.36423133845071565,
  "max_drawdown": -0.015492597718341994,
  "sharpe": -3.226417686150025,
  "sortino": -5.538941460923445,
  "calmar": -23.51002363015564,
  "trade_count": 1,
  "win_rate": 0.0,
  "avg_net_return_per_trade": -0.0016975909581799478,
  "median_net_return_per_trade": -0.0016975909581799478,
  "backtest_mode": "a_share_inventory_t0",
  "trade_direction_mode": "sell_only",
  "buy_threshold": 0.5368165940785212,
  "sell_threshold": 0.46066038028567957,
  "initial_capital": 1000000.0,
  "final_equity": 993544.6122379999,
  "final_benchmark_equity": 993604.0,
  "final_alpha_equity": 999940.6122379999,
  "alpha_total_return": -5.938776200009599e-05,
  "alpha_sharpe": -0.5374547523741977,
  "alpha_sortino": -0.2304809410909434,
  "alpha_calmar": -6.292629032375681,
  "alpha_max_drawdown": -0.0006846281138666033,
  "base_shares": 8200,
  "ending_shares": 8200,
  "base_position_pct": 0.6,
  "max_t0_trade_pct": 0.3,
  "max_participation_rate": 0.02,
  "commission_rate": 0.001,
  "slippage_rate": 0.00075,
  "tp": 0.003,
  "sl": 0.002,
  "no_overnight": true
}