{
  "total_return": -0.10430097441115216,
  "annualized_return": -0.8386912312258539,
  "max_drawdown": -0.11712817841887646,
  "sharpe": -6.891802777273737,
  "sortino": -10.84857955451309,
  "calmar": -7.160456540410858,
  "trade_count": 9,
  "win_rate": 0.2222222222222222,
  "avg_net_return_per_trade": -0.004852193882575305,
  "median_net_return_per_trade": -0.005890244485465265,
  "backtest_mode": "a_share_inventory_t0",
  "trade_direction_mode": "sell_only",
  "buy_threshold": 0.6604762256145478,
  "sell_threshold": 0.9096502101421357,
  "initial_capital": 1000000.0,
  "final_equity": 898364.6258890003,
  "final_benchmark_equity": 906349.0,
  "final_alpha_equity": 992015.6258890003,
  "alpha_total_return": -0.007984374110999726,
  "alpha_sharpe": -8.92405192070105,
  "alpha_sortino": -2.4314046839088475,
  "alpha_calmar": -13.620663574713815,
  "alpha_max_drawdown": -0.009128716562533445,
  "base_shares": 9300,
  "ending_shares": 9300,
  "base_position_pct": 0.6,
  "max_t0_trade_pct": 0.3,
  "max_participation_rate": 0.05,
  "commission_rate": 0.001,
  "slippage_rate": 0.0005,
  "tp": 0.003,
  "sl": 0.002,
  "stop_loss_cooldown_bars": 6,
  "daily_max_trades": 0,
  "daily_max_losses": 2,
  "daily_loss_limit": 0.0,
  "no_overnight": true
}