{
  "total_return": 0.07409604939680481,
  "annualized_return": 1.8279435168761746,
  "max_drawdown": -0.0511844763520668,
  "sharpe": 3.913596254372405,
  "sortino": 6.6505645142313154,
  "calmar": 35.71284981608224,
  "trade_count": 4,
  "win_rate": 0.25,
  "avg_net_return_per_trade": -0.006788041187942986,
  "median_net_return_per_trade": -0.007474597262682788,
  "backtest_mode": "a_share_inventory_t0",
  "trade_direction_mode": "sell_only",
  "buy_threshold": 0.6505905956029889,
  "sell_threshold": 0.6312080240249631,
  "initial_capital": 1000000.0,
  "final_equity": 1072502.0908595,
  "final_benchmark_equity": 1079288.0,
  "final_alpha_equity": 993214.0908595,
  "alpha_total_return": -0.006785909140500035,
  "alpha_sharpe": -6.246292703354653,
  "alpha_sortino": -0.9086022471106221,
  "alpha_calmar": -12.967197691167872,
  "alpha_max_drawdown": -0.007270730611000031,
  "base_shares": 10600,
  "ending_shares": 10600,
  "base_position_pct": 0.6,
  "max_t0_trade_pct": 0.3,
  "max_participation_rate": 0.05,
  "commission_rate": 0.001,
  "slippage_rate": 0.0005,
  "tp": 0.003,
  "sl": 0.002,
  "stop_loss_cooldown_bars": 0,
  "daily_max_trades": 0,
  "daily_max_losses": 0,
  "daily_loss_limit": 0.0,
  "no_overnight": true
}