{
  "total_return": 0.07901224304004906,
  "annualized_return": 2.0342170536498663,
  "max_drawdown": -0.044235314281255156,
  "sharpe": 4.261274798743582,
  "sortino": 7.25095327447653,
  "calmar": 45.986268814910886,
  "trade_count": 5,
  "win_rate": 0.6,
  "avg_net_return_per_trade": -0.0018940900918639398,
  "median_net_return_per_trade": 0.00034319346394562616,
  "backtest_mode": "a_share_inventory_t0",
  "trade_direction_mode": "sell_only",
  "buy_threshold": 0.6006682366132736,
  "sell_threshold": 0.6031739711761475,
  "initial_capital": 1000000.0,
  "final_equity": 1078554.741849,
  "final_benchmark_equity": 1078122.0,
  "final_alpha_equity": 1000432.7418490001,
  "alpha_total_return": 0.0004327418489999957,
  "alpha_sharpe": 0.5460256498956091,
  "alpha_sortino": 0.20737227381614284,
  "alpha_calmar": 3.1691300041592534,
  "alpha_max_drawdown": -0.0019989183457428394,
  "base_shares": 10600,
  "ending_shares": 10600,
  "base_position_pct": 0.6,
  "max_t0_trade_pct": 0.3,
  "max_participation_rate": 0.05,
  "commission_rate": 0.001,
  "slippage_rate": 0.0005,
  "tp": 0.003,
  "sl": 0.002,
  "stop_loss_cooldown_bars": 0,
  "daily_max_trades": 0,
  "daily_max_losses": 0,
  "daily_loss_limit": 0.0,
  "no_overnight": true
}