{
  "scenario_count": 12,
  "all_alpha_positive": false,
  "min_alpha_total_return": -0.005692205582499721,
  "worst_alpha_max_drawdown": -0.005692205582499943,
  "min_trade_count": 4
}