{
  "total_return": -0.023204583592523198,
  "annualized_return": -0.8185499070490563,
  "max_drawdown": -0.03253673624750997,
  "sharpe": -12.156565758090426,
  "sortino": -20.2322368351471,
  "calmar": -25.157714062721944,
  "trade_count": 1,
  "win_rate": 0.0,
  "avg_net_return_per_trade": -0.00522133238532829,
  "median_net_return_per_trade": -0.00522133238532829,
  "backtest_mode": "a_share_inventory_t0",
  "trade_direction_mode": "sell_only",
  "buy_threshold": 0.4912304569405676,
  "sell_threshold": 0.7060118678828016,
  "initial_capital": 1000000.0,
  "final_equity": 976707.5048200001,
  "final_benchmark_equity": 977950.0,
  "final_alpha_equity": 998757.5048200001,
  "alpha_total_return": -0.0012424951799998585,
  "alpha_sharpe": -11.052729802756767,
  "alpha_sortino": -2.6450664096816645,
  "alpha_calmar": -69.55139948464799,
  "alpha_max_drawdown": -0.0012424951799999695,
  "base_shares": 9000,
  "ending_shares": 9000,
  "base_position_pct": 0.6,
  "max_t0_trade_pct": 0.3,
  "max_participation_rate": 0.05,
  "commission_rate": 0.001,
  "slippage_rate": 0.0005,
  "tp": 0.003,
  "sl": 0.002,
  "no_overnight": true
}