{
  "total_return": 0.07078000617317604,
  "annualized_return": 1.7006217133191046,
  "max_drawdown": -0.04907036785212693,
  "sharpe": 3.7678475211703084,
  "sortino": 6.384244155875829,
  "calmar": 34.65679569478492,
  "trade_count": 17,
  "win_rate": 0.11764705882352941,
  "avg_net_return_per_trade": -0.004405489937583012,
  "median_net_return_per_trade": -0.005718775716338217,
  "backtest_mode": "a_share_inventory_t0",
  "trade_direction_mode": "sell_only",
  "buy_threshold": 0.6860697031021118,
  "sell_threshold": 0.9143876522779464,
  "initial_capital": 1000000.0,
  "final_equity": 1070098.9900892498,
  "final_benchmark_equity": 1079076.0,
  "final_alpha_equity": 991022.9900892498,
  "alpha_total_return": -0.008977009910750233,
  "alpha_sharpe": -10.907876862079599,
  "alpha_sortino": -4.865961162522598,
  "alpha_calmar": -13.677444306997506,
  "alpha_max_drawdown": -0.008977009910750233,
  "base_shares": 10600,
  "ending_shares": 10600,
  "base_position_pct": 0.6,
  "max_t0_trade_pct": 0.3,
  "max_participation_rate": 0.05,
  "commission_rate": 0.001,
  "slippage_rate": 0.00075,
  "tp": 0.003,
  "sl": 0.002,
  "stop_loss_cooldown_bars": 0,
  "daily_max_trades": 0,
  "daily_max_losses": 0,
  "daily_loss_limit": 0.0,
  "no_overnight": true
}