{
  "total_return": -0.023084363144683095,
  "annualized_return": -0.8169192464527597,
  "max_drawdown": -0.03241760948181038,
  "sharpe": -12.268407786768398,
  "sortino": -20.51753721556478,
  "calmar": -25.19986080130725,
  "trade_count": 1,
  "win_rate": 0.0,
  "avg_net_return_per_trade": -0.009429558563866399,
  "median_net_return_per_trade": -0.009429558563866399,
  "backtest_mode": "a_share_inventory_t0",
  "trade_direction_mode": "sell_only",
  "buy_threshold": 0.4912304569405676,
  "sell_threshold": 0.6888126702694877,
  "initial_capital": 1000000.0,
  "final_equity": 976827.714448,
  "final_benchmark_equity": 977950.0,
  "final_alpha_equity": 998877.714448,
  "alpha_total_return": -0.001122285552000002,
  "alpha_sharpe": -8.73183861360174,
  "alpha_sortino": -2.915632928130473,
  "alpha_calmar": -53.752352225169645,
  "alpha_max_drawdown": -0.0014583382672215262,
  "base_shares": 9000,
  "ending_shares": 9000,
  "base_position_pct": 0.6,
  "max_t0_trade_pct": 0.3,
  "max_participation_rate": 0.05,
  "commission_rate": 0.0015,
  "slippage_rate": 0.001,
  "tp": 0.003,
  "sl": 0.002,
  "no_overnight": true
}