{
  "scenario_count": 12,
  "all_alpha_positive": false,
  "min_alpha_total_return": -0.0033342085492503726,
  "worst_alpha_max_drawdown": -0.004621381698250215,
  "min_trade_count": 4
}