model_label,epoch,train_loss,valid_loss,valid_auc,valid_prob_mean,valid_prob_max
CNN_buy,1,1.248158928510305,1.2763524055480957,0.5672196416721964,0.1752314567565918,0.33822014927864075
CNN_buy,2,1.096591951073827,1.17644202709198,0.5672196416721964,0.2119257003068924,0.36430683732032776
CNN_buy,3,1.0098985868531305,1.1438523530960083,0.538420703384207,0.24241109192371368,0.48447319865226746
