model_label,epoch,train_loss,valid_loss,valid_auc,valid_prob_mean,valid_prob_max
CNN_sell,1,1.3331990177566941,1.0846072435379028,0.5331121433311214,0.18882517516613007,0.2850453853607178
CNN_sell,2,1.2327341066824424,1.1034146547317505,0.47644326476443266,0.18763919174671173,0.333423376083374
CNN_sell,3,1.1582820286621918,1.0980535745620728,0.4727272727272727,0.19358475506305695,0.3989953398704529
