{
  "model": "CNN",
  "target_col_buy": "buy_label",
  "target_col_sell": "sell_label",
  "feature_count": 194,
  "lookback": 8,
  "params": {
    "channels": 64,
    "kernel_size": 3,
    "dropout": 0.3,
    "output_dim": 1
  },
  "buy_fit": {
    "best_score": 0.5672196416721964,
    "best_valid_auc": 0.5672196416721964,
    "epochs_ran": 3,
    "pos_rate": 0.30574324324324326,
    "pos_weight": 2.270718232044199,
    "device": "cpu"
  },
  "sell_fit": {
    "best_score": 0.5331121433311214,
    "best_valid_auc": 0.5331121433311214,
    "epochs_ran": 3,
    "pos_rate": 0.33783783783783783,
    "pos_weight": 1.9600000000000002,
    "device": "cpu"
  },
  "valid_buy_auc": 0.5672196416721964,
  "valid_buy_positive_rate": 0.2864583333333333,
  "valid_buy_prob_mean": 0.1752314567565918,
  "valid_buy_prob_std": 0.05869574844837189,
  "valid_buy_prob_min": 0.06052321195602417,
  "valid_buy_prob_max": 0.33822014927864075,
  "valid_buy_acc_05": 0.7135416666666666,
  "valid_buy_precision_05": 0.0,
  "valid_buy_recall_05": 0.0,
  "valid_buy_f1_05": 0.0,
  "valid_buy_q90_threshold": 0.25455743074417114,
  "valid_buy_q95_threshold": 0.2701411545276642,
  "test_buy_auc": 0.5408854166666667,
  "test_buy_positive_rate": 0.21052631578947367,
  "test_buy_prob_mean": 0.16707973182201385,
  "test_buy_prob_std": 0.054171185940504074,
  "test_buy_prob_min": 0.04850522056221962,
  "test_buy_prob_max": 0.2807158827781677,
  "test_buy_acc_05": 0.7894736842105263,
  "test_buy_precision_05": 0.0,
  "test_buy_recall_05": 0.0,
  "test_buy_f1_05": 0.0,
  "test_buy_q90_threshold": 0.24192233383655548,
  "test_buy_q95_threshold": 0.2575339078903198,
  "valid_sell_auc": 0.5331121433311214,
  "valid_sell_positive_rate": 0.2864583333333333,
  "valid_sell_prob_mean": 0.18882517516613007,
  "valid_sell_prob_std": 0.0286726001650095,
  "valid_sell_prob_min": 0.1285027712583542,
  "valid_sell_prob_max": 0.2850453853607178,
  "valid_sell_acc_05": 0.7135416666666666,
  "valid_sell_precision_05": 0.0,
  "valid_sell_recall_05": 0.0,
  "valid_sell_f1_05": 0.0,
  "valid_sell_q90_threshold": 0.22057998180389404,
  "valid_sell_q95_threshold": 0.2385236918926239,
  "test_sell_auc": 0.5103921568627451,
  "test_sell_positive_rate": 0.32894736842105265,
  "test_sell_prob_mean": 0.19239015877246857,
  "test_sell_prob_std": 0.02889704890549183,
  "test_sell_prob_min": 0.12352278083562851,
  "test_sell_prob_max": 0.2586686313152313,
  "test_sell_acc_05": 0.6710526315789473,
  "test_sell_precision_05": 0.0,
  "test_sell_recall_05": 0.0,
  "test_sell_f1_05": 0.0,
  "test_sell_q90_threshold": 0.22820709645748138,
  "test_sell_q95_threshold": 0.23889999091625214
}