model_label,epoch,train_loss,valid_loss,valid_auc,valid_prob_mean,valid_prob_max
Transformer_LSTM_buy,1,1.1129932790189176,0.8599798083305359,0.5589073236132059,0.38383424282073975,0.5410429239273071
Transformer_LSTM_buy,2,0.9531296104998201,0.8733453154563904,0.5977878330819508,0.47144028544425964,0.6293479800224304
Transformer_LSTM_buy,3,0.9089590665456411,0.8699312806129456,0.6318082788671023,0.4793432056903839,0.6581395864486694
