model_label,epoch,train_loss,valid_loss,valid_auc,valid_prob_mean,valid_prob_max
Transformer_LSTM_sell,1,1.0142622412862004,1.0509300231933594,0.5666395064602491,0.38364896178245544,0.5440031290054321
Transformer_LSTM_sell,2,0.9117674988669318,0.9787702560424805,0.5988825515073914,0.4581545889377594,0.6179409623146057
Transformer_LSTM_sell,3,0.8771883700345013,0.9698082804679871,0.6290303806308929,0.4432520568370819,0.6835576891899109
