{
  "model": "Transformer_LSTM",
  "target_col_buy": "buy_label",
  "target_col_sell": "sell_label",
  "feature_count": 194,
  "lookback": 8,
  "params": {
    "d_model": 128,
    "nhead": 4,
    "transformer_layers": 2,
    "transformer_dropout": 0.2,
    "lstm_hidden_dim": 128,
    "lstm_num_layers": 1,
    "output_dim": 1
  },
  "buy_fit": {
    "best_score": 0.6318082788671023,
    "best_valid_auc": 0.6318082788671023,
    "epochs_ran": 3,
    "pos_rate": 0.28716216216216217,
    "pos_weight": 2.4823529411764707,
    "device": "cpu"
  },
  "sell_fit": {
    "best_score": 0.6290303806308929,
    "best_valid_auc": 0.6290303806308929,
    "epochs_ran": 3,
    "pos_rate": 0.32094594594594594,
    "pos_weight": 2.1157894736842104,
    "device": "cpu"
  },
  "valid_buy_auc": 0.6318082788671023,
  "valid_buy_positive_rate": 0.203125,
  "valid_buy_prob_mean": 0.4793432056903839,
  "valid_buy_prob_std": 0.10070975124835968,
  "valid_buy_prob_min": 0.22771653532981873,
  "valid_buy_prob_max": 0.6581395864486694,
  "valid_buy_acc_05": 0.5364583333333334,
  "valid_buy_precision_05": 0.25,
  "valid_buy_recall_05": 0.6410256410256411,
  "valid_buy_f1_05": 0.3597122302158273,
  "valid_buy_q90_threshold": 0.5969095230102539,
  "valid_buy_q95_threshold": 0.6239755749702454,
  "test_buy_auc": 0.45437158469945355,
  "test_buy_positive_rate": 0.19736842105263158,
  "test_buy_prob_mean": 0.5132066011428833,
  "test_buy_prob_std": 0.07174355536699295,
  "test_buy_prob_min": 0.27643680572509766,
  "test_buy_prob_max": 0.6578684449195862,
  "test_buy_acc_05": 0.40789473684210525,
  "test_buy_precision_05": 0.1875,
  "test_buy_recall_05": 0.6,
  "test_buy_f1_05": 0.2857142857142857,
  "test_buy_q90_threshold": 0.5891748070716858,
  "test_buy_q95_threshold": 0.6207743287086487,
  "valid_sell_auc": 0.6290303806308929,
  "valid_sell_positive_rate": 0.3697916666666667,
  "valid_sell_prob_mean": 0.4432520568370819,
  "valid_sell_prob_std": 0.09778228402137756,
  "valid_sell_prob_min": 0.2441786229610443,
  "valid_sell_prob_max": 0.6835576891899109,
  "valid_sell_acc_05": 0.625,
  "valid_sell_precision_05": 0.4909090909090909,
  "valid_sell_recall_05": 0.38028169014084506,
  "valid_sell_f1_05": 0.42857142857142855,
  "valid_sell_q90_threshold": 0.5740143060684204,
  "valid_sell_q95_threshold": 0.6138842105865479,
  "test_sell_auc": 0.43359374999999994,
  "test_sell_positive_rate": 0.42105263157894735,
  "test_sell_prob_mean": 0.460635781288147,
  "test_sell_prob_std": 0.09043513238430023,
  "test_sell_prob_min": 0.22475022077560425,
  "test_sell_prob_max": 0.6700165271759033,
  "test_sell_acc_05": 0.4868421052631579,
  "test_sell_precision_05": 0.36,
  "test_sell_recall_05": 0.28125,
  "test_sell_f1_05": 0.3157894736842105,
  "test_sell_q90_threshold": 0.5781258940696716,
  "test_sell_q95_threshold": 0.6060059666633606
}