{
  "total_return": -0.05524868939011607,
  "annualized_return": -0.6098942970981396,
  "max_drawdown": -0.08193774317937519,
  "sharpe": -2.78305874346429,
  "sortino": -2.6494602328620496,
  "calmar": -7.443386569275904,
  "trade_count": 12,
  "win_rate": 0.16666666666666666,
  "avg_net_return_per_trade": -0.0049827998181860055,
  "median_net_return_per_trade": -0.006985401956771716,
  "backtest_mode": "a_share_inventory_t0",
  "trade_direction_mode": "sell_only",
  "buy_threshold": 0.7226963907480239,
  "sell_threshold": 0.9022319376468658,
  "initial_capital": 1000000.0,
  "final_equity": 944380.9680961248,
  "final_benchmark_equity": 953450.0,
  "final_alpha_equity": 990930.9680961248,
  "alpha_total_return": -0.009069031903875202,
  "alpha_sharpe": -9.654682599830027,
  "alpha_sortino": -3.5784099175616606,
  "alpha_calmar": -15.028638550101697,
  "alpha_max_drawdown": -0.009319743179375228,
  "base_shares": 9800,
  "ending_shares": 9800,
  "base_position_pct": 0.6,
  "max_t0_trade_pct": 0.3,
  "max_participation_rate": 0.02,
  "commission_rate": 0.0015,
  "slippage_rate": 0.00075,
  "tp": 0.003,
  "sl": 0.002,
  "stop_loss_cooldown_bars": 0,
  "daily_max_trades": 0,
  "daily_max_losses": 0,
  "daily_loss_limit": 0.0,
  "no_overnight": true
}