{
  "total_return": -0.09589624119077922,
  "annualized_return": -0.812496612408432,
  "max_drawdown": -0.11343785677203755,
  "sharpe": -6.432386033653136,
  "sortino": -10.139207635039705,
  "calmar": -7.16248204548865,
  "trade_count": 12,
  "win_rate": 0.3333333333333333,
  "avg_net_return_per_trade": -0.005132285529280992,
  "median_net_return_per_trade": -0.003372914127511336,
  "backtest_mode": "a_share_inventory_t0",
  "trade_direction_mode": "sell_only",
  "buy_threshold": 0.6396319121122359,
  "sell_threshold": 0.8835047245025632,
  "initial_capital": 1000000.0,
  "final_equity": 907673.1604489996,
  "final_benchmark_equity": 912204.0,
  "final_alpha_equity": 995469.1604489996,
  "alpha_total_return": -0.004530839551000421,
  "alpha_sharpe": -5.584063556259411,
  "alpha_sortino": -1.8174803172002585,
  "alpha_calmar": -12.230167228533848,
  "alpha_max_drawdown": -0.005938776574109017,
  "base_shares": 9400,
  "ending_shares": 9400,
  "base_position_pct": 0.6,
  "max_t0_trade_pct": 0.3,
  "max_participation_rate": 0.02,
  "commission_rate": 0.001,
  "slippage_rate": 0.00075,
  "tp": 0.003,
  "sl": 0.002,
  "stop_loss_cooldown_bars": 0,
  "daily_max_trades": 0,
  "daily_max_losses": 0,
  "daily_loss_limit": 0.0,
  "no_overnight": true
}