{
  "fold": 0,
  "model_summaries": {
    "logistic_regression": {
      "model": "LogisticRegression",
      "target_col_buy": "buy_label",
      "target_col_sell": "sell_label",
      "feature_count": 194,
      "lookback_aligned_to_sequence_models": 8,
      "params": {
        "max_iter": 500,
        "C": 1.0,
        "class_weight": "balanced",
        "random_state": 42
      },
      "valid_buy_auc": 0.454014598540146,
      "valid_buy_positive_rate": 0.2864583333333333,
      "valid_buy_prob_mean": 0.5905054442642396,
      "valid_buy_prob_std": 0.2563151403422773,
      "valid_buy_prob_min": 0.02712045995242223,
      "valid_buy_prob_max": 0.9795511386891618,
      "valid_buy_acc_05": 0.421875,
      "valid_buy_precision_05": 0.26666666666666666,
      "valid_buy_recall_05": 0.5818181818181818,
      "valid_buy_f1_05": 0.3657142857142857,
      "valid_buy_q90_threshold": 0.9107043313295359,
      "valid_buy_q95_threshold": 0.9534554722203858,
      "test_buy_auc": 0.6122395833333333,
      "test_buy_positive_rate": 0.21052631578947367,
      "test_buy_prob_mean": 0.39203311452324724,
      "test_buy_prob_std": 0.3269476051001774,
      "test_buy_prob_min": 0.016497477842704507,
      "test_buy_prob_max": 0.997939573033125,
      "test_buy_acc_05": 0.6776315789473685,
      "test_buy_precision_05": 0.34545454545454546,
      "test_buy_recall_05": 0.59375,
      "test_buy_f1_05": 0.4367816091954023,
      "test_buy_q90_threshold": 0.874911900330261,
      "test_buy_q95_threshold": 0.9742380360233142,
      "valid_sell_auc": 0.3885865958858659,
      "valid_sell_positive_rate": 0.2864583333333333,
      "valid_sell_prob_mean": 0.27085915260581067,
      "valid_sell_prob_std": 0.24270135182584585,
      "valid_sell_prob_min": 0.0038061950612328804,
      "valid_sell_prob_max": 0.8948152127706248,
      "valid_sell_acc_05": 0.5833333333333334,
      "valid_sell_precision_05": 0.16216216216216217,
      "valid_sell_recall_05": 0.10909090909090909,
      "valid_sell_f1_05": 0.13043478260869565,
      "valid_sell_q90_threshold": 0.641064776418103,
      "valid_sell_q95_threshold": 0.7404379346137803,
      "test_sell_auc": 0.5770588235294117,
      "test_sell_positive_rate": 0.32894736842105265,
      "test_sell_prob_mean": 0.42966112618437363,
      "test_sell_prob_std": 0.269238914586092,
      "test_sell_prob_min": 0.0023216827768974754,
      "test_sell_prob_max": 0.9613961204040385,
      "test_sell_acc_05": 0.6118421052631579,
      "test_sell_precision_05": 0.4307692307692308,
      "test_sell_recall_05": 0.56,
      "test_sell_f1_05": 0.48695652173913045,
      "test_sell_q90_threshold": 0.8198627824559594,
      "test_sell_q95_threshold": 0.8427699653044772
    },
    "random_forest": {
      "model": "RandomForestClassifier",
      "target_col_buy": "buy_label",
      "target_col_sell": "sell_label",
      "feature_count": 194,
      "lookback_aligned_to_sequence_models": 8,
      "params": {
        "n_estimators": 50,
        "max_depth": 5,
        "min_samples_leaf": 5,
        "max_features": "sqrt",
        "class_weight": "balanced_subsample",
        "n_jobs": -1,
        "random_state": 42
      },
      "valid_buy_auc": 0.472063702720637,
      "valid_buy_positive_rate": 0.2864583333333333,
      "valid_buy_prob_mean": 0.44088145280724783,
      "valid_buy_prob_std": 0.06505477597605998,
      "valid_buy_prob_min": 0.2761146277532404,
      "valid_buy_prob_max": 0.5846576963825613,
      "valid_buy_acc_05": 0.6302083333333334,
      "valid_buy_precision_05": 0.2777777777777778,
      "valid_buy_recall_05": 0.18181818181818182,
      "valid_buy_f1_05": 0.21978021978021978,
      "valid_buy_q90_threshold": 0.5273663297671054,
      "valid_buy_q95_threshold": 0.5430235880746433,
      "test_buy_auc": 0.4986979166666667,
      "test_buy_positive_rate": 0.21052631578947367,
      "test_buy_prob_mean": 0.3735384161208552,
      "test_buy_prob_std": 0.05246674048808982,
      "test_buy_prob_min": 0.2539408126842463,
      "test_buy_prob_max": 0.5165396339303312,
      "test_buy_acc_05": 0.7828947368421053,
      "test_buy_precision_05": 0.3333333333333333,
      "test_buy_recall_05": 0.03125,
      "test_buy_f1_05": 0.05714285714285714,
      "test_buy_q90_threshold": 0.44279270557668127,
      "test_buy_q95_threshold": 0.4752142490858917,
      "valid_sell_auc": 0.5195753151957532,
      "valid_sell_positive_rate": 0.2864583333333333,
      "valid_sell_prob_mean": 0.4118654748919833,
      "valid_sell_prob_std": 0.06680023142782489,
      "valid_sell_prob_min": 0.23637464492262517,
      "valid_sell_prob_max": 0.5914954593665512,
      "valid_sell_acc_05": 0.6666666666666666,
      "valid_sell_precision_05": 0.2631578947368421,
      "valid_sell_recall_05": 0.09090909090909091,
      "valid_sell_f1_05": 0.13513513513513514,
      "valid_sell_q90_threshold": 0.4976178226700715,
      "valid_sell_q95_threshold": 0.520902542146417,
      "test_sell_auc": 0.6427450980392156,
      "test_sell_positive_rate": 0.32894736842105265,
      "test_sell_prob_mean": 0.4469501999400736,
      "test_sell_prob_std": 0.05813221984096097,
      "test_sell_prob_min": 0.27225181071705956,
      "test_sell_prob_max": 0.5852612826578046,
      "test_sell_acc_05": 0.6776315789473685,
      "test_sell_precision_05": 0.5185185185185185,
      "test_sell_recall_05": 0.28,
      "test_sell_f1_05": 0.36363636363636365,
      "test_sell_q90_threshold": 0.5270760699818796,
      "test_sell_q95_threshold": 0.5379176266493775,
      "feature_importance_file": "outputs\\diagnostics\\research_pipeline_smoke_inventory_t0\\walk_forward\\fold_000\\models\\random_forest\\feature_importance.csv"
    }
  },
  "selected_model_summary": {
    "model": "auc_weighted_ensemble",
    "member_models": [
      "logistic_regression",
      "random_forest"
    ],
    "buy_weight_method": "equal_fallback_no_positive_auc_edge",
    "sell_weight_method": "valid_auc_edge_over_0p5",
    "feature_count": 194,
    "lookback": null,
    "valid_buy_auc": 0.4540145985401459,
    "valid_buy_positive_rate": 0.2864583333333333,
    "valid_buy_prob_mean": 0.5156934485357437,
    "valid_buy_prob_std": 0.13667894507933706,
    "valid_buy_prob_min": 0.18411888976157975,
    "valid_buy_prob_max": 0.7821044175358616,
    "valid_buy_acc_05": 0.4270833333333333,
    "valid_buy_precision_05": 0.23809523809523808,
    "valid_buy_recall_05": 0.45454545454545453,
    "valid_buy_f1_05": 0.3125,
    "valid_buy_q90_threshold": 0.6938682586004982,
    "valid_buy_q95_threshold": 0.7113214784383054,
    "test_buy_auc": 0.6119791666666667,
    "test_buy_positive_rate": 0.21052631578947367,
    "test_buy_prob_mean": 0.3827857653220512,
    "test_buy_prob_std": 0.17068729383345796,
    "test_buy_prob_min": 0.16256457025932627,
    "test_buy_prob_max": 0.709026515089312,
    "test_buy_acc_05": 0.6644736842105263,
    "test_buy_precision_05": 0.28888888888888886,
    "test_buy_recall_05": 0.40625,
    "test_buy_f1_05": 0.33766233766233766,
    "test_buy_q90_threshold": 0.649587868198041,
    "test_buy_q95_threshold": 0.6677089913737104,
    "valid_sell_auc": 0.5195753151957532,
    "valid_sell_positive_rate": 0.2864583333333333,
    "valid_sell_prob_mean": 0.4118654748919833,
    "valid_sell_prob_std": 0.06680023142782489,
    "valid_sell_prob_min": 0.23637464492262517,
    "valid_sell_prob_max": 0.5914954593665512,
    "valid_sell_acc_05": 0.6666666666666666,
    "valid_sell_precision_05": 0.2631578947368421,
    "valid_sell_recall_05": 0.09090909090909091,
    "valid_sell_f1_05": 0.13513513513513514,
    "valid_sell_q90_threshold": 0.4976178226700715,
    "valid_sell_q95_threshold": 0.520902542146417,
    "test_sell_auc": 0.6427450980392156,
    "test_sell_positive_rate": 0.32894736842105265,
    "test_sell_prob_mean": 0.4469501999400736,
    "test_sell_prob_std": 0.05813221984096097,
    "test_sell_prob_min": 0.27225181071705956,
    "test_sell_prob_max": 0.5852612826578046,