{
  "total_return": 0.07866014623250273,
  "annualized_return": 2.019797645756722,
  "max_drawdown": -0.043923292720113305,
  "sharpe": 4.242054601509041,
  "sortino": 7.213893277427393,
  "calmar": 45.98465917906511,
  "trade_count": 4,
  "win_rate": 0.75,
  "avg_net_return_per_trade": -0.0008906889346999819,
  "median_net_return_per_trade": 0.0007287140102905125,
  "backtest_mode": "a_share_inventory_t0",
  "trade_direction_mode": "sell_only",
  "buy_threshold": 0.6006682366132736,
  "sell_threshold": 0.6154886186122894,
  "initial_capital": 1000000.0,
  "final_equity": 1078202.7943305,
  "final_benchmark_equity": 1078122.0,
  "final_alpha_equity": 1000080.7943305001,
  "alpha_total_return": 8.079433050012241e-05,
  "alpha_sharpe": 0.09417085850953388,
  "alpha_sortino": 0.02356230192289868,
  "alpha_calmar": 0.3807780846783634,
  "alpha_max_drawdown": -0.003098672484468601,
  "base_shares": 10600,
  "ending_shares": 10600,
  "base_position_pct": 0.6,
  "max_t0_trade_pct": 0.3,
  "max_participation_rate": 0.05,
  "commission_rate": 0.001,
  "slippage_rate": 0.0005,
  "tp": 0.003,
  "sl": 0.002,
  "stop_loss_cooldown_bars": 0,
  "daily_max_trades": 0,
  "daily_max_losses": 0,
  "daily_loss_limit": 0.0,
  "no_overnight": true
}