{
  "total_return": -0.048089331956276626,
  "annualized_return": -0.9722018571614126,
  "max_drawdown": -0.08857211653965358,
  "sharpe": -7.101566660361083,
  "sortino": -6.137933093426094,
  "calmar": -10.976387323048327,
  "trade_count": 9,
  "win_rate": 0.4444444444444444,
  "avg_net_return_per_trade": -0.003520831106854438,
  "median_net_return_per_trade": -0.001447199604285851,
  "backtest_mode": "a_share_inventory_t0",
  "trade_direction_mode": "sell_only",
  "buy_threshold": 0.3606427501078635,
  "sell_threshold": 0.5193314749964557,
  "initial_capital": 1000000.0,
  "final_equity": 952447.5456605001,
  "final_benchmark_equity": 952718.0,
  "final_alpha_equity": 999729.5456605001,
  "alpha_total_return": -0.0002704543394999037,
  "alpha_sharpe": -0.7651326954863716,
  "alpha_sortino": -0.5753747113293076,
  "alpha_calmar": -7.38467374339494,
  "alpha_max_drawdown": -0.0026367722552189665,
  "base_shares": 9400,
  "ending_shares": 9400,
  "base_position_pct": 0.6,
  "max_t0_trade_pct": 0.3,
  "max_participation_rate": 0.05,
  "commission_rate": 0.001,
  "slippage_rate": 0.0005,
  "tp": 0.003,
  "sl": 0.002,
  "no_overnight": true
}