{
  "total_return": -0.04524856067358274,
  "annualized_return": -0.549230716127145,
  "max_drawdown": -0.07895260514555735,
  "sharpe": -2.124748683968711,
  "sortino": -2.016131254526231,
  "calmar": -6.956460969395259,
  "trade_count": 5,
  "win_rate": 0.6,
  "avg_net_return_per_trade": -0.002343896763251593,
  "median_net_return_per_trade": 0.00031698336762131865,
  "backtest_mode": "a_share_inventory_t0",
  "trade_direction_mode": "sell_only",
  "buy_threshold": 0.7473482042551041,
  "sell_threshold": 0.9047144800424576,
  "initial_capital": 1000000.0,
  "final_equity": 957114.4491387501,
  "final_benchmark_equity": 957628.0,
  "final_alpha_equity": 999486.4491387501,
  "alpha_total_return": -0.000513550861249934,
  "alpha_sharpe": -0.6501404346453812,
  "alpha_sortino": -0.32933101627555844,
  "alpha_calmar": -3.6922082259388547,
  "alpha_max_drawdown": -0.0023835216067498166,
  "base_shares": 9900,
  "ending_shares": 9900,
  "base_position_pct": 0.6,
  "max_t0_trade_pct": 0.3,
  "max_participation_rate": 0.02,
  "commission_rate": 0.0015,
  "slippage_rate": 0.0005,
  "tp": 0.003,
  "sl": 0.002,
  "stop_loss_cooldown_bars": 0,
  "daily_max_trades": 0,
  "daily_max_losses": 0,
  "daily_loss_limit": 0.0,
  "no_overnight": true
}