{
  "total_return": 0.08196354988803378,
  "annualized_return": 2.144604382533175,
  "max_drawdown": -0.04479052204663059,
  "sharpe": 4.3201389791100855,
  "sortino": 7.3330463605961365,
  "calmar": 47.8807632628275,
  "trade_count": 1,
  "win_rate": 1.0,
  "avg_net_return_per_trade": 0.0026218783731580845,
  "median_net_return_per_trade": 0.0026218783731580845,
  "backtest_mode": "a_share_inventory_t0",
  "trade_direction_mode": "sell_only",
  "buy_threshold": 0.701366928219795,
  "sell_threshold": 0.6195717215538025,
  "initial_capital": 1000000.0,
  "final_equity": 1080357.91598,
  "final_benchmark_equity": 1079288.0,
  "final_alpha_equity": 1001069.91598,
  "alpha_total_return": 0.001069915980000058,
  "alpha_sharpe": 2.553651718774889,
  "alpha_sortino": 0.4771625490698066,
  "alpha_calmar": 22.670263132420146,
  "alpha_max_drawdown": -0.0006913636624999997,
  "base_shares": 10600,
  "ending_shares": 10600,
  "base_position_pct": 0.6,
  "max_t0_trade_pct": 0.3,
  "max_participation_rate": 0.05,
  "commission_rate": 0.001,
  "slippage_rate": 0.0005,
  "tp": 0.004,
  "sl": 0.002,
  "stop_loss_cooldown_bars": 6,
  "daily_max_trades": 0,
  "daily_max_losses": 2,
  "daily_loss_limit": 0.0,
  "no_overnight": true
}