{
  "total_return": 0.060129795210343895,
  "annualized_return": 68.74553025676377,
  "max_drawdown": -0.019330365837212926,
  "sharpe": 15.54493227123458,
  "sortino": 25.504430289981702,
  "calmar": 3556.3491573667793,
  "trade_count": 13,
  "win_rate": 0.3076923076923077,
  "avg_net_return_per_trade": -0.004332490061591453,
  "median_net_return_per_trade": -0.00575059665609767,
  "backtest_mode": "a_share_inventory_t0",
  "trade_direction_mode": "sell_only",
  "buy_threshold": 0.4856871202588081,
  "sell_threshold": 0.7221312010288238,
  "initial_capital": 1000000.0,
  "final_equity": 1059254.1279995001,
  "final_benchmark_equity": 1066316.0,
  "final_alpha_equity": 992938.1279995001,
  "alpha_total_return": -0.0070618720004999025,
  "alpha_sharpe": -21.16181568693091,
  "alpha_sortino": -17.33594446783912,
  "alpha_calmar": -54.53802328207514,
  "alpha_max_drawdown": -0.007382302330499968,
  "base_shares": 11800,
  "ending_shares": 11800,
  "base_position_pct": 0.6,
  "max_t0_trade_pct": 0.3,
  "max_participation_rate": 0.05,
  "commission_rate": 0.001,
  "slippage_rate": 0.0005,
  "tp": 0.003,
  "sl": 0.002,
  "no_overnight": true
}