{
  "total_return": -0.10033211270703257,
  "annualized_return": -0.827201431570803,
  "max_drawdown": -0.11801805956258349,
  "sharpe": -6.811486367679585,
  "sortino": -10.647277777355486,
  "calmar": -7.009108899406607,
  "trade_count": 18,
  "win_rate": 0.5,
  "avg_net_return_per_trade": -0.0036491111235163387,
  "median_net_return_per_trade": -0.0015285954620928828,
  "backtest_mode": "a_share_inventory_t0",
  "trade_direction_mode": "sell_only",
  "buy_threshold": 0.6396319121122359,
  "sell_threshold": 0.8515164852142334,
  "initial_capital": 1000000.0,
  "final_equity": 903219.7761120001,
  "final_benchmark_equity": 912204.0,
  "final_alpha_equity": 991015.7761120001,
  "alpha_total_return": -0.00898422388799991,
  "alpha_sharpe": -7.140901384062351,
  "alpha_sortino": -2.3613245866459356,
  "alpha_calmar": -12.334416925926128,
  "alpha_max_drawdown": -0.011282924910797298,
  "base_shares": 9400,
  "ending_shares": 9400,
  "base_position_pct": 0.6,
  "max_t0_trade_pct": 0.3,
  "max_participation_rate": 0.05,
  "commission_rate": 0.001,
  "slippage_rate": 0.0005,
  "tp": 0.003,
  "sl": 0.002,
  "stop_loss_cooldown_bars": 0,
  "daily_max_trades": 0,
  "daily_max_losses": 0,
  "daily_loss_limit": 0.0,
  "no_overnight": true
}