{
  "total_return": -0.028362564273198165,
  "annualized_return": -0.8765188964573523,
  "max_drawdown": -0.03547395399598363,
  "sharpe": -14.59028334166249,
  "sortino": -17.9440579352376,
  "calmar": -24.708801746672837,
  "trade_count": 5,
  "win_rate": 0.2,
  "avg_net_return_per_trade": -0.005050536315608142,
  "median_net_return_per_trade": -0.007722812683195409,
  "backtest_mode": "a_share_inventory_t0",
  "trade_direction_mode": "sell_only",
  "buy_threshold": 0.5653021192148,
  "sell_threshold": 0.41702279458817204,
  "initial_capital": 1000000.0,
  "final_equity": 970946.6015100001,
  "final_benchmark_equity": 972429.0,
  "final_alpha_equity": 998517.6015100001,
  "alpha_total_return": -0.001482398489999981,
  "alpha_sharpe": -8.184820710953524,
  "alpha_sortino": -5.438694814844705,
  "alpha_calmar": -43.343836009675215,
  "alpha_max_drawdown": -0.0023586637389999554,
  "base_shares": 7900,
  "ending_shares": 7900,
  "base_position_pct": 0.6,
  "max_t0_trade_pct": 0.3,
  "max_participation_rate": 0.02,
  "commission_rate": 0.001,
  "slippage_rate": 0.001,
  "tp": 0.003,
  "sl": 0.002,
  "no_overnight": true
}