model_label,epoch,train_loss,valid_loss,valid_auc,valid_prob_mean,valid_prob_max
Transformer_LSTM_buy,1,1.1994074325303774,0.8761680722236633,0.569140625,0.4532555043697357,0.6908901929855347
Transformer_LSTM_buy,2,0.9666409379727131,1.0158065557479858,0.42871093750000006,0.5557910799980164,0.7735643982887268
Transformer_LSTM_buy,3,0.9027670799074946,1.03372061252594,0.4072265625,0.5368205904960632,0.7727401852607727
