model_label,epoch,train_loss,valid_loss,valid_auc,valid_prob_mean,valid_prob_max
Transformer_LSTM_sell,1,1.035195015572213,1.1060385704040527,0.4752771618625278,0.43102899193763733,0.6310140490531921
Transformer_LSTM_sell,2,0.8850577956921345,1.0209879875183105,0.5158536585365854,0.48454585671424866,0.6707009673118591
Transformer_LSTM_sell,3,0.8473018730008924,1.0381361246109009,0.5264966740576498,0.4655165672302246,0.6705029010772705
