{
  "model": "Transformer_LSTM",
  "target_col_buy": "buy_label",
  "target_col_sell": "sell_label",
  "feature_count": 194,
  "lookback": 8,
  "params": {
    "d_model": 128,
    "nhead": 4,
    "transformer_layers": 2,
    "transformer_dropout": 0.2,
    "lstm_hidden_dim": 128,
    "lstm_num_layers": 1,
    "output_dim": 1
  },
  "buy_fit": {
    "best_score": 0.569140625,
    "best_valid_auc": 0.569140625,
    "epochs_ran": 3,
    "pos_rate": 0.26182432432432434,
    "pos_weight": 2.819354838709677,
    "device": "cpu"
  },
  "sell_fit": {
    "best_score": 0.5264966740576498,
    "best_valid_auc": 0.5264966740576498,
    "epochs_ran": 3,
    "pos_rate": 0.3277027027027027,
    "pos_weight": 2.0515463917525776,
    "device": "cpu"
  },
  "valid_buy_auc": 0.569140625,
  "valid_buy_positive_rate": 0.16666666666666666,
  "valid_buy_prob_mean": 0.4532555043697357,
  "valid_buy_prob_std": 0.09696029871702194,
  "valid_buy_prob_min": 0.24766360223293304,
  "valid_buy_prob_max": 0.6908901929855347,
  "valid_buy_acc_05": 0.65625,
  "valid_buy_precision_05": 0.17307692307692307,
  "valid_buy_recall_05": 0.28125,
  "valid_buy_f1_05": 0.21428571428571427,
  "valid_buy_q90_threshold": 0.5940090417861938,
  "valid_buy_q95_threshold": 0.6343849897384644,
  "test_buy_auc": 0.6549479166666667,
  "test_buy_positive_rate": 0.21052631578947367,
  "test_buy_prob_mean": 0.3905746340751648,
  "test_buy_prob_std": 0.07313517481088638,
  "test_buy_prob_min": 0.2287844717502594,
  "test_buy_prob_max": 0.6022546291351318,
  "test_buy_acc_05": 0.75,
  "test_buy_precision_05": 0.2857142857142857,
  "test_buy_recall_05": 0.125,
  "test_buy_f1_05": 0.17391304347826086,
  "test_buy_q90_threshold": 0.49558156728744507,
  "test_buy_q95_threshold": 0.5456926226615906,
  "valid_sell_auc": 0.5264966740576498,
  "valid_sell_positive_rate": 0.4270833333333333,
  "valid_sell_prob_mean": 0.4655165672302246,
  "valid_sell_prob_std": 0.09300236403942108,
  "valid_sell_prob_min": 0.29336413741111755,
  "valid_sell_prob_max": 0.6705029010772705,
  "valid_sell_acc_05": 0.5260416666666666,
  "valid_sell_precision_05": 0.43283582089552236,
  "valid_sell_recall_05": 0.35365853658536583,
  "valid_sell_f1_05": 0.38926174496644295,
  "valid_sell_q90_threshold": 0.6011399030685425,
  "valid_sell_q95_threshold": 0.6310552954673767,
  "test_sell_auc": 0.5357347055460262,
  "test_sell_positive_rate": 0.34868421052631576,
  "test_sell_prob_mean": 0.43010130524635315,
  "test_sell_prob_std": 0.10657103359699249,
  "test_sell_prob_min": 0.24454307556152344,
  "test_sell_prob_max": 0.6604543924331665,
  "test_sell_acc_05": 0.5723684210526315,
  "test_sell_precision_05": 0.35,
  "test_sell_recall_05": 0.2641509433962264,
  "test_sell_f1_05": 0.3010752688172043,
  "test_sell_q90_threshold": 0.589054524898529,
  "test_sell_q95_threshold": 0.605331540107727
}