{
  "total_return": -0.05671640006211787,
  "annualized_return": -0.6193489885589681,
  "max_drawdown": -0.07887516056161636,
  "sharpe": -2.8456622539948935,
  "sortino": -2.7144101768108775,
  "calmar": -7.852269131992953,
  "trade_count": 14,
  "win_rate": 0.2857142857142857,
  "avg_net_return_per_trade": -0.004341844757389101,
  "median_net_return_per_trade": -0.005372281599619219,
  "backtest_mode": "a_share_inventory_t0",
  "trade_direction_mode": "sell_only",
  "buy_threshold": 0.7839341640472411,
  "sell_threshold": 0.8412968254089356,
  "initial_capital": 1000000.0,
  "final_equity": 943006.2745595004,
  "final_benchmark_equity": 950804.0,
  "final_alpha_equity": 992202.2745595004,
  "alpha_total_return": -0.007797725440499614,
  "alpha_sharpe": -9.778856721588015,
  "alpha_sortino": -2.8469406560469617,
  "alpha_calmar": -15.492625524664426,
  "alpha_max_drawdown": -0.007840053444376438,
  "base_shares": 9800,
  "ending_shares": 9800,
  "base_position_pct": 0.6,
  "max_t0_trade_pct": 0.3,
  "max_participation_rate": 0.05,
  "commission_rate": 0.001,
  "slippage_rate": 0.0005,
  "tp": 0.003,
  "sl": 0.002,
  "stop_loss_cooldown_bars": 0,
  "daily_max_trades": 0,
  "daily_max_losses": 0,
  "daily_loss_limit": 0.0,
  "no_overnight": true
}