model,side,valid_auc,raw_weight,weight,weight_method
transformer_lstm,buy,0.5195753151957532,0.019575315195753173,0.2806850618458613,valid_auc_edge_over_0p5
lstm,buy,0.5228931652289317,0.0228931652289317,0.3282588011417703,valid_auc_edge_over_0p5
cnn,buy,0.4637027206370273,0.0,0.0,valid_auc_edge_over_0p5
mlp,buy,0.5272727272727272,0.027272727272727226,0.39105613701236835,valid_auc_edge_over_0p5
