model,side,valid_auc,raw_weight,weight,weight_method
transformer_lstm,sell,0.48214996682149963,0.0,0.0,valid_auc_edge_over_0p5
lstm,sell,0.5457199734571997,0.04571997345719969,0.4939068100358428,valid_auc_edge_over_0p5
cnn,sell,0.527007299270073,0.02700729927007295,0.29175627240143376,valid_auc_edge_over_0p5
mlp,sell,0.5198407431984073,0.01984074319840734,0.21433691756272344,valid_auc_edge_over_0p5
