{
  "model": "auc_weighted_ensemble",
  "member_models": [
    "transformer_lstm",
    "lstm",
    "cnn",
    "mlp"
  ],
  "buy_weight_method": "valid_auc_edge_over_0p5",
  "sell_weight_method": "valid_auc_edge_over_0p5",
  "feature_count": 194,
  "lookback": 8,
  "valid_buy_auc": 0.5284671532846714,
  "valid_buy_positive_rate": 0.2864583333333333,
  "valid_buy_prob_mean": 0.4164946973245179,
  "valid_buy_prob_std": 0.07691077898193217,
  "valid_buy_prob_min": 0.2633502140329297,
  "valid_buy_prob_max": 0.6574036536275714,
  "valid_buy_acc_05": 0.6666666666666666,
  "valid_buy_precision_05": 0.3333333333333333,
  "valid_buy_recall_05": 0.16363636363636364,
  "valid_buy_f1_05": 0.21951219512195122,
  "valid_buy_q90_threshold": 0.5282210008004637,
  "valid_buy_q95_threshold": 0.5653021192148,
  "test_buy_auc": 0.4783854166666667,
  "test_buy_positive_rate": 0.21052631578947367,
  "test_buy_prob_mean": 0.32120517691659106,
  "test_buy_prob_std": 0.058245943185914806,
  "test_buy_prob_min": 0.20204452757008534,
  "test_buy_prob_max": 0.5567526527521838,
  "test_buy_acc_05": 0.7828947368421053,
  "test_buy_precision_05": 0.0,
  "test_buy_recall_05": 0.0,
  "test_buy_f1_05": 0.0,
  "test_buy_q90_threshold": 0.38861984772754793,
  "test_buy_q95_threshold": 0.43834460673306136,
  "valid_sell_auc": 0.5455872594558725,
  "valid_sell_positive_rate": 0.2864583333333333,
  "valid_sell_prob_mean": 0.33655774459553545,
  "valid_sell_prob_std": 0.04295630878609766,
  "valid_sell_prob_min": 0.2524708731253516,
  "valid_sell_prob_max": 0.4533446587755688,
  "valid_sell_acc_05": 0.7135416666666666,
  "valid_sell_precision_05": 0.0,
  "valid_sell_recall_05": 0.0,
  "valid_sell_f1_05": 0.0,
  "valid_sell_q90_threshold": 0.4009751998181837,
  "valid_sell_q95_threshold": 0.41702279458817204,
  "test_sell_auc": 0.5476470588235295,
  "test_sell_positive_rate": 0.32894736842105265,
  "test_sell_prob_mean": 0.33665499316225905,
  "test_sell_prob_std": 0.05175800787964762,
  "test_sell_prob_min": 0.2376815507755913,
  "test_sell_prob_max": 0.4725847205167175,
  "test_sell_acc_05": 0.6710526315789473,
  "test_sell_precision_05": 0.0,
  "test_sell_recall_05": 0.0,
  "test_sell_f1_05": 0.0,
  "test_sell_q90_threshold": 0.404386777734671,
  "test_sell_q95_threshold": 0.42033057847757915
}