model_label,epoch,train_loss,valid_loss,valid_auc,valid_prob_mean,valid_prob_max
MLP_buy,1,1.2330915750683964,0.8785795569419861,0.5344394167923578,0.37061330676078796,0.7843618392944336
MLP_buy,2,0.917950180736748,0.8861121535301208,0.5862242332830567,0.42062053084373474,0.854690670967102
MLP_buy,3,0.8665828962583799,0.9132544994354248,0.5868945868945868,0.45141294598579407,0.8458192944526672
