model_label,epoch,train_loss,valid_loss,valid_auc,valid_prob_mean,valid_prob_max
MLP_sell,1,1.0824211755314388,1.0436471700668335,0.49365615178675354,0.4425024092197418,0.7499334216117859
MLP_sell,2,0.8872105865865141,1.0448561906814575,0.5432429286462578,0.43082475662231445,0.8503323197364807
MLP_sell,3,0.8296610503583342,1.0319643020629883,0.567105109998836,0.45814839005470276,0.8733973503112793
