{
  "model": "MLP",
  "target_col_buy": "buy_label",
  "target_col_sell": "sell_label",
  "feature_count": 194,
  "lookback": 8,
  "params": {
    "lookback": 8,
    "hidden_dim": 256,
    "dropout": 0.3,
    "output_dim": 1
  },
  "buy_fit": {
    "best_score": 0.5868945868945868,
    "best_valid_auc": 0.5868945868945868,
    "epochs_ran": 3,
    "pos_rate": 0.28716216216216217,
    "pos_weight": 2.4823529411764707,
    "device": "cpu"
  },
  "sell_fit": {
    "best_score": 0.567105109998836,
    "best_valid_auc": 0.567105109998836,
    "epochs_ran": 3,
    "pos_rate": 0.32094594594594594,
    "pos_weight": 2.1157894736842104,
    "device": "cpu"
  },
  "valid_buy_auc": 0.5868945868945868,
  "valid_buy_positive_rate": 0.203125,
  "valid_buy_prob_mean": 0.45141294598579407,
  "valid_buy_prob_std": 0.1877317577600479,
  "valid_buy_prob_min": 0.064604252576828,
  "valid_buy_prob_max": 0.8458192944526672,
  "valid_buy_acc_05": 0.59375,
  "valid_buy_precision_05": 0.24675324675324675,
  "valid_buy_recall_05": 0.48717948717948717,
  "valid_buy_f1_05": 0.3275862068965517,
  "valid_buy_q90_threshold": 0.711989164352417,
  "valid_buy_q95_threshold": 0.7658647298812866,
  "test_buy_auc": 0.46830601092896174,
  "test_buy_positive_rate": 0.19736842105263158,
  "test_buy_prob_mean": 0.5452266335487366,
  "test_buy_prob_std": 0.2840477526187897,
  "test_buy_prob_min": 0.05885904282331467,
  "test_buy_prob_max": 0.9817612767219543,
  "test_buy_acc_05": 0.48026315789473684,
  "test_buy_precision_05": 0.189873417721519,
  "test_buy_recall_05": 0.5,
  "test_buy_f1_05": 0.27522935779816515,
  "test_buy_q90_threshold": 0.9392194747924805,
  "test_buy_q95_threshold": 0.9603824019432068,
  "valid_sell_auc": 0.567105109998836,
  "valid_sell_positive_rate": 0.3697916666666667,
  "valid_sell_prob_mean": 0.45814839005470276,
  "valid_sell_prob_std": 0.15459179878234863,
  "valid_sell_prob_min": 0.06648386269807816,
  "valid_sell_prob_max": 0.8733973503112793,
  "valid_sell_acc_05": 0.546875,
  "valid_sell_precision_05": 0.3918918918918919,
  "valid_sell_recall_05": 0.4084507042253521,
  "valid_sell_f1_05": 0.4,
  "valid_sell_q90_threshold": 0.6764114499092102,
  "valid_sell_q95_threshold": 0.7062795758247375,
  "test_sell_auc": 0.458984375,
  "test_sell_positive_rate": 0.42105263157894735,
  "test_sell_prob_mean": 0.3709341287612915,
  "test_sell_prob_std": 0.19247210025787354,
  "test_sell_prob_min": 0.03235171362757683,
  "test_sell_prob_max": 0.8285389542579651,
  "test_sell_acc_05": 0.506578947368421,
  "test_sell_precision_05": 0.37209302325581395,
  "test_sell_recall_05": 0.25,
  "test_sell_f1_05": 0.29906542056074764,
  "test_sell_q90_threshold": 0.6421692967414856,
  "test_sell_q95_threshold": 0.6847862601280212
}