{
  "fold": 6,
  "model_summaries": {
    "transformer_lstm": {
      "model": "Transformer_LSTM",
      "target_col_buy": "buy_label",
      "target_col_sell": "sell_label",
      "feature_count": 194,
      "lookback": 8,
      "params": {
        "d_model": 128,
        "nhead": 4,
        "transformer_layers": 2,
        "transformer_dropout": 0.2,
        "lstm_hidden_dim": 128,
        "lstm_num_layers": 1,
        "output_dim": 1
      },
      "buy_fit": {
        "best_score": 0.5754643358826284,
        "best_valid_auc": 0.5754643358826284,
        "epochs_ran": 3,
        "pos_rate": 0.2195945945945946,
        "pos_weight": 3.5538461538461537,
        "device": "cpu"
      },
      "sell_fit": {
        "best_score": 0.5350332594235033,
        "best_valid_auc": 0.5350332594235033,
        "epochs_ran": 3,
        "pos_rate": 0.3716216216216216,
        "pos_weight": 1.6909090909090911,
        "device": "cpu"
      },
      "valid_buy_auc": 0.5754643358826284,
      "valid_buy_positive_rate": 0.22395833333333334,
      "valid_buy_prob_mean": 0.5342333912849426,
      "valid_buy_prob_std": 0.14212599396705627,
      "valid_buy_prob_min": 0.10368745774030685,
      "valid_buy_prob_max": 0.7614427804946899,
      "valid_buy_acc_05": 0.4166666666666667,
      "valid_buy_precision_05": 0.2366412213740458,
      "valid_buy_recall_05": 0.7209302325581395,
      "valid_buy_f1_05": 0.3563218390804598,
      "valid_buy_q90_threshold": 0.6972857713699341,
      "valid_buy_q95_threshold": 0.7076036930084229,
      "test_buy_auc": 0.48753738783649053,
      "test_buy_positive_rate": 0.2236842105263158,
      "test_buy_prob_mean": 0.49813923239707947,
      "test_buy_prob_std": 0.12097456306219101,
      "test_buy_prob_min": 0.23148149251937866,
      "test_buy_prob_max": 0.7693692445755005,
      "test_buy_acc_05": 0.47368421052631576,
      "test_buy_precision_05": 0.19736842105263158,
      "test_buy_recall_05": 0.4411764705882353,
      "test_buy_f1_05": 0.2727272727272727,
      "test_buy_q90_threshold": 0.6587961316108704,
      "test_buy_q95_threshold": 0.7077555656433105,
      "valid_sell_auc": 0.5350332594235033,
      "valid_sell_positive_rate": 0.4270833333333333,
      "valid_sell_prob_mean": 0.4244476854801178,
      "valid_sell_prob_std": 0.06567813456058502,
      "valid_sell_prob_min": 0.28784218430519104,
      "valid_sell_prob_max": 0.5543522834777832,
      "valid_sell_acc_05": 0.578125,
      "valid_sell_precision_05": 0.5172413793103449,
      "valid_sell_recall_05": 0.18292682926829268,
      "valid_sell_f1_05": 0.2702702702702703,
      "valid_sell_q90_threshold": 0.5140042304992676,
      "valid_sell_q95_threshold": 0.5338987708091736,
      "test_sell_auc": 0.4304018637157834,
      "test_sell_positive_rate": 0.3355263157894737,
      "test_sell_prob_mean": 0.44415274262428284,
      "test_sell_prob_std": 0.0909595713019371,
      "test_sell_prob_min": 0.26769784092903137,
      "test_sell_prob_max": 0.5939024090766907,
      "test_sell_acc_05": 0.5394736842105263,
      "test_sell_precision_05": 0.27906976744186046,
      "test_sell_recall_05": 0.23529411764705882,
      "test_sell_f1_05": 0.2553191489361702,
      "test_sell_q90_threshold": 0.572501540184021,
      "test_sell_q95_threshold": 0.5846091508865356
    },
    "lstm": {
      "model": "LSTM",
      "target_col_buy": "buy_label",
      "target_col_sell": "sell_label",
      "feature_count": 194,
      "lookback": 8,
      "params": {
        "hidden_dim": 256,
        "num_layers": 2,
        "dropout": 0.3,
        "output_dim": 1
      },
      "buy_fit": {
        "best_score": 0.6343062275636023,
        "best_valid_auc": 0.6343062275636023,
        "epochs_ran": 3,
        "pos_rate": 0.2195945945945946,
        "pos_weight": 3.5538461538461537,
        "device": "cpu"
      },
      "sell_fit": {
        "best_score": 0.528159645232816,
        "best_valid_auc": 0.528159645232816,
        "epochs_ran": 3,
        "pos_rate": 0.3716216216216216,
        "pos_weight": 1.6909090909090911,
        "device": "cpu"
      },
      "valid_buy_auc": 0.6343062275636023,
      "valid_buy_positive_rate": 0.22395833333333334,
      "valid_buy_prob_mean": 0.5302448272705078,
      "valid_buy_prob_std": 0.14986327290534973,
      "valid_buy_prob_min": 0.15968354046344757,
      "valid_buy_prob_max": 0.8123998641967773,
      "valid_buy_acc_05": 0.4739583333333333,
      "valid_buy_precision_05": 0.25,
      "valid_buy_recall_05": 0.6744186046511628,
      "valid_buy_f1_05": 0.36477987421383645,
      "valid_buy_q90_threshold": 0.7237902879714966,
      "valid_buy_q95_threshold": 0.7306028604507446,
      "test_buy_auc": 0.4830508474576271,
      "test_buy_positive_rate": 0.2236842105263158,
      "test_buy_prob_mean": 0.5412523150444031,
      "test_buy_prob_std": 0.17244720458984375,
      "test_buy_prob_min": 0.2341689020395279,
      "test_buy_prob_max": 0.8606207966804504,
      "test_buy_acc_05": 0.5,
      "test_buy_precision_05": 0.2558139534883721,
      "test_buy_recall_05": 0.6470588235294118,
      "test_buy_f1_05": 0.36666666666666664,
      "test_buy_q90_threshold": 0.7865361571311951,
      "test_buy_q95_threshold": 0.81783127784729,
      "valid_sell_auc": 0.528159645232816,
      "valid_sell_positive_rate": 0.4270833333333333,
      "valid_sell_prob_mean": 0.39425933361053467,
      "valid_sell_prob_std": 0.0433511883020401,
      "valid_sell_prob_min": 0.31717240810394287,
      "valid_sell_prob_max": 0.502862811088562,
      "valid_sell_acc_05": 0.5677083333333334,
      "valid_sell_precision_05": 0.3333333333333333,
      "valid_sell_recall_05": 0.012195121951219513,
      "valid_sell_f1_05": 0.023529411764705882,
      "valid_sell_q90_threshold": 0.46100926399230957,
      "valid_sell_q95_threshold": 0.4760308563709259,
      "test_sell_auc": 0.4100174723354688,
      "test_sell_positive_rate": 0.3355263157894737,
      "test_sell_prob_mean": 0.40901124477386475,
      "test_sell_prob_std": 0.078011155128479,
      "test_sell_prob_min": 0.30082130432128906,
      "test_sell_prob_max": 0.5877454280853271,
      "test_sell_acc_05": 0.625,
      "test_sell_precision_05": 0.375,
      "test_sell_recall_05": 0.17647058823529413,
      "test_sell_f1_05": 0.24,
      "test_sell_q90_threshold": 0.5466195344924927,
      "test_sell_q95_threshold": 0.5709924101829529
    },
    "cnn": {
      "model": "CNN",
      "target_col_buy": "buy_label",
      "target_col_sell": "sell_label",
      "feature_count": 194,
      "lookback": 8,
      "params": {
        "channels": 64,
        "kernel_size": 3,
        "dropout": 0.3,
        "output_dim": 1
      },
      "buy_fit": {
        "best_score": 0.5128765412829717,
        "best_valid_auc": 0.5128765412829717,
        "epochs_ran": 3,
        "pos_rate": 0.2195945945945946,
        "pos_weight": 3.5538461538461537,
        "device": "cpu"
      },
      "sell_fit": {
        "best_score": 0.5656319290465632,
        "best_valid_auc": 0.5656319290465632,
        "epochs_ran": 3,
        "pos_rate": 0.3716216216216216,
        "pos_weight": 1.6909090909090911,
        "device": "cpu"
      },
      "valid_buy_auc": 0.5128765412829717,
      "valid_buy_positive_rate": 0.22395833333333334,
      "valid_buy_prob_mean": 0.30654671788215637,
      "valid_buy_prob_std": 0.0901123434305191,
      "valid_buy_prob_min": 0.16743682324886322,
      "valid_buy_prob_max": 0.5499393939971924,
      "valid_buy_acc_05": 0.7864583333333334,
      "valid_buy_precision_05": 0.625,
      "valid_buy_recall_05": 0.11627906976744186,
      "valid_buy_f1_05": 0.19607843137254902,
      "valid_buy_q90_threshold": 0.4464978873729706,
      "valid_buy_q95_threshold": 0.4967822730541229,
      "test_buy_auc": 0.49327018943170486,
      "test_buy_positive_rate": 0.2236842105263158,
      "test_buy_prob_mean": 0.2519390285015106,
      "test_buy_prob_std": 0.09730648994445801,
      "test_buy_prob_min": 0.026411637663841248,