model_label,epoch,train_loss,valid_loss,valid_auc,valid_prob_mean,valid_prob_max
LSTM_buy,1,1.2054074326077022,1.114385962486267,0.5272483621203097,0.2991885840892792,0.34550389647483826
LSTM_buy,2,1.0419562732851184,1.0560437440872192,0.49463966646813584,0.4013889729976654,0.612942636013031
LSTM_buy,3,0.9327087498999931,1.1082828044891357,0.5092316855270994,0.5682294964790344,0.8299089074134827
