model_label,epoch,train_loss,valid_loss,valid_auc,valid_prob_mean,valid_prob_max
LSTM_sell,1,0.955979440663312,1.0186749696731567,0.4422538366752548,0.38447335362434387,0.4270419180393219
LSTM_sell,2,0.8857418685346037,0.9892954230308533,0.5164108883163436,0.41016802191734314,0.49376818537712097
LSTM_sell,3,0.8556765640104139,0.9623193740844727,0.5294051753108547,0.44481363892555237,0.5983994603157043
