{
  "model": "LSTM",
  "target_col_buy": "buy_label",
  "target_col_sell": "sell_label",
  "feature_count": 194,
  "lookback": 8,
  "params": {
    "hidden_dim": 256,
    "num_layers": 2,
    "dropout": 0.3,
    "output_dim": 1
  },
  "buy_fit": {
    "best_score": 0.5272483621203097,
    "best_valid_auc": 0.5272483621203097,
    "epochs_ran": 3,
    "pos_rate": 0.25506756756756754,
    "pos_weight": 2.920529801324504,
    "device": "cpu"
  },
  "sell_fit": {
    "best_score": 0.5294051753108547,
    "best_valid_auc": 0.5294051753108547,
    "epochs_ran": 3,
    "pos_rate": 0.35135135135135137,
    "pos_weight": 1.8461538461538463,
    "device": "cpu"
  },
  "valid_buy_auc": 0.5272483621203097,
  "valid_buy_positive_rate": 0.23958333333333334,
  "valid_buy_prob_mean": 0.2991885840892792,
  "valid_buy_prob_std": 0.02468024380505085,
  "valid_buy_prob_min": 0.24580474197864532,
  "valid_buy_prob_max": 0.34550389647483826,
  "valid_buy_acc_05": 0.7604166666666666,
  "valid_buy_precision_05": 0.0,
  "valid_buy_recall_05": 0.0,
  "valid_buy_f1_05": 0.0,
  "valid_buy_q90_threshold": 0.3290078341960907,
  "valid_buy_q95_threshold": 0.3354640305042267,
  "test_buy_auc": 0.4666666666666667,
  "test_buy_positive_rate": 0.21052631578947367,
  "test_buy_prob_mean": 0.2982761859893799,
  "test_buy_prob_std": 0.0384388193488121,
  "test_buy_prob_min": 0.21585580706596375,
  "test_buy_prob_max": 0.39026978611946106,
  "test_buy_acc_05": 0.7894736842105263,
  "test_buy_precision_05": 0.0,
  "test_buy_recall_05": 0.0,
  "test_buy_f1_05": 0.0,
  "test_buy_q90_threshold": 0.3479462265968323,
  "test_buy_q95_threshold": 0.3528571128845215,
  "valid_sell_auc": 0.5294051753108547,
  "valid_sell_positive_rate": 0.4114583333333333,
  "valid_sell_prob_mean": 0.44481363892555237,
  "valid_sell_prob_std": 0.06394082307815552,
  "valid_sell_prob_min": 0.2743332087993622,
  "valid_sell_prob_max": 0.5983994603157043,
  "valid_sell_acc_05": 0.5052083333333334,
  "valid_sell_precision_05": 0.2894736842105263,
  "valid_sell_recall_05": 0.13924050632911392,
  "valid_sell_f1_05": 0.18803418803418803,
  "valid_sell_q90_threshold": 0.5247949361801147,
  "valid_sell_q95_threshold": 0.5443313121795654,
  "test_sell_auc": 0.48356009070294786,
  "test_sell_positive_rate": 0.35526315789473684,
  "test_sell_prob_mean": 0.48186787962913513,
  "test_sell_prob_std": 0.07921519130468369,
  "test_sell_prob_min": 0.34250539541244507,
  "test_sell_prob_max": 0.6475650072097778,
  "test_sell_acc_05": 0.5131578947368421,
  "test_sell_precision_05": 0.3148148148148148,
  "test_sell_recall_05": 0.3148148148148148,
  "test_sell_f1_05": 0.3148148148148148,
  "test_sell_q90_threshold": 0.6076095700263977,
  "test_sell_q95_threshold": 0.6223312020301819
}