{
  "total_return": -0.03352711861671165,
  "annualized_return": -0.9161816043664424,
  "max_drawdown": -0.03619964630597905,
  "sharpe": -16.330021629913695,
  "sortino": -18.750187482295875,
  "calmar": -25.30913138273171,
  "trade_count": 10,
  "win_rate": 0.0,
  "avg_net_return_per_trade": -0.00555391879879404,
  "median_net_return_per_trade": -0.006746824150305638,
  "backtest_mode": "a_share_inventory_t0",
  "buy_threshold": 0.5505254559569545,
  "sell_threshold": 0.46384699194966206,
  "initial_capital": 1000000.0,
  "final_equity": 965785.7191646248,
  "final_benchmark_equity": 972429.0,
  "final_alpha_equity": 993356.7191646248,
  "alpha_total_return": -0.006643280835375243,
  "alpha_sharpe": -15.92535597654467,
  "alpha_sortino": -9.273528564795004,
  "alpha_calmar": -57.807123918287346,
  "alpha_max_drawdown": -0.006643280835375243,
  "base_shares": 7900,
  "ending_shares": 7900,
  "base_position_pct": 0.6,
  "max_t0_trade_pct": 0.3,
  "max_participation_rate": 0.02,
  "commission_rate": 0.0015,
  "slippage_rate": 0.00075,
  "tp": 0.003,
  "sl": 0.002,
  "no_overnight": true
}