{
  "model": "LSTM",
  "target_col_buy": "buy_label",
  "target_col_sell": "sell_label",
  "feature_count": 194,
  "lookback": 24,
  "params": {
    "hidden_dim": 256,
    "num_layers": 2,
    "dropout": 0.3,
    "output_dim": 1
  },
  "buy_fit": {
    "best_score": 0.5424506374644689,
    "best_valid_auc": 0.5424506374644689,
    "epochs_ran": 11,
    "pos_rate": 0.3060453400503778,
    "pos_weight": 2.267489711934157,
    "device": "cpu"
  },
  "sell_fit": {
    "best_score": 0.519802994650895,
    "best_valid_auc": 0.519802994650895,
    "epochs_ran": 14,
    "pos_rate": 0.4156171284634761,
    "pos_weight": 1.406060606060606,
    "device": "cpu"
  },
  "valid_buy_auc": 0.5424506374644689,
  "valid_buy_positive_rate": 0.32087628865979384,
  "valid_buy_prob_mean": 0.489205539226532,
  "valid_buy_prob_std": 0.08943845331668854,
  "valid_buy_prob_min": 0.3032498061656952,
  "valid_buy_prob_max": 0.7523556351661682,
  "valid_buy_acc_05": 0.5515463917525774,
  "valid_buy_precision_05": 0.34285714285714286,
  "valid_buy_recall_05": 0.43373493975903615,
  "valid_buy_f1_05": 0.3829787234042553,
  "valid_buy_q90_threshold": 0.6144692897796631,
  "valid_buy_q95_threshold": 0.6666266918182373,
  "test_buy_auc": 0.4966099094953214,
  "test_buy_positive_rate": 0.3170103092783505,
  "test_buy_prob_mean": 0.4778638184070587,
  "test_buy_prob_std": 0.07610876858234406,
  "test_buy_prob_min": 0.31257620453834534,
  "test_buy_prob_max": 0.6902896165847778,
  "test_buy_acc_05": 0.5412371134020618,
  "test_buy_precision_05": 0.29927007299270075,
  "test_buy_recall_05": 0.3333333333333333,
  "test_buy_f1_05": 0.3153846153846154,
  "test_buy_q90_threshold": 0.590904712677002,
  "test_buy_q95_threshold": 0.6278623938560486,
  "valid_sell_auc": 0.519802994650895,
  "valid_sell_positive_rate": 0.37757731958762886,
  "valid_sell_prob_mean": 0.49797719717025757,
  "valid_sell_prob_std": 0.17944298684597015,
  "valid_sell_prob_min": 0.14572156965732574,
  "valid_sell_prob_max": 0.908645510673523,
  "valid_sell_acc_05": 0.5,
  "valid_sell_precision_05": 0.38609112709832133,
  "valid_sell_recall_05": 0.5494880546075085,
  "valid_sell_f1_05": 0.4535211267605634,
  "valid_sell_q90_threshold": 0.7090381383895874,
  "valid_sell_q95_threshold": 0.7634642124176025,
  "test_sell_auc": 0.5704263239014744,
  "test_sell_positive_rate": 0.35309278350515466,
  "test_sell_prob_mean": 0.48548486828804016,
  "test_sell_prob_std": 0.17020192742347717,
  "test_sell_prob_min": 0.15789826214313507,
  "test_sell_prob_max": 0.8540623188018799,
  "test_sell_acc_05": 0.5579896907216495,
  "test_sell_precision_05": 0.40336134453781514,
  "test_sell_recall_05": 0.5255474452554745,
  "test_sell_f1_05": 0.45641838351822506,
  "test_sell_q90_threshold": 0.724498450756073,
  "test_sell_q95_threshold": 0.7909929752349854
}