{
  "total_return": 0.04020735640313222,
  "annualized_return": 16.561445852763025,
  "max_drawdown": -0.022771212610800617,
  "sharpe": 8.822601090282417,
  "sortino": 21.012528496777392,
  "calmar": 727.2974933670315,
  "trade_count": 5,
  "win_rate": 0.4,
  "avg_net_return_per_trade": -0.0008239692906521788,
  "median_net_return_per_trade": -9.166619650202365e-05,
  "backtest_mode": "a_share_inventory_t0",
  "trade_direction_mode": "sell_only",
  "buy_threshold": 0.4607778406855257,
  "sell_threshold": 0.6616130504757166,
  "initial_capital": 1000000.0,
  "final_equity": 1037781.5928480001,
  "final_benchmark_equity": 1036040.0,
  "final_alpha_equity": 1001741.5928480001,
  "alpha_total_return": 0.0017415928480000176,
  "alpha_sharpe": 5.899218800624049,
  "alpha_sortino": 10.765973900079779,
  "alpha_calmar": 112.6936006567147,
  "alpha_max_drawdown": -0.0011965802113311774,
  "base_shares": 10600,
  "ending_shares": 10600,
  "base_position_pct": 0.6,
  "max_t0_trade_pct": 0.3,
  "max_participation_rate": 0.02,
  "commission_rate": 0.001,
  "slippage_rate": 0.001,
  "tp": 0.003,
  "sl": 0.002,
  "no_overnight": true
}