{
  "total_return": -0.053378039533155563,
  "annualized_return": -0.6109114302262404,
  "max_drawdown": -0.07951118765196141,
  "sharpe": -2.5596350943469384,
  "sortino": -2.4332667203569733,
  "calmar": -7.683339266674508,
  "trade_count": 12,
  "win_rate": 0.16666666666666666,
  "avg_net_return_per_trade": -0.00479537983175516,
  "median_net_return_per_trade": -0.005326328820125678,
  "backtest_mode": "a_share_inventory_t0",
  "trade_direction_mode": "sell_only",
  "buy_threshold": 0.7473482042551041,
  "sell_threshold": 0.8617859840393067,
  "initial_capital": 1000000.0,
  "final_equity": 948964.8498189999,
  "final_benchmark_equity": 957628.0,
  "final_alpha_equity": 991336.8498189999,
  "alpha_total_return": -0.008663150181000168,
  "alpha_sharpe": -9.104863023704647,
  "alpha_sortino": -2.7174944992048604,
  "alpha_calmar": -15.937910826387052,
  "alpha_max_drawdown": -0.008724773130616703,
  "base_shares": 9900,
  "ending_shares": 9900,
  "base_position_pct": 0.6,
  "max_t0_trade_pct": 0.3,
  "max_participation_rate": 0.05,
  "commission_rate": 0.001,
  "slippage_rate": 0.0005,
  "tp": 0.003,
  "sl": 0.002,
  "stop_loss_cooldown_bars": 0,
  "daily_max_trades": 0,
  "daily_max_losses": 0,
  "daily_loss_limit": 0.0,
  "no_overnight": true
}