{
  "total_return": -0.02948412952909507,
  "annualized_return": -0.8864633541826198,
  "max_drawdown": -0.03732886015737613,
  "sharpe": -14.907513810917099,
  "sortino": -18.84627668618086,
  "calmar": -23.747399477116257,
  "trade_count": 2,
  "win_rate": 0.0,
  "avg_net_return_per_trade": -0.0065488715272249386,
  "median_net_return_per_trade": -0.0065488715272249386,
  "backtest_mode": "a_share_inventory_t0",
  "trade_direction_mode": "sell_only",
  "buy_threshold": 0.4095080417989358,
  "sell_threshold": 0.4341893776055725,
  "initial_capital": 1000000.0,
  "final_equity": 969825.8336870001,
  "final_benchmark_equity": 972429.0,
  "final_alpha_equity": 997396.8336870001,
  "alpha_total_return": -0.0026031663129999494,
  "alpha_sharpe": -18.642684301597445,
  "alpha_sortino": -7.926737020380765,
  "alpha_calmar": -66.31057375131505,
  "alpha_max_drawdown": -0.0026031663129999494,
  "base_shares": 7900,
  "ending_shares": 7900,
  "base_position_pct": 0.6,
  "max_t0_trade_pct": 0.3,
  "max_participation_rate": 0.02,
  "commission_rate": 0.001,
  "slippage_rate": 0.001,
  "tp": 0.003,
  "sl": 0.002,
  "no_overnight": true
}