{
  "total_return": -0.10629747889879693,
  "annualized_return": -0.8445443881453544,
  "max_drawdown": -0.12005063623032364,
  "sharpe": -7.124386821125489,
  "sortino": -11.226135836283202,
  "calmar": -7.034901393817274,
  "trade_count": 12,
  "win_rate": 0.25,
  "avg_net_return_per_trade": -0.0064319592805067135,
  "median_net_return_per_trade": -0.006867564349073704,
  "backtest_mode": "a_share_inventory_t0",
  "trade_direction_mode": "sell_only",
  "buy_threshold": 0.9011711865663528,
  "sell_threshold": 0.8903881818056105,
  "initial_capital": 1000000.0,
  "final_equity": 896362.1798040003,
  "final_benchmark_equity": 906349.0,
  "final_alpha_equity": 990013.1798040003,
  "alpha_total_return": -0.009986820195999724,
  "alpha_sharpe": -7.816730303667116,
  "alpha_sortino": -2.411404644428056,
  "alpha_calmar": -11.74513209206505,
  "alpha_max_drawdown": -0.013040319119731913,
  "base_shares": 9300,
  "ending_shares": 9300,
  "base_position_pct": 0.6,
  "max_t0_trade_pct": 0.3,
  "max_participation_rate": 0.05,
  "commission_rate": 0.001,
  "slippage_rate": 0.001,
  "tp": 0.004,
  "sl": 0.002,
  "stop_loss_cooldown_bars": 6,
  "daily_max_trades": 0,
  "daily_max_losses": 2,
  "daily_loss_limit": 0.0,
  "no_overnight": true
}