lookback,lookback_minutes,horizon,horizon_minutes,valid_auc,test_auc,train_positive_rate,valid_positive_rate,test_positive_rate,selected_quantile,selected_threshold,trade_count,win_rate,gross_return_mean,net_return_mean,total_return,max_drawdown,per_trade_sharpe,trades_per_year,bar_annualized_sharpe,sharpe,test_trade_return_mean_all,seed
6,30,12,60,0.5738029298515981,0.5229637373271918,0.359956097766896,0.3588884509262909,0.3944619629483642,0.95,0.4339441373944282,65,0.4,0.0008713222567290159,-0.0021286777432709854,-0.14226097289417317,-0.22469487480648176,-0.09800843260107898,76.30860573864715,-10.563108615954373,-0.856150674254404,0.0006661114750419357,7
6,30,12,60,0.5705432133528414,0.5254331627194982,0.359956097766896,0.3588884509262909,0.3944619629483642,0.95,0.43941468745470047,74,0.35135135135135137,-0.00019550859542656732,-0.0031955085954265684,-0.22343710557592267,-0.2959128164505539,-0.15125574508141418,86.87150414034775,-16.301973429013852,-1.4097774184855454,0.0006661114750419357,11
6,30,12,60,0.5702715298664874,0.5287458328141607,0.359956097766896,0.3588884509262909,0.3944619629483642,0.95,0.43184452056884765,103,0.3883495145631068,0.0022635199069417893,-0.000736480093058212,-0.09091634584287789,-0.27732342788980013,-0.037378857195219085,120.58066885537811,-4.028601601052439,-0.4104543508564172,0.0006661114750419357,19
6,30,12,60,0.5678854419516949,0.5195880550937488,0.359956097766896,0.3588884509262909,0.3944619629483642,0.95,0.4309201717376709,96,0.3645833333333333,0.00015220073954963614,-0.0028477992604503647,-0.2486884330909107,-0.3176309292820091,-0.17743437849338628,112.38586611763397,-19.123442366012945,-1.8810208872374532,0.0006661114750419357,23
6,30,12,60,0.568429758497753,0.5246344940237052,0.359956097766896,0.3588884509262909,0.3944619629483642,0.95,0.4365411877632141,79,0.4050632911392405,8.931530957243359e-05,-0.002910684690427567,-0.2169258446918595,-0.29757616186825286,-0.15178137987831114,92.74430543620191,-16.358625058925607,-1.461713046737328,0.0006661114750419357,42
