{
  "horizon": 12,
  "lookback": 6,
  "seeds": [
    7,
    11,
    19,
    23,
    42
  ],
  "runs": [
    {
      "lookback": 6,
      "lookback_minutes": 30,
      "horizon": 12,
      "horizon_minutes": 60,
      "valid_auc": 0.5738029298515981,
      "test_auc": 0.5229637373271918,
      "train_positive_rate": 0.359956097766896,
      "valid_positive_rate": 0.3588884509262909,
      "test_positive_rate": 0.3944619629483642,
      "selected_quantile": 0.95,
      "selected_threshold": 0.4339441373944282,
      "trade_count": 65,
      "win_rate": 0.4,
      "gross_return_mean": 0.0008713222567290159,
      "net_return_mean": -0.0021286777432709854,
      "total_return": -0.14226097289417317,
      "max_drawdown": -0.22469487480648176,
      "per_trade_sharpe": -0.09800843260107898,
      "trades_per_year": 76.30860573864715,
      "bar_annualized_sharpe": -10.563108615954373,
      "sharpe": -0.856150674254404,
      "test_trade_return_mean_all": 0.0006661114750419357,
      "seed": 7
    },
    {
      "lookback": 6,
      "lookback_minutes": 30,
      "horizon": 12,
      "horizon_minutes": 60,
      "valid_auc": 0.5705432133528414,
      "test_auc": 0.5254331627194982,
      "train_positive_rate": 0.359956097766896,
      "valid_positive_rate": 0.3588884509262909,
      "test_positive_rate": 0.3944619629483642,
      "selected_quantile": 0.95,
      "selected_threshold": 0.43941468745470047,
      "trade_count": 74,
      "win_rate": 0.35135135135135137,
      "gross_return_mean": -0.00019550859542656732,
      "net_return_mean": -0.0031955085954265684,
      "total_return": -0.22343710557592267,
      "max_drawdown": -0.2959128164505539,
      "per_trade_sharpe": -0.15125574508141418,
      "trades_per_year": 86.87150414034775,
      "bar_annualized_sharpe": -16.301973429013852,
      "sharpe": -1.4097774184855454,
      "test_trade_return_mean_all": 0.0006661114750419357,
      "seed": 11
    },
    {
      "lookback": 6,
      "lookback_minutes": 30,
      "horizon": 12,
      "horizon_minutes": 60,
      "valid_auc": 0.5702715298664874,
      "test_auc": 0.5287458328141607,
      "train_positive_rate": 0.359956097766896,
      "valid_positive_rate": 0.3588884509262909,
      "test_positive_rate": 0.3944619629483642,
      "selected_quantile": 0.95,
      "selected_threshold": 0.43184452056884765,
      "trade_count": 103,
      "win_rate": 0.3883495145631068,
      "gross_return_mean": 0.0022635199069417893,
      "net_return_mean": -0.000736480093058212,
      "total_return": -0.09091634584287789,
      "max_drawdown": -0.27732342788980013,
      "per_trade_sharpe": -0.037378857195219085,
      "trades_per_year": 120.58066885537811,
      "bar_annualized_sharpe": -4.028601601052439,
      "sharpe": -0.4104543508564172,
      "test_trade_return_mean_all": 0.0006661114750419357,
      "seed": 19
    },
    {
      "lookback": 6,
      "lookback_minutes": 30,
      "horizon": 12,
      "horizon_minutes": 60,
      "valid_auc": 0.5678854419516949,
      "test_auc": 0.5195880550937488,
      "train_positive_rate": 0.359956097766896,
      "valid_positive_rate": 0.3588884509262909,
      "test_positive_rate": 0.3944619629483642,
      "selected_quantile": 0.95,
      "selected_threshold": 0.4309201717376709,
      "trade_count": 96,
      "win_rate": 0.3645833333333333,
      "gross_return_mean": 0.00015220073954963614,
      "net_return_mean": -0.0028477992604503647,
      "total_return": -0.2486884330909107,
      "max_drawdown": -0.3176309292820091,
      "per_trade_sharpe": -0.17743437849338628,
      "trades_per_year": 112.38586611763397,
      "bar_annualized_sharpe": -19.123442366012945,
      "sharpe": -1.8810208872374532,
      "test_trade_return_mean_all": 0.0006661114750419357,
      "seed": 23
    },
    {
      "lookback": 6,
      "lookback_minutes": 30,
      "horizon": 12,
      "horizon_minutes": 60,
      "valid_auc": 0.568429758497753,
      "test_auc": 0.5246344940237052,
      "train_positive_rate": 0.359956097766896,
      "valid_positive_rate": 0.3588884509262909,
      "test_positive_rate": 0.3944619629483642,
      "selected_quantile": 0.95,
      "selected_threshold": 0.4365411877632141,
      "trade_count": 79,
      "win_rate": 0.4050632911392405,
      "gross_return_mean": 8.931530957243359e-05,
      "net_return_mean": -0.002910684690427567,
      "total_return": -0.2169258446918595,
      "max_drawdown": -0.29757616186825286,
      "per_trade_sharpe": -0.15178137987831114,
      "trades_per_year": 92.74430543620191,
      "bar_annualized_sharpe": -16.358625058925607,
      "sharpe": -1.461713046737328,
      "test_trade_return_mean_all": 0.0006661114750419357,
      "seed": 42
    }
  ],
  "summary": [
    {
      "metric": "valid_auc",
      "mean": 0.570186574704075,
      "std": 0.002323469829011304,
      "min": 0.5678854419516949,
      "median": 0.5702715298664874,
      "max": 0.5738029298515981,
      "positive_total_return_rate": NaN,
      "positive_net_return_mean_rate": NaN
    },
    {
      "metric": "test_auc",
      "mean": 0.5242730563956609,
      "std": 0.003359529965390832,
      "min": 0.5195880550937488,
      "median": 0.5246344940237052,
      "max": 0.5287458328141607,
      "positive_total_return_rate": NaN,
      "positive_net_return_mean_rate": NaN
    },
    {
      "metric": "trade_count",
      "mean": 83.4,
      "std": 15.725775020646836,
      "min": 65.0,
      "median": 79.0,
      "max": 103.0,
      "positive_total_return_rate": NaN,
      "positive_net_return_mean_rate": NaN
    },
    {
      "metric": "win_rate",
      "mean": 0.3818694980774064,
      "std": 0.02312372440464318,
      "min": 0.35135135135135137,
      "median": 0.3883495145631068,
      "max": 0.4050632911392405,
      "positive_total_return_rate": NaN,
      "positive_net_return_mean_rate": NaN
    },
    {
      "metric": "gross_return_mean",
      "mean": 0.0006361699234732615,
      "std": 0.000991025969269017,
      "min": -0.00019550859542656732,
      "median": 0.00015220073954963614,
      "max": 0.0022635199069417893,
      "positive_total_return_rate": NaN,
      "positive_net_return_mean_rate": NaN
    },
    {
      "metric": "net_return_mean",
      "mean": -0.0023638300765267393,
      "std": 0.0009910259692690168,
      "min": -0.0031955085954265684,
      "median": -0.0028477992604503647,
      "max": -0.000736480093058212,
      "positive_total_return_rate": NaN,
      "positive_net_return_mean_rate": 0.0
    },
    {
      "metric": "total_return",
      "mean": -0.1844457404191488,
      "std": 0.06563099411294467,
      "min": -0.2486884330909107,
      "median": -0.2169258446918595,
      "max": -0.09091634584287789,
      "positive_total_return_rate": 0.0,
      "positive_net_return_mean_rate": NaN
    },
    {
      "metric": "max_drawdown",
      "mean": -0.28262764205941954,
      "std": 0.03538899698001233,
      "min": -0.3176309292820091,
      "median": -0.2959128164505539,
      "max": -0.22469487480648176,
      "positive_total_return_rate": NaN,
      "positive_net_return_mean_rate": NaN
    },
    {
      "metric": "per_trade_sharpe",
      "mean": -0.12317175864988195,
      "std": 0.0560028292831023,
      "min": -0.17743437849338628,
      "median": -0.15125574508141418,
      "max": -0.037378857195219085,
      "positive_total_return_rate": NaN,
      "positive_net_return_mean_rate": NaN
    },
    {
      "metric": "trades_per_year",
      "mean": 97.77819005764177,
      "std": 18.293278014791202,
      "min": 76.30860573864715,
      "median": 92.74430543620191,
      "max": 120.58066885537811,
      "positive_total_return_rate": NaN,
      "positive_net_return_mean_rate": NaN
    },
    {
      "metric": "bar_annualized_sharpe",
      "mean": -13.275150214191845,
      "std": 6.035847659415046,
      "min": -19.123442366012945,
      "median": -16.301973429013852,
      "max": -4.028601601052439,
      "positive_total_return_rate": NaN,