{
  "horizon": 12,
  "lookback": 6,
  "seeds": [
    7,
    11,
    19,
    23,
    42
  ],
  "runs": [
    {
      "lookback": 6,
      "lookback_minutes": 30,
      "horizon": 12,
      "horizon_minutes": 60,
      "valid_auc": 0.6005784714325001,
      "test_auc": 0.5471988365653864,
      "train_positive_rate": 0.2873485584026341,
      "valid_positive_rate": 0.2975955853370122,
      "test_positive_rate": 0.3358297201418999,
      "selected_quantile": 0.95,
      "selected_threshold": 0.6668990761041641,
      "trade_count": 50,
      "win_rate": 0.4,
      "gross_return_mean": 0.0016338573567571736,
      "net_return_mean": -0.0013661426432428272,
      "total_return": -0.07920816749311244,
      "max_drawdown": -0.17244091811584483,
      "per_trade_sharpe": -0.056144955508646316,
      "trades_per_year": 58.55776617419477,
      "bar_annualized_sharpe": -6.05116567560767,
      "sharpe": -0.42963830307754486,
      "test_trade_return_mean_all": 0.0006661114750419357,
      "seed": 7
    },
    {
      "lookback": 6,
      "lookback_minutes": 30,
      "horizon": 12,
      "horizon_minutes": 60,
      "valid_auc": 0.598867190113051,
      "test_auc": 0.5434291238280324,
      "train_positive_rate": 0.2873485584026341,
      "valid_positive_rate": 0.2975955853370122,
      "test_positive_rate": 0.3358297201418999,
      "selected_quantile": 0.95,
      "selected_threshold": 0.6673009306192398,
      "trade_count": 76,
      "win_rate": 0.4342105263157895,
      "gross_return_mean": 0.003605065333205467,
      "net_return_mean": 0.0006050653332054656,
      "total_return": 0.026930828795255213,
      "max_drawdown": -0.1572346657299888,
      "per_trade_sharpe": 0.026326525307216714,
      "trades_per_year": 88.97313419547265,
      "bar_annualized_sharpe": 2.8374083629385605,
      "sharpe": 0.24832645425254593,
      "test_trade_return_mean_all": 0.0006661114750419357,
      "seed": 11
    },
    {
      "lookback": 6,
      "lookback_minutes": 30,
      "horizon": 12,
      "horizon_minutes": 60,
      "valid_auc": 0.5999847165548049,
      "test_auc": 0.5503797139911676,
      "train_positive_rate": 0.2873485584026341,
      "valid_positive_rate": 0.2975955853370122,
      "test_positive_rate": 0.3358297201418999,
      "selected_quantile": 0.7,
      "selected_threshold": 0.6050956010818481,
      "trade_count": 325,
      "win_rate": 0.3446153846153846,
      "gross_return_mean": 0.0011047492855617293,
      "net_return_mean": -0.001895250714438271,
      "total_return": -0.4815440479916342,
      "max_drawdown": -0.584655173303219,
      "per_trade_sharpe": -0.11932896091467944,
      "trades_per_year": 360.6836524766577,
      "bar_annualized_sharpe": -12.860982894209211,
      "sharpe": -2.266256633828577,
      "test_trade_return_mean_all": 0.0006661114750419357,
      "seed": 19
    },
    {
      "lookback": 6,
      "lookback_minutes": 30,
      "horizon": 12,
      "horizon_minutes": 60,
      "valid_auc": 0.5995129505132264,
      "test_auc": 0.5505016778465053,
      "train_positive_rate": 0.2873485584026341,
      "valid_positive_rate": 0.2975955853370122,
      "test_positive_rate": 0.3358297201418999,
      "selected_quantile": 0.95,
      "selected_threshold": 0.6613009095191955,
      "trade_count": 75,
      "win_rate": 0.4,
      "gross_return_mean": 0.0035065754842609166,
      "net_return_mean": 0.0005065754842609155,
      "total_return": 0.019945539888170938,
      "max_drawdown": -0.1593147788074999,
      "per_trade_sharpe": 0.022569099381008352,
      "trades_per_year": 87.83469344585342,
      "bar_annualized_sharpe": 2.4324422072559018,
      "sharpe": 0.2115179719931374,
      "test_trade_return_mean_all": 0.0006661114750419357,
      "seed": 23
    },
    {
      "lookback": 6,
      "lookback_minutes": 30,
      "horizon": 12,
      "horizon_minutes": 60,
      "valid_auc": 0.595650419760519,
      "test_auc": 0.5468051260082752,
      "train_positive_rate": 0.2873485584026341,
      "valid_positive_rate": 0.2975955853370122,
      "test_positive_rate": 0.3358297201418999,
      "selected_quantile": 0.95,
      "selected_threshold": 0.6720125526189804,
      "trade_count": 83,
      "win_rate": 0.43373493975903615,
      "gross_return_mean": 0.002488086337158071,
      "net_return_mean": -0.0005119136628419294,
      "total_return": -0.06161696458237109,
      "max_drawdown": -0.23946210549667035,
      "per_trade_sharpe": -0.022382740823061558,
      "trades_per_year": 97.44021963550327,
      "bar_annualized_sharpe": -2.412356938704398,
      "sharpe": -0.22094409195020254,
      "test_trade_return_mean_all": 0.0006661114750419357,
      "seed": 42
    }
  ],
  "summary": [
    {
      "metric": "valid_auc",
      "mean": 0.5989187496748203,
      "std": 0.001931882188154129,
      "min": 0.595650419760519,
      "median": 0.5995129505132264,
      "max": 0.6005784714325001,
      "positive_total_return_rate": NaN,
      "positive_net_return_mean_rate": NaN
    },
    {
      "metric": "test_auc",
      "mean": 0.5476628956478734,
      "std": 0.002928981465068682,
      "min": 0.5434291238280324,
      "median": 0.5471988365653864,
      "max": 0.5505016778465053,
      "positive_total_return_rate": NaN,
      "positive_net_return_mean_rate": NaN
    },
    {
      "metric": "trade_count",
      "mean": 121.8,
      "std": 114.27904444822768,
      "min": 50.0,
      "median": 76.0,
      "max": 325.0,
      "positive_total_return_rate": NaN,
      "positive_net_return_mean_rate": NaN
    },
    {
      "metric": "win_rate",
      "mean": 0.4025121701380421,
      "std": 0.03655238329657366,
      "min": 0.3446153846153846,
      "median": 0.4,
      "max": 0.4342105263157895,
      "positive_total_return_rate": NaN,
      "positive_net_return_mean_rate": NaN
    },
    {
      "metric": "gross_return_mean",
      "mean": 0.002467666759388671,
      "std": 0.0011097528974812303,
      "min": 0.0011047492855617293,
      "median": 0.002488086337158071,
      "max": 0.003605065333205467,
      "positive_total_return_rate": NaN,
      "positive_net_return_mean_rate": NaN
    },
    {
      "metric": "net_return_mean",
      "mean": -0.0005323332406113292,
      "std": 0.0011097528974812298,
      "min": -0.001895250714438271,
      "median": -0.0005119136628419294,
      "max": 0.0006050653332054656,
      "positive_total_return_rate": NaN,
      "positive_net_return_mean_rate": 0.4
    },
    {
      "metric": "total_return",
      "mean": -0.11509856227673831,
      "std": 0.2102617138165555,
      "min": -0.4815440479916342,
      "median": -0.06161696458237109,
      "max": 0.026930828795255213,
      "positive_total_return_rate": 0.4,
      "positive_net_return_mean_rate": NaN
    },
    {
      "metric": "max_drawdown",
      "mean": -0.26262152829064456,
      "std": 0.1831346807167377,
      "min": -0.584655173303219,
      "median": -0.17244091811584483,
      "max": -0.1572346657299888,
      "positive_total_return_rate": NaN,
      "positive_net_return_mean_rate": NaN
    },
    {
      "metric": "per_trade_sharpe",
      "mean": -0.029792206511632446,
      "std": 0.06053349561660035,
      "min": -0.11932896091467944,
      "median": -0.022382740823061558,
      "max": 0.026326525307216714,
      "positive_total_return_rate": NaN,
      "positive_net_return_mean_rate": NaN
    },
    {
      "metric": "trades_per_year",
      "mean": 138.69789318553634,
      "std": 124.96192385741901,
      "min": 58.55776617419477,
      "median": 88.97313419547265,
      "max": 360.6836524766577,
      "positive_total_return_rate": NaN,
      "positive_net_return_mean_rate": NaN
    },
    {
      "metric": "bar_annualized_sharpe",
      "mean": -3.210930987665363,
      "std": 6.524151770737613,
      "min": -12.860982894209211,
      "median": -2.412356938704398,
      "max": 2.8374083629385605,
      "positive_total_return_rate": NaN,