lookback,lookback_minutes,horizon,horizon_minutes,valid_auc,test_auc,train_positive_rate,valid_positive_rate,test_positive_rate,selected_quantile,selected_threshold,trade_count,win_rate,gross_return_mean,net_return_mean,total_return,max_drawdown,per_trade_sharpe,trades_per_year,bar_annualized_sharpe,sharpe,test_trade_return_mean_all,seed
6,30,12,60,0.6005784714325001,0.5471988365653864,0.2873485584026341,0.2975955853370122,0.3358297201418999,0.95,0.6668990761041641,50,0.4,0.0016338573567571736,-0.0013661426432428272,-0.07920816749311244,-0.17244091811584483,-0.056144955508646316,58.55776617419477,-6.05116567560767,-0.42963830307754486,0.0006661114750419357,7
6,30,12,60,0.598867190113051,0.5434291238280324,0.2873485584026341,0.2975955853370122,0.3358297201418999,0.95,0.6673009306192398,76,0.4342105263157895,0.003605065333205467,0.0006050653332054656,0.026930828795255213,-0.1572346657299888,0.026326525307216714,88.97313419547265,2.8374083629385605,0.24832645425254593,0.0006661114750419357,11
6,30,12,60,0.5999847165548049,0.5503797139911676,0.2873485584026341,0.2975955853370122,0.3358297201418999,0.7,0.6050956010818481,325,0.3446153846153846,0.0011047492855617293,-0.001895250714438271,-0.4815440479916342,-0.584655173303219,-0.11932896091467944,360.6836524766577,-12.860982894209211,-2.266256633828577,0.0006661114750419357,19
6,30,12,60,0.5995129505132264,0.5505016778465053,0.2873485584026341,0.2975955853370122,0.3358297201418999,0.95,0.6613009095191955,75,0.4,0.0035065754842609166,0.0005065754842609155,0.019945539888170938,-0.1593147788074999,0.022569099381008352,87.83469344585342,2.4324422072559018,0.2115179719931374,0.0006661114750419357,23
6,30,12,60,0.595650419760519,0.5468051260082752,0.2873485584026341,0.2975955853370122,0.3358297201418999,0.95,0.6720125526189804,83,0.43373493975903615,0.002488086337158071,-0.0005119136628419294,-0.06161696458237109,-0.23946210549667035,-0.022382740823061558,97.44021963550327,-2.412356938704398,-0.22094409195020254,0.0006661114750419357,42
