{
  "total_return": -0.04126158367320287,
  "annualized_return": -0.19979161105800902,
  "max_drawdown": -0.09082590798503187,
  "sharpe": -1.4159641914768983,
  "sortino": -1.6156128232622318,
  "calmar": -2.1997204926477005,
  "trade_count": 72,
  "win_rate": 0.2916666666666667,
  "avg_net_return_per_trade": -0.0037792508381286278,
  "median_net_return_per_trade": -0.005253697010050404,
  "backtest_mode": "a_share_inventory_t0",
  "trade_direction_mode": "sell_only",
  "buy_threshold": 0.5876382724393838,
  "sell_threshold": 0.7121069622934496,
  "initial_capital": 1000000.0,
  "final_equity": 958632.9551010012,
  "final_benchmark_equity": 986910.0,
  "final_alpha_equity": 971722.9551010012,
  "alpha_total_return": -0.02827704489899885,
  "alpha_sharpe": -9.967641227989839,
  "alpha_sortino": -6.435759485897426,
  "alpha_calmar": -4.763227122473081,
  "alpha_max_drawdown": -0.029554904744244048,
  "base_shares": 11000,
  "ending_shares": 11000,
  "base_position_pct": 0.6,
  "max_t0_trade_pct": 0.3,
  "max_participation_rate": 0.05,
  "commission_rate": 0.001,
  "slippage_rate": 0.0005,
  "tp": 0.003,
  "sl": 0.002,
  "no_overnight": true
}