model,side,valid_auc,raw_weight,weight,weight_method
transformer_lstm,buy,0.5754643358826284,0.07546433588262835,0.33894146512443046,valid_auc_edge_over_0p5
lstm,buy,0.6343062275636023,0.13430622756360233,0.6032246757798811,valid_auc_edge_over_0p5
cnn,buy,0.5128765412829717,0.012876541282971665,0.05783385909568839,valid_auc_edge_over_0p5
mlp,buy,0.47557359138442323,0.0,0.0,valid_auc_edge_over_0p5
