model,side,valid_auc,raw_weight,weight,weight_method
transformer_lstm,sell,0.5350332594235033,0.03503325942350333,0.2666666666666665,valid_auc_edge_over_0p5
lstm,sell,0.528159645232816,0.028159645232816,0.21434599156118156,valid_auc_edge_over_0p5
cnn,sell,0.5656319290465632,0.06563192904656323,0.4995780590717299,valid_auc_edge_over_0p5
mlp,sell,0.502549889135255,0.0025498891352550013,0.019409282700422022,valid_auc_edge_over_0p5
