{
  "model": "auc_weighted_ensemble",
  "member_models": [
    "transformer_lstm",
    "lstm",
    "cnn",
    "mlp"
  ],
  "buy_weight_method": "valid_auc_edge_over_0p5",
  "sell_weight_method": "valid_auc_edge_over_0p5",
  "feature_count": 194,
  "lookback": 8,
  "valid_buy_auc": 0.6177618230060871,
  "valid_buy_positive_rate": 0.22395833333333334,
  "valid_buy_prob_mean": 0.5186593966791679,
  "valid_buy_prob_std": 0.1348179833707536,
  "valid_buy_prob_min": 0.1428557331133549,
  "valid_buy_prob_max": 0.7260974856623007,
  "valid_buy_acc_05": 0.5104166666666666,
  "valid_buy_precision_05": 0.2743362831858407,
  "valid_buy_recall_05": 0.7209302325581395,
  "valid_buy_f1_05": 0.3974358974358974,
  "valid_buy_q90_threshold": 0.6811039047265447,
  "valid_buy_q95_threshold": 0.7054184544772757,
  "test_buy_auc": 0.48479561316051845,
  "test_buy_positive_rate": 0.2236842105263158,
  "test_buy_prob_mean": 0.5099074019455057,
  "test_buy_prob_std": 0.14388696929467346,
  "test_buy_prob_min": 0.25826100488002374,
  "test_buy_prob_max": 0.8058297021155856,
  "test_buy_acc_05": 0.506578947368421,
  "test_buy_precision_05": 0.23376623376623376,
  "test_buy_recall_05": 0.5294117647058824,
  "test_buy_f1_05": 0.32432432432432434,
  "test_buy_q90_threshold": 0.723744442831246,
  "test_buy_q95_threshold": 0.7529332349932785,
  "valid_sell_auc": 0.5470066518847007,
  "valid_sell_positive_rate": 0.4270833333333333,
  "valid_sell_prob_mean": 0.45019310700717613,
  "valid_sell_prob_std": 0.0745966678614332,
  "valid_sell_prob_min": 0.3260837652009248,
  "valid_sell_prob_max": 0.6381510192834878,
  "valid_sell_acc_05": 0.59375,
  "valid_sell_precision_05": 0.5454545454545454,
  "valid_sell_recall_05": 0.2926829268292683,
  "valid_sell_f1_05": 0.38095238095238093,
  "valid_sell_q90_threshold": 0.573507728933785,
  "valid_sell_q95_threshold": 0.6122887900886655,
  "test_sell_auc": 0.4618520675596972,
  "test_sell_positive_rate": 0.3355263157894737,
  "test_sell_prob_mean": 0.49855527970629643,
  "test_sell_prob_std": 0.10742043470561147,
  "test_sell_prob_min": 0.346232344304459,
  "test_sell_prob_max": 0.7237241287774677,
  "test_sell_acc_05": 0.4473684210526316,
  "test_sell_precision_05": 0.2608695652173913,
  "test_sell_recall_05": 0.35294117647058826,
  "test_sell_f1_05": 0.3,
  "test_sell_q90_threshold": 0.6659339894423506,
  "test_sell_q95_threshold": 0.6941065693178258
}