{
  "total_return": -0.11490882115038192,
  "annualized_return": -0.8675782815239393,
  "max_drawdown": -0.12753537105835955,
  "sharpe": -7.746676024281249,
  "sortino": -12.055039371724762,
  "calmar": -6.802648350212898,
  "trade_count": 12,
  "win_rate": 0.08333333333333333,
  "avg_net_return_per_trade": -0.008933693266765129,
  "median_net_return_per_trade": -0.007582786900324597,
  "backtest_mode": "a_share_inventory_t0",
  "trade_direction_mode": "sell_only",
  "buy_threshold": 0.6604762256145478,
  "sell_threshold": 0.8768073558807371,
  "initial_capital": 1000000.0,
  "final_equity": 887725.2101978746,
  "final_benchmark_equity": 906349.0,
  "final_alpha_equity": 981376.2101978746,
  "alpha_total_return": -0.018623789802125423,
  "alpha_sharpe": -12.195393027165458,
  "alpha_sortino": -3.498598862429153,
  "alpha_calmar": -13.413789915109346,
  "alpha_max_drawdown": -0.019946729615763825,
  "base_shares": 9300,
  "ending_shares": 9300,
  "base_position_pct": 0.6,
  "max_t0_trade_pct": 0.3,
  "max_participation_rate": 0.05,
  "commission_rate": 0.0015,
  "slippage_rate": 0.00075,
  "tp": 0.003,
  "sl": 0.002,
  "stop_loss_cooldown_bars": 6,
  "daily_max_trades": 0,
  "daily_max_losses": 2,
  "daily_loss_limit": 0.0,
  "no_overnight": true
}