{
  "total_return": -0.05217246795593855,
  "annualized_return": -0.5883138045239094,
  "max_drawdown": -0.08190023076669495,
  "sharpe": -2.626709751493035,
  "sortino": -2.495476024221277,
  "calmar": -7.183298496432925,
  "trade_count": 16,
  "win_rate": 0.25,
  "avg_net_return_per_trade": -0.003635773649633048,
  "median_net_return_per_trade": -0.004491838576441529,
  "backtest_mode": "a_share_inventory_t0",
  "trade_direction_mode": "sell_only",
  "buy_threshold": 0.7226963907480239,
  "sell_threshold": 0.88375479221344,
  "initial_capital": 1000000.0,
  "final_equity": 947455.9836515002,
  "final_benchmark_equity": 953450.0,
  "final_alpha_equity": 994005.9836515002,
  "alpha_total_return": -0.005994016348499831,
  "alpha_sharpe": -6.390965618094029,
  "alpha_sortino": -3.6483177645652094,
  "alpha_calmar": -12.679745362753678,
  "alpha_max_drawdown": -0.007474965076673001,
  "base_shares": 9800,
  "ending_shares": 9800,
  "base_position_pct": 0.6,
  "max_t0_trade_pct": 0.3,
  "max_participation_rate": 0.05,
  "commission_rate": 0.001,
  "slippage_rate": 0.0005,
  "tp": 0.003,
  "sl": 0.002,
  "stop_loss_cooldown_bars": 0,
  "daily_max_trades": 0,
  "daily_max_losses": 0,
  "daily_loss_limit": 0.0,
  "no_overnight": true
}