{
  "total_return": -0.09676302622495447,
  "annualized_return": -0.814672025157087,
  "max_drawdown": -0.10891352042369007,
  "sharpe": -6.331849783162846,
  "sortino": -9.94763845352309,
  "calmar": -7.479989830352463,
  "trade_count": 5,
  "win_rate": 0.6,
  "avg_net_return_per_trade": -0.0020455448396622354,
  "median_net_return_per_trade": 0.00034747167350479904,
  "backtest_mode": "a_share_inventory_t0",
  "trade_direction_mode": "sell_only",
  "buy_threshold": 0.667204812169075,
  "sell_threshold": 0.9550599306821823,
  "initial_capital": 1000000.0,
  "final_equity": 905925.007009,
  "final_benchmark_equity": 906349.0,
  "final_alpha_equity": 999576.007009,
  "alpha_total_return": -0.00042399299099993293,
  "alpha_sharpe": -0.5641327468445718,
  "alpha_sortino": -0.2031370264797616,
  "alpha_calmar": -2.2789216884693015,
  "alpha_max_drawdown": -0.003071408536999942,
  "base_shares": 9300,
  "ending_shares": 9300,
  "base_position_pct": 0.6,
  "max_t0_trade_pct": 0.3,
  "max_participation_rate": 0.05,
  "commission_rate": 0.001,
  "slippage_rate": 0.001,
  "tp": 0.004,
  "sl": 0.002,
  "stop_loss_cooldown_bars": 0,
  "daily_max_trades": 0,
  "daily_max_losses": 0,
  "daily_loss_limit": 0.0,
  "no_overnight": true
}