{
  "total_return": -0.09840014672511666,
  "annualized_return": -0.8205466340509346,
  "max_drawdown": -0.11739854796389848,
  "sharpe": -6.465315424074568,
  "sortino": -10.216067312945063,
  "calmar": -6.989410416756287,
  "trade_count": 11,
  "win_rate": 0.2727272727272727,
  "avg_net_return_per_trade": -0.004839775015617092,
  "median_net_return_per_trade": -0.0009015848772597722,
  "backtest_mode": "a_share_inventory_t0",
  "trade_direction_mode": "sell_only",
  "buy_threshold": 0.6491788774728775,
  "sell_threshold": 0.8673499226570129,
  "initial_capital": 1000000.0,
  "final_equity": 905968.1045640002,
  "final_benchmark_equity": 913740.0,
  "final_alpha_equity": 992228.1045640002,
  "alpha_total_return": -0.007771895435999876,
  "alpha_sharpe": -6.991077427087764,
  "alpha_sortino": -1.7236981703546805,
  "alpha_calmar": -13.770032278566294,
  "alpha_max_drawdown": -0.008814118599465015,
  "base_shares": 9500,
  "ending_shares": 9500,
  "base_position_pct": 0.6,
  "max_t0_trade_pct": 0.3,
  "max_participation_rate": 0.05,
  "commission_rate": 0.0015,
  "slippage_rate": 0.0005,
  "tp": 0.003,
  "sl": 0.002,
  "stop_loss_cooldown_bars": 6,
  "daily_max_trades": 0,
  "daily_max_losses": 2,
  "daily_loss_limit": 0.0,
  "no_overnight": true
}