model_label,epoch,train_loss,valid_loss,valid_auc,valid_prob_mean,valid_prob_max
CNN_buy,1,1.187361417589961,1.0063624382019043,0.5162574651625746,0.3293238878250122,0.46650534868240356
CNN_buy,2,1.0817695662781999,0.9944568276405334,0.49741207697412076,0.35364803671836853,0.5193467140197754
CNN_buy,3,1.0015713846361316,0.9931321740150452,0.512806901128069,0.36968591809272766,0.5571256279945374
