model_label,epoch,train_loss,valid_loss,valid_auc,valid_prob_mean,valid_prob_max
CNN_sell,1,1.2227999712969806,1.0271122455596924,0.47047113470471136,0.2457338124513626,0.3911055326461792
CNN_sell,2,1.1113968990944527,1.0395337343215942,0.4579960185799602,0.24385535717010498,0.3912908136844635
CNN_sell,3,1.0441686011649467,1.0370451211929321,0.4619774386197744,0.2488059252500534,0.47111639380455017
