{
  "model": "CNN",
  "target_col_buy": "buy_label",
  "target_col_sell": "sell_label",
  "feature_count": 194,
  "lookback": 8,
  "params": {
    "channels": 64,
    "kernel_size": 3,
    "dropout": 0.3,
    "output_dim": 1
  },
  "buy_fit": {
    "best_score": 0.5162574651625746,
    "best_valid_auc": 0.5162574651625746,
    "epochs_ran": 3,
    "pos_rate": 0.30574324324324326,
    "pos_weight": 2.270718232044199,
    "device": "cpu"
  },
  "sell_fit": {
    "best_score": 0.47047113470471136,
    "best_valid_auc": 0.47047113470471136,
    "epochs_ran": 3,
    "pos_rate": 0.33783783783783783,
    "pos_weight": 1.9600000000000002,
    "device": "cpu"
  },
  "valid_buy_auc": 0.5162574651625746,
  "valid_buy_positive_rate": 0.2864583333333333,
  "valid_buy_prob_mean": 0.3293238878250122,
  "valid_buy_prob_std": 0.05126796290278435,
  "valid_buy_prob_min": 0.2301698476076126,
  "valid_buy_prob_max": 0.46650534868240356,
  "valid_buy_acc_05": 0.7135416666666666,
  "valid_buy_precision_05": 0.0,
  "valid_buy_recall_05": 0.0,
  "valid_buy_f1_05": 0.0,
  "valid_buy_q90_threshold": 0.41108524799346924,
  "valid_buy_q95_threshold": 0.4394146203994751,
  "test_buy_auc": 0.62734375,
  "test_buy_positive_rate": 0.21052631578947367,
  "test_buy_prob_mean": 0.3062033951282501,
  "test_buy_prob_std": 0.05506683513522148,
  "test_buy_prob_min": 0.19601929187774658,
  "test_buy_prob_max": 0.4224853515625,
  "test_buy_acc_05": 0.7894736842105263,
  "test_buy_precision_05": 0.0,
  "test_buy_recall_05": 0.0,
  "test_buy_f1_05": 0.0,
  "test_buy_q90_threshold": 0.38609418272972107,
  "test_buy_q95_threshold": 0.40274855494499207,
  "valid_sell_auc": 0.47047113470471136,
  "valid_sell_positive_rate": 0.2864583333333333,
  "valid_sell_prob_mean": 0.2457338124513626,
  "valid_sell_prob_std": 0.05553319677710533,
  "valid_sell_prob_min": 0.12825395166873932,
  "valid_sell_prob_max": 0.3911055326461792,
  "valid_sell_acc_05": 0.7135416666666666,
  "valid_sell_precision_05": 0.0,
  "valid_sell_recall_05": 0.0,
  "valid_sell_f1_05": 0.0,
  "valid_sell_q90_threshold": 0.31273993849754333,
  "valid_sell_q95_threshold": 0.3328138589859009,
  "test_sell_auc": 0.4433333333333333,
  "test_sell_positive_rate": 0.32894736842105265,
  "test_sell_prob_mean": 0.2457343190908432,
  "test_sell_prob_std": 0.05373300611972809,
  "test_sell_prob_min": 0.14634990692138672,
  "test_sell_prob_max": 0.38408195972442627,
  "test_sell_acc_05": 0.6710526315789473,
  "test_sell_precision_05": 0.0,
  "test_sell_recall_05": 0.0,
  "test_sell_f1_05": 0.0,
  "test_sell_q90_threshold": 0.31108078360557556,
  "test_sell_q95_threshold": 0.32460862398147583
}