model_label,epoch,train_loss,valid_loss,valid_auc,valid_prob_mean,valid_prob_max
Transformer_LSTM_buy,1,1.3263286513251227,1.4191080331802368,0.5103841455137776,0.354099839925766,0.5585010051727295
Transformer_LSTM_buy,2,1.0314971756290745,1.2773066759109497,0.5306094746844034,0.4494694173336029,0.6681464910507202
Transformer_LSTM_buy,3,0.9676544440759195,1.2715519666671753,0.5456766662141984,0.45621514320373535,0.6645758152008057
