model_label,epoch,train_loss,valid_loss,valid_auc,valid_prob_mean,valid_prob_max
Transformer_LSTM_sell,1,0.8728620587168513,0.8528561592102051,0.4446969696969697,0.45635756850242615,0.6618454456329346
Transformer_LSTM_sell,2,0.7846889399193429,0.9130186438560486,0.4251262626262627,0.5027328133583069,0.753441333770752
Transformer_LSTM_sell,3,0.7556762550328229,0.9207417368888855,0.41679292929292927,0.4941917657852173,0.7418747544288635
