{
  "model": "Transformer_LSTM",
  "target_col_buy": "buy_label",
  "target_col_sell": "sell_label",
  "feature_count": 194,
  "lookback": 8,
  "params": {
    "d_model": 128,
    "nhead": 4,
    "transformer_layers": 2,
    "transformer_dropout": 0.2,
    "lstm_hidden_dim": 128,
    "lstm_num_layers": 1,
    "output_dim": 1
  },
  "buy_fit": {
    "best_score": 0.5456766662141984,
    "best_valid_auc": 0.5456766662141984,
    "epochs_ran": 3,
    "pos_rate": 0.20945945945945946,
    "pos_weight": 3.774193548387097,
    "device": "cpu"
  },
  "sell_fit": {
    "best_score": 0.4446969696969697,
    "best_valid_auc": 0.4446969696969697,
    "epochs_ran": 3,
    "pos_rate": 0.3952702702702703,
    "pos_weight": 1.5299145299145298,
    "device": "cpu"
  },
  "valid_buy_auc": 0.5456766662141984,
  "valid_buy_positive_rate": 0.2760416666666667,
  "valid_buy_prob_mean": 0.45621514320373535,
  "valid_buy_prob_std": 0.11695022881031036,
  "valid_buy_prob_min": 0.24129685759544373,
  "valid_buy_prob_max": 0.6645758152008057,
  "valid_buy_acc_05": 0.5677083333333334,
  "valid_buy_precision_05": 0.3026315789473684,
  "valid_buy_recall_05": 0.4339622641509434,
  "valid_buy_f1_05": 0.35658914728682173,
  "valid_buy_q90_threshold": 0.6203458905220032,
  "valid_buy_q95_threshold": 0.6415567398071289,
  "test_buy_auc": 0.550778816199377,
  "test_buy_positive_rate": 0.29605263157894735,
  "test_buy_prob_mean": 0.432529091835022,
  "test_buy_prob_std": 0.13738246262073517,
  "test_buy_prob_min": 0.17867045104503632,
  "test_buy_prob_max": 0.6850615739822388,
  "test_buy_acc_05": 0.5921052631578947,
  "test_buy_precision_05": 0.3508771929824561,
  "test_buy_recall_05": 0.4444444444444444,
  "test_buy_f1_05": 0.39215686274509803,
  "test_buy_q90_threshold": 0.6202671527862549,
  "test_buy_q95_threshold": 0.6584935784339905,
  "valid_sell_auc": 0.4446969696969697,
  "valid_sell_positive_rate": 0.3125,
  "valid_sell_prob_mean": 0.45635756850242615,
  "valid_sell_prob_std": 0.1128644198179245,
  "valid_sell_prob_min": 0.23572997748851776,
  "valid_sell_prob_max": 0.6618454456329346,
  "valid_sell_acc_05": 0.5260416666666666,
  "valid_sell_precision_05": 0.3132530120481928,
  "valid_sell_recall_05": 0.43333333333333335,
  "valid_sell_f1_05": 0.36363636363636365,
  "valid_sell_q90_threshold": 0.5958594679832458,
  "valid_sell_q95_threshold": 0.6244748830795288,
  "test_sell_auc": 0.4222317047151696,
  "test_sell_positive_rate": 0.28289473684210525,
  "test_sell_prob_mean": 0.4718101918697357,
  "test_sell_prob_std": 0.09280611574649811,
  "test_sell_prob_min": 0.2726641893386841,
  "test_sell_prob_max": 0.6573426127433777,
  "test_sell_acc_05": 0.4868421052631579,
  "test_sell_precision_05": 0.21311475409836064,
  "test_sell_recall_05": 0.3023255813953488,
  "test_sell_f1_05": 0.25,
  "test_sell_q90_threshold": 0.6034748554229736,
  "test_sell_q95_threshold": 0.6214231848716736
}