{
  "total_return": -0.09613069078216041,
  "annualized_return": -0.812906759763312,
  "max_drawdown": -0.11596487227397667,
  "sharpe": -6.2568676031830455,
  "sortino": -9.985753735992903,
  "calmar": -7.0099396810678325,
  "trade_count": 12,
  "win_rate": 0.16666666666666666,
  "avg_net_return_per_trade": -0.005213180811299238,
  "median_net_return_per_trade": -0.007080635671042831,
  "backtest_mode": "a_share_inventory_t0",
  "trade_direction_mode": "sell_only",
  "buy_threshold": 0.6520390957593918,
  "sell_threshold": 0.933201789855957,
  "initial_capital": 1000000.0,
  "final_equity": 908248.556021,
  "final_benchmark_equity": 913740.0,
  "final_alpha_equity": 994508.556021,
  "alpha_total_return": -0.005491443978999921,
  "alpha_sharpe": -6.297617233748149,
  "alpha_sortino": -3.021073473075026,
  "alpha_calmar": -12.412129299881286,
  "alpha_max_drawdown": -0.0070314402841883394,
  "base_shares": 9500,
  "ending_shares": 9500,
  "base_position_pct": 0.6,
  "max_t0_trade_pct": 0.3,
  "max_participation_rate": 0.02,
  "commission_rate": 0.0015,
  "slippage_rate": 0.001,
  "tp": 0.004,
  "sl": 0.003,
  "stop_loss_cooldown_bars": 0,
  "daily_max_trades": 0,
  "daily_max_losses": 0,
  "daily_loss_limit": 0.0,
  "no_overnight": true
}