{
  "total_return": -0.0507028038948768,
  "annualized_return": -0.5776123316332817,
  "max_drawdown": -0.0808024730512058,
  "sharpe": -2.5487109672834336,
  "sortino": -2.4199390266190317,
  "calmar": -7.148448677644305,
  "trade_count": 10,
  "win_rate": 0.3,
  "avg_net_return_per_trade": -0.004279189567116035,
  "median_net_return_per_trade": -0.006231839964819793,
  "backtest_mode": "a_share_inventory_t0",
  "trade_direction_mode": "sell_only",
  "buy_threshold": 0.6873311519622802,
  "sell_threshold": 0.8585168212652204,
  "initial_capital": 1000000.0,
  "final_equity": 948925.07160425,
  "final_benchmark_equity": 953450.0,
  "final_alpha_equity": 995475.07160425,
  "alpha_total_return": -0.0045249283957500275,
  "alpha_sharpe": -6.135360915716164,
  "alpha_sortino": -2.577853644845538,
  "alpha_calmar": -11.63421807710185,
  "alpha_max_drawdown": -0.006219998081067879,
  "base_shares": 9800,
  "ending_shares": 9800,
  "base_position_pct": 0.6,
  "max_t0_trade_pct": 0.3,
  "max_participation_rate": 0.05,
  "commission_rate": 0.0015,
  "slippage_rate": 0.0005,
  "tp": 0.004,
  "sl": 0.002,
  "stop_loss_cooldown_bars": 6,
  "daily_max_trades": 0,
  "daily_max_losses": 2,
  "daily_loss_limit": 0.0,
  "no_overnight": true
}