{
  "total_return": 0.013826717906848751,
  "annualized_return": 1.7135831754895552,
  "max_drawdown": -0.024256897435714353,
  "sharpe": 3.598963124806704,
  "sortino": 7.351697812834924,
  "calmar": 70.6431306819388,
  "trade_count": 7,
  "win_rate": 0.2857142857142857,
  "avg_net_return_per_trade": -0.002414746754713819,
  "median_net_return_per_trade": -0.0022157997977674225,
  "backtest_mode": "a_share_inventory_t0",
  "trade_direction_mode": "sell_only",
  "buy_threshold": 0.7054184544772757,
  "sell_threshold": 0.6122887900886655,
  "initial_capital": 1000000.0,
  "final_equity": 1011089.3857685002,
  "final_benchmark_equity": 1014040.0,
  "final_alpha_equity": 997049.3857685002,
  "alpha_total_return": -0.002950614231499893,
  "alpha_sharpe": -9.711332642298528,
  "alpha_sortino": -6.779927819412788,
  "alpha_calmar": -57.28981838200057,
  "alpha_max_drawdown": -0.0033742599414998686,
  "base_shares": 10800,
  "ending_shares": 10800,
  "base_position_pct": 0.6,
  "max_t0_trade_pct": 0.3,
  "max_participation_rate": 0.02,
  "commission_rate": 0.0015,
  "slippage_rate": 0.0005,
  "tp": 0.003,
  "sl": 0.002,
  "no_overnight": true
}