model_label,epoch,train_loss,valid_loss,valid_auc,valid_prob_mean,valid_prob_max
Transformer_LSTM_buy,1,1.3135477240021165,1.0875670909881592,0.6013568082700694,0.3651925027370453,0.5068420767784119
Transformer_LSTM_buy,2,1.0147376769297831,1.0626698732376099,0.5779357131319658,0.439731240272522,0.6778218746185303
Transformer_LSTM_buy,3,0.9444089821867041,1.0865215063095093,0.574543692456792,0.4221152067184448,0.7178879380226135
