model_label,epoch,train_loss,valid_loss,valid_auc,valid_prob_mean,valid_prob_max
Transformer_LSTM_sell,1,0.9854583224734744,0.9244258403778076,0.5053134328358209,0.44778648018836975,0.6134890913963318
Transformer_LSTM_sell,2,0.8592237169678146,0.9398972392082214,0.5082985074626866,0.47974491119384766,0.7440217137336731
Transformer_LSTM_sell,3,0.8226157104646837,0.9649364352226257,0.5104477611940299,0.47530674934387207,0.797081470489502
