{
  "model": "Transformer_LSTM",
  "target_col_buy": "buy_label",
  "target_col_sell": "sell_label",
  "feature_count": 194,
  "lookback": 8,
  "params": {
    "d_model": 128,
    "nhead": 4,
    "transformer_layers": 2,
    "transformer_dropout": 0.2,
    "lstm_hidden_dim": 128,
    "lstm_num_layers": 1,
    "output_dim": 1
  },
  "buy_fit": {
    "best_score": 0.6013568082700694,
    "best_valid_auc": 0.6013568082700694,
    "epochs_ran": 3,
    "pos_rate": 0.22128378378378377,
    "pos_weight": 3.5190839694656493,
    "device": "cpu"
  },
  "sell_fit": {
    "best_score": 0.5104477611940299,
    "best_valid_auc": 0.5104477611940299,
    "epochs_ran": 3,
    "pos_rate": 0.34628378378378377,
    "pos_weight": 1.8878048780487806,
    "device": "cpu"
  },
  "valid_buy_auc": 0.6013568082700694,
  "valid_buy_positive_rate": 0.21354166666666666,
  "valid_buy_prob_mean": 0.3651925027370453,
  "valid_buy_prob_std": 0.06466350704431534,
  "valid_buy_prob_min": 0.22933073341846466,
  "valid_buy_prob_max": 0.5068420767784119,
  "valid_buy_acc_05": 0.78125,
  "valid_buy_precision_05": 0.0,
  "valid_buy_recall_05": 0.0,
  "valid_buy_f1_05": 0.0,
  "valid_buy_q90_threshold": 0.4423242211341858,
  "valid_buy_q95_threshold": 0.45414718985557556,
  "test_buy_auc": 0.5664819944598338,
  "test_buy_positive_rate": 0.25,
  "test_buy_prob_mean": 0.38011470437049866,
  "test_buy_prob_std": 0.06410181522369385,
  "test_buy_prob_min": 0.18909156322479248,
  "test_buy_prob_max": 0.4913952350616455,
  "test_buy_acc_05": 0.75,
  "test_buy_precision_05": 0.0,
  "test_buy_recall_05": 0.0,
  "test_buy_f1_05": 0.0,
  "test_buy_q90_threshold": 0.45446038246154785,
  "test_buy_q95_threshold": 0.4656969904899597,
  "valid_sell_auc": 0.5104477611940299,
  "valid_sell_positive_rate": 0.3489583333333333,
  "valid_sell_prob_mean": 0.47530674934387207,
  "valid_sell_prob_std": 0.1399718075990677,
  "valid_sell_prob_min": 0.22399577498435974,
  "valid_sell_prob_max": 0.797081470489502,
  "valid_sell_acc_05": 0.5416666666666666,
  "valid_sell_precision_05": 0.3764705882352941,
  "valid_sell_recall_05": 0.47761194029850745,
  "valid_sell_f1_05": 0.42105263157894735,
  "valid_sell_q90_threshold": 0.6542119383811951,
  "valid_sell_q95_threshold": 0.709651529788971,
  "test_sell_auc": 0.5248384118190212,
  "test_sell_positive_rate": 0.375,
  "test_sell_prob_mean": 0.4851626753807068,
  "test_sell_prob_std": 0.1513088494539261,
  "test_sell_prob_min": 0.1518070548772812,
  "test_sell_prob_max": 0.8053774237632751,
  "test_sell_acc_05": 0.5197368421052632,
  "test_sell_precision_05": 0.39473684210526316,
  "test_sell_recall_05": 0.5263157894736842,
  "test_sell_f1_05": 0.45112781954887216,
  "test_sell_q90_threshold": 0.6795957088470459,
  "test_sell_q95_threshold": 0.7301568388938904
}