{
  "total_return": -0.09407534283471586,
  "annualized_return": -0.8057248869493927,
  "max_drawdown": -0.11406583209510568,
  "sharpe": -6.094504801794609,
  "sortino": -9.74920497090409,
  "calmar": -7.063683069243701,
  "trade_count": 5,
  "win_rate": 0.2,
  "avg_net_return_per_trade": -0.006145177640663409,
  "median_net_return_per_trade": -0.007802669803544212,
  "backtest_mode": "a_share_inventory_t0",
  "trade_direction_mode": "sell_only",
  "buy_threshold": 0.653843879699707,
  "sell_threshold": 0.9692891389131546,
  "initial_capital": 1000000.0,
  "final_equity": 910313.86212925,
  "final_benchmark_equity": 913740.0,
  "final_alpha_equity": 996573.86212925,
  "alpha_total_return": -0.003426137870750079,
  "alpha_sharpe": -5.602962463348305,
  "alpha_sortino": -1.6410114073437116,
  "alpha_calmar": -11.134904679918016,
  "alpha_max_drawdown": -0.0049687911194105094,
  "base_shares": 9500,
  "ending_shares": 9500,
  "base_position_pct": 0.6,
  "max_t0_trade_pct": 0.3,
  "max_participation_rate": 0.05,
  "commission_rate": 0.001,
  "slippage_rate": 0.00075,
  "tp": 0.004,
  "sl": 0.003,
  "stop_loss_cooldown_bars": 6,
  "daily_max_trades": 0,
  "daily_max_losses": 2,
  "daily_loss_limit": 0.0,
  "no_overnight": true
}