{
  "total_return": 0.061748101864139926,
  "annualized_return": 76.92457505829046,
  "max_drawdown": -0.019325342983325,
  "sharpe": 15.953654968534877,
  "sortino": 26.194665325623568,
  "calmar": 3980.5024482445324,
  "trade_count": 11,
  "win_rate": 0.45454545454545453,
  "avg_net_return_per_trade": -0.003409856112858961,
  "median_net_return_per_trade": -0.005063776350461066,
  "backtest_mode": "a_share_inventory_t0",
  "trade_direction_mode": "sell_only",
  "buy_threshold": 0.4856871202588081,
  "sell_threshold": 0.7552200555801388,
  "initial_capital": 1000000.0,
  "final_equity": 1060871.0979320002,
  "final_benchmark_equity": 1066316.0,
  "final_alpha_equity": 994555.0979320002,
  "alpha_total_return": -0.005444902067999857,
  "alpha_sharpe": -16.91445724778323,
  "alpha_sortino": -12.112984053887514,
  "alpha_calmar": -55.72137995160742,
  "alpha_max_drawdown": -0.005879319067499611,
  "base_shares": 11800,
  "ending_shares": 11800,
  "base_position_pct": 0.6,
  "max_t0_trade_pct": 0.3,
  "max_participation_rate": 0.05,
  "commission_rate": 0.001,
  "slippage_rate": 0.0005,
  "tp": 0.003,
  "sl": 0.002,
  "no_overnight": true
}