{
  "total_return": -0.04853289100377367,
  "annualized_return": -0.5613331061136628,
  "max_drawdown": -0.07845721261325855,
  "sharpe": -2.4299449345242583,
  "sortino": -2.309403253645215,
  "calmar": -7.154639929418072,
  "trade_count": 2,
  "win_rate": 0.0,
  "avg_net_return_per_trade": -0.006850413920110484,
  "median_net_return_per_trade": -0.006850413920110484,
  "backtest_mode": "a_share_inventory_t0",
  "trade_direction_mode": "sell_only",
  "buy_threshold": 0.7298367828130722,
  "sell_threshold": 0.933867600560188,
  "initial_capital": 1000000.0,
  "final_equity": 951094.1338894998,
  "final_benchmark_equity": 953450.0,
  "final_alpha_equity": 997644.1338894998,
  "alpha_total_return": -0.0023558661105002043,
  "alpha_sharpe": -6.0999597715975264,
  "alpha_sortino": -0.6164043570389615,
  "alpha_calmar": -16.262867754868804,
  "alpha_max_drawdown": -0.0023558661105002043,
  "base_shares": 9800,
  "ending_shares": 9800,
  "base_position_pct": 0.6,
  "max_t0_trade_pct": 0.3,
  "max_participation_rate": 0.02,
  "commission_rate": 0.001,
  "slippage_rate": 0.00075,
  "tp": 0.003,
  "sl": 0.002,
  "stop_loss_cooldown_bars": 6,
  "daily_max_trades": 0,
  "daily_max_losses": 2,
  "daily_loss_limit": 0.0,
  "no_overnight": true
}