{
  "total_return": -0.047762447798154306,
  "annualized_return": -0.9714992957966059,
  "max_drawdown": -0.050753915743304456,
  "sharpe": -10.441253031579754,
  "sortino": -8.681467988950086,
  "calmar": -19.141366366885055,
  "trade_count": 7,
  "win_rate": 0.7142857142857143,
  "avg_net_return_per_trade": -0.0016806730203545693,
  "median_net_return_per_trade": 0.0009168407922025583,
  "backtest_mode": "a_share_inventory_t0",
  "trade_direction_mode": "sell_only",
  "buy_threshold": 0.40356216017206964,
  "sell_threshold": 0.5443313121795654,
  "initial_capital": 1000000.0,
  "final_equity": 954985.7097775002,
  "final_benchmark_equity": 955045.0,
  "final_alpha_equity": 999940.7097775002,
  "alpha_total_return": -5.929022249973048e-05,
  "alpha_sharpe": -0.2426543437922471,
  "alpha_sortino": -0.18451462470760932,
  "alpha_calmar": -2.9233224902775055,
  "alpha_max_drawdown": -0.0014712882593462817,
  "base_shares": 11100,
  "ending_shares": 11100,
  "base_position_pct": 0.6,
  "max_t0_trade_pct": 0.3,
  "max_participation_rate": 0.05,
  "commission_rate": 0.001,
  "slippage_rate": 0.0005,
  "tp": 0.003,
  "sl": 0.002,
  "no_overnight": true
}