{
  "total_return": -0.09423876914947082,
  "annualized_return": -0.8063052833606716,
  "max_drawdown": -0.11426431789558711,
  "sharpe": -6.120682435438836,
  "sortino": -9.762109666145147,
  "calmar": -7.056492334706451,
  "trade_count": 12,
  "win_rate": 0.4166666666666667,
  "avg_net_return_per_trade": -0.00421318081129924,
  "median_net_return_per_trade": -0.00608063567104283,
  "backtest_mode": "a_share_inventory_t0",
  "trade_direction_mode": "sell_only",
  "buy_threshold": 0.6520390957593918,
  "sell_threshold": 0.933201789855957,
  "initial_capital": 1000000.0,
  "final_equity": 910149.644014,
  "final_benchmark_equity": 913740.0,
  "final_alpha_equity": 996409.644014,
  "alpha_total_return": -0.0035903559859999934,
  "alpha_sharpe": -4.399123899918585,
  "alpha_sortino": -2.1892713978165186,
  "alpha_calmar": -10.993320552075733,
  "alpha_max_drawdown": -0.0052673126676984205,
  "base_shares": 9500,
  "ending_shares": 9500,
  "base_position_pct": 0.6,
  "max_t0_trade_pct": 0.3,
  "max_participation_rate": 0.02,
  "commission_rate": 0.001,
  "slippage_rate": 0.001,
  "tp": 0.004,
  "sl": 0.003,
  "stop_loss_cooldown_bars": 0,
  "daily_max_trades": 0,
  "daily_max_losses": 0,
  "daily_loss_limit": 0.0,
  "no_overnight": true
}