{
  "total_return": -0.10733657022849918,
  "annualized_return": -0.8475111514347918,
  "max_drawdown": -0.1193419866601717,
  "sharpe": -7.143600088728217,
  "sortino": -11.225888963554308,
  "calmar": -7.101533795043097,
  "trade_count": 30,
  "win_rate": 0.43333333333333335,
  "avg_net_return_per_trade": -0.0030272128390206043,
  "median_net_return_per_trade": -0.005313945720410493,
  "backtest_mode": "a_share_inventory_t0",
  "trade_direction_mode": "sell_only",
  "buy_threshold": 0.6489220082759856,
  "sell_threshold": 0.8818852329254151,
  "initial_capital": 1000000.0,
  "final_equity": 895319.9961385007,
  "final_benchmark_equity": 906349.0,
  "final_alpha_equity": 988970.9961385007,
  "alpha_total_return": -0.011029003861499298,
  "alpha_sharpe": -9.806825326844582,
  "alpha_sortino": -5.864684571133558,
  "alpha_calmar": -13.535215484964311,
  "alpha_max_drawdown": -0.012397684464670267,
  "base_shares": 9300,
  "ending_shares": 9300,
  "base_position_pct": 0.6,
  "max_t0_trade_pct": 0.3,
  "max_participation_rate": 0.05,
  "commission_rate": 0.001,
  "slippage_rate": 0.0005,
  "tp": 0.003,
  "sl": 0.002,
  "stop_loss_cooldown_bars": 0,
  "daily_max_trades": 0,
  "daily_max_losses": 0,
  "daily_loss_limit": 0.0,
  "no_overnight": true
}