{
  "total_return": -0.02713959776851327,
  "annualized_return": -0.8646950230524328,
  "max_drawdown": -0.035002900434144446,
  "sharpe": -14.068187803834356,
  "sortino": -17.03135083182942,
  "calmar": -24.70352491729356,
  "trade_count": 4,
  "win_rate": 0.5,
  "avg_net_return_per_trade": -0.002611465397534038,
  "median_net_return_per_trade": -0.0022670927752972943,
  "backtest_mode": "a_share_inventory_t0",
  "trade_direction_mode": "sell_only",
  "buy_threshold": 0.4095080417989358,
  "sell_threshold": 0.4179541834809314,
  "initial_capital": 1000000.0,
  "final_equity": 972168.6984855002,
  "final_benchmark_equity": 972429.0,
  "final_alpha_equity": 999739.6984855002,
  "alpha_total_return": -0.00026030151449984995,
  "alpha_sharpe": -1.1259345656195925,
  "alpha_sortino": -0.7235524334234383,
  "alpha_calmar": -9.993978347663043,
  "alpha_max_drawdown": -0.0018758834970167282,
  "base_shares": 7900,
  "ending_shares": 7900,
  "base_position_pct": 0.6,
  "max_t0_trade_pct": 0.3,
  "max_participation_rate": 0.05,
  "commission_rate": 0.001,
  "slippage_rate": 0.0005,
  "tp": 0.003,
  "sl": 0.002,
  "no_overnight": true
}