{
  "total_return": -0.05128591582250208,
  "annualized_return": -0.5818892102225439,
  "max_drawdown": -0.07902673077298539,
  "sharpe": -2.5817280875842425,
  "sortino": -2.449471960594189,
  "calmar": -7.363194763732499,
  "trade_count": 9,
  "win_rate": 0.3333333333333333,
  "avg_net_return_per_trade": -0.003968189429895836,
  "median_net_return_per_trade": -0.004654582544793004,
  "backtest_mode": "a_share_inventory_t0",
  "trade_direction_mode": "sell_only",
  "buy_threshold": 0.7311467230319973,
  "sell_threshold": 0.887816514968872,
  "initial_capital": 1000000.0,
  "final_equity": 948342.1882565003,
  "final_benchmark_equity": 953450.0,
  "final_alpha_equity": 994892.1882565003,
  "alpha_total_return": -0.005107811743499724,
  "alpha_sharpe": -7.635827952113077,
  "alpha_sortino": -1.8358462653454215,
  "alpha_calmar": -12.62942929270892,
  "alpha_max_drawdown": -0.006438956530844475,
  "base_shares": 9800,
  "ending_shares": 9800,
  "base_position_pct": 0.6,
  "max_t0_trade_pct": 0.3,
  "max_participation_rate": 0.05,
  "commission_rate": 0.001,
  "slippage_rate": 0.0005,
  "tp": 0.004,
  "sl": 0.002,
  "stop_loss_cooldown_bars": 0,
  "daily_max_trades": 0,
  "daily_max_losses": 0,
  "daily_loss_limit": 0.0,
  "no_overnight": true
}